".chain",".iteration",".draw","b_Intercept","sd_author_year__Intercept"
1,1,1,-0.934681290174233,1.0711838811078
1,2,2,-1.07983357880384,2.16138624967251
1,3,3,-2.82247864290661,2.25643639204129
1,4,4,-2.04107335307564,1.59534784503196
1,5,5,-2.49843296998086,2.07886895338701
1,6,6,-1.74025172712949,0.991456508114315
1,7,7,-2.39789533524728,1.14627937954094
1,8,8,-2.74495817836,1.12267803887332
1,9,9,-2.62671665350657,1.12310603591472
1,10,10,-3.38672825722135,1.93262739947957
1,11,11,-1.7208832172548,1.55233888152431
1,12,12,-3.22077001923408,2.1178538751084
1,13,13,-2.82517181134914,1.8881301160328
1,14,14,-2.51913803294399,2.30888453804099
1,15,15,-1.07278759078094,1.4028452987055
1,16,16,-0.698290339618116,1.00624896103996
1,17,17,-0.801686234605063,1.00062175753023
1,18,18,-0.570561044636318,0.561863431238599
1,19,19,-0.447271631116379,0.671955168705703
1,20,20,-0.732538533277582,0.568319904361633
1,21,21,-0.745721491858555,0.655094205188165
1,22,22,-1.27097647665653,0.967220989306821
1,23,23,-1.26223099509986,1.45822794594074
1,24,24,-1.8159392473163,2.03521281342688
1,25,25,-2.07202018582679,2.08730967314089
1,26,26,-1.96423853060316,1.93711563088077
1,27,27,-2.06761328314056,2.54383718953202
1,28,28,-1.72090321364005,1.00831263920302
1,29,29,-1.67039345354134,1.17972753636091
1,30,30,-1.52955138453125,1.20099880730174
1,31,31,-1.8360007941207,1.34354839169119
1,32,32,-2.97979329216281,2.01006830760139
1,33,33,-1.78681302367914,1.01634065726019
1,34,34,-2.04921744713405,1.2654728029821
1,35,35,-2.00676078735757,0.61132335489533
1,36,36,-3.40735525842559,2.03353996059067
1,37,37,-3.44962999118084,1.53695561201504
1,38,38,-2.08749387039423,2.07707898950514
1,39,39,-1.29031191369683,2.02166462095639
1,40,40,-2.3505072417155,2.69918440716038
1,41,41,-1.87740506681987,1.65212379045271
1,42,42,-1.91225891224163,2.6823694689863
1,43,43,-2.29742812776129,2.49121949609721
1,44,44,-2.87613893381897,1.75837702255647
1,45,45,-2.26285749174536,2.45755179595616
1,46,46,-2.14623469538889,2.294978125707
1,47,47,-1.66828111984262,2.17001782951104
1,48,48,-1.59714183729211,1.88436536692157
1,49,49,-1.44465262720082,1.98456419505373
1,50,50,-2.16743663274272,2.05527254060664
1,51,51,-2.01619040558944,1.35766749807362
1,52,52,-2.03821597858112,1.17365739995265
1,53,53,-2.09767584612063,1.53984618754255
1,54,54,-2.65161529416279,1.66641991454463
1,55,55,-2.30696303641254,1.54119259698607
1,56,56,-1.84077591748174,1.42477254290067
1,57,57,-1.73601686090779,1.67594184977196
1,58,58,-0.78651193345379,0.854621856781506
1,59,59,-3.04862034184488,1.37001371624392
1,60,60,-1.7377359777755,2.10194662786697
1,61,61,-0.960333173903645,2.11790871957733
1,62,62,-0.34274030420941,2.76153320654482
1,63,63,-2.00091919078269,2.83152775714379
1,64,64,-1.26989873640527,1.75984435544725
1,65,65,-2.39146393253411,1.89959300255353
1,66,66,-2.64903561420783,1.78239743630768
1,67,67,-2.38431561810744,1.42295350875735
1,68,68,-3.23993435250427,1.29188873696766
1,69,69,-2.9722509130915,1.37563904123512
1,70,70,-2.12256946744899,2.11371185227731
1,71,71,-1.31373052453125,1.26746740168202
1,72,72,-1.15833728465021,1.4187132940672
1,73,73,-3.00801921741437,1.76423061980914
1,74,74,-2.71739083684648,1.97890910025241
1,75,75,-3.43183965051685,1.96867124742251
1,76,76,-3.83899946666169,3.5346315832534
1,77,77,-3.79124367630863,3.55927174835362
1,78,78,-3.44277415307691,2.14983127111294
1,79,79,-3.13424483373559,2.0697656878597
1,80,80,-3.66376835336661,2.58686585562089
1,81,81,-3.30324369196623,2.24844901204622
1,82,82,-3.1435673228136,2.1227449518661
1,83,83,-1.53658473229449,2.35169590302625
1,84,84,-1.13376565490351,3.13371342499798
1,85,85,-1.17784592377699,1.38943464263343
1,86,86,-1.72619712463002,2.58315900595873
1,87,87,-3.14594619959126,2.19937802990554
1,88,88,-2.87521729157167,2.32805129219474
1,89,89,-2.60883582417467,1.72565966484523
1,90,90,-2.97371602480104,2.33852747008638
1,91,91,-3.03269238669236,2.90213149343991
1,92,92,-2.48715775650381,1.79683975447165
1,93,93,-2.96772574815377,1.7342056836832
1,94,94,-0.719348686090716,2.28345792705527
1,95,95,-2.99149022658363,1.83693988879878
1,96,96,-2.82146505048796,2.11542707811555
1,97,97,-2.26462430461889,1.5941794845382
1,98,98,-2.2861939294984,2.89993379101466
1,99,99,-1.84361219850386,1.31483947543378
1,100,100,-3.99516148080378,2.14467236972274
1,101,101,-1.61136315056447,1.89076253211147
1,102,102,-1.79864717849863,2.11804213772736
1,103,103,-2.00563015798103,1.84182626414202
1,104,104,-1.86974492085089,1.64540431608672
1,105,105,-1.5192013041584,2.306881027215
1,106,106,-1.77718552550876,2.27576268153336
1,107,107,-2.38045611161439,1.87975460824217
1,108,108,-2.66720293383346,2.30371301369527
1,109,109,-1.61650596567433,1.82991704150639
1,110,110,-3.04938669644363,2.47968360474904
1,111,111,-3.10706131740186,2.74242816850373
1,112,112,-2.37007367856208,1.85496461107121
1,113,113,-2.51114997131315,1.99832107083487
1,114,114,-0.820660171928789,1.93004120140678
1,115,115,-3.06560819997002,1.41280174956263
1,116,116,-1.95131558997337,1.19626382691449
1,117,117,-3.04949093696194,1.83091921907648
1,118,118,-1.49496982429453,2.41100219742526
1,119,119,-1.36017720903548,1.76699768558522
1,120,120,-1.55695553842233,2.53246750597508
1,121,121,-1.65544278052821,1.38277927236103
1,122,122,-1.99885053903955,1.36449625599178
1,123,123,-2.24537091390514,2.26118364116491
1,124,124,-3.52225797312529,2.6280921575297
1,125,125,-2.33371074680933,1.53929356692565
1,126,126,-1.81503551476918,1.94599758375279
1,127,127,-1.28160496691608,0.982676932143014
1,128,128,-1.3947444666578,1.32981971196982
1,129,129,-0.970822575896237,2.81848631204367
1,130,130,-1.00708788159884,2.49186143064603
1,131,131,-1.71066703586089,1.45239577487703
1,132,132,-1.34567280221253,1.38503419238946
1,133,133,-1.15439116629568,1.70166283274281
1,134,134,-0.891706780960891,1.53332273828719
1,135,135,-1.98443213973904,3.42786967889064
1,136,136,-0.986544531222497,1.98853724938285
1,137,137,-1.28515813069854,1.83702855706648
1,138,138,-1.6500686093663,1.49475328059397
1,139,139,-2.07211526714714,1.43751885338326
1,140,140,-3.5556636106196,2.18851345747545
1,141,141,-2.14649630967566,2.08426174270857
1,142,142,-2.0342525598556,2.22603120302788
1,143,143,-3.32277662812646,3.55762338229413
1,144,144,-2.00377303453663,3.04247275805813
1,145,145,-2.02638084563841,1.76591995965291
1,146,146,-1.94237874257477,1.73823033489657
1,147,147,-1.9911457997862,1.72932796372812
1,148,148,-1.90975519053968,1.88454643187658
1,149,149,-2.50264521828771,2.20759656827709
1,150,150,-2.7687740151861,3.28978480206934
1,151,151,-2.29759865238023,0.832149888025904
1,152,152,-3.28956789191018,1.10876889411982
1,153,153,-2.25462933167683,1.38308223874516
1,154,154,-2.04097301685856,1.48315437976838
1,155,155,-1.9432896716292,2.20705374427796
1,156,156,-1.1906522356137,1.18341519309868
1,157,157,-3.08220410401997,3.06343927614821
1,158,158,-2.70036897485673,1.86756011291154
1,159,159,-2.0410763325874,1.72147514063662
1,160,160,-2.76948723096602,2.30226066710271
1,161,161,-1.57391081091524,1.48223371538679
1,162,162,-2.11340958490552,1.33647932483138
1,163,163,-1.7572239963578,1.28023896752635
1,164,164,-1.73764951037489,1.33715227873829
1,165,165,-2.13427536650364,1.60077673274708
1,166,166,-1.13226016633481,2.06452745395352
1,167,167,-1.743615203201,1.91999875863056
1,168,168,-1.62563149266406,1.29953545787594
1,169,169,-1.87592692468521,1.40796173988569
1,170,170,-2.2409360383399,2.20858847190921
1,171,171,-2.14554908588906,1.36127635331604
1,172,172,-2.49865080618824,2.0985652862834
1,173,173,-2.78343597361958,2.51971012078133
1,174,174,-2.49849891857829,1.77009057036148
1,175,175,-2.00074648180322,1.82309837572052
1,176,176,-2.16549731629227,1.64329461650539
1,177,177,-2.20187972887313,1.56984126558784
1,178,178,-2.5902262420424,2.73823844442952
1,179,179,-3.34125161559621,3.21902561751581
1,180,180,-1.93548336402981,1.84760634924016
1,181,181,-1.78692002346907,2.06882930645541
1,182,182,-2.39801586019526,1.71333295309622
1,183,183,-1.09951855221577,1.89741273998285
1,184,184,-2.30613832703035,1.58598250816107
1,185,185,-2.35567057723487,1.97270253418987
1,186,186,-2.02765713952293,2.24457879088069
1,187,187,-1.56468518525126,1.47876697093412
1,188,188,-1.5349158940967,2.73384060134566
1,189,189,-2.83593766802125,1.24027379951074
1,190,190,-2.06168085592942,2.03303360283875
1,191,191,-2.33109639744707,1.60176036759965
1,192,192,-1.88961780394119,1.51294918507402
1,193,193,-3.21198419681555,1.98597213567099
1,194,194,-3.15608420571551,1.78078941765557
1,195,195,-2.84129629730876,1.80250884537055
1,196,196,-3.84479481388004,2.38624633395417
1,197,197,-1.96734229739679,1.76334226960678
1,198,198,-3.55300709272543,1.61405180737711
1,199,199,-2.680763716296,1.2162888197526
1,200,200,-3.01020935808139,1.69666524215598
1,201,201,-3.09543557245104,2.12737069841413
1,202,202,-2.30859431771406,1.41140522375292
1,203,203,-2.14368530757543,2.44904292808265
1,204,204,-1.93134187392084,2.22646741723499
1,205,205,-2.08570505839575,2.86417512983615
1,206,206,-2.17651486522808,3.28375936688641
1,207,207,-2.00605723516352,2.15822348140145
1,208,208,-2.5325918579174,2.1870038510904
1,209,209,-2.13388407097426,1.40157728100231
1,210,210,-2.37874233261264,1.56550430284919
1,211,211,-2.74293490777892,1.96626838353953
1,212,212,-1.69639930830997,1.69031900895501
1,213,213,-2.06067648809648,1.8451213993204
1,214,214,-1.89281307039124,1.56039577761374
1,215,215,-2.19058437143902,1.59061593781721
1,216,216,-2.62155705144614,2.82059114345362
1,217,217,-1.97389412054354,1.11196690378411
1,218,218,-1.78952932657496,1.64350424888232
1,219,219,-1.58863787250381,1.21733363702618
1,220,220,-1.96754230037631,2.96788945733785
1,221,221,-1.33049139653231,1.96454937884141
1,222,222,-1.65675756484944,1.73873825419157
1,223,223,-1.76533536205099,2.35122515911796
1,224,224,-2.4690399216174,2.30679257884298
1,225,225,-2.72424113440137,1.9088097543193
1,226,226,-3.06929536564196,2.08064856985604
1,227,227,-2.98437695826758,2.71929393421344
1,228,228,-2.91463612071902,2.80112743581146
1,229,229,-2.24343107354603,2.07585260476036
1,230,230,-1.01729261881453,2.41291518971006
1,231,231,-2.64306137601094,2.44763100857814
1,232,232,-1.59416215843571,1.37113203290112
1,233,233,-2.30475774541891,0.98797801080399
1,234,234,-0.754480226289638,1.12856568402852
1,235,235,-1.91287874147037,2.77493083226108
1,236,236,-2.08647911349138,1.8183127341492
1,237,237,-2.31697652447255,1.76772748384185
1,238,238,-2.88945195661547,1.8692205338718
1,239,239,-2.55086769424592,1.52139054778023
1,240,240,-2.66981776689691,2.32985519319362
1,241,241,-1.63689805178317,1.6336525433146
1,242,242,-1.46218254845047,1.75562172017167
1,243,243,-1.50291529546872,1.58447238615548
1,244,244,-1.61704987976012,1.56376673652651
1,245,245,-1.05715726470789,0.707609184238301
1,246,246,-0.959907685040518,0.80560012162118
1,247,247,-1.74272441859048,1.37407629211391
1,248,248,-0.933223874161513,1.85039603645395
1,249,249,-1.25572981665344,2.09778181339352
1,250,250,-1.75518236694831,2.05099529939197
1,251,251,-1.34505624004688,1.63602493222097
1,252,252,-0.864570974877394,1.60073949645649
1,253,253,-1.75499230641583,2.18763877388029
1,254,254,-1.13406531829296,1.92445159772127
1,255,255,-2.19811779294703,1.95955057104595
1,256,256,-1.86661182174464,1.41865988673426
1,257,257,-2.2898346096207,1.53204707430311
1,258,258,-1.23437682274636,1.58479198809112
1,259,259,-2.62284230646977,3.12955567432756
1,260,260,-1.56866271133249,3.47589161847881
1,261,261,-1.4531516079898,1.61728138327699
1,262,262,-2.36956892562962,1.2966633574212
1,263,263,-1.88533835628639,1.39779385903578
1,264,264,-0.513438387936164,2.73965253834291
1,265,265,-1.10868257770644,1.26872390790605
1,266,266,-1.319230255239,2.64801307940604
1,267,267,-1.41755827611475,1.88301051581117
1,268,268,-1.13900555548152,2.18957251851213
1,269,269,-0.351112411405121,1.83479228232489
1,270,270,-1.26596003450484,2.56351336589231
1,271,271,-0.899151399735906,2.09895388101843
1,272,272,-2.01554870795372,1.60918954867561
1,273,273,-2.15822633577258,2.38641358493745
1,274,274,-1.99409534684149,2.93361644278848
1,275,275,-2.57712909656201,3.24025766558785
1,276,276,-2.06487222472223,3.89304525891568
1,277,277,-2.98456419326035,2.41996320365207
1,278,278,-1.81531355843272,2.43949185214932
1,279,279,-2.30206128094528,3.05598527912623
1,280,280,-1.59549322332706,2.64027820581019
1,281,281,-1.02081025718344,3.26730716700082
1,282,282,-1.71734225295909,1.3833534464904
1,283,283,-1.76103863234974,1.96623084141343
1,284,284,-0.910991417919696,1.22189464893108
1,285,285,-2.89435260967673,2.81823230954072
1,286,286,-1.6626440504538,1.95965570778429
1,287,287,-1.82847628228021,1.4466840109676
1,288,288,-2.27844036352414,1.75040746620547
1,289,289,-2.07476394346554,1.63942034161547
1,290,290,-1.94708148151824,1.49271549771685
1,291,291,-2.46908973810141,2.80951659287177
1,292,292,-2.65765019138283,2.435532836051
1,293,293,-2.5800081512916,2.58589899268131
1,294,294,-2.3653679549887,1.95206750907242
1,295,295,-2.7863298328593,2.3789681509319
1,296,296,-2.89285534421001,2.79543186001099
1,297,297,-2.49126314985821,1.85599400323522
1,298,298,-2.18155374484196,1.9551952958598
1,299,299,-3.18657975604612,2.15800246150531
1,300,300,-1.7585155932014,1.53694835645549
1,301,301,-1.8748657242232,2.28275459114958
1,302,302,-1.8690331466848,2.30766119931995
1,303,303,-2.44164788785386,2.08422487642193
1,304,304,-3.3159227432906,2.2100508652139
1,305,305,-0.947078094230867,1.55668564389467
1,306,306,-1.0838666792142,2.67443725835456
1,307,307,-0.237469860056717,2.41205253698572
1,308,308,-0.24302380069733,2.47120206903648
1,309,309,-0.236385586369565,3.48834550650257
1,310,310,0.00447475155594088,1.95829747458657
1,311,311,-0.714634041005235,2.62768864773404
1,312,312,-0.402477363118545,1.42229490635053
1,313,313,-2.21260175409833,2.00654192445084
1,314,314,-2.09448897393276,2.58175194073436
1,315,315,-1.42126503261014,2.56376915754628
1,316,316,-1.96406097598577,3.14975099696633
1,317,317,-1.56235845867309,2.98829315844393
1,318,318,-1.64059126569848,2.89938627731469
1,319,319,-1.76650899731677,2.90316507776222
1,320,320,-3.18067203703956,2.2542624908159
1,321,321,-3.65110989337396,3.03929089620391
1,322,322,-3.58844769050805,3.34266476197656
1,323,323,-2.63449360072945,2.21622901958929
1,324,324,-2.76970777227225,2.72670832972319
1,325,325,-1.8259934769343,2.69867784805988
1,326,326,-2.13146021678883,1.29849913070224
1,327,327,-2.1609698852049,1.7826646916813
1,328,328,-2.20646756169509,1.46622942792153
1,329,329,-1.87841850403895,1.20539848272957
1,330,330,-3.27483635943796,1.07972683247375
1,331,331,-1.87228968102757,1.50597950551605
1,332,332,-1.70344785308805,1.03083805564546
1,333,333,-1.09560186339301,2.31401451477147
1,334,334,-1.90093843511661,2.43534692990845
1,335,335,-1.66282341733971,1.88849932007327
1,336,336,-3.21626566546069,2.94932788801879
1,337,337,-1.68520267214967,2.50526410947372
1,338,338,-2.38588239604074,1.7989167932587
1,339,339,-2.23832184995681,1.57919717985613
1,340,340,-1.29385651350339,1.75355146959264
1,341,341,-2.40063463908396,1.97482959988009
1,342,342,-1.91300859598567,2.03505489217429
1,343,343,-1.73516270701585,2.41424387549884
1,344,344,-1.88870345074282,2.96992246284743
1,345,345,-2.29875913715907,1.30371765156573
1,346,346,-1.53244774021618,1.86605339790587
1,347,347,-1.46181175113768,1.96582950575614
1,348,348,-1.66097871596976,1.98281690057567
1,349,349,-1.7669248477776,2.37637849086791
1,350,350,-2.57760761535793,2.63885014454617
1,351,351,-2.4280195861945,2.5426974883935
1,352,352,-2.31697783853839,3.24098263901228
1,353,353,-1.74836109358541,1.51141051599073
1,354,354,-2.81278508865181,2.41644066768563
1,355,355,-2.68619098917387,2.4500676414847
1,356,356,-2.20618120338313,1.36692287576664
1,357,357,-1.79006796721742,2.13853125483993
1,358,358,-1.57562353668211,2.129331328748
1,359,359,-1.81690507327969,2.43804491277189
1,360,360,-2.06303375015032,2.63888369591555
1,361,361,-2.21489912302471,2.1583797131233
1,362,362,-2.27296686256606,2.70155003226238
1,363,363,-1.50412473216828,1.7534619225633
1,364,364,-0.659828194202078,1.18741925969955
1,365,365,-0.701309333113901,1.53224321981832
1,366,366,-0.923173352774298,1.45093230003433
1,367,367,-3.17093297024112,2.25737356306082
1,368,368,-1.80036740017311,2.71819663538752
1,369,369,-2.16879233224425,2.73182037049616
1,370,370,-1.22877548767825,2.01502527789204
1,371,371,-1.8535815293694,2.55403609916143
1,372,372,-1.55863347331164,1.78577942448303
1,373,373,-2.68887612924506,2.2406289016126
1,374,374,-2.90940339178576,2.13054661505589
1,375,375,-2.37256794064395,0.979291260031935
1,376,376,-3.09701847643519,1.89912320286329
1,377,377,-2.31445821743005,1.70748023963328
1,378,378,-2.94418843657586,2.68024965458515
1,379,379,-2.76545350522207,2.03659703011057
1,380,380,-2.08042021703737,2.22725652489595
1,381,381,-2.75922712895106,2.20038493995478
1,382,382,-1.65833648324797,2.03055127320804
1,383,383,-1.90947780536586,1.59771572104825
1,384,384,-2.24865401477148,1.64762345328582
1,385,385,-2.3581064419045,1.92845231922043
1,386,386,-3.05693834616529,1.77279755134049
1,387,387,-3.439930021746,2.45865741390342
1,388,388,-2.8751316638782,1.70713946945352
1,389,389,0.308150781921956,4.39090259317781
1,390,390,0.165745731758065,3.06326672334206
1,391,391,-0.415505339009582,3.35611360460041
1,392,392,-0.393770172874143,3.24894384658741
1,393,393,-0.525139965773432,3.09876278954373
1,394,394,-1.24631655035789,2.33395644151071
1,395,395,-0.491818016137478,1.40439627309702
1,396,396,-1.55034271744765,2.18180419273747
1,397,397,-2.16850180997255,1.5101442942193
1,398,398,-2.27918321717316,1.81886152139148
1,399,399,-2.63790017731334,2.09494085992383
1,400,400,-1.99508364409534,2.23452172047098
1,401,401,-1.51876783875002,1.9751466725725
1,402,402,-1.47296474929201,1.71686635253844
1,403,403,-1.64784513797382,1.46968059254284
1,404,404,-1.43826845839881,1.82130344025529
1,405,405,-1.95137035593503,1.59144004426955
1,406,406,-1.71828772065122,1.23122450832966
1,407,407,-1.79283616571112,1.47412922884662
1,408,408,-1.85964381562526,1.49810386200296
1,409,409,-1.97890519599837,2.01024818427647
1,410,410,-2.70883025500487,1.67104944431561
1,411,411,-2.56332729151751,2.16953423179359
1,412,412,-2.91838509187448,2.694281707806
1,413,413,-1.41187630171792,1.15504831815773
1,414,414,-2.31623289076542,1.811588498678
1,415,415,-1.48024887197383,2.5124232615664
1,416,416,-1.72829709567904,1.89642846751744
1,417,417,-1.6742381450774,1.4833939840379
1,418,418,-1.71373267746629,1.47738480962308
1,419,419,-1.65712146070879,1.72883315148396
1,420,420,-1.54270968650896,2.25549930472232
1,421,421,-1.3587489134143,1.25720997873665
1,422,422,-1.92411872137053,2.33354581110079
1,423,423,-2.81189867501635,3.02284173656278
1,424,424,-2.39013647061773,1.96199927240359
1,425,425,-1.93280858938849,3.52311273192512
1,426,426,-1.81720653511426,1.06283967291274
1,427,427,-2.14460206114824,1.5613967086166
1,428,428,-2.62047568855035,1.80390055883153
1,429,429,-1.8305582263149,1.1996937497816
1,430,430,-1.96261873980565,2.20293339827417
1,431,431,-0.926467020379817,2.35998721165985
1,432,432,-0.219322989504786,3.09595011282604
1,433,433,-0.121640467894774,3.32553049692627
1,434,434,-0.192474000642578,3.32137683897323
1,435,435,-0.134626173003786,2.84112391699638
1,436,436,-1.47098997917614,2.71785161143427
1,437,437,-1.10056769229301,2.28127246937427
1,438,438,-2.10095903943481,1.2976735631062
1,439,439,-1.66261410411882,1.96045819223254
1,440,440,-1.76764426857514,1.45951903691687
1,441,441,-1.0344925646881,0.998393473754156
1,442,442,-2.4496971750202,1.44320427030317
1,443,443,-0.760487471762527,2.29061979701243
1,444,444,-1.26282447348731,3.05310043923625
1,445,445,-0.0275042990888926,3.13657353251182
1,446,446,0.0213155284026289,2.90470094069403
1,447,447,-0.654212229314606,3.81968660674649
1,448,448,-2.12031660579633,1.75561585906235
1,449,449,-2.13427388975916,2.28244518585176
1,450,450,-2.63884268529009,2.34625263505592
1,451,451,-2.43867460572529,1.60290122184582
1,452,452,-2.59135381955371,1.68693851973866
1,453,453,-2.80677896499424,1.88738158071276
1,454,454,-2.40922622859549,1.30898309331932
1,455,455,-1.76086661537709,1.13885970593853
1,456,456,-1.43586512594498,1.61720187962496
1,457,457,-1.22132632974569,1.26882365638538
1,458,458,-1.00266139508437,1.34458256935933
1,459,459,-2.3775835495636,2.28467319958357
1,460,460,-1.24496805176376,1.91864393553475
1,461,461,-1.97643763256426,1.82361273296665
1,462,462,-2.1994263133478,3.22586635655885
1,463,463,-0.885791055050817,2.14475190987951
1,464,464,-0.465583817716451,1.54956905517844
1,465,465,-1.73917024755513,1.97958887063886
1,466,466,-2.50315775582258,2.02720585886556
1,467,467,-2.03281360558742,1.55835619252901
1,468,468,-2.37800880406016,2.78330440204391
1,469,469,-1.70649255696341,1.1111047982139
1,470,470,-2.57624388114122,1.54709266658161
1,471,471,-2.61047008055594,1.29838576487938
1,472,472,-2.9690807041831,1.85960886505859
1,473,473,-3.03754749154234,2.18994764963606
1,474,474,-2.62389555968203,1.13311905543348
1,475,475,-2.74155181805245,1.4424558813224
1,476,476,-1.69768870583878,1.46243686870947
1,477,477,-2.81810893912758,1.77067200392869
1,478,478,-1.45332949994636,2.69489624279775
1,479,479,-1.6789169196989,2.63971602249958
1,480,480,-1.08514523127562,1.84915199316818
1,481,481,-2.2134011496161,2.05628032072497
1,482,482,-1.68487314779717,2.12134123597163
1,483,483,-1.94466767899806,1.76859769804742
1,484,484,-3.21706362143211,2.29531154580068
1,485,485,-2.93731986591269,1.91738400297779
1,486,486,-1.22715294208844,1.1730800480122
1,487,487,-1.62038247780227,0.972823440334629
1,488,488,-1.58686875156403,0.840399026368695
1,489,489,-3.70425955948416,1.48737706429739
1,490,490,-3.24916772940071,2.1246283033655
1,491,491,-2.24353984056628,1.16386561385219
1,492,492,-2.9442281052067,2.3615661520581
1,493,493,-1.22404959016226,1.58116486806286
1,494,494,-0.961228913159682,1.51654842109492
1,495,495,-1.43815196178348,2.89191982070388
1,496,496,-1.53988162804676,3.04365347536072
1,497,497,-2.30875187590445,2.17897925308107
1,498,498,-2.10463464528476,2.45659726542822
1,499,499,-2.32934453562134,2.42561727677826
1,500,500,-1.63936277832862,2.6625664720171
1,501,501,-1.58139965498283,2.30161649680128
1,502,502,-1.90334457358348,2.54037561414927
1,503,503,-0.945033560064362,2.46519638055556
1,504,504,-2.43327339897594,1.52698408077305
1,505,505,-1.50701924187851,1.84285504825164
1,506,506,-1.95946899901545,1.74431801889024
1,507,507,-1.67655829078968,2.45023789755005
1,508,508,-1.85830558732972,2.14775379729099
1,509,509,-1.97126290199247,2.46117982916478
1,510,510,-1.94323696975293,2.47665476080567
1,511,511,-1.98389698051649,2.59724212558367
1,512,512,-1.8812845644625,2.61117799824966
1,513,513,-1.84636812797371,2.21234165937286
1,514,514,-2.24183878267011,1.8797351606483
1,515,515,-2.6396394196126,1.82663099657246
1,516,516,-1.37529547298278,2.16341178987115
1,517,517,-1.5620217807035,2.0804179919124
1,518,518,-1.50650568764758,1.27463970841516
1,519,519,-2.09304898241255,1.41212867497676
1,520,520,-2.49019588629899,1.67071758250558
1,521,521,-1.48052380279404,2.42520939595013
1,522,522,-2.77173005731519,2.27147944758279
1,523,523,-2.42113760815026,2.21446557166463
1,524,524,-2.21092150201911,1.36767919489733
1,525,525,-1.01898796815264,1.60710994747557
1,526,526,-1.68330440144059,2.50267939833763
1,527,527,-1.60786874640011,2.6279233092267
1,528,528,-1.83791871290664,2.95041817175026
1,529,529,-2.28735556020478,3.22942207334361
1,530,530,-3.22885876933454,2.255022005697
1,531,531,-3.15722069256656,2.53457218005501
1,532,532,-2.52764115422462,2.61842359637837
1,533,533,-2.02291021249802,3.05843689508838
1,534,534,-2.09335604253284,3.41132611701885
1,535,535,-1.5039471289959,1.45415499084156
1,536,536,-2.0379461846691,1.4113810819577
1,537,537,-3.21242399989136,1.31145523965018
1,538,538,-2.75902730795078,1.57030055220031
1,539,539,-3.70579027783647,2.32799775613666
1,540,540,-2.66425595752699,1.58964043200359
1,541,541,-2.77996273954028,1.43856564681897
1,542,542,-2.95432428481704,1.90484013242439
1,543,543,-2.46517477751092,1.70511007707441
1,544,544,-1.79786059585754,2.57896625984856
1,545,545,-1.14433519846619,1.73899826948521
1,546,546,-3.00113907772449,1.60933965480653
1,547,547,-2.85888363977296,1.59172133471542
1,548,548,-2.8524162535183,1.8514758622352
1,549,549,-2.56050283611121,2.05446356903605
1,550,550,-2.5075322020324,1.25221055483235
1,551,551,-2.34346518989957,2.24494865514167
1,552,552,-1.73433109337498,2.84287326284211
1,553,553,-1.40220703230992,3.99351308507854
1,554,554,-2.32523178917057,1.55015645501546
1,555,555,-2.57909839735411,2.14276484137468
1,556,556,-1.83980084981733,1.89627361642604
1,557,557,-2.52660981296517,2.06310817457119
1,558,558,-1.89674009200721,1.56369776761939
1,559,559,-1.61143115732149,1.36631494771508
1,560,560,-2.34090168285681,1.71396567197316
1,561,561,-1.83165493839328,1.01312975692255
1,562,562,-1.8775625115979,1.41554027321908
1,563,563,-1.52994213833943,1.88545727427953
1,564,564,-0.551273695918289,2.61811911440227
1,565,565,-0.412316223495974,2.56726827661029
1,566,566,-0.63267390536292,2.14401014397828
1,567,567,-0.915675437726464,3.15668986966987
1,568,568,-0.217391159366095,3.63859435524982
1,569,569,-1.15500652038771,2.81125674662954
1,570,570,-1.24337968000775,2.05132249347652
1,571,571,-1.03237162498006,2.46067826369923
1,572,572,-2.07417111267802,1.47490925660937
1,573,573,-1.4091186104904,3.10133664230322
1,574,574,-2.06269180986462,2.36414873448976
1,575,575,-2.35038987915081,1.90731268951975
1,576,576,-3.11134129724575,3.08532828711292
1,577,577,-3.0025894875597,2.71991814210473
1,578,578,-1.50196216976166,2.46809226105762
1,579,579,-1.68270341402121,2.85536657489984
1,580,580,-1.62757935500027,2.8283898109948
1,581,581,-3.36280801034037,2.47340712132457
1,582,582,-2.9941749446988,2.15698690605149
1,583,583,-2.25215204175468,2.13231304677577
1,584,584,-2.24450887346005,1.45324300792087
1,585,585,-2.68219901558749,1.47954758784664
1,586,586,-2.62634091963649,1.58234466357484
1,587,587,-1.52452012569248,1.23778638676726
1,588,588,-2.87992390740767,1.62327406258183
1,589,589,-1.47869533178202,1.75125610884345
1,590,590,-2.78306952706005,3.42199418903873
1,591,591,-2.21604604690325,3.92590093501234
1,592,592,-2.08172535579671,3.74146276081135
1,593,593,-2.40836054768691,3.93223770092023
1,594,594,-2.26515170773317,4.05530380105004
1,595,595,-2.36119197921131,4.09024606366798
1,596,596,-2.52840263097039,1.93697770270975
1,597,597,-1.91085014836161,1.55331936358478
1,598,598,-1.92060329071606,1.78049370950528
1,599,599,-1.12735454438333,1.14650554000686
1,600,600,-1.63065458343724,2.47315572619841
1,601,601,-1.50278387351442,1.92788243939771
1,602,602,-2.15999619724634,1.87291509922105
1,603,603,-1.76277531315993,1.35715051649866
1,604,604,-1.7550215048209,1.39746094075851
1,605,605,-1.84039103287757,1.50619070879258
1,606,606,-2.16950351703131,1.9407126516448
1,607,607,-2.33075814922796,1.30867148361997
1,608,608,-2.02555641497343,1.52388347110071
1,609,609,-1.95478085356171,1.34990444022849
1,610,610,-1.94210194423712,1.32525544593251
1,611,611,-1.45920853171141,0.900021566944766
1,612,612,-1.59479632540042,1.80703281228487
1,613,613,-1.73936259414082,1.94158957354849
1,614,614,-2.65546866975365,2.12666212104684
1,615,615,-1.65874957045681,1.9540317715673
1,616,616,-1.94596050368059,1.64290352761928
1,617,617,-3.09464436020601,1.18578291159892
1,618,618,-2.43817452123703,1.20485765900837
1,619,619,-1.85684628387723,1.85585485106545
1,620,620,-1.77544040733806,1.20940657007
1,621,621,-1.40656251965451,1.22063532094048
1,622,622,-2.09577313535784,1.33198978017482
1,623,623,-2.98352404026797,2.39663295432637
1,624,624,-2.06308253622587,1.65594807147332
1,625,625,-1.93971936903409,1.71314114780451
1,626,626,-2.26925673325631,2.36291870916515
1,627,627,-2.16741884453918,1.86855807823466
1,628,628,-1.71690397210405,1.29950827196694
1,629,629,-1.18700968953948,1.60664517846702
1,630,630,-1.4302413131758,1.74377058278807
1,631,631,-1.16703272617422,1.74046456730338
1,632,632,-1.5129483878785,1.41537463357272
1,633,633,-2.28825637030835,3.37827837554709
1,634,634,-1.78077236868455,1.86977662642967
1,635,635,-2.7051890559424,2.41505153964037
1,636,636,-1.34804470763012,3.7004230286711
1,637,637,-1.13986140448207,2.91935312964193
1,638,638,-0.852705634964707,3.54793533051662
1,639,639,-0.253891373467806,2.6469898451204
1,640,640,-1.53304460710458,2.38420522443923
1,641,641,-2.25298569181599,2.44733216727566
1,642,642,-2.28600413052445,2.4714907774361
1,643,643,-0.846937989186486,3.30373519052767
1,644,644,-1.63033643578432,2.35105777280396
1,645,645,-1.7868083337858,3.01591036853673
1,646,646,-1.45948505798463,1.68037407881808
1,647,647,-2.94744335837267,1.70363525282394
1,648,648,-1.78437320915913,1.65310081274217
1,649,649,-2.14692311106384,1.25724400855094
1,650,650,-2.32811316251729,2.03511348354045
1,651,651,-2.48368771159203,2.57600669866368
1,652,652,-2.63637693769737,2.48671591817684
1,653,653,-2.36998086726032,2.93536143269955
1,654,654,-1.53482775502041,2.5116872730991
1,655,655,-1.66118257951559,2.38348612481997
1,656,656,-1.8116704987852,2.08607651430517
1,657,657,-2.27990264792537,2.52439816528701
1,658,658,-2.93216502588718,2.18880423300806
1,659,659,-2.11252395489864,1.59719780991804
1,660,660,-1.72420936582719,1.71212067200196
1,661,661,-1.89706602365947,2.05512318734495
1,662,662,-1.73709032855857,1.51608911770842
1,663,663,-1.22436435558126,2.60158427262962
1,664,664,-3.078206092821,3.50597166554688
1,665,665,-3.21289516025413,3.99921754177194
1,666,666,-3.34897546209076,3.77479060533956
1,667,667,-3.34225627951801,3.64247301983504
1,668,668,-2.99991615655116,3.61405498411428
1,669,669,-2.73507063084557,1.99679003416593
1,670,670,-2.28606777997174,2.05247738387343
1,671,671,-2.98105724591575,2.29710195988558
1,672,672,-2.95627184753813,2.29351378579287
1,673,673,-2.77930493729356,2.15136837599129
1,674,674,-2.72932502651335,2.16879891203438
1,675,675,-3.37923853083583,2.87315776063817
1,676,676,-2.56189284726586,2.23876982076932
1,677,677,-1.82263690246901,2.00511663671761
1,678,678,-2.48928770284459,1.09023394796639
1,679,679,-1.61695271168651,0.967463418048968
1,680,680,-1.94701853260645,1.59871766523248
1,681,681,-1.76424657330287,1.28622296154073
1,682,682,-2.41663777047231,1.33758157538959
1,683,683,-2.29282885859951,1.7355348320206
1,684,684,-3.29030700106104,2.10356839160712
1,685,685,-2.41751412815222,1.74458328660956
1,686,686,-2.23209945495322,1.96890439438935
1,687,687,-1.44754104942641,3.3175399555963
1,688,688,-1.48456331990969,2.33636788090387
1,689,689,-1.19166661705366,1.32348021770597
1,690,690,-3.5897492227317,2.02187338935662
1,691,691,-1.91368192967177,1.62328439803463
1,692,692,-1.52797846134514,1.22634766476417
1,693,693,-1.30989090469857,1.0152747261268
1,694,694,-2.2810651454263,2.04399320054065
1,695,695,-3.30514412789569,2.98257168553252
1,696,696,-2.4258109144771,2.01261338672909
1,697,697,-2.14083854541341,1.88552701842931
1,698,698,-1.20177513346603,0.834147579390837
1,699,699,-2.58250345929485,1.53500591894485
1,700,700,-1.2954703386414,1.36409913992686
1,701,701,-4.21356638288925,2.3069474615809
1,702,702,-3.99813253545436,2.5630206391974
1,703,703,-3.43522515120711,1.76888887167793
1,704,704,-3.98385834617877,2.14906010938615
1,705,705,-2.31150550113545,3.12938267521345
1,706,706,-2.12358957461269,3.21190609151385
1,707,707,-1.99091019698535,3.74798726105541
1,708,708,-1.95412550897802,2.59022517558845
1,709,709,-0.427003053284931,2.93578732950906
1,710,710,-1.17321003251661,2.00330395416115
1,711,711,-2.11950865287154,1.52231315416676
1,712,712,-2.26545820814751,3.06514267404632
1,713,713,-1.75619036406256,3.34678885198629
1,714,714,-0.787445323074522,1.70962456957211
1,715,715,-0.532409074641266,3.46172736641013
1,716,716,-0.853576622530194,3.68348467162619
1,717,717,-0.407265307227596,2.58671497650835
1,718,718,0.455182343477466,3.33613984145772
1,719,719,0.500539941554837,2.32961890604407
1,720,720,-0.762664549150479,2.38206542706711
1,721,721,-1.46290059418762,3.10270619147913
1,722,722,-2.03341705353653,2.38902465585082
1,723,723,-1.31119251565036,2.08847908463356
1,724,724,-2.06587359102013,2.24991705282892
1,725,725,-2.72402889042884,1.9348740488073
1,726,726,-2.37458697096542,2.35155334415219
1,727,727,-1.87852270174814,1.96098344610685
1,728,728,-1.64825193384967,1.04583384459526
1,729,729,-1.45510607289191,2.79101649508774
1,730,730,-1.96837221694469,1.45183271793116
1,731,731,-3.04104487195399,2.5314352311447
1,732,732,-2.97244911082303,1.98209317042333
1,733,733,-2.48317095453047,1.67171662918256
1,734,734,-2.30976006022709,1.41358134513968
1,735,735,-2.59656219884697,1.68882451104034
1,736,736,-2.00305456119241,1.13791863229951
1,737,737,-1.2770618008013,2.29098814105641
1,738,738,-2.87668366425408,1.31870584230731
1,739,739,-2.39439804235428,1.87176364719944
1,740,740,-2.65669278332114,1.97582895883466
1,741,741,-2.05194249254924,2.45926743697247
1,742,742,-1.17564820485568,1.78693794805372
1,743,743,-1.65956079747472,2.26397415973592
1,744,744,-1.86400202738158,1.51353177415856
1,745,745,-1.98533784888924,1.62994331908923
1,746,746,-1.63859187675181,1.1803421570377
1,747,747,-1.45134872398917,1.16649456706304
1,748,748,-1.80151702936114,1.31189572894281
1,749,749,-1.20000439178095,1.77985464982837
1,750,750,-1.652519931522,1.72927811223792
1,751,751,-1.57707346573088,1.9992324458854
1,752,752,-1.41770807107448,1.05414729894625
1,753,753,-1.97966946275028,1.89237902688376
1,754,754,-2.15426761172177,1.41829970437727
1,755,755,-1.32959593290903,2.14550974751383
1,756,756,-0.988770036946687,1.70146833057808
1,757,757,-1.11108663308801,1.71039783613793
1,758,758,-2.23346795597817,1.77054831441645
1,759,759,-2.37644946432448,1.86234504397293
1,760,760,-0.860841482531806,2.12771572337889
1,761,761,-2.20770003427639,4.47500184001804
1,762,762,-2.26402534866944,4.49304507567529
1,763,763,-0.373056365925583,1.78172993911736
1,764,764,-0.422766416849939,1.80805876677362
1,765,765,-0.382848650746916,1.98259326172786
1,766,766,-1.7780014057436,1.25404907691697
1,767,767,-1.93887626667183,1.7214994039315
1,768,768,-2.59790198124764,1.79021936525328
1,769,769,-1.89208937390084,2.64553684446479
1,770,770,-1.58794558039692,1.39352034326843
1,771,771,-1.30551512845828,2.56586851687409
1,772,772,-1.1320944580856,2.70391769752105
1,773,773,-1.31665884887302,2.49155300216068
1,774,774,-1.25651076105568,2.63690092101494
1,775,775,-1.83601841829495,2.74393689907754
1,776,776,-1.75640692810096,2.48099403722954
1,777,777,-0.807679335825339,2.34504098009703
1,778,778,-1.63378498203552,3.05841936307707
1,779,779,-1.67723479301668,2.89397615622506
1,780,780,-1.66078475168423,3.3868979646255
1,781,781,-2.67001654415456,2.33260494861767
1,782,782,-1.96340110251121,1.40939274010223
1,783,783,-2.17237520447816,1.02554061557897
1,784,784,-2.23974966303112,1.57871775695213
1,785,785,-1.47045319275739,1.10280014512513
1,786,786,-1.00729356154015,1.71556616558147
1,787,787,-1.59633792163562,2.30802063903033
1,788,788,-1.77207965906736,1.59431151821452
1,789,789,-2.1281269937083,1.64994297122026
1,790,790,-2.50218127993374,1.48845475339326
1,791,791,-1.96191306488415,1.92350989762165
1,792,792,-1.84464213688549,1.96742223737653
1,793,793,-2.57095900133239,1.75160743270825
1,794,794,-2.10499587394741,2.13238260399305
1,795,795,-3.51151187279744,1.8578302494979
1,796,796,-2.9561648611848,2.92937752615169
1,797,797,-2.80101905377741,1.48110848882937
1,798,798,-2.80550501356383,1.04117930410145
1,799,799,-2.49175406855732,1.81561405856923
1,800,800,-2.46312737959944,1.21618136503631
1,801,801,-2.5918350410108,2.44899275335282
1,802,802,-2.47876437958356,1.63256760616122
1,803,803,-1.88524967498903,1.89381594797454
1,804,804,-1.72307952478755,2.01040956454198
1,805,805,-1.32617167233586,1.73649971535452
1,806,806,-1.15502222668419,2.26645280274932
1,807,807,-1.52173201821566,2.33143267812982
1,808,808,-1.6572488183602,1.91830592413067
1,809,809,-1.60345623639174,1.94755922131091
1,810,810,-1.55686770940921,3.1762620499149
1,811,811,-1.60295457916037,2.98943444456787
1,812,812,-0.969112589516828,1.81868547442054
1,813,813,-1.28568328136246,2.1194025720705
1,814,814,-0.672872764965977,1.29408494013563
1,815,815,-1.69649313118015,1.48008071313037
1,816,816,-1.39495903957494,1.77735685804219
1,817,817,-1.23112820642354,1.78571702685192
1,818,818,-1.11606152069546,1.73270026019423
1,819,819,-1.35480578505403,1.60780630766515
1,820,820,-0.709647415378265,1.6587904311711
1,821,821,-1.29122070309527,2.3416324920971
1,822,822,-2.43433487004641,1.4251999464693
1,823,823,-2.33281973840312,1.3194005103721
1,824,824,-1.4942465704385,2.76690718736317
1,825,825,-1.47133689700831,0.830754117041843
1,826,826,-1.04624500242018,0.739426973613264
1,827,827,-1.69600716214262,1.16371660105407
1,828,828,-2.62509140422208,1.63629739993241
1,829,829,-1.41525953785886,2.24067077751916
1,830,830,-3.09678395417535,3.55996271034258
1,831,831,-1.97679520875543,2.20732136209554
1,832,832,-2.39118751563771,1.43542241699783
1,833,833,-2.02884717047497,1.35153215730986
1,834,834,-3.16792769256189,2.5846497642252
1,835,835,-3.21635260034618,2.62815907442776
1,836,836,-1.89743332013402,1.63735249951404
1,837,837,-1.87524001927184,1.67900163275889
1,838,838,-3.58189203428731,1.60950926988103
1,839,839,-3.49207609891824,2.31482590442291
1,840,840,-2.91239196266054,1.46570165858629
1,841,841,-2.00189026197574,1.9300828913289
1,842,842,-2.07274037321161,1.90441638036721
1,843,843,-2.93238784338941,1.63090895127917
1,844,844,-2.29965919851898,1.1925454655361
1,845,845,-2.3730234094247,1.57795962099008
1,846,846,-2.68399978724765,1.55045618628461
1,847,847,-2.64198585428787,1.72496845609698
1,848,848,-2.70392037789988,1.33599565880893
1,849,849,-2.14076781928857,2.22747476559001
1,850,850,-1.79701767337585,1.91148807176676
1,851,851,-2.09185567237112,3.23598713954593
1,852,852,-1.12467599671029,1.8160349799623
1,853,853,-1.33108396061528,2.71069344871872
1,854,854,-0.920004365444678,1.68107692002065
1,855,855,-2.60280584578554,2.76664572354612
1,856,856,-1.79714060473271,2.09492682189254
1,857,857,-1.64468151218209,2.47805906717567
1,858,858,-2.01312194746801,1.85264081067674
1,859,859,-2.40076582115164,2.09414291655463
1,860,860,-2.38746229870051,2.11514065956916
1,861,861,-2.55149235366803,2.1462662042744
1,862,862,-1.00331433698115,1.30709330167129
1,863,863,-1.23565575874407,2.02198176834019
1,864,864,-1.77279643788967,2.45080901297757
1,865,865,-2.20725567219057,1.68609246698998
1,866,866,-2.20481175410326,2.14051470634201
1,867,867,-2.83359796237549,2.14527276723658
1,868,868,-1.46940568581735,2.36064941198586
1,869,869,-1.31452492531205,2.07862969643036
1,870,870,-1.82610453682304,1.45522960792101
1,871,871,-2.109198316706,1.48649085829999
1,872,872,-2.3146191923579,2.13829386416323
1,873,873,-1.84798915146082,1.2909606702709
1,874,874,-1.8548463624369,1.27741789298917
1,875,875,-2.10081169966856,1.20737730317287
1,876,876,-3.97294677184663,2.63282359664732
1,877,877,-1.58318830035833,1.62713975544168
1,878,878,-1.66188958409436,2.34425758569322
1,879,879,-0.590497906293446,1.34387596428069
1,880,880,-0.468997210880552,2.3082932850449
1,881,881,-0.687136047697301,1.82419343762299
1,882,882,-1.05740253649342,2.25065935166858
1,883,883,-1.146251793715,2.40384402627335
1,884,884,-0.944701576231046,2.39428661273831
1,885,885,-0.591571170186157,2.39706300407472
1,886,886,-1.27590338753752,1.58609552095598
1,887,887,-1.18882518332699,1.53043374241164
1,888,888,-2.92297870020593,2.40939217173228
1,889,889,-2.47834339707282,2.29774769789363
1,890,890,-2.62455756661898,2.38529550344752
1,891,891,-3.13846420683718,4.24454077753738
1,892,892,-3.16793798870471,4.067755583121
1,893,893,-3.0125404474091,3.12916318179508
1,894,894,-2.48422757852485,2.42302455826456
1,895,895,-1.55543495988253,2.64110961399845
1,896,896,-3.19175170067675,2.03835271692698
1,897,897,-2.27034448803395,1.64238512549244
1,898,898,-2.2503023763226,2.15226166875866
1,899,899,-1.75322799422427,1.52477962364454
1,900,900,-1.94999370062973,2.20584020262348
1,901,901,-2.1659590144508,2.76193520961855
1,902,902,-1.12329491863602,2.85858908223785
1,903,903,-0.670658757251729,4.47523098079853
1,904,904,-0.687688390264417,4.46293226437398
1,905,905,-0.514477844798819,4.76013857398536
1,906,906,-0.665612373525027,4.97082561685809
1,907,907,-0.665612373525027,4.97082561685809
1,908,908,-0.586802741720853,4.98037037386383
1,909,909,-0.586802741720853,4.98037037386383
1,910,910,-0.582686348848752,5.13725825818028
1,911,911,-0.582686348848752,5.13725825818028
1,912,912,-0.582686348848752,5.13725825818028
1,913,913,-0.59267972780995,5.13871529718643
1,914,914,-0.266024227349747,5.14657268871314
1,915,915,-0.245415513868842,4.42284011946627
1,916,916,-0.515840226227284,4.81882080199585
1,917,917,-0.597793470092387,4.42626789438207
1,918,918,-1.12284472751653,3.07026844788426
1,919,919,-2.06753098374891,3.00470244899875
1,920,920,-2.13932104861356,1.87212910498161
1,921,921,-1.70617202521361,1.56950769554946
1,922,922,-2.11655822043607,2.20352281170171
1,923,923,-1.45411421977698,2.01511324782031
1,924,924,-2.18548522879283,2.02473471493213
1,925,925,-1.65672484855896,1.41050903664005
1,926,926,-1.21356650831282,1.37992510996479
1,927,927,-1.64439730903104,1.34868713001684
1,928,928,-1.8953187670898,1.30369794483884
1,929,929,-0.819521136126048,0.720307256771595
1,930,930,-1.78501591897431,2.49122458597616
1,931,931,-2.14057766340016,1.72325912404646
1,932,932,-3.22697595885942,3.10286974282456
1,933,933,-2.82120354505695,2.0920989160503
1,934,934,-2.07936134283224,3.32419774560454
1,935,935,-2.27521493794099,3.20073040267288
1,936,936,-2.3872700839346,3.54285325332793
1,937,937,-2.14388563379444,3.61765582541303
1,938,938,-1.20925886629203,1.44640156998013
1,939,939,-2.64005593813437,3.15631419436305
1,940,940,-2.17933522622589,3.08500910434263
1,941,941,-2.28339768572806,3.29098701350666
1,942,942,-2.69802737658726,4.56448621509912
1,943,943,-2.69802737658726,4.56448621509912
1,944,944,-2.80705330544618,4.38420407779452
1,945,945,-3.18263455871458,3.86941443704802
1,946,946,-3.70804827960192,2.60002962627294
1,947,947,-3.09453843248185,2.06562371645973
1,948,948,-2.37184740945498,1.46606012314281
1,949,949,-2.90183087520894,2.13763044853169
1,950,950,-1.74930964087655,1.81808706954128
1,951,951,-1.86170720948884,2.00854363984811
1,952,952,-1.93506842524376,1.75974761703402
1,953,953,-1.82496838329143,1.85727900717257
1,954,954,-1.67848119960155,1.4073317106858
1,955,955,-1.65895746144046,1.33773532515567
1,956,956,-1.58140031123635,1.33578314799616
1,957,957,-2.24041355089221,1.3777918788615
1,958,958,-1.24594193550663,1.81548449276552
1,959,959,-0.772499425831777,1.29261382768189
1,960,960,-1.62480574361626,2.07697680293461
1,961,961,-1.38530722321105,1.55553244035173
1,962,962,-1.74989388685167,2.08272442935298
1,963,963,-1.72638343889729,1.78601201388619
1,964,964,-1.90864288293842,2.12787193471213
1,965,965,-0.143083781136437,2.53921079650134
1,966,966,-1.34525669733978,1.96960807397074
1,967,967,-1.54053087300421,2.72195432927069
1,968,968,-2.89250294422135,3.06667501963065
1,969,969,-2.05633115854418,1.67670368697004
1,970,970,-2.25566650633884,1.54948872042244
1,971,971,-2.40983394016215,1.2819436278214
1,972,972,-2.97116027526431,2.26883468204338
1,973,973,-3.50840262064417,2.43516952573359
1,974,974,-1.18325083669462,1.42631177120638
1,975,975,-2.53910060729371,1.54761195849229
1,976,976,-1.32232774770042,1.3553113417994
1,977,977,-3.21249417138715,2.18030184531736
1,978,978,-1.42418198481401,1.29248359541874
1,979,979,-2.51023731714086,2.32638732167241
1,980,980,-1.74454665106333,2.01538784567554
1,981,981,-3.2525731873885,1.76875727800859
1,982,982,-1.96614737896883,2.47930553231781
1,983,983,-0.977114732376421,2.48629494263857
1,984,984,-0.982587617643482,1.25973897941441
1,985,985,-0.488202403206111,1.39144913110516
1,986,986,-2.33839810895662,3.09094530346129
1,987,987,-1.83611585160525,3.11909663771814
1,988,988,-1.96900607365409,3.49763653713377
1,989,989,-1.7313095046348,3.41832391706092
1,990,990,-3.36960280144302,2.09713505221679
1,991,991,-3.6541711510292,1.97559614293588
1,992,992,-3.38366864640703,2.26934096749723
1,993,993,-2.75091038561649,1.39194877170005
1,994,994,-1.93373695398436,1.45427224082618
1,995,995,-1.86454298136683,1.27510035309559
1,996,996,-2.72296444885213,2.26921633303121
1,997,997,-3.37443342178152,2.21110483691404
1,998,998,-1.77089317758536,1.13553446177698
1,999,999,-1.83523601644777,1.0733919253807
1,1000,1000,-1.85974459968389,1.23763740057156
1,1001,1001,-2.30305992969974,1.41709817319063
1,1002,1002,-3.66347191754699,1.48037537845333
1,1003,1003,-1.39396626018459,0.793430538429395
1,1004,1004,-1.58205521955332,1.56311653462584
1,1005,1005,-0.992939085122877,1.87874296887566
1,1006,1006,-0.706255900990461,2.68413014859328
1,1007,1007,-1.27610114912457,3.65754971438247
1,1008,1008,-1.3186510191471,2.97474733972823
1,1009,1009,-1.40298828863189,3.82353209426312
1,1010,1010,-2.12678366063449,3.92185770230261
1,1011,1011,-1.15463252019756,2.45165870705771
1,1012,1012,-1.98352238157967,2.09631705169245
1,1013,1013,-0.789698418533525,2.13484525566704
1,1014,1014,-1.58607898678669,3.05922793294761
1,1015,1015,-2.3640635680867,2.56588500508642
1,1016,1016,-2.01192904550383,2.2160214339163
1,1017,1017,-2.15425879487429,2.43283516003721
1,1018,1018,-2.06298504704567,2.57837990738602
1,1019,1019,-1.79506713794,1.60567662019055
1,1020,1020,-2.21335831233148,1.82134107356073
1,1021,1021,-2.05124657469818,2.00753154716832
1,1022,1022,-1.09363608499035,1.11878916286863
1,1023,1023,-1.62123657088588,1.59488038074546
1,1024,1024,-1.22825896786112,1.94129581593995
1,1025,1025,-1.36324569182214,1.50883982304725
1,1026,1026,-1.64651874972139,2.41653634296881
1,1027,1027,-1.29310744107294,1.91230712308053
1,1028,1028,-1.52902254458555,2.02584606973369
1,1029,1029,-1.62617993770577,2.74372903872687
1,1030,1030,-2.02617520657717,4.06099998584867
1,1031,1031,-0.981985965327263,1.34034643661295
1,1032,1032,-1.33285044584391,1.60857085167435
1,1033,1033,-0.828526800011092,1.58996749385828
1,1034,1034,-0.748426218402003,1.87436131202185
1,1035,1035,-0.319730852985401,1.64087194532997
1,1036,1036,-1.58930804656051,1.60055893739238
1,1037,1037,-1.9713943632772,2.13278048741844
1,1038,1038,-1.82239068042914,3.12565250731724
1,1039,1039,-1.31813235826607,1.80659454811936
1,1040,1040,-1.9003641741713,1.10865909076045
1,1041,1041,-1.35880297856466,1.72881964002708
1,1042,1042,-0.485155536791634,2.48586301849136
1,1043,1043,-0.957566723985848,2.16770932060879
1,1044,1044,-0.983477722024875,2.31402743670881
1,1045,1045,-2.46891133433074,1.86843819870888
1,1046,1046,-2.82151512733638,2.18653416109959
1,1047,1047,-3.00389059052136,1.79038023031036
1,1048,1048,-2.91716027102068,2.95222509532097
1,1049,1049,-1.26226892922397,1.51538729491664
1,1050,1050,-1.74871392783387,3.93420451524114
1,1051,1051,-1.75700550850621,3.80845481913355
1,1052,1052,-1.14316684813488,0.884681219039922
1,1053,1053,-1.38746241376441,1.06486926135787
1,1054,1054,-0.438213040753769,1.83269676579967
1,1055,1055,-1.99571368997201,2.37623655674724
1,1056,1056,-2.21697034761819,2.14050299497479
1,1057,1057,-2.17124355485492,2.77426871731833
1,1058,1058,-2.19806326709773,2.89008462650412
1,1059,1059,-2.29532937215728,2.37868527322784
1,1060,1060,-3.15312752306743,2.02402535344483
1,1061,1061,-2.72948423645084,1.76441767538007
1,1062,1062,-3.31414594475285,1.8192998804749
1,1063,1063,-3.5291028867617,2.11698532375887
1,1064,1064,-2.67461145145656,1.51960569402621
1,1065,1065,-3.17104148819401,1.81831458522177
1,1066,1066,-3.22867347310125,2.12567172587042
1,1067,1067,-2.72655476194594,2.12615316618899
1,1068,1068,-1.55557358509743,1.90104369299818
1,1069,1069,-1.41560677537909,2.06477098121769
1,1070,1070,-0.82098476226336,1.03762740296824
1,1071,1071,-2.44271671484329,2.18184102923187
1,1072,1072,-0.752820879381367,1.16211925424663
1,1073,1073,-2.02690136431519,1.8848459909702
1,1074,1074,-2.07066430430507,1.85401474003417
1,1075,1075,-1.74356178688017,1.50516590935555
1,1076,1076,-1.94309816903276,1.31778383160424
1,1077,1077,-2.47935263545237,2.5435082072223
1,1078,1078,-1.10672390329831,1.10555409123533
1,1079,1079,-2.16953066509065,2.19024565467245
1,1080,1080,-2.30212738110962,2.11748503786564
1,1081,1081,-2.49542968576193,2.27869798657865
1,1082,1082,-2.62395181679171,2.68981888764419
1,1083,1083,-1.07278881719471,2.75585253061561
1,1084,1084,-1.66787966672974,2.90103665534897
1,1085,1085,-0.995759214354322,2.50143984178241
1,1086,1086,-0.0372231801601487,2.89625826479508
1,1087,1087,0.222561503009624,2.80514347869659
1,1088,1088,0.34678646442541,2.52464179846104
1,1089,1089,0.445665659977325,3.04565443219252
1,1090,1090,0.292436352335556,2.9873179184418
1,1091,1091,-1.04888231256453,2.16171081346164
1,1092,1092,-1.47219196625383,1.74193393627198
1,1093,1093,-2.46696228079634,2.60026552224295
1,1094,1094,-2.17199633520431,2.50372348939125
1,1095,1095,-1.9688420301909,2.86859120802422
1,1096,1096,-2.87670318939032,2.20381289280688
1,1097,1097,-1.21578682061752,2.30512719790951
1,1098,1098,-1.1833820934493,2.96766523855173
1,1099,1099,-0.209507216274803,2.02596469148233
1,1100,1100,-0.725956160134658,2.65010221256478
1,1101,1101,-0.986579934877181,2.77289607743355
1,1102,1102,-0.958818760576592,2.77244016771637
1,1103,1103,-0.909342326845149,3.07843252017013
1,1104,1104,-1.74608360142876,1.63442540755447
1,1105,1105,-1.30621539382259,1.12823758634385
1,1106,1106,-2.6645600108579,1.81353578028869
1,1107,1107,-2.07491894637178,1.66061827876114
1,1108,1108,-2.55552858182237,1.34545604805905
1,1109,1109,-1.26235676372988,1.04051854453699
1,1110,1110,-2.65601540726474,3.44052059695692
1,1111,1111,-2.73815078826606,3.35388102611704
1,1112,1112,-3.18035533224631,2.22494043733804
1,1113,1113,-1.48197172338585,1.36784626226844
1,1114,1114,-3.16432173900226,2.53260761898795
1,1115,1115,-2.55891738186222,2.61490568289418
1,1116,1116,-2.49586481259543,2.15934680081951
1,1117,1117,-2.11440147940945,2.97876671509555
1,1118,1118,-1.30491961122943,1.37325501074389
1,1119,1119,-1.97992618674088,2.17669719639504
1,1120,1120,-1.83167636481442,2.58670698333649
1,1121,1121,-3.40341484744801,2.38856053771066
1,1122,1122,-2.17228097065338,1.85981100565035
1,1123,1123,-3.27939202813123,2.69860196327736
1,1124,1124,-2.93401429600545,2.18861638098471
1,1125,1125,-1.92253015185121,2.17420161477138
1,1126,1126,-1.55516782917009,2.6760654774793
1,1127,1127,-1.67488091067375,2.15909269564024
1,1128,1128,-1.07246912528268,2.58925490704298
1,1129,1129,-1.38608122708466,2.49779707712852
1,1130,1130,-3.36773092566584,2.19843352117984
1,1131,1131,-1.46413915908257,1.14066324416887
1,1132,1132,-1.83620252160404,1.37217602879013
1,1133,1133,-1.29591301945995,1.93454486402409
1,1134,1134,-1.26182145975139,2.13144062505617
1,1135,1135,-1.36448475356281,1.43191263619501
1,1136,1136,-2.12875315220792,2.14254633844934
1,1137,1137,-2.23016830646341,1.50386376800396
1,1138,1138,-2.11260647545815,1.35294352426874
1,1139,1139,-1.98725717812452,0.882414398571091
1,1140,1140,-1.75655788205927,1.40657774091239
1,1141,1141,-1.80760326150183,2.78624535393474
1,1142,1142,-1.39304336466909,2.30404341831949
1,1143,1143,-2.16426359609619,2.62414437877561
1,1144,1144,-2.23874667932203,2.1328682373921
1,1145,1145,-2.31227787108607,1.86677063125493
1,1146,1146,-1.63452639070435,1.33688416944799
1,1147,1147,-2.56047832550013,1.92592671668168
1,1148,1148,-2.76313477920681,1.6918399943362
1,1149,1149,-3.54107827494013,1.97518412089517
1,1150,1150,-2.85851136578954,1.69740138744139
1,1151,1151,-1.84901603162261,2.08713221685882
1,1152,1152,-1.97062117696841,2.13943110857315
1,1153,1153,-2.06564945820592,1.67699054371487
1,1154,1154,-1.71709454273721,1.33617797327002
1,1155,1155,-1.56505337818593,1.89280153763952
1,1156,1156,-1.75968005550333,2.62014050710016
1,1157,1157,-1.65150165652845,1.17965751305628
1,1158,1158,-1.38117758223071,1.55430278766463
1,1159,1159,-2.17169181714692,2.01334898479426
1,1160,1160,-0.925072442698356,1.04530324620434
1,1161,1161,-3.63315050197474,1.52720329681902
1,1162,1162,-1.42882557463168,1.18060582167638
1,1163,1163,-1.39018608626794,0.962049926277415
1,1164,1164,-0.348931905229248,2.33068658561097
1,1165,1165,-1.6523322261213,3.1894940806924
1,1166,1166,-1.19486403801731,2.75221834726045
1,1167,1167,-1.3201660891896,2.20767510267883
1,1168,1168,-1.29153066699823,2.17655685583676
1,1169,1169,-1.41902830888433,2.76097727906574
1,1170,1170,-1.43273192491805,2.76579115259846
1,1171,1171,-1.31395061467571,3.13483792916018
1,1172,1172,-1.75618430744336,2.00093005796656
1,1173,1173,-0.908619752174761,1.60610747769567
1,1174,1174,-0.942907705492065,2.15068553949733
1,1175,1175,-1.00001309609512,2.14048946195388
1,1176,1176,-1.33491713958281,2.77351936397181
1,1177,1177,-0.95713497389283,2.61199787811731
1,1178,1178,-0.356227454674791,2.78914698923972
1,1179,1179,-1.08562330234992,2.88585664162903
1,1180,1180,-1.3799191688207,2.52545947777293
1,1181,1181,-1.2804937497006,2.60022448545656
1,1182,1182,-0.733402105688669,2.00150271734693
1,1183,1183,-1.13821841388994,2.34993620688186
1,1184,1184,-1.1947938105073,1.90492481439644
1,1185,1185,-2.13928691019107,3.13817835272583
1,1186,1186,-1.09583683966384,3.71890549462321
1,1187,1187,-0.534519207753488,2.83631725737673
1,1188,1188,-2.08912161268326,1.43085940297141
1,1189,1189,-1.705539084873,1.12208974627555
1,1190,1190,-2.30583179480796,1.38374879436642
1,1191,1191,-3.45141693951612,2.09517372052893
1,1192,1192,-2.06437415676087,1.65161474531224
1,1193,1193,-2.25966747039457,1.38747510234479
1,1194,1194,-2.12274355441397,1.54343103507621
1,1195,1195,-2.9740178969575,3.40717449332036
1,1196,1196,-3.13991244103343,3.30957472985681
1,1197,1197,-1.23690621475035,1.72843767148079
1,1198,1198,-1.54617827335944,1.89335990678492
1,1199,1199,-2.5725626226983,1.44415754556485
1,1200,1200,-2.02372952245136,1.96528414452387
1,1201,1201,-1.8021521037505,1.46171935328724
1,1202,1202,-1.21068860591022,2.13052723874535
1,1203,1203,-0.687714204921513,2.51298169615313
1,1204,1204,-0.812371964672517,2.58107611970787
1,1205,1205,-0.756573429468099,2.76716886642604
1,1206,1206,-1.14579865086361,2.25396476152648
1,1207,1207,-1.04276783249891,2.10588447670457
1,1208,1208,-1.42293429689456,2.03957035095722
1,1209,1209,-1.02119889723287,1.6968906122192
1,1210,1210,-1.90089042906422,1.95411538087079
1,1211,1211,-1.67153712930804,1.76874112344401
1,1212,1212,-1.6323890967926,1.83902309312097
1,1213,1213,-1.86652878795682,2.35771935496836
1,1214,1214,-1.83003295979668,2.00355628011623
1,1215,1215,-1.72439521687434,1.9947153020809
1,1216,1216,-1.28908069135557,2.37308991190705
1,1217,1217,-1.85953940911861,2.46195662526063
1,1218,1218,-1.45142389320945,1.72844372208906
1,1219,1219,-1.45750718628141,2.54280803356477
1,1220,1220,-1.82638080675978,3.48010894611551
1,1221,1221,-1.45079063357691,2.15816530030408
1,1222,1222,-1.54566381799247,1.38944222265691
1,1223,1223,-1.46031818233899,1.55843174832279
1,1224,1224,-1.68324771666644,2.72998488331235
1,1225,1225,-1.01686745175642,3.77857727648786
1,1226,1226,-0.972687922124637,3.66813018843226
1,1227,1227,-0.92342924681467,3.3986755152991
1,1228,1228,-0.4539340244275,4.06419943540391
1,1229,1229,-0.500176647771904,4.23722569586745
1,1230,1230,-0.0480614669489521,1.8691172835521
1,1231,1231,-0.26272970076456,1.37173576198709
1,1232,1232,-2.02251596740789,1.85674672453339
1,1233,1233,-1.65144925976584,1.50958197561055
1,1234,1234,-1.38125561393396,1.5282034773121
1,1235,1235,-1.7368500497442,1.64651280957456
1,1236,1236,-1.77946032138669,1.27815973336685
1,1237,1237,-1.12470513442413,1.358957209726
1,1238,1238,-2.09345006576354,1.85737186039846
1,1239,1239,-1.94044169524673,1.89626334135688
1,1240,1240,-1.37087236508779,1.1096245250492
1,1241,1241,-1.04137864390865,0.95849457450153
1,1242,1242,-0.924569561908917,2.1685098499456
1,1243,1243,-0.785072328816066,2.11894390859629
1,1244,1244,-0.980889765748708,1.04950142546286
1,1245,1245,-1.83226334125885,2.14803765400549
1,1246,1246,-1.54150354299995,2.0429658466197
1,1247,1247,-3.1117187244406,2.2974969614059
1,1248,1248,-3.13411665140364,2.42706001003553
1,1249,1249,-1.73270772173038,1.25986994334506
1,1250,1250,-2.12772604253591,1.20683075323672
1,1251,1251,-3.2122669663467,1.78146889542264
1,1252,1252,-1.99507398338712,2.29492771480356
1,1253,1253,-1.61356188983728,1.589294314582
1,1254,1254,-1.53970982546742,1.65134961458901
1,1255,1255,-1.26027448820871,1.61631742421503
1,1256,1256,-1.94361197841864,1.4882247113886
1,1257,1257,-1.98644160108907,1.90140956946084
1,1258,1258,-1.15247512457246,1.85365143384303
1,1259,1259,-1.11138153712683,2.85852575968904
1,1260,1260,-1.79384499467248,2.23766225056636
1,1261,1261,-1.62255331292717,2.51922500930713
1,1262,1262,-1.40208872647473,2.25951483253883
1,1263,1263,-1.97306914063704,3.02378318767128
1,1264,1264,-1.31185289472189,1.81724267502136
1,1265,1265,-1.67593582994384,2.29116698812929
1,1266,1266,-1.31515235820209,2.45488519563305
1,1267,1267,-1.26485739852981,2.70795809968787
1,1268,1268,-2.12273393426774,2.25808097831652
1,1269,1269,-1.75805288147267,1.5104535595066
1,1270,1270,-1.16195150411632,1.75584442662991
1,1271,1271,-1.46350706448333,1.52735746199013
1,1272,1272,-1.35540294514037,2.55397559029309
1,1273,1273,-1.66937552066896,2.34940750156885
1,1274,1274,-3.18983650399963,2.65003434016138
1,1275,1275,-0.681536016000509,1.31814592446895
1,1276,1276,-1.3162159643279,1.85060723059408
1,1277,1277,-0.67750825432806,2.12154922953073
1,1278,1278,-0.487960223884979,2.04137228525346
1,1279,1279,-1.7422990694534,2.5794098934442
1,1280,1280,-1.22978600991065,1.61189784829381
1,1281,1281,-1.59296380658347,2.02214539472592
1,1282,1282,-1.57654160586963,1.47994309490249
1,1283,1283,-1.07989423097762,2.96867333387242
1,1284,1284,-1.16967117193831,1.3941995923809
1,1285,1285,-1.00391926830102,1.52680174553476
1,1286,1286,-1.762294360498,2.02424568532595
1,1287,1287,-1.74049420783182,2.14751574771762
1,1288,1288,-1.83210039783889,1.7119400731164
1,1289,1289,-1.12739808780458,1.99312209542789
1,1290,1290,-2.11004116367888,2.54009560370653
1,1291,1291,-1.95063007620004,2.20234709282217
1,1292,1292,-2.38295544345675,2.6102487279578
1,1293,1293,-0.733100012833885,2.99759775908298
1,1294,1294,0.0886447478296719,2.46434721902365
1,1295,1295,-0.0463071750558261,2.72430169348978
1,1296,1296,-0.847690903685971,1.80299533174717
1,1297,1297,-0.73655401515769,1.79348471413683
1,1298,1298,-1.51209216238558,1.99520964374448
1,1299,1299,-0.465933623209208,3.9014424831856
1,1300,1300,-0.957931885720861,1.00608407477735
1,1301,1301,-1.87732413329418,2.51260109482445
1,1302,1302,-2.39216892352339,2.39028055522949
1,1303,1303,-2.07230155646256,2.4699380468983
1,1304,1304,-1.82074351942892,2.62554959499446
1,1305,1305,-1.72678561660352,1.74235044611509
1,1306,1306,-2.55226282224466,2.88814291891808
1,1307,1307,-1.46698192493048,1.9759723577669
1,1308,1308,-1.23665497029479,3.31628367735323
1,1309,1309,-2.2588155550802,1.87326442845615
1,1310,1310,-2.69256288306843,2.34193570124636
1,1311,1311,-2.55900131222597,3.33447067179521
1,1312,1312,-2.34980699850317,2.53711781628095
1,1313,1313,-2.82206017187892,2.3465372052706
1,1314,1314,-1.58344996820489,1.37804751170556
1,1315,1315,-2.12738008456488,1.98792893557255
1,1316,1316,-1.54876809847323,2.04379020540723
1,1317,1317,-1.85603504251661,1.98787298331582
1,1318,1318,-2.17784858251698,2.54022573115294
1,1319,1319,-2.33152118919634,1.98048478460365
1,1320,1320,-2.21949684040925,1.81582826648453
1,1321,1321,-1.79623228546763,1.90948175429807
1,1322,1322,-1.74725364345589,1.54876485112095
1,1323,1323,-1.28381625514619,1.45667595615442
1,1324,1324,-2.26844856012972,2.05581942736463
1,1325,1325,-2.15721053910094,1.78772031985385
1,1326,1326,-0.7249872655856,0.977404262130042
1,1327,1327,-2.70187597319807,2.60260318163437
1,1328,1328,-2.39544999564583,1.49698026512287
1,1329,1329,-3.10261769918405,2.44935467021476
1,1330,1330,-2.89705676594201,2.09609303830508
1,1331,1331,-2.90027390922111,1.5244981982107
1,1332,1332,-3.84499050988154,1.67529684394805
1,1333,1333,-1.9357648065766,2.15396971428658
1,1334,1334,-0.63939359515735,3.54646666490932
1,1335,1335,-0.470666582175082,4.0322765610516
1,1336,1336,-1.76431913041842,1.00777700036509
1,1337,1337,-2.85173232106416,2.12629277557482
1,1338,1338,-1.64086024675598,2.2621249520722
1,1339,1339,-2.40129744240221,1.21286798527833
1,1340,1340,-2.24157406292757,1.54585882415145
1,1341,1341,-2.76698630070707,1.50178004882315
1,1342,1342,-0.657868526232188,1.95001796546
1,1343,1343,-0.702643456493165,1.05114980989137
1,1344,1344,-1.34311579160915,1.74420128754806
1,1345,1345,-2.29321988191205,1.08859655485416
1,1346,1346,-2.67268019697702,2.64561357025538
1,1347,1347,-2.16576002303946,0.909531377472831
1,1348,1348,-1.86667947775846,0.622044948955086
1,1349,1349,-3.26110995399112,1.86361898097807
1,1350,1350,-3.47977226200602,1.66363891043094
1,1351,1351,-2.21815111994975,1.38914489620557
1,1352,1352,-3.7280532465524,2.02573498593319
1,1353,1353,-3.12936210314126,2.58335819919513
1,1354,1354,-0.915794090620569,1.3487069079251
1,1355,1355,-2.37748003803052,1.17200407981821
1,1356,1356,-1.76989353425128,0.92755802010763
1,1357,1357,-2.00221376153311,1.26062570820741
1,1358,1358,-1.62283788652335,0.94482293288155
1,1359,1359,-1.69784585704917,0.81686972239393
1,1360,1360,-1.39459115490555,0.756164300087074
1,1361,1361,-1.33707409523266,1.47448850153693
1,1362,1362,-2.97016412394978,1.80740349553099
1,1363,1363,-2.46976628499921,1.56710834553185
1,1364,1364,-2.26078882511072,1.37262418047341
1,1365,1365,-3.42802655366898,2.44391292299649
1,1366,1366,-1.02436225190118,1.56290877116082
1,1367,1367,-1.47256676056193,1.69740990188422
1,1368,1368,-1.02701076927503,1.81627109208414
1,1369,1369,-0.811530645488655,1.67181600198577
1,1370,1370,-2.23254381084336,3.13974313191217
1,1371,1371,-2.51157943108144,3.050425335569
1,1372,1372,-1.208237342199,1.47852682921435
1,1373,1373,-1.87254517187847,3.03444744963949
1,1374,1374,-2.10219323803773,2.54547895257037
1,1375,1375,-1.0945230779566,1.89175812056317
1,1376,1376,-1.7600489685114,3.07764150224179
1,1377,1377,-2.87072562704376,2.145912268827
1,1378,1378,-2.12223925310737,2.76053000235654
1,1379,1379,-1.863977992235,2.58798380707081
1,1380,1380,-1.84709622044426,2.85265290827
1,1381,1381,-1.69066574077135,2.45114932430688
1,1382,1382,-2.2179934580803,2.73466816872124
1,1383,1383,-1.40457234678782,1.93366823129068
1,1384,1384,-2.02660483970978,1.76102284822322
1,1385,1385,-1.24329166143052,1.48138585411123
1,1386,1386,-1.64107149577433,1.3856683440059
1,1387,1387,-1.86464203229133,2.09908721426132
1,1388,1388,-2.14559492285489,2.12762754301903
1,1389,1389,-2.02012250128788,0.949130015980253
1,1390,1390,-1.5964912706974,0.929229945067433
1,1391,1391,-0.947882781206515,0.65738315431914
1,1392,1392,-1.12462889481201,0.679905324833915
1,1393,1393,-1.37706638757537,0.84245568673683
1,1394,1394,-1.35149601435383,1.07436725535103
1,1395,1395,-1.41302733740183,1.03531589981134
1,1396,1396,-1.81979674682512,1.02801261920434
1,1397,1397,-2.63934335868717,2.40673261646097
1,1398,1398,-2.63196251305552,2.19516770543201
1,1399,1399,-2.18362530186372,1.98733069254508
1,1400,1400,-0.994749232570778,2.51078177055552
1,1401,1401,-0.791778454709899,2.16690347486325
1,1402,1402,-1.42908092943183,3.09555578919504
1,1403,1403,0.391683380441045,2.9961946332111
1,1404,1404,0.392881930435244,3.42041000512268
1,1405,1405,-0.96688939521042,1.56764281723427
1,1406,1406,-1.38486061470293,1.84572615242269
1,1407,1407,-2.81449207568755,2.53668284626541
1,1408,1408,-2.66324277339215,2.43982015721848
1,1409,1409,-2.17626484730347,2.35282778435674
1,1410,1410,-2.18479561827389,2.09535863530838
1,1411,1411,-1.45765736057482,1.82327070377981
1,1412,1412,-1.38251980048187,2.32863101581616
1,1413,1413,-2.07419423966651,2.74607530986963
1,1414,1414,-2.58406843024022,1.55939543327399
1,1415,1415,-2.57890148190875,1.35492241911532
1,1416,1416,-3.03733307497696,2.39417094249205
1,1417,1417,-1.33070476520686,1.23396340120547
1,1418,1418,-1.00685647371045,1.34928073699722
1,1419,1419,-1.64830938613467,1.70822336966982
1,1420,1420,-1.43890528069095,2.70166800227983
1,1421,1421,-2.31101864002283,1.44974459265938
1,1422,1422,-2.35376005330534,1.7815338972749
1,1423,1423,-3.01178237465344,1.71486130621642
1,1424,1424,-0.251617148052816,2.62576616012029
1,1425,1425,-0.14909065563112,2.77104818532205
1,1426,1426,-1.7394252370975,2.3205582751343
1,1427,1427,-1.02207071544945,1.84638238417855
1,1428,1428,-1.84757027245293,1.78201671303798
1,1429,1429,-2.41780992992091,1.74710339649743
1,1430,1430,-2.34700670393565,1.91272277308923
1,1431,1431,-2.20982160407088,3.8891257410906
1,1432,1432,-1.5325153622606,4.43423442007078
1,1433,1433,-1.4641117919698,4.20850055321406
1,1434,1434,-2.04935507649061,3.13890835393034
1,1435,1435,-1.8646180722956,1.67798885335736
1,1436,1436,-3.23799230482169,2.64533578980124
1,1437,1437,-3.3728927640125,3.27798877888832
1,1438,1438,-2.56891475977655,1.77548462364482
1,1439,1439,-2.10455733168894,1.80809848213452
1,1440,1440,-2.07062300681874,1.61821889403546
1,1441,1441,-1.89985357828555,1.41087207043017
1,1442,1442,-2.29193023300922,2.05358559229119
1,1443,1443,-2.71256785972298,1.81401080564433
1,1444,1444,-2.33155262461008,1.52876033018465
1,1445,1445,-2.50742467403571,2.11531855927418
1,1446,1446,-1.98464895252798,2.41147936962824
1,1447,1447,-2.21087179886187,1.75893400631665
1,1448,1448,-1.67369720125503,1.72551013847678
1,1449,1449,-1.50448830051761,2.48537718966705
1,1450,1450,-1.82956824608878,2.3808144487211
1,1451,1451,-1.9430018093439,2.07193076700684
1,1452,1452,-1.85378007622308,2.23790655361351
1,1453,1453,-1.83361978293161,2.26038366834904
1,1454,1454,-1.76002094343746,3.16388658873344
1,1455,1455,-1.95810955815129,3.04345257113488
1,1456,1456,-1.25246528394701,1.89644810208273
1,1457,1457,-0.926947132281689,2.19778849594936
1,1458,1458,-0.900949286255687,3.12471200484103
1,1459,1459,-0.892240422842366,2.75378267097321
1,1460,1460,-1.05525183831622,2.05823493807094
1,1461,1461,-0.264649147563752,2.92970827063244
1,1462,1462,-2.58705825853486,2.59028514606512
1,1463,1463,-1.72515301399739,2.47203422156646
1,1464,1464,-2.71805590724981,3.94227057557292
1,1465,1465,-2.80629987967966,4.11025291950113
1,1466,1466,-2.76076694829087,3.73516122825774
1,1467,1467,-2.36564103806212,3.23083823795531
1,1468,1468,-1.86433065384697,3.56504635347833
1,1469,1469,-2.35558148561976,1.70332907668479
1,1470,1470,-2.54419888002766,2.21872190024725
1,1471,1471,-2.57963508724931,2.02412050547816
1,1472,1472,-3.56110035687285,2.7481317310255
1,1473,1473,-3.56509743808373,3.20141749677793
1,1474,1474,-3.02251241668148,2.24197616618876
1,1475,1475,-3.1302328076595,2.38431958517867
1,1476,1476,-1.67951375950223,1.2151363031022
1,1477,1477,-2.82358715062425,2.38061002655446
1,1478,1478,-2.57751293386411,2.21673147271793
1,1479,1479,-1.11638986713066,2.6621103093492
1,1480,1480,-1.13412845894075,2.7518420653518
1,1481,1481,-1.37997412108988,2.74867375585146
1,1482,1482,-1.78548640939742,1.02079730070881
1,1483,1483,-1.99531891180761,1.42269814949696
1,1484,1484,-1.69936059297636,1.68274317259369
1,1485,1485,-2.32655534901324,2.0835122190515
1,1486,1486,-2.4522824464009,2.45577069206774
1,1487,1487,-2.38359612270228,2.43133915354153
1,1488,1488,-2.16710509591617,2.23546148157292
1,1489,1489,-1.96118172842325,1.93208814890096
1,1490,1490,-1.69805729537153,1.71845139109305
1,1491,1491,-2.83395530760516,3.09215916586793
1,1492,1492,-2.65547603881729,2.12993336359756
1,1493,1493,-2.04965886201653,1.58984688069426
1,1494,1494,-2.0110839717921,1.48250188173936
1,1495,1495,-1.98627720596601,1.59880805592
1,1496,1496,-2.57314581862981,1.93478561570922
1,1497,1497,-2.54012670281663,2.34573776731837
1,1498,1498,-2.62944361593108,2.84456773634144
1,1499,1499,-2.58575953753855,1.70226158947316
1,1500,1500,-2.80636158594074,2.2132510140401
1,1501,1501,-2.58591974467441,2.52956248578378
1,1502,1502,-2.09176304265849,0.874744030451404
1,1503,1503,-3.05410667190308,2.13778781091389
1,1504,1504,-3.48768159161526,2.07821114153958
1,1505,1505,-1.00366584634278,1.92211937585269
1,1506,1506,-1.74279610470073,2.6173764714385
1,1507,1507,-0.709370848395785,1.58874712984406
1,1508,1508,-2.06292907543558,1.3049772325643
1,1509,1509,-2.81709114130241,2.51862273882877
1,1510,1510,-2.7929020573253,2.20422549191879
1,1511,1511,-1.93169660870935,3.2403204039617
1,1512,1512,-1.19586042558503,2.37097672274393
1,1513,1513,-1.70501041170266,1.53778034484574
1,1514,1514,-1.70602654039077,2.19243260854652
1,1515,1515,-0.720264505635963,2.1067756887482
1,1516,1516,-0.207061549527626,2.34036056060209
1,1517,1517,-1.92102419362167,1.4084239355247
1,1518,1518,-1.39943114460646,1.28295107813338
1,1519,1519,-1.38797686870684,1.04479917231881
1,1520,1520,-2.06107570062244,1.72608198686546
1,1521,1521,-1.69428201842115,1.22044511961219
1,1522,1522,-1.70209121233778,1.62234517545843
1,1523,1523,-2.5652216014467,2.38826827959004
1,1524,1524,-2.5330020284397,2.613690265649
1,1525,1525,-3.1022483847325,3.03494527844521
1,1526,1526,-3.15722759770112,2.44280014302552
1,1527,1527,-2.92171002452541,2.42475711127063
1,1528,1528,-3.98119211095422,2.93159604211174
1,1529,1529,-1.98258958741649,1.48881377573062
1,1530,1530,-2.14210655611191,1.82048137965996
1,1531,1531,-2.07547922651021,1.88288574272628
1,1532,1532,-1.28929057101604,2.2146726170054
1,1533,1533,-1.37771963352071,2.7656037302093
1,1534,1534,-2.06401550325747,1.25698180618648
1,1535,1535,-3.21351330842266,1.82060436156852
1,1536,1536,-2.29343793055171,0.797137573070676
1,1537,1537,-1.68021473334984,0.847956934487403
1,1538,1538,-1.16015666488002,1.02655137319207
1,1539,1539,-2.43000077877218,1.99211434374877
1,1540,1540,-2.16123773276381,2.70327662540011
1,1541,1541,-1.37547829691203,1.21085065082573
1,1542,1542,-2.13386322416677,1.62458597153546
1,1543,1543,-2.24574263163003,2.5778802692178
1,1544,1544,-2.10353920918688,2.30591725925049
1,1545,1545,-1.9539200847105,2.05255137757408
1,1546,1546,-2.32814984424399,2.41556585918032
1,1547,1547,-2.0190381483132,2.00158611043117
1,1548,1548,-1.49083909249776,2.07702277840455
1,1549,1549,-2.87615195764711,2.63243404131275
1,1550,1550,-3.8820575858946,2.91190436775575
1,1551,1551,-3.08949805273346,1.72528670121293
1,1552,1552,-2.07528152862416,1.47364946336477
1,1553,1553,-1.65102026281542,1.58208801834896
1,1554,1554,-1.78995475237655,1.43824911744481
1,1555,1555,-2.54661981149594,2.33487396361259
1,1556,1556,-1.51454505931563,2.58183873979975
1,1557,1557,-1.72604061043367,2.19291368990118
1,1558,1558,-1.86567181294706,0.937055004311553
1,1559,1559,-2.29348001731781,1.02364011720044
1,1560,1560,-2.17503390055929,1.16500118240728
1,1561,1561,-2.29239499057978,2.56106931818544
1,1562,1562,-2.73158200064314,2.45848693882638
1,1563,1563,-3.39326901132846,2.14987256554176
1,1564,1564,-2.02725298075555,1.23111305341038
1,1565,1565,-1.04262493565012,1.71003711867044
1,1566,1566,-0.970993099373032,2.5864345889889
1,1567,1567,-0.464565350181459,1.74593151070802
1,1568,1568,-1.18300207272412,2.23615059362281
1,1569,1569,-0.528928089821139,1.74534355639058
1,1570,1570,-1.68566974948828,2.25444622351854
1,1571,1571,-1.37201915821649,2.77126634828574
1,1572,1572,-2.11192384241816,1.9872446878937
1,1573,1573,-1.19625243393878,1.50568227096863
1,1574,1574,-1.77780420292787,3.0306226844583
1,1575,1575,-2.00314001103341,2.31079293791814
1,1576,1576,-0.898101448422548,2.73544826723925
1,1577,1577,-1.33773023667484,2.36394558986828
1,1578,1578,-1.34015064835696,2.02963332118688
1,1579,1579,-1.1769972159065,2.58260880541446
1,1580,1580,-1.24602930665018,2.22008257524042
1,1581,1581,-1.793910216619,1.48999941778893
1,1582,1582,-1.50056189027965,1.37056176878817
1,1583,1583,-2.08441255582363,1.7789652817282
1,1584,1584,-1.32685080431447,1.02460012769515
1,1585,1585,-1.59748831841907,1.97013658755925
1,1586,1586,-1.70647011351051,1.87525511517574
1,1587,1587,-1.80304063539341,2.07909928365064
1,1588,1588,-1.54708013100389,2.84755984806959
1,1589,1589,-1.9550477563576,1.66089556767726
1,1590,1590,-1.7675001638864,1.88210324474054
1,1591,1591,-1.67496186271606,2.58017797550361
1,1592,1592,-1.77688625213087,4.22347415110755
1,1593,1593,-1.28188224418567,2.78370021698395
1,1594,1594,-1.66992656944119,3.78525971209386
1,1595,1595,-1.42948197825028,1.45160804212496
1,1596,1596,-2.12366921096334,2.41069855061873
1,1597,1597,-1.93690418637632,2.46866359646094
1,1598,1598,-2.09873814796659,1.58145934472774
1,1599,1599,-2.2767281426857,2.80137343022411
1,1600,1600,-1.74085669254626,1.95413099842326
1,1601,1601,-1.76175098809962,1.76926179785308
1,1602,1602,-1.97416068598151,1.55928576794745
1,1603,1603,-0.734688620468656,1.47744955688126
1,1604,1604,-2.22028286078529,1.87044625010467
1,1605,1605,-2.34682840512043,1.83078144620068
1,1606,1606,-1.93391929473642,1.68842787331672
1,1607,1607,-2.22638398440637,2.18433116250784
1,1608,1608,-3.49391464618532,2.03726689566643
1,1609,1609,-3.88739491675992,2.8931382819895
1,1610,1610,-2.57922201979971,1.95087219670176
1,1611,1611,-2.85361990778823,2.97844422667733
1,1612,1612,-1.85759719122955,1.38508809866544
1,1613,1613,-2.55515964102303,2.07028169726748
1,1614,1614,-1.44036001202301,2.27291039068563
1,1615,1615,-2.31777310641559,2.13050634817264
1,1616,1616,-2.26548303717928,2.1737343116286
1,1617,1617,-1.75287115337729,2.79975351156285
1,1618,1618,-1.84051725556059,2.95681848566738
1,1619,1619,-0.497604633968059,2.43888999392943
1,1620,1620,-1.04297485457168,2.35503771892042
1,1621,1621,-1.77486796724503,1.81395662734271
1,1622,1622,-2.71860716879711,1.79418586237766
1,1623,1623,-2.60376970165999,1.32179615167539
1,1624,1624,-3.73922182856594,1.98266456543258
1,1625,1625,-2.89683414264802,2.31692465914092
1,1626,1626,-0.910508739560415,2.86585196834663
1,1627,1627,-1.18165197446592,1.53637587921775
1,1628,1628,-1.90386098948357,1.60668035174657
1,1629,1629,-1.45060834646565,1.38634897311054
1,1630,1630,-1.37709046937951,1.7039941609078
1,1631,1631,-1.36505169540582,1.6366364456608
1,1632,1632,-2.020357629033,2.11201592910548
1,1633,1633,-2.48806496098038,1.98755684218588
1,1634,1634,-1.4240209658553,3.80343463844395
1,1635,1635,-0.95077512641602,1.8924146817822
1,1636,1636,-2.47861003553952,2.80519759251838
1,1637,1637,-2.96982571715631,3.06387556500044
1,1638,1638,-3.13572267262865,1.89964076231119
1,1639,1639,-3.40873237876645,2.06907642738862
1,1640,1640,-2.98831151019607,2.71024152825505
1,1641,1641,-2.20842507367931,2.40057992593206
1,1642,1642,-2.24197923595628,2.25450851477001
1,1643,1643,-2.28055176508309,2.41079424658348
1,1644,1644,-2.43616901921163,2.10236569402737
1,1645,1645,-2.71327408473845,2.11651940206264
1,1646,1646,-0.309030805174932,3.92157684287357
1,1647,1647,-0.211570953712407,3.96146676317846
1,1648,1648,-0.363509253060683,3.10886649753603
1,1649,1649,-1.52204391007836,2.56631302534735
1,1650,1650,-2.65900505259289,1.45052254088081
1,1651,1651,-2.35460965731255,1.59124542352807
1,1652,1652,-2.12655079860362,2.25487984588401
1,1653,1653,-4.0336833428617,2.82852612539646
1,1654,1654,-4.0336833428617,2.82852612539646
1,1655,1655,-3.52106318568653,2.22971532626313
1,1656,1656,-1.85200105128209,1.54515842221057
1,1657,1657,-2.0483608916352,1.63842063737932
1,1658,1658,-1.86964474931348,1.78842706054727
1,1659,1659,-2.46613438818492,1.86203005072149
1,1660,1660,-1.72779361056909,1.41456867178928
1,1661,1661,-2.05572317691895,1.41298484385305
1,1662,1662,-1.90249176053814,1.39511549038506
1,1663,1663,-1.79360300603257,1.75329062903023
1,1664,1664,-1.47891366145792,1.79898125726437
1,1665,1665,-1.94023551756826,2.00836186607181
1,1666,1666,-2.10551610264085,1.67516128487481
1,1667,1667,-1.85914024518,2.73828979637887
1,1668,1668,-1.37346857999092,1.20334718901266
1,1669,1669,-1.99027045215274,1.41131620526666
1,1670,1670,-1.42802678553097,1.73461418777961
1,1671,1671,-1.46858225536434,1.69087044018711
1,1672,1672,-1.30164976954418,1.68334781041316
1,1673,1673,-1.70737597857043,1.89533966068023
1,1674,1674,-0.409969840761985,3.05621023617739
1,1675,1675,-0.863996607957013,3.48349402419988
1,1676,1676,0.0320124143136976,2.8025847053996
1,1677,1677,-3.67116123829028,3.51598288278402
1,1678,1678,-3.55345890172288,2.80680751615121
1,1679,1679,-1.97064370368661,1.58644855433366
1,1680,1680,-2.19186223691624,1.37198348997753
1,1681,1681,-1.54004932872259,1.38686940965257
1,1682,1682,-1.96485133788534,1.11290914531551
1,1683,1683,-2.85174371519664,1.82076013563464
1,1684,1684,-2.86074752437596,1.78799491688961
1,1685,1685,-2.43535114953147,1.69235223488329
1,1686,1686,-2.60216312509024,3.18371934857818
1,1687,1687,-1.6940291027183,1.47255581599489
1,1688,1688,-2.38472128422694,1.13560951281285
1,1689,1689,-1.8964528978663,1.74860893125994
1,1690,1690,-1.87972811331544,1.67740184857437
1,1691,1691,-2.39485729980201,1.96208711973091
1,1692,1692,-2.8512019208575,2.44892927145641
1,1693,1693,-2.20101668759268,2.17390776031928
1,1694,1694,-2.21266253091978,2.67288105409418
1,1695,1695,-0.847637551919774,1.0668007577537
1,1696,1696,-1.50471053921946,1.72728602100864
1,1697,1697,-1.46590893349278,1.78796289573802
1,1698,1698,-1.11549512700868,1.31064526223253
1,1699,1699,-1.22677522534808,1.04012433755282
1,1700,1700,-3.17497324715745,2.11476484031874
1,1701,1701,-2.70142428711076,2.2427008614468
1,1702,1702,-3.4198332932184,2.24209157558083
1,1703,1703,-4.05501481892375,2.57958733656034
1,1704,1704,-4.40031715965425,2.77387310888691
1,1705,1705,-2.69776106897403,1.681953325197
1,1706,1706,-4.17550193711147,1.74914426026919
1,1707,1707,-4.28291272464553,2.1629774195496
1,1708,1708,-2.16835626215855,3.13368688750387
1,1709,1709,-2.79495028205373,3.37108034878557
1,1710,1710,-2.83163025226722,3.88481549179846
1,1711,1711,-1.44331702820352,1.31412655693024
1,1712,1712,-2.17950106206735,1.21615592675756
1,1713,1713,-3.10065211480904,2.30557694961304
1,1714,1714,-2.24483964484751,1.61044159581751
1,1715,1715,-2.8798799756941,1.92282335984622
1,1716,1716,-2.8343804484596,1.93341870041844
1,1717,1717,-2.46455587852964,2.23272220639858
1,1718,1718,-1.47331421149827,1.37343241528258
1,1719,1719,-2.57264321790559,1.61405323488695
1,1720,1720,-2.10429843645281,1.79523814263239
1,1721,1721,-2.86595562828142,2.17450773204681
1,1722,1722,-0.884009083776658,1.79129331387515
1,1723,1723,-1.14449150600882,1.30692851489208
1,1724,1724,-2.76823800931223,2.14207310605492
1,1725,1725,-2.22882009926794,1.53069301183967
1,1726,1726,-2.10642199439731,1.51831946371204
1,1727,1727,-1.76547762080927,1.70524945079333
1,1728,1728,-1.91354102717967,2.36405158242791
1,1729,1729,-2.39642342758322,1.54483022642749
1,1730,1730,-2.32667820914953,1.46518873864954
1,1731,1731,-3.17298429986629,1.90991024989317
1,1732,1732,-3.08429845846872,1.48356406301718
1,1733,1733,-2.9972783774698,1.7397387172632
1,1734,1734,-3.00458157252731,1.72712386570544
1,1735,1735,-1.38782700606857,1.40261115066024
1,1736,1736,-2.23846904420875,1.76443398740269
1,1737,1737,-2.5930862722946,1.87519186994788
1,1738,1738,-2.91635230178295,2.44248039299516
1,1739,1739,-1.90799410217818,1.66706267397262
1,1740,1740,-1.71316566456594,2.66023624457687
1,1741,1741,-2.44853546840749,1.45765854102312
1,1742,1742,-2.3334823918198,1.51550328354037
1,1743,1743,-3.4326668555253,1.5583066537689
1,1744,1744,-1.39482626852586,1.51368077064871
1,1745,1745,-2.0437216764999,1.07196156863049
1,1746,1746,-3.78972121490562,3.42617411787846
1,1747,1747,-3.80049270410237,2.9461342257002
1,1748,1748,-3.55219817068275,2.93078725050716
1,1749,1749,-1.40576187729089,1.0888648450721
1,1750,1750,-1.35117747644227,1.15070563891464
1,1751,1751,-1.80180606699092,1.31199550621494
1,1752,1752,-2.18947020608377,1.47935983573161
1,1753,1753,-1.41902148871059,0.918004991693924
1,1754,1754,-1.76201763136133,1.54694590288995
1,1755,1755,-1.88795044453281,1.42744355370918
1,1756,1756,-1.41809845948178,1.67682697520517
1,1757,1757,-1.6890097502558,1.92669373499885
1,1758,1758,-1.90450948412963,1.28709585936994
1,1759,1759,-2.45918071873065,1.3698936388235
1,1760,1760,-2.20563349538429,2.24546384834227
1,1761,1761,-2.07874573224328,1.98658055603422
1,1762,1762,-2.6608382410832,1.69361998007756
1,1763,1763,-2.85273510271542,1.70429130746501
1,1764,1764,-0.441456501204055,1.39007080584704
1,1765,1765,-1.10411745360273,1.82463337546719
1,1766,1766,-0.984596645103278,2.24962930312307
1,1767,1767,-1.85551240748434,2.01129342996639
1,1768,1768,-0.740004201904643,2.01145876177348
1,1769,1769,-0.811021564376167,1.51014790996614
1,1770,1770,-0.798731149790196,1.91874376915465
1,1771,1771,-1.25842012422619,2.02869974223469
1,1772,1772,-1.54514515461202,1.88018015797163
1,1773,1773,-1.83144721161369,1.35033703869121
1,1774,1774,-1.40295577120191,1.84374784656116
1,1775,1775,-1.20546180010132,1.97072287280376
1,1776,1776,-0.546854810656387,2.34852646835643
1,1777,1777,-0.445189021245302,1.54658885940159
1,1778,1778,-0.113089022751167,3.43886385714778
1,1779,1779,-0.391769450625931,3.55511100077651
1,1780,1780,-1.12384414018186,2.84294293614589
1,1781,1781,-0.981501024643379,2.52289286880407
1,1782,1782,-1.05403292060347,1.67561737139668
1,1783,1783,-1.2571546964793,1.56716107676171
1,1784,1784,-2.94952119022677,2.6767856196685
1,1785,1785,-1.74637212835889,2.09010061513979
1,1786,1786,-2.4076153918244,2.5286786559018
1,1787,1787,-2.09193212057866,2.05155302130468
1,1788,1788,-2.53643636475916,2.73774694265802
1,1789,1789,-0.933290501544615,2.61836600290429
1,1790,1790,-1.46172342394253,1.88343323117994
1,1791,1791,-1.68191483753177,2.07304292692125
1,1792,1792,-1.5025981939956,1.93125388455477
1,1793,1793,-1.11490548546965,0.926202042027954
1,1794,1794,-2.31644471342812,1.74644394560783
1,1795,1795,-3.14959145839903,1.5683646120122
1,1796,1796,-2.96229099966511,1.75859657421205
1,1797,1797,-3.28411331632516,1.99228695738879
1,1798,1798,-2.78544245558552,1.64089636715557
1,1799,1799,-3.23370524269114,1.71371953382083
1,1800,1800,-4.13396848626859,2.23842351545753
1,1801,1801,-3.50116695670175,2.74465922080121
1,1802,1802,-3.98513340579793,2.38501524514407
1,1803,1803,-3.88114310567425,2.61739678981478
1,1804,1804,-3.24194511315457,2.08619714565076
1,1805,1805,-0.969916922718246,2.56833970859112
1,1806,1806,-0.653640590757335,2.21306410198609
1,1807,1807,-1.32656681968073,2.23128207523077
1,1808,1808,-1.10025066975664,1.67269511175941
1,1809,1809,-1.14259466154827,1.18804573272642
1,1810,1810,-1.75889572622935,1.47802444728308
1,1811,1811,-1.21756059960662,2.155961595099
1,1812,1812,-1.31564682296244,2.63660124757262
1,1813,1813,-1.858626322077,2.53094337894212
1,1814,1814,-1.43407733362963,2.59472593084204
1,1815,1815,-1.36786884676277,1.99047841798047
1,1816,1816,-1.15152300537863,1.54880572224747
1,1817,1817,-1.97475264712311,2.08585569614013
1,1818,1818,-1.70083327682483,2.27239111161761
1,1819,1819,-1.79171548943201,2.35886855848928
1,1820,1820,-2.8784368912072,2.50473026788336
1,1821,1821,-1.83905264443624,1.90100915197476
1,1822,1822,-2.12990299547519,2.15659849778822
1,1823,1823,-2.30044848295624,2.07745753670833
1,1824,1824,-1.75544328564689,1.43043268882131
1,1825,1825,-1.15334446635367,1.22736804119971
1,1826,1826,-2.2544546119404,2.05705556890734
1,1827,1827,-3.17488178255818,2.27732391625614
1,1828,1828,-2.3801316436538,1.65005059247932
1,1829,1829,-1.89021198698626,1.31195546426576
1,1830,1830,-1.89756396926996,0.948317177791681
1,1831,1831,-2.00536843772976,1.26889387983091
1,1832,1832,-2.49721893773827,2.36825093629164
1,1833,1833,-1.67919505966234,1.75196585176493
1,1834,1834,-2.52680334243412,2.18039002998961
1,1835,1835,-2.54895719056776,1.94289504799289
1,1836,1836,-2.23372762679079,1.47319994673522
1,1837,1837,-3.11383985220373,1.60523330298854
1,1838,1838,-2.95776907967016,2.38047067072666
1,1839,1839,-2.72627413521085,2.20937277755761
1,1840,1840,-2.06938262302986,1.32173634143246
1,1841,1841,-1.02135257730702,4.14118221341455
1,1842,1842,-2.55686844646436,1.27124481632489
1,1843,1843,-2.22496476501141,1.58130709723824
1,1844,1844,-2.81207018384648,1.95546991554031
1,1845,1845,-2.48158137283473,1.98169224165723
1,1846,1846,-2.0904451740085,2.27310823603694
1,1847,1847,-2.9189112909298,2.21244848524217
1,1848,1848,-2.54065803249713,2.42402136796087
1,1849,1849,-2.14521139902397,2.29066282798198
1,1850,1850,-2.51473090627017,2.38903241960431
1,1851,1851,-3.13294243539922,2.19815530303988
1,1852,1852,-2.36352937397244,1.89812320605618
1,1853,1853,-1.88940350402733,1.89749379129604
1,1854,1854,-2.14212047098056,2.09339484475976
1,1855,1855,-1.48523167819355,1.81761468092701
1,1856,1856,-2.87196766990448,2.28399129844791
1,1857,1857,-2.75612925865936,2.16956401275752
1,1858,1858,-2.1804509854584,1.66474716082556
1,1859,1859,-1.94650544388909,1.10850650381509
1,1860,1860,-1.71654124748189,2.16881183391916
1,1861,1861,-2.79065217812497,1.67143110204296
1,1862,1862,-2.25352219403407,1.61885997683586
1,1863,1863,-1.33254098103751,2.44210219211941
1,1864,1864,-0.384852924002171,2.84308327915278
1,1865,1865,0.298982234689647,2.17097796991261
1,1866,1866,-0.09766981225026,1.54998652197508
1,1867,1867,-1.16134488958264,2.65927937985374
1,1868,1868,-0.75330500488368,1.609385564881
1,1869,1869,-1.81760038552919,2.02783193521091
1,1870,1870,-1.31558930916289,1.11259486600801
1,1871,1871,-1.92194662709685,1.14278501884909
1,1872,1872,-2.37925901496159,1.12353111749543
1,1873,1873,-3.03332970202005,1.3889417428653
1,1874,1874,-2.74723804036557,1.15050992624509
1,1875,1875,-2.67748265883942,1.15837195207895
1,1876,1876,-0.832240541034582,1.57695790858921
1,1877,1877,-2.81353558529833,1.2021029353179
1,1878,1878,-2.55898026185995,1.21195860549609
1,1879,1879,-2.12114032998458,1.15538798447987
1,1880,1880,-2.12999750641213,1.12849769306017
1,1881,1881,-1.7211729961649,1.24364457455405
1,1882,1882,-1.8734406497875,1.78410121427325
1,1883,1883,-2.37036154675297,1.79726848395845
1,1884,1884,-1.23687575336985,2.51971260198444
1,1885,1885,-1.76729750317316,1.85492625989158
1,1886,1886,-2.63274381869689,2.31336136328182
1,1887,1887,-2.19813097799983,2.33019889398405
1,1888,1888,-3.66655604866158,3.17939411107515
1,1889,1889,-3.85343610279537,3.49485897608031
1,1890,1890,-3.83459146473177,3.39928124851712
1,1891,1891,-3.76620148210111,3.37728348474895
1,1892,1892,-1.67100112671389,1.3501751976148
1,1893,1893,-1.80802029112547,1.02642891506111
1,1894,1894,-3.1012278538342,2.70193832030665
1,1895,1895,-2.0593446087653,2.47730745671882
1,1896,1896,-1.31878804479815,1.74595475849893
1,1897,1897,-2.34878030635029,2.39472938477195
1,1898,1898,-1.55900768754677,2.33628176526008
1,1899,1899,-1.6306259087792,2.1909158608425
1,1900,1900,-1.6231194046461,3.47686923260996
1,1901,1901,-1.555291778187,3.39062005795512
1,1902,1902,-2.94485649441091,1.1039564742063
1,1903,1903,-2.66206782921286,1.48330818911837
1,1904,1904,-2.89500663647018,1.54601065600959
1,1905,1905,-2.53119941470455,2.28392484988196
1,1906,1906,-3.57016994151257,2.08869008262831
1,1907,1907,-1.85167408634,1.38576337799217
1,1908,1908,-1.98678679879023,1.52586295802575
1,1909,1909,-2.20570315496085,3.49063153410532
1,1910,1910,-2.06848496135802,3.21959329679396
1,1911,1911,-1.89406957657966,2.74493137666186
1,1912,1912,-1.70140312765414,1.30820100501346
1,1913,1913,-1.62899858263616,1.064476105077
1,1914,1914,-2.52452889055137,1.64167071953711
1,1915,1915,-2.02565366846844,1.9928599659386
1,1916,1916,-2.68885737750892,2.5883411699414
1,1917,1917,-2.49339897916926,2.21761546991698
1,1918,1918,-2.72178311108851,1.86189748240043
1,1919,1919,-1.93504071134958,1.30025615965363
1,1920,1920,-2.27332717363855,1.38740145429325
1,1921,1921,-0.858011186240939,3.48385570117343
1,1922,1922,-1.78137031075941,1.48445448923033
1,1923,1923,-3.05912125122402,1.48130777220223
1,1924,1924,-1.67270912736193,1.35939777378497
1,1925,1925,-0.0947833263890206,0.937224839219071
1,1926,1926,-1.18832613307865,1.50272642691698
1,1927,1927,-0.882229296697725,1.39154745530481
1,1928,1928,-1.18647392753618,1.28841885677019
1,1929,1929,-2.86886051370639,2.52119187558255
1,1930,1930,-3.89963039296561,3.20656152464487
1,1931,1931,-2.99727338424904,3.6526494358107
1,1932,1932,-2.01248974730481,3.70732328265315
1,1933,1933,-2.34146437889465,3.70220213062925
1,1934,1934,-1.46757608395455,1.11082565976493
1,1935,1935,-2.84146057012976,2.74854630027037
1,1936,1936,-1.94761312638808,1.50314496398602
1,1937,1937,-1.65852527063862,1.23651700277114
1,1938,1938,-1.62947735932207,1.57676521438377
1,1939,1939,-1.35532491228381,2.21901756630957
1,1940,1940,-1.25771654333145,1.90300126268763
1,1941,1941,-1.35462663475116,2.32001180337082
1,1942,1942,-2.79969139908636,1.26209681332425
1,1943,1943,-4.17800536494652,1.81302405526072
1,1944,1944,-3.44245912338354,1.46474398586907
1,1945,1945,-2.62821532531631,4.28113142461787
1,1946,1946,-2.65166714896485,4.13781316376221
1,1947,1947,-3.29410736282409,1.96170376662849
1,1948,1948,-4.20726958930355,1.92370951772152
1,1949,1949,-3.07946045261794,1.80494359239975
1,1950,1950,-1.69512832943899,1.88244515061088
1,1951,1951,-2.21662166068839,2.09176046674298
1,1952,1952,-1.82920707824989,1.36102604291305
1,1953,1953,-3.16589496090493,1.57526867728385
1,1954,1954,-3.26087062281833,1.96530138850238
1,1955,1955,-3.64075720335055,1.97864295009888
1,1956,1956,-3.88970374167647,2.26387875712057
1,1957,1957,-2.75833229840521,2.31076735102177
1,1958,1958,-1.6910997198922,2.73259988836309
1,1959,1959,-1.31977419789616,2.18318588177054
1,1960,1960,-1.45371462768743,2.33937790398573
1,1961,1961,-1.10412351674971,2.32643699026227
1,1962,1962,-1.2938576713446,1.6808633698003
1,1963,1963,-0.742387464887926,3.79647199468142
1,1964,1964,-0.818732341203793,2.54702084183257
1,1965,1965,-1.77998938710015,3.27528290513507
1,1966,1966,-2.72317033740444,2.6498580932064
1,1967,1967,-1.58898136430668,1.77919731759238
1,1968,1968,-0.712007804329385,1.08193044654531
1,1969,1969,-1.78555247575449,2.4373963894199
1,1970,1970,-2.08191457924142,1.63342811573126
1,1971,1971,-2.03176505834026,1.79381810529503
1,1972,1972,-1.46292433642521,1.13021563271888
1,1973,1973,-1.80141744455671,1.761669836901
1,1974,1974,-1.82386106641408,1.9238067464717
1,1975,1975,-2.53391533957962,1.90571909492669
1,1976,1976,-1.49576278690189,1.90836804462219
1,1977,1977,-1.86149776932945,1.92122924519232
1,1978,1978,-2.07418341616999,2.33167793896336
1,1979,1979,-1.72494016596933,2.15234296132193
1,1980,1980,-2.16532344081566,2.12986590824139
1,1981,1981,-2.15510295585149,1.75432332193182
1,1982,1982,-1.36836893737031,1.28591625787736
1,1983,1983,-2.84687648078238,3.43350106764088
1,1984,1984,-2.90302672956043,2.2211969943331
1,1985,1985,-2.28081829262479,1.55046448190382
1,1986,1986,-3.07857732234478,2.29466872793323
1,1987,1987,-0.826243723225891,2.06797539791701
1,1988,1988,-2.66909990976276,2.41574173380642
1,1989,1989,-2.95268911545062,2.19697149005104
1,1990,1990,-2.70582748195297,2.66013773360617
1,1991,1991,-1.90570286342155,2.61542234628861
1,1992,1992,-1.46937336629267,1.48175418847318
1,1993,1993,-1.02730702449787,2.03198427080535
1,1994,1994,-0.899885390498882,1.82674028358261
1,1995,1995,-1.68835686102153,1.26880459481804
1,1996,1996,-2.489755593352,1.43344957988868
1,1997,1997,-1.3477737081771,2.1754500994665
1,1998,1998,-1.52974996016049,2.00540866074544
1,1999,1999,-1.91857890836473,1.57579172110303
1,2000,2000,-2.22217294548005,1.89197876893233
2,1,2001,-1.25335043422461,2.22666513638952
2,2,2002,-1.70447412323419,2.12400646641205
2,3,2003,-2.43213684135881,1.98495546377598
2,4,2004,-2.87705986330163,2.27596878721373
2,5,2005,-1.98684568816458,1.5510176619851
2,6,2006,-1.97673630447075,1.60679716979585
2,7,2007,-1.44956808198712,1.26250255844622
2,8,2008,-1.30960573818043,1.96847124709192
2,9,2009,0.332257892601378,1.43192221952844
2,10,2010,-0.585871121313065,1.63976291591795
2,11,2011,-1.8898820784835,2.19729360187881
2,12,2012,-1.62444268567994,2.04326281919323
2,13,2013,-1.25454669902666,2.21100430369399
2,14,2014,-2.48681596317348,3.0768933170489
2,15,2015,-3.27031699129917,2.22168910039359
2,16,2016,-0.710401605958808,1.72655524090085
2,17,2017,-3.03902469170647,2.64611031072345
2,18,2018,-2.23478164997626,1.9264796124849
2,19,2019,-2.08005833611568,2.22636337740048
2,20,2020,-1.73383467810677,1.36836325950445
2,21,2021,-3.18012186593419,2.42235143973453
2,22,2022,-2.86055087206416,2.37729708353121
2,23,2023,-2.77826236209771,1.65870488598785
2,24,2024,-1.92415341044687,2.07699480460323
2,25,2025,-1.95536319624669,2.69137402998601
2,26,2026,-1.28283430137064,2.65007201515499
2,27,2027,-1.53126765995528,0.981714491719379
2,28,2028,-2.04669486896166,1.34157716424846
2,29,2029,-1.22471825282573,1.54298581645896
2,30,2030,-1.86217158494065,1.58914243799067
2,31,2031,-1.56399900157421,0.818690042241971
2,32,2032,-1.6421831743683,0.831770731920917
2,33,2033,-2.19799633334193,1.61161490204145
2,34,2034,-1.64179895473315,1.5029450808164
2,35,2035,-1.92785399267197,1.49443895881244
2,36,2036,-2.1132198755048,1.54235449955244
2,37,2037,-1.40456128856641,1.50252204994017
2,38,2038,-0.921132474040858,4.75105335706257
2,39,2039,-1.70368104252066,3.82601186739895
2,40,2040,-1.01598191580853,1.95538176969278
2,41,2041,-0.940712252686231,1.92652918159502
2,42,2042,-1.34400617804323,1.19456900298641
2,43,2043,-1.2712153157347,1.80944993865423
2,44,2044,-1.19991908579279,1.25400307508061
2,45,2045,-0.856926640317649,2.24201623310941
2,46,2046,-0.696970254398039,1.58793970878333
2,47,2047,-0.698988279575785,1.90751187958397
2,48,2048,-1.9105031127569,1.65684320397299
2,49,2049,-1.8952938962927,1.48836779742245
2,50,2050,-0.394374400588254,1.93946007856755
2,51,2051,-0.957358506821475,2.44221622161257
2,52,2052,-1.18480347313937,1.63335698624002
2,53,2053,-1.2206278027652,1.71912114478863
2,54,2054,-1.1536873113867,0.99217879568082
2,55,2055,-2.12600802487789,1.31752214958157
2,56,2056,-1.69463275923114,1.76397956346644
2,57,2057,-2.89276283662076,2.2425061893515
2,58,2058,-2.65461095873343,1.7392727524066
2,59,2059,-3.19431905259396,2.25956921517352
2,60,2060,-2.58210585145238,3.81723620422692
2,61,2061,-2.78937062010876,2.7699292427999
2,62,2062,-1.24578074271042,1.28509205193508
2,63,2063,-2.73514250891809,1.91689735678414
2,64,2064,-2.68874509739356,2.0115740830357
2,65,2065,-1.69583850237642,1.2848381469532
2,66,2066,-3.23702908750873,2.15887150758091
2,67,2067,-2.822852992671,1.67966635616642
2,68,2068,-3.93573122587891,1.7338846938036
2,69,2069,-1.80951488132,1.36354076888116
2,70,2070,-2.82812676478875,1.76792255068633
2,71,2071,-1.94474229233227,2.93874150962835
2,72,2072,-1.94827416117321,3.02610387318952
2,73,2073,-1.90220298404867,2.93418293728704
2,74,2074,-1.97324228436686,3.04540555741465
2,75,2075,-1.89968839126049,2.76876923626525
2,76,2076,-2.09179881613873,2.51808890231171
2,77,2077,-2.34376652758811,2.49086609434612
2,78,2078,-1.38681707546206,2.92818234766979
2,79,2079,-1.83432692900367,2.3933807669679
2,80,2080,-2.01855847186045,2.26262345280056
2,81,2081,-1.6404759351947,2.35961662808535
2,82,2082,-1.65243659531736,1.96371943994157
2,83,2083,-0.341966063791883,3.18148299137254
2,84,2084,-0.818452371624466,1.41991816143706
2,85,2085,-0.25857841359061,2.55234465121295
2,86,2086,-0.659707828420567,3.24099189353648
2,87,2087,-0.68314847074373,2.6343353086742
2,88,2088,-1.64652865248346,2.08196577279675
2,89,2089,-1.666865768126,2.16872277790417
2,90,2090,-2.17976968850614,1.65914467555019
2,91,2091,-2.27603447025106,1.66372180736929
2,92,2092,-2.05037592694371,1.8540615577255
2,93,2093,-2.03733370973351,2.37331883158299
2,94,2094,-1.28062710174808,2.38951583500416
2,95,2095,-2.69939214674422,1.75331953119046
2,96,2096,-1.64461874288089,1.64976628635089
2,97,2097,-2.14434836461241,1.99195103799648
2,98,2098,-2.26402857963683,2.06040033674022
2,99,2099,-2.5370609186161,2.31213771358923
2,100,2100,-0.965719828838265,2.12624007282906
2,101,2101,-1.62964537836318,2.85479673360264
2,102,2102,-1.47084829481157,1.45649648576452
2,103,2103,-0.010485140203663,2.40619328669594
2,104,2104,-0.586432157612217,2.17305785373521
2,105,2105,-0.476080787380332,2.139583735068
2,106,2106,-2.03597724409671,2.81914077560876
2,107,2107,-2.10886436922956,2.17760536065652
2,108,2108,-2.82321775187143,2.39391948280631
2,109,2109,-2.4084756361872,1.33042562393348
2,110,2110,-3.22353228578353,1.44703493611806
2,111,2111,-1.48975607880602,1.25884510343161
2,112,2112,-1.82821582948148,3.47940400810067
2,113,2113,-1.77977433830216,2.08200748976998
2,114,2114,-1.78088277002948,2.76730049120564
2,115,2115,-0.65386815938905,1.97706968319905
2,116,2116,-1.01011864797795,2.53407652558858
2,117,2117,-1.8173162198079,2.90978073603887
2,118,2118,-1.59943917957637,2.90503010232284
2,119,2119,-1.49193948928032,2.67307543824836
2,120,2120,-1.51850522440067,2.78665611298587
2,121,2121,-1.72431884292655,3.06923638305651
2,122,2122,-2.09380025806167,2.63624182422242
2,123,2123,-0.856867731817762,2.1307246674535
2,124,2124,-1.80971251445124,1.63551828348429
2,125,2125,-1.1260946569999,1.93876816932052
2,126,2126,-2.18930341019832,1.3720489354761
2,127,2127,-1.73109021194203,1.51154519243334
2,128,2128,-2.2239579996107,1.90300030207071
2,129,2129,-1.94794779396644,2.13569087793757
2,130,2130,-3.01232383106914,2.69704659679234
2,131,2131,-3.31353144352644,3.17512258060926
2,132,2132,-3.14516910194162,2.78270976198938
2,133,2133,-1.96585100647951,1.98970468696253
2,134,2134,-1.04406622928401,2.49264826990014
2,135,2135,-0.805022674772511,3.15420064173948
2,136,2136,-0.899147740853116,2.59517749354056
2,137,2137,-1.84362875820711,2.05154355213977
2,138,2138,-0.943685105542526,1.32263625345171
2,139,2139,-1.80427687625896,1.6589499644759
2,140,2140,-1.10667965018834,1.37391412574724
2,141,2141,-1.59911498228533,1.95946443554322
2,142,2142,-1.79307774855047,1.71501051458285
2,143,2143,-2.09733962854644,2.62424715647366
2,144,2144,-1.4290976077414,1.75992304684263
2,145,2145,-0.270241659584137,3.84164037299588
2,146,2146,-1.13497774538709,2.09954520962018
2,147,2147,-2.67228840034561,2.95687735075092
2,148,2148,-2.573253586204,3.28613245984474
2,149,2149,-2.64492229178269,3.1105336259071
2,150,2150,-1.92881374459063,2.94485269084013
2,151,2151,-0.783554019355121,3.68505906328458
2,152,2152,-1.96594721366784,2.13011474904402
2,153,2153,-0.784279071408205,1.6721691605612
2,154,2154,-1.87977767245074,1.65655932098614
2,155,2155,-2.03955370328797,1.94578571881496
2,156,2156,-1.77941089858528,2.25859055993547
2,157,2157,-1.40476494831314,2.22763446555652
2,158,2158,-1.4890662813454,1.95532358202052
2,159,2159,-1.39478532317615,2.39715626218454
2,160,2160,-2.24492499386821,1.21077354810213
2,161,2161,-1.83707708262495,1.8758790127614
2,162,2162,-1.92113091886714,1.81989473069797
2,163,2163,-1.37541637457524,1.42064644069232
2,164,2164,-1.19178471710547,1.47426134309568
2,165,2165,-1.15456269998896,2.54535695403997
2,166,2166,0.0340587667646635,1.60570560427092
2,167,2167,-2.29860578808577,2.15399644397825
2,168,2168,-0.670875976978186,1.24714091741753
2,169,2169,-1.15047961698103,2.5851213892847
2,170,2170,-1.98474813371264,1.7898418986875
2,171,2171,-2.1305704697027,2.50402335599086
2,172,2172,-2.05257578631915,1.83265507057832
2,173,2173,-2.29032506098734,1.5080517862693
2,174,2174,-1.95081488778401,1.89015242717576
2,175,2175,-2.48136372037057,1.76032263782748
2,176,2176,-2.52216078677798,1.52323169925241
2,177,2177,-2.3375121881302,1.53631259282415
2,178,2178,-2.37085535425858,2.34263469371265
2,179,2179,-2.51716228216264,1.23646939938273
2,180,2180,-2.23214671962481,1.34349191237604
2,181,2181,-1.73858679420932,1.73658916296556
2,182,2182,-0.842635408959878,2.13560426595926
2,183,2183,-1.84373281344034,3.12907994736344
2,184,2184,-1.89424265488095,2.72723761651492
2,185,2185,-2.06439556887181,1.26637842321621
2,186,2186,-1.82934603708669,1.29533374919853
2,187,2187,-1.88485196266355,1.38699982248621
2,188,2188,-2.48623085320109,1.62300654894241
2,189,2189,-2.37622607028654,2.05931026793764
2,190,2190,-1.83893817100516,1.62047354484862
2,191,2191,-2.17096431524045,3.28307334953967
2,192,2192,-2.75659047215615,1.55824222308029
2,193,2193,-3.53721570498948,2.50427733413364
2,194,2194,-2.89370855361797,1.87221545574372
2,195,2195,-3.4921348414054,2.09271976979124
2,196,2196,-2.96549138432765,1.3624878987372
2,197,2197,-3.17048041995482,1.75845872029466
2,198,2198,-2.77835793386396,1.67831799317664
2,199,2199,-2.69263314033777,1.54680382316057
2,200,2200,-3.17983959603082,2.01561333028445
2,201,2201,-1.76526916482073,1.25657132756858
2,202,2202,-2.55730173311412,1.58537977029979
2,203,2203,-1.98547906086409,1.0987509349056
2,204,2204,-1.19536153365372,3.97035377786864
2,205,2205,-0.875966670598456,1.56797598380699
2,206,2206,-0.420895394166537,2.1901851935107
2,207,2207,-0.268009259548555,3.46784390275207
2,208,2208,-1.03099342152611,2.53977810524781
2,209,2209,-2.97280203145169,3.05912953029694
2,210,2210,-2.48067848692315,2.85050818361152
2,211,2211,-1.19023334134353,1.18641401294839
2,212,2212,-1.25998802984566,2.41567929384776
2,213,2213,-1.51138777271172,2.57725884550629
2,214,2214,-1.60791170394844,1.36838100544669
2,215,2215,-1.67806318075088,2.14058132471369
2,216,2216,-1.77815259102377,1.96452587971089
2,217,2217,-1.84577325173615,1.56162266304186
2,218,2218,-2.81885665344672,2.62767356237336
2,219,2219,-2.404763592875,1.52333794527587
2,220,2220,-2.53196897611915,1.75219431094822
2,221,2221,-3.51360257865939,2.12819929435902
2,222,2222,-1.87904679354349,0.876837739714132
2,223,2223,-1.13982773298011,0.777488442921499
2,224,2224,-1.87947128442118,0.969340306258215
2,225,2225,-1.29226981863154,1.06179259517157
2,226,2226,-2.20297568044716,2.15873201415682
2,227,2227,-2.59190864257766,3.34762566829588
2,228,2228,-3.02217353784134,3.23161773708165
2,229,2229,-3.81938460181563,3.61815199978233
2,230,2230,-3.65830834614189,4.02627882770711
2,231,2231,-3.77519347138428,4.39091731303543
2,232,2232,-1.30872147328706,1.13231176963053
2,233,2233,-3.54699631211638,1.8310652137655
2,234,2234,-3.42652306957533,1.92521793481284
2,235,2235,-2.61534398933471,1.52810381399525
2,236,2236,-2.62988644694624,1.34673183755609
2,237,2237,-3.83329932380251,2.77175950530901
2,238,2238,-3.4948002631189,3.020922777411
2,239,2239,-3.53108807486082,3.57724381443833
2,240,2240,-4.1672041029735,2.22310445190037
2,241,2241,-3.15544133394524,2.36229440635561
2,242,2242,-3.19392713209733,2.8854559896611
2,243,2243,-3.48367789303129,2.80609806048971
2,244,2244,-2.9542705916734,2.60077251618692
2,245,2245,-3.18717621920864,2.0997962678052
2,246,2246,-1.07738301899204,1.3202738349864
2,247,2247,-1.4124249898106,1.53746943932986
2,248,2248,-1.06143133046237,1.54650350536158
2,249,2249,-1.72643574807106,1.62652322036452
2,250,2250,-1.4108868867285,3.14559401750665
2,251,2251,-1.58048861402286,2.56918740203246
2,252,2252,-1.52483881750582,2.18530401833702
2,253,2253,-1.97708852987602,1.60722056284287
2,254,2254,-3.25020109044217,1.1850537025051
2,255,2255,-2.37812282985859,3.35416441117072
2,256,2256,-2.34945041897165,3.16020206971831
2,257,2257,-1.12312405477696,1.2943195032932
2,258,2258,-1.17993532792567,2.0524975500089
2,259,2259,-1.01776506190697,2.05767491650105
2,260,2260,-0.805073749585329,1.58041719590171
2,261,2261,-1.23242633046608,1.09026360328793
2,262,2262,-1.93644040344617,1.82915949117059
2,263,2263,-1.99024838637014,2.19192952137914
2,264,2264,-3.67993350214798,1.33339115236074
2,265,2265,-2.28576194152737,1.44425953867062
2,266,2266,-2.55631526068745,2.10875219519682
2,267,2267,-2.96753059579445,1.94672492497001
2,268,2268,-2.81231571288484,1.4413607521191
2,269,2269,-3.69683148497487,1.74360269702119
2,270,2270,-3.61642143038726,2.13867542924745
2,271,2271,-3.3851192324336,2.03124343471562
2,272,2272,-3.65136112654039,3.5072003904968
2,273,2273,-3.22372903857207,2.12357561896051
2,274,2274,-3.08417048824669,1.80849959570831
2,275,2275,-3.05590481775834,1.59528914440102
2,276,2276,-2.70427700978447,2.18850683860129
2,277,2277,-1.92905386714343,1.9414800147661
2,278,2278,-1.94320734192321,1.52023813175396
2,279,2279,-2.02914843328101,1.28135374100267
2,280,2280,-2.17467521715813,1.32757967564952
2,281,2281,-2.04397041716301,2.64092564360073
2,282,2282,-2.54137552867985,2.32991630314532
2,283,2283,-2.62803201705526,1.53364822256986
2,284,2284,-2.26800977830547,1.95312864958165
2,285,2285,-2.22152250936196,1.67973468428628
2,286,2286,-2.1133763445034,1.41917169130907
2,287,2287,-1.34321223562773,2.25911053766538
2,288,2288,-1.43892420450864,2.84047144932416
2,289,2289,-2.36545123819295,2.58560267240337
2,290,2290,-1.98619481391391,2.81128578602421
2,291,2291,-2.01417048942557,2.37650779399571
2,292,2292,-2.91070155267828,1.71029496285471
2,293,2293,-1.37884437191398,1.90680765236557
2,294,2294,-1.13904070930171,1.76804154092022
2,295,2295,-0.448465603787401,2.31451157999556
2,296,2296,-0.80574779789035,1.64101554247697
2,297,2297,-2.35136157646461,2.16673884932147
2,298,2298,-2.56801605935973,1.86886913535038
2,299,2299,-2.64200183817864,2.15259250110506
2,300,2300,-2.3813608689399,3.08971824540135
2,301,2301,-1.95419136090946,2.43438552282015
2,302,2302,-3.22095393284976,2.35641872307898
2,303,2303,-2.82042386843433,3.03370751354724
2,304,2304,-2.1345538624379,1.98133385460465
2,305,2305,-1.78424862275908,2.08830754988063
2,306,2306,-2.27310294111999,1.97614081150329
2,307,2307,-2.00412271494423,1.43635968018136
2,308,2308,-3.00091530848567,1.7532241313488
2,309,2309,-2.36550531516112,1.49103325363342
2,310,2310,-1.41951462455599,1.76268812485693
2,311,2311,-1.80503320449605,3.53968420957759
2,312,2312,-1.94533568580418,2.75010598744016
2,313,2313,-3.07878503210723,1.60497771633679
2,314,2314,-3.00074640989079,1.57554052350298
2,315,2315,-2.19023533020434,3.75756641817683
2,316,2316,-2.60296167322414,3.12412906615032
2,317,2317,-2.9569962042436,3.43672221933856
2,318,2318,-1.55919513264249,1.9108562633534
2,319,2319,-1.08469829537431,2.31292794664574
2,320,2320,-0.117504089542224,2.04049698463036
2,321,2321,-0.0588985228144655,2.57770794182426
2,322,2322,-1.40537339703947,2.12378558238213
2,323,2323,-1.53917748727906,1.70882295221122
2,324,2324,-1.62284866157483,1.91159058145408
2,325,2325,-2.14702410496601,2.29667364996275
2,326,2326,-2.90876485190503,3.29850398879349
2,327,2327,-0.719762093604309,1.88131590204854
2,328,2328,-2.70589587340905,1.86381249684291
2,329,2329,-2.49122055024753,2.280284087546
2,330,2330,-2.09110291366587,1.86508233980138
2,331,2331,-2.77144335350714,2.08635017939492
2,332,2332,-2.52916817575265,1.65854084316459
2,333,2333,-2.69317231529109,2.00551221587826
2,334,2334,-1.43790114244459,1.70835566902435
2,335,2335,-0.884182962043219,1.0238672027814
2,336,2336,-1.91583366169705,0.913468024440744
2,337,2337,-2.88334404918735,1.438873447277
2,338,2338,-2.69542178879964,1.46648572239605
2,339,2339,-1.51401479918167,1.45179797392669
2,340,2340,-1.28641463730993,1.49417490774408
2,341,2341,-2.8434206347235,1.59146130786548
2,342,2342,-2.48488843981874,1.43448266401498
2,343,2343,-2.2437028770001,1.56493938542465
2,344,2344,-1.43624162918927,1.66744370091458
2,345,2345,-1.42627583511235,1.67968233044757
2,346,2346,-2.5626934293823,1.97336003850491
2,347,2347,-1.99770604645148,2.31164049632122
2,348,2348,-3.69079338416316,2.31206890061672
2,349,2349,-3.65227704735477,2.58301487575113
2,350,2350,-2.98355290586103,2.40260330522354
2,351,2351,-3.28348295438329,2.51114686806984
2,352,2352,-2.7501852179624,2.04388043175521
2,353,2353,-2.09835645355306,1.5687290950104
2,354,2354,-1.98011901993628,1.56815787347067
2,355,2355,-2.53498426882167,1.85994701967285
2,356,2356,-2.56380552592458,1.76545046386355
2,357,2357,-2.08117811692236,2.3954282925747
2,358,2358,-1.50495630166942,1.37591509554812
2,359,2359,-1.70279901736291,1.01279696972192
2,360,2360,-1.93699371962594,1.03438932737466
2,361,2361,-2.10233897022423,1.10031421467078
2,362,2362,-2.33661466642762,1.93914263081836
2,363,2363,-1.11926981734746,1.70789175119521
2,364,2364,-1.66504435701435,1.84718581822162
2,365,2365,-1.8790336064821,1.96745594556601
2,366,2366,-2.48855237874888,2.19097416041792
2,367,2367,-1.71021061507893,1.40046319249715
2,368,2368,-1.7991092408316,1.90980763013306
2,369,2369,-2.29644677813368,1.54593625058684
2,370,2370,-2.38170791156177,1.29806166724006
2,371,2371,-2.18068608313475,1.82291115177029
2,372,2372,-2.80719881709992,2.15892144425196
2,373,2373,-2.860430786966,2.44063195209654
2,374,2374,-2.27390439610812,1.83708358800977
2,375,2375,-3.44660365803729,2.46527395701544
2,376,2376,0.0429716182420741,2.51321187625501
2,377,2377,-1.31178927414718,2.59239471434301
2,378,2378,-1.23214797959389,2.94232515082964
2,379,2379,-1.66546043951045,2.54718101603163
2,380,2380,-1.80455232079378,2.09460452750802
2,381,2381,-1.49586007383749,1.84198323397215
2,382,2382,-1.39761872714262,1.95244862270367
2,383,2383,-1.22020565245897,1.1791717598462
2,384,2384,-2.00034722805712,1.98593244133395
2,385,2385,-3.91217067855224,2.63962053260405
2,386,2386,-1.96930656744352,1.93308801123607
2,387,2387,-2.12016336209001,1.49157828412764
2,388,2388,-1.6930595985126,0.707232300802791
2,389,2389,-3.03088211818073,1.6506624739222
2,390,2390,-2.07553090192403,2.0342087669074
2,391,2391,-2.69407903880595,2.21725725099954
2,392,2392,-2.35526197415688,2.33138150846093
2,393,2393,-2.36566921038603,2.79035673656034
2,394,2394,-2.70350685025276,1.60524391948635
2,395,2395,-1.94059082725541,1.32378179523071
2,396,2396,-1.29075831851849,1.40877599453758
2,397,2397,-1.96999803500489,0.926344998604942
2,398,2398,-2.50935411458505,1.08029019293283
2,399,2399,-2.37785080981071,1.09375801216876
2,400,2400,-2.51760201304201,1.42974865965701
2,401,2401,-2.25609446279521,1.48189383949185
2,402,2402,-1.83127316338575,0.901576253590623
2,403,2403,-2.35314422734985,1.32049080271115
2,404,2404,-2.4774673170778,1.22140063483717
2,405,2405,-2.57183659545338,1.15656994465879
2,406,2406,-1.93657543155917,2.0603670850019
2,407,2407,-2.51761877554073,1.59427743640177
2,408,2408,-1.92336778822786,1.89025928828735
2,409,2409,-2.17244522858434,1.9710026871998
2,410,2410,-0.581574726460941,1.1681838397842
2,411,2411,-2.19026358166943,2.44592239201514
2,412,2412,-1.57887187365621,2.68497407993329
2,413,2413,-2.23474688657237,3.42769756091865
2,414,2414,-2.59236295152187,3.5100518357489
2,415,2415,-1.00987965467576,2.08560956454876
2,416,2416,0.180189033590932,2.90314360621405
2,417,2417,-0.368168170708813,4.812557335497
2,418,2418,-0.841974964344856,1.58933849462104
2,419,2419,-3.24214078030983,2.83136367150821
2,420,2420,-3.03887174311027,2.013845107776
2,421,2421,-2.90196791747744,2.27535705382169
2,422,2422,-2.95482497809506,2.26281922259071
2,423,2423,-3.0952660722854,2.13918933450892
2,424,2424,-2.77310291228029,1.53917470054044
2,425,2425,-3.38891944959068,2.09744279843501
2,426,2426,-2.73684896224958,1.54758227576206
2,427,2427,-1.69238104703003,1.21171201168491
2,428,2428,-1.5991379414492,1.73443779763152
2,429,2429,-0.771805434527187,2.31884237701275
2,430,2430,-2.85040925391717,1.5236209219394
2,431,2431,-2.27703717576136,1.45612822577464
2,432,2432,-1.99344404190966,1.18283665221795
2,433,2433,-2.75600252575571,1.42598376236068
2,434,2434,-2.70106160882418,1.29240036826127
2,435,2435,-2.14162692284141,2.18329633230071
2,436,2436,-1.8705190826986,1.3583410381932
2,437,2437,-2.01597226945769,1.29212615072491
2,438,2438,-1.76153261193231,1.48119640359791
2,439,2439,-1.45437415621988,1.60819223926845
2,440,2440,-1.39066989444816,1.08699703661958
2,441,2441,-3.29208768544386,2.77314647604335
2,442,2442,-2.77397456113963,2.06637647439629
2,443,2443,-2.81429121806387,2.168095506341
2,444,2444,-2.41644657222285,2.27587671836004
2,445,2445,-1.94867487739786,1.40796100565159
2,446,2446,-1.4039390843314,1.51059470090332
2,447,2447,-2.45827755993798,2.71393569220725
2,448,2448,-1.9592083411303,2.19543146543832
2,449,2449,-1.80760404583925,2.01685360779042
2,450,2450,-1.58035346294341,2.4305849339869
2,451,2451,-1.64039178912106,2.67801422927761
2,452,2452,-1.7945798651245,3.58279491149676
2,453,2453,-2.03851241962452,2.76139664633014
2,454,2454,-2.33589655657368,2.21848957713002
2,455,2455,-3.84477040198898,3.13224060083769
2,456,2456,-3.80269690307855,3.14480540374281
2,457,2457,-2.3925833957368,1.49864893148371
2,458,2458,-1.62338831969605,1.68361416019325
2,459,2459,-1.12721260481161,1.59915633042941
2,460,2460,-0.74969507991659,1.02531620535277
2,461,2461,-1.1778229883317,1.03256081813282
2,462,2462,-1.44117819101991,1.45814260845263
2,463,2463,-1.06264378517634,2.53545332777174
2,464,2464,-2.29137973583619,1.73000755239307
2,465,2465,-1.20450570212339,1.52693204479152
2,466,2466,-2.56513131887497,2.15719062359378
2,467,2467,-1.46654464885067,2.54311197905792
2,468,2468,-0.966512498040398,2.27391837318586
2,469,2469,-1.15440585399686,2.58341135045402
2,470,2470,-1.26806758207287,3.12551995001159
2,471,2471,-1.59365413251354,2.62967145393715
2,472,2472,-1.63862918885695,2.61324951080597
2,473,2473,-1.96561317574323,2.55892920740234
2,474,2474,-1.7036680102494,2.07948277358667
2,475,2475,-2.13041314830415,1.35893383171627
2,476,2476,-2.13162822940392,1.29314994842333
2,477,2477,-1.78358174245412,0.918545905280047
2,478,2478,-2.0048057778115,1.73525009160614
2,479,2479,-3.50495608105301,1.80763444179888
2,480,2480,-1.24452826865935,0.974680803616299
2,481,2481,-1.62258577162743,1.64271826319204
2,482,2482,-1.89572404217717,1.58795847884045
2,483,2483,-2.71038198270495,1.91797472565791
2,484,2484,-2.71256233017828,2.47223951964276
2,485,2485,-2.31159117870479,3.86214946690753
2,486,2486,-1.68829695574801,3.41854144471477
2,487,2487,-1.48386676661992,2.6339772128137
2,488,2488,-2.04456360856634,2.24109066564997
2,489,2489,-1.87919413673636,2.22257502070729
2,490,2490,-0.398699480983477,2.06856970285612
2,491,2491,-1.4977322183959,2.37163363983513
2,492,2492,-2.12868678367104,2.43745090957317
2,493,2493,-1.91632904322849,1.93036439001395
2,494,2494,-1.9689414902328,3.64083176439908
2,495,2495,-2.06174278479961,2.14660486648325
2,496,2496,-2.27733448351102,2.18215249188493
2,497,2497,-3.07368391644413,2.02608657431692
2,498,2498,-1.16892770054702,1.39558427739373
2,499,2499,-1.42248154110619,1.61220392485979
2,500,2500,-1.78943564573869,2.00666218611291
2,501,2501,-2.39697188537654,2.75047307337034
2,502,2502,-1.71825911308069,0.942644341392971
2,503,2503,-1.97195844463872,3.05713113143978
2,504,2504,-1.97534765740594,2.22604456889738
2,505,2505,-2.6539233355223,2.12342619987275
2,506,2506,-2.51470429219835,1.6451477608259
2,507,2507,-2.64201600997133,2.13300882263982
2,508,2508,-2.67369542544855,2.75573974389574
2,509,2509,-2.71916420803473,2.98234359713305
2,510,2510,-2.72977823403787,2.36706831983426
2,511,2511,-2.07706852668239,1.94361864141852
2,512,2512,-2.62087697221014,2.24466872161301
2,513,2513,-3.06708135546406,2.20648935703769
2,514,2514,-3.12594645132915,2.22047865987019
2,515,2515,-4.49051310292991,1.94411845147176
2,516,2516,-2.01917610864304,1.58435655184488
2,517,2517,-1.97225680165802,1.37788536822974
2,518,2518,-2.10521704100348,1.93132304537227
2,519,2519,-1.27950719470649,1.78393319820592
2,520,2520,-1.32447653318996,1.41154927800661
2,521,2521,-1.30380954258287,2.01041478312891
2,522,2522,-1.67954641111328,3.05151541304673
2,523,2523,-2.14760204418982,2.07494047297354
2,524,2524,-2.12570117690847,1.91704013690492
2,525,2525,-2.45262396248167,1.44105047670588
2,526,2526,-2.11052969426967,1.3093680864059
2,527,2527,-1.27085056922898,0.812768995859834
2,528,2528,-1.2069191875408,1.57245263328571
2,529,2529,-1.92960295121897,2.60404726171702
2,530,2530,-2.25236605720236,1.89448337129685
2,531,2531,-2.34992138904432,2.26399893626291
2,532,2532,-2.21726348194564,2.72196204604116
2,533,2533,-3.51649863403309,3.85100455940204
2,534,2534,-1.95755744039598,2.48412710951783
2,535,2535,-2.35254851474835,1.59816416553218
2,536,2536,-1.54798787414538,1.72985875211662
2,537,2537,-1.79593860061976,1.6978381951899
2,538,2538,-1.16426366477441,1.39563196666939
2,539,2539,-1.07077329446696,1.20454599420359
2,540,2540,-2.67700009633817,1.63444224121641
2,541,2541,-2.22224434133591,1.73143157860462
2,542,2542,-2.3448395513632,1.8381739666248
2,543,2543,-1.75535388299658,2.51263259841555
2,544,2544,-1.48246386244929,2.52422714453742
2,545,2545,-1.01772033932532,2.18441571225622
2,546,2546,-1.92182749048225,2.15276020879826
2,547,2547,-1.09531634957401,1.78336468067886
2,548,2548,-2.15717268125407,1.87142799757366
2,549,2549,-2.28927804447695,2.49529263638481
2,550,2550,-2.76793523154949,2.94770720906512
2,551,2551,-2.10686640693849,2.80561537299951
2,552,2552,-2.74684710509264,1.47893240412114
2,553,2553,-3.25658318150344,2.02218668873359
2,554,2554,-2.37465536148339,1.34534084399148
2,555,2555,-2.25477402788324,1.38686473589586
2,556,2556,-1.9187813244807,1.13333143144533
2,557,2557,-1.33440260018494,1.55355271327246
2,558,2558,-2.06911501668416,1.53972647782358
2,559,2559,-1.59955443827634,1.3587828035089
2,560,2560,-1.5140052544061,1.4257643208599
2,561,2561,-1.60577121208617,2.23594705221789
2,562,2562,-2.43375691105573,2.7894836840053
2,563,2563,-1.64749584475204,1.57398537664347
2,564,2564,-2.53429468707263,1.84940191685225
2,565,2565,-2.23361580452042,2.29147696883438
2,566,2566,-2.2394606335398,2.12586875906308
2,567,2567,-2.55574526369542,2.55718501992867
2,568,2568,-1.55488948873055,2.47836512131841
2,569,2569,-2.54902898268327,2.06670244753244
2,570,2570,-1.90824027720579,1.58725901361908
2,571,2571,-2.14052034576069,1.68899916970581
2,572,2572,-1.27830850674507,1.40323556792441
2,573,2573,-1.82293630860526,2.00148576731638
2,574,2574,-1.65373426426879,1.57041574762976
2,575,2575,-2.14497134697082,1.75240029914855
2,576,2576,-1.88781061605118,1.63745287553899
2,577,2577,-1.9032218055179,1.58385477870839
2,578,2578,-1.99594665603855,2.53529773763483
2,579,2579,-2.83667082379748,3.00089249120167
2,580,2580,-1.62292534774008,1.90802823046455
2,581,2581,-3.15729075365426,2.4164385635759
2,582,2582,-2.05340240876642,2.18297498650319
2,583,2583,-1.74292815002115,1.87287000256892
2,584,2584,-1.50234479243907,1.48530694923848
2,585,2585,-2.04567338738193,2.18093860280223
2,586,2586,-1.46112751508397,1.90591686423692
2,587,2587,-2.09529374166181,1.6249886294732
2,588,2588,-1.98195872047299,2.42806136200547
2,589,2589,-1.36852879612037,2.99819777869627
2,590,2590,-1.33507032382535,3.99577989959882
2,591,2591,-1.19023433989687,3.95196257075698
2,592,2592,-1.61477711310543,3.78197040410414
2,593,2593,-1.07089518246631,1.08005515537691
2,594,2594,-4.24636794928239,3.1567163775579
2,595,2595,-3.279062834646,2.14914118915138
2,596,2596,-1.83004018075944,3.19644287041855
2,597,2597,-2.04915230801884,2.15404042666228
2,598,2598,-1.96609228367258,2.07059888533889
2,599,2599,-3.15555050791166,1.71622853672904
2,600,2600,-2.84643948803916,1.93697207461687
2,601,2601,-3.31856362357788,1.98317467246194
2,602,2602,-2.09459057988854,1.38399911727308
2,603,2603,-2.82202147604993,1.30844786474909
2,604,2604,-2.13461395915802,1.74230310271242
2,605,2605,-2.8372179768945,1.73390277367875
2,606,2606,-1.33573988541176,1.16769200936854
2,607,2607,-2.25582634309126,1.91650581524286
2,608,2608,-1.63893933722336,1.52399528191381
2,609,2609,-2.63458266298268,1.99586188291708
2,610,2610,-2.82889618830445,1.92800388217711
2,611,2611,-2.22549561627416,1.7570705586432
2,612,2612,-2.56786654756758,2.0106417429373
2,613,2613,-2.71866239123982,2.16991344828954
2,614,2614,-1.50787988250692,1.61867618199544
2,615,2615,-1.9341342980615,2.01007746464614
2,616,2616,-2.28252537666811,1.96176302128954
2,617,2617,-2.40901480714158,1.71468791589204
2,618,2618,-1.65062107942051,1.49418072570131
2,619,2619,-2.16241182041801,1.55459051640029
2,620,2620,-1.88672230144329,1.72602815859366
2,621,2621,-2.75781038140743,1.69668131660797
2,622,2622,-2.75858238533423,1.52919787722175
2,623,2623,-2.62138356650929,3.07646598365047
2,624,2624,-2.31069915565791,2.19329694997123
2,625,2625,-1.17239159228413,2.95846355447586
2,626,2626,-2.96711119329676,3.23560803308276
2,627,2627,-1.47581713863564,2.11678880555043
2,628,2628,-1.73237975584485,2.29173537956171
2,629,2629,-1.74881649494952,3.27261752470265
2,630,2630,-1.85338326042216,2.86200032562015
2,631,2631,-2.69363479580772,3.02370804684707
2,632,2632,-1.80185795679624,2.32408587392143
2,633,2633,-1.91007077459355,2.8603782063246
2,634,2634,-1.91989427310104,1.89546624377006
2,635,2635,-1.57765717526658,1.58319718238823
2,636,2636,-1.78733842237876,1.87517180223684
2,637,2637,-1.7313835334493,1.58113665618178
2,638,2638,-2.74228300535419,1.60548039391452
2,639,2639,-3.08347462961537,1.87760103217561
2,640,2640,-3.05254506027191,1.98901615826663
2,641,2641,-1.82301644414452,1.47823073292774
2,642,2642,-1.933307188749,1.82508303780855
2,643,2643,-2.65947995985627,2.29561106402207
2,644,2644,-2.47727918012382,2.54008085608982
2,645,2645,-3.62587731128387,2.88597096802193
2,646,2646,-3.16833404118094,2.71209663344969
2,647,2647,-2.22540779858967,2.95862884066644
2,648,2648,-2.64750303881167,2.50657006788293
2,649,2649,-1.74734664608167,1.27686802156199
2,650,2650,-2.4450308178947,1.64813220400404
2,651,2651,-2.6218321180946,1.68981429252683
2,652,2652,-2.60528348504735,1.41680259751428
2,653,2653,-2.22764542178019,1.3898885674207
2,654,2654,-2.46779439983809,2.12593280659158
2,655,2655,-2.70600559540857,2.79706414933341
2,656,2656,-2.54244776532273,2.02873664865026
2,657,2657,-2.22373542451037,1.73279439447113
2,658,2658,-2.06054353817778,1.52715352110124
2,659,2659,-1.86862123913461,2.27112770156164
2,660,2660,-3.25095877065099,2.18711476475627
2,661,2661,-2.96515093552812,1.84278108712647
2,662,2662,-2.83232187161355,1.73284198979709
2,663,2663,-2.98971438825981,2.23804056969135
2,664,2664,-2.32470553676858,1.96416285379094
2,665,2665,-1.50529007899445,2.03693260640395
2,666,2666,-1.55452664593239,1.85949133190873
2,667,2667,-1.80369562789699,2.1408845217118
2,668,2668,-2.87797010688159,2.79711159178229
2,669,2669,-1.38998410121721,3.09890616751683
2,670,2670,-1.38912488220563,3.0934421049258
2,671,2671,-1.36815840062846,3.28285168334839
2,672,2672,-1.64798627832617,2.65724546492933
2,673,2673,-0.973268653478826,1.97867205829267
2,674,2674,-3.06601508211346,3.48634147773007
2,675,2675,-2.67203673140564,2.66199638305039
2,676,2676,-1.73001218355903,2.34687231224699
2,677,2677,-1.00753373058873,2.07184308754615
2,678,2678,-0.692606607972531,3.01972037696163
2,679,2679,-2.28848814053005,2.14384864738196
2,680,2680,-1.73471144043117,1.69805374031264
2,681,2681,-1.69017938735273,1.67337960893782
2,682,2682,-2.54590398743655,2.76631880271994
2,683,2683,-2.24692962376417,1.89873403442709
2,684,2684,-1.99048465613012,2.48582981427435
2,685,2685,-1.92228122444508,2.5581894305038
2,686,2686,-2.110234800458,2.01073322923673
2,687,2687,-1.85472830439392,2.19483710335661
2,688,2688,-2.46475480573893,2.30330973533039
2,689,2689,-2.76163414764274,1.8097065244554
2,690,2690,-2.00327162787885,1.76363233593432
2,691,2691,-2.62309208390238,2.06302367843739
2,692,2692,-2.61744164687294,1.63785241833591
2,693,2693,-2.6688568502404,2.5380632472201
2,694,2694,-2.37956904219063,2.23211534635002
2,695,2695,-3.03576462565803,2.39850947479406
2,696,2696,-1.57162822016055,2.62893939889991
2,697,2697,-1.78216517826701,2.75413507365295
2,698,2698,-1.74162772575583,3.02091742390613
2,699,2699,-2.67413967897326,2.69189502280234
2,700,2700,-0.725924037468374,2.59091003048583
2,701,2701,-1.11499127395679,3.80942605429644
2,702,2702,-1.04313488228415,3.98061412023438
2,703,2703,-1.37973361464252,2.85267519896963
2,704,2704,-1.16933107738613,2.03829153119811
2,705,2705,-1.35636982539073,1.32435071976636
2,706,2706,-3.08594094202536,1.75764179254256
2,707,2707,-1.07282863964727,1.09454880138971
2,708,2708,-1.96310995169163,2.16641612914156
2,709,2709,-1.95205249983511,1.75002235132894
2,710,2710,-1.67884189813329,2.11864453303226
2,711,2711,-1.44841263502022,2.0286717417178
2,712,2712,-1.82381939689876,0.695840173602879
2,713,2713,-1.8419965392149,1.00722148378899
2,714,2714,-2.13357068196411,1.23558889276604
2,715,2715,-1.16127636887185,0.778659605076647
2,716,2716,-2.09202415119374,0.98098693645564
2,717,2717,-1.65152881703981,1.18019556265901
2,718,2718,-1.71011435770674,1.26631070325085
2,719,2719,-2.2193987182656,1.64870491432542
2,720,2720,-1.12170833114233,1.33385089098656
2,721,2721,-3.31165995332452,2.359368577213
2,722,2722,-1.45937741483552,1.68146232975961
2,723,2723,-1.15865457824496,1.58571078358662
2,724,2724,-0.666297766675148,2.6601416779443
2,725,2725,-1.7919902584987,2.09061311491123
2,726,2726,-2.05362167774619,2.41053425171397
2,727,2727,-1.66496354137367,2.41199017578385
2,728,2728,-1.84619833815617,2.08764591338902
2,729,2729,-2.47954604774239,3.28837040382153
2,730,2730,-2.40139713637093,3.63871877703725
2,731,2731,-2.97398996985096,3.79708326718538
2,732,2732,-3.0936584841591,2.03402084950762
2,733,2733,-0.775028711513704,4.68894014676796
2,734,2734,-0.673371981154298,1.7501152860424
2,735,2735,-0.338676373974605,3.05051580395518
2,736,2736,-2.14686588934641,2.82346199986271
2,737,2737,-2.02946062320922,1.03963729659132
2,738,2738,-0.74121598095365,1.60867591867363
2,739,2739,-1.57777582969001,1.05817109902793
2,740,2740,-1.61185337025428,1.1626294620064
2,741,2741,-1.57639278542867,2.53992871152047
2,742,2742,-2.31493569982744,1.61551782435209
2,743,2743,-0.906153545269438,1.86833039059178
2,744,2744,-2.11695283478862,1.51258300654557
2,745,2745,-1.40170355744281,1.37678950051278
2,746,2746,-1.50723239916977,2.40677403463437
2,747,2747,-1.42536288697017,2.28631253777801
2,748,2748,-1.85351988505653,1.73161540686699
2,749,2749,-1.6152565871977,1.44552967291105
2,750,2750,-1.78295490467638,1.36360625353545
2,751,2751,-1.95732036433491,1.29657025582897
2,752,2752,-2.71737586036159,1.74764417614768
2,753,2753,-1.01786005157914,1.90287345624282
2,754,2754,-1.94268898640999,2.1599119628154
2,755,2755,-1.96835957717637,1.87739849498095
2,756,2756,-3.35249037045781,2.47490413144958
2,757,2757,-2.92520591071023,2.01851505288868
2,758,2758,-3.18049174712097,2.16598146450779
2,759,2759,-3.10238055749826,1.34380500138644
2,760,2760,-2.07180381102023,1.12992431534341
2,761,2761,-2.40257013047121,1.33615622701798
2,762,2762,-1.27263518586183,2.26928153406314
2,763,2763,-1.76992909835959,1.66033938115745
2,764,2764,-2.8912933030414,3.13071885486843
2,765,2765,-4.15380496327866,3.29780092440727
2,766,2766,-3.66474538727207,2.61836781439088
2,767,2767,-2.5166006311434,1.71283908612098
2,768,2768,-2.26188173919916,1.87785461265583
2,769,2769,-1.30071490760717,0.8963763090123
2,770,2770,-0.912475579959237,0.894951864431468
2,771,2771,-0.788670223864504,1.36330313140332
2,772,2772,-0.829022140755301,1.64280369754405
2,773,2773,-0.640173531758752,1.77534496534854
2,774,2774,-1.4360039862836,1.60995379601876
2,775,2775,-1.25977395606961,1.48227010773064
2,776,2776,-2.57696115147732,2.76265455263706
2,777,2777,-2.65133679327038,4.20767175345001
2,778,2778,-1.75540440352883,2.60578756216476
2,779,2779,-2.6374659259185,2.59673445884054
2,780,2780,-2.90956464578368,2.37938666218569
2,781,2781,-1.40948580762013,2.10277590693561
2,782,2782,-1.78652528567133,2.55726653218436
2,783,2783,-2.38658186231208,1.96876934148299
2,784,2784,-1.41492169955634,1.38592940204213
2,785,2785,-1.32806342187926,1.62009972266185
2,786,2786,-1.76677335585289,1.50509743520356
2,787,2787,-0.843783636638115,2.22568270466824
2,788,2788,-1.4424285430019,1.715947718776
2,789,2789,-1.62394867249754,2.16852083670457
2,790,2790,-1.4534775084667,2.06155390801389
2,791,2791,-2.94112850643352,1.37802128430894
2,792,2792,-1.8645731017506,1.02741538190609
2,793,2793,-2.09337294681918,1.46646457769283
2,794,2794,-3.25557804840403,2.26684389478907
2,795,2795,-2.29763535567601,4.15282496969366
2,796,2796,-2.12470938357185,2.96045186148533
2,797,2797,-1.42798943442163,2.39387614652518
2,798,2798,-2.08564388139254,2.88527341072824
2,799,2799,-2.59647996042907,2.83186722626179
2,800,2800,-3.04299078596196,2.53232238866301
2,801,2801,-3.10727963344222,2.64302346239936
2,802,2802,-2.44309377261894,1.35266928696231
2,803,2803,-2.55531394894042,1.79331735114676
2,804,2804,-2.0012386087721,1.74034074097307
2,805,2805,-1.75150094670098,1.84757529728647
2,806,2806,-2.53344987962052,1.25158921508179
2,807,2807,-2.15087764464916,1.15144090120058
2,808,2808,-1.26047177875431,0.753368499216198
2,809,2809,-3.23692416450732,3.0596179867985
2,810,2810,-2.69087650732593,2.79688250997184
2,811,2811,-2.69658526826216,2.70860364088756
2,812,2812,-2.92290937434129,2.80188848743644
2,813,2813,-2.90330804760911,2.98229723593749
2,814,2814,-2.59318684528803,2.40976543546134
2,815,2815,-3.18749999314144,2.70885299183012
2,816,2816,-1.95857898947272,1.54474589294894
2,817,2817,-3.11375634683696,2.15573130831342
2,818,2818,-4.03384307064701,2.22908877487944
2,819,2819,-1.65012621122634,2.15310834335649
2,820,2820,-1.60276337459611,2.0521585680954
2,821,2821,-1.24612169737055,1.95402199622794
2,822,2822,-1.42586842754213,1.4636913902127
2,823,2823,-2.0619984798657,1.45768934972935
2,824,2824,-2.67334916935365,3.6391611166166
2,825,2825,-2.13755395565121,2.58468040875221
2,826,2826,-2.24546704225995,2.969587072064
2,827,2827,-2.19225505897291,2.39686377827026
2,828,2828,-1.99709332089211,2.24165868701234
2,829,2829,-0.542020575487859,2.59214372683588
2,830,2830,-1.39259194134853,2.63002849760655
2,831,2831,-3.00809192871929,2.0839662597968
2,832,2832,-1.89298879979612,2.024347920743
2,833,2833,-1.33732590026811,2.13279803461089
2,834,2834,-1.54322272971534,2.50553220020139
2,835,2835,-1.42116526207918,2.09989144396822
2,836,2836,-2.81432921356812,2.2997764537933
2,837,2837,-1.56963311264739,1.69598578804319
2,838,2838,-1.57023864571015,2.56765596580092
2,839,2839,-1.49836784541939,1.67453453485242
2,840,2840,-1.83468445174876,2.0548815567065
2,841,2841,-2.68351526373582,1.70749118241298
2,842,2842,-1.73104776411241,1.86739520328442
2,843,2843,-2.69211056522237,2.15706819836938
2,844,2844,-2.2159546702375,1.82724255429158
2,845,2845,-2.60272600630906,2.42593300689868
2,846,2846,-1.66719160553903,1.854704756436
2,847,2847,-1.51847053759376,1.78592927050426
2,848,2848,-1.56732304029947,2.07505002507922
2,849,2849,-0.235941448012082,2.47024865884893
2,850,2850,0.366951532770106,3.429455352466
2,851,2851,-2.14015858333863,1.70617686005398
2,852,2852,-1.77291169602597,1.58433903249288
2,853,2853,-2.44758874497045,2.56697174594071
2,854,2854,-0.881034550178661,2.78381845164008
2,855,2855,-2.43128688760968,2.82966700791669
2,856,2856,-1.2175380328928,2.14890862807826
2,857,2857,-1.62101015057502,1.78946274283509
2,858,2858,-2.01218807601302,3.28643453648134
2,859,2859,-1.03900005824181,2.84839748787799
2,860,2860,-1.3307469930194,1.39790180906122
2,861,2861,-1.35982196115968,1.70785103689477
2,862,2862,-1.89008786862888,2.95692303519581
2,863,2863,-1.89293331958896,2.49671708997323
2,864,2864,-0.944004555795023,2.19509421154567
2,865,2865,-1.32939403477005,1.73368247020899
2,866,2866,-1.20015580236872,2.21477733490847
2,867,2867,-1.41065772688134,2.07412686419333
2,868,2868,-1.59021696161927,1.84400547172437
2,869,2869,-1.94212896217993,2.26520997280975
2,870,2870,-1.11954422944036,1.9024953581233
2,871,2871,-1.10408081207828,2.68284439367735
2,872,2872,-1.20535047567375,2.00941226423688
2,873,2873,-1.97575734766197,2.39525320472409
2,874,2874,-1.57049081574617,1.20847708713808
2,875,2875,-1.26005306394689,1.20294348095722
2,876,2876,-3.32572624747521,2.01665292970675
2,877,2877,-2.69754310419551,1.8792722875671
2,878,2878,-2.17253044029645,1.64603938198705
2,879,2879,-2.28209752474921,1.55065233597332
2,880,2880,-2.23429189769144,1.41244295543756
2,881,2881,-1.70331259852677,1.25929297338115
2,882,2882,-1.99303197437319,2.1064182346548
2,883,2883,-2.20324521140101,1.58471271827094
2,884,2884,-3.2669731301376,1.95683697856353
2,885,2885,-3.62042698335506,1.97350106002677
2,886,2886,-3.2212993526244,1.76324707179292
2,887,2887,-2.68125267428424,1.67663384824283
2,888,2888,-2.73980884223933,1.75727555465816
2,889,2889,-2.37697992052954,2.15709569615219
2,890,2890,-1.82296505910877,1.5364328389512
2,891,2891,-1.98972618724526,1.5437966825742
2,892,2892,-2.21278478348531,1.76018877368024
2,893,2893,-2.38902629041747,2.5384960001843
2,894,2894,-1.80689116099484,1.56129204639327
2,895,2895,-1.82235050648775,1.71663892049403
2,896,2896,-1.38932972639381,3.4281473066881
2,897,2897,-1.98861297770645,2.03387220073723
2,898,2898,-2.34530667760847,2.1322622939885
2,899,2899,-2.70720999790366,1.49726172896663
2,900,2900,-0.858422886439737,2.08214975786772
2,901,2901,-1.96496342158944,1.97513758965413
2,902,2902,-1.94894960035801,2.18420525974127
2,903,2903,-0.0935945934427357,2.57701958730006
2,904,2904,0.0546572154067229,2.82314704818281
2,905,2905,-2.25307394787662,1.91193194130117
2,906,2906,-0.603427626854543,1.72091055518827
2,907,2907,-1.90738597927451,1.53716026091297
2,908,2908,-1.76346425404046,1.54366829126084
2,909,2909,-2.14696722524061,1.68697718277167
2,910,2910,-1.38944474173751,1.33722376405956
2,911,2911,-1.3508919821333,1.86019238972544
2,912,2912,-1.54948035765273,1.14498129766524
2,913,2913,-0.980136619704967,1.65305557235623
2,914,2914,-0.339230572377347,1.89632865783174
2,915,2915,-1.20168056835915,1.67592211708255
2,916,2916,-1.1534701399664,3.44010670489613
2,917,2917,-1.36057211277026,2.44844369744782
2,918,2918,-1.57184108647343,2.22969893873498
2,919,2919,-2.22817670816294,1.69409414976618
2,920,2920,-1.99123273807966,1.34232947578443
2,921,2921,-3.38370479913491,2.59473959828157
2,922,2922,-1.26806865152321,0.956648682423322
2,923,2923,-3.11115263672983,1.23912994004785
2,924,2924,-2.84629644779077,1.28071945736327
2,925,2925,-4.53080285944993,2.14176006091977
2,926,2926,-2.03939460650745,1.66831149953738
2,927,2927,-2.31284557218909,2.69777135738451
2,928,2928,-1.71140689547827,1.84109512718568
2,929,2929,-2.26858837219259,3.0698751565548
2,930,2930,-2.2118405756086,3.21988251042456
2,931,2931,-2.78756712686872,3.22175732260514
2,932,2932,-2.78381545558227,2.70308497751855
2,933,2933,-1.62678342401486,1.84366120885166
2,934,2934,-2.75602510020622,1.8375333376147
2,935,2935,-1.60204708210842,1.79530009193229
2,936,2936,-2.73400110714549,1.90341289921855
2,937,2937,-1.87212993618677,1.75864095246687
2,938,2938,-1.3605812474997,2.10524485689417
2,939,2939,-1.34289181457459,2.1936729215933
2,940,2940,-1.17252205986009,2.07988548233616
2,941,2941,-1.90122473848427,2.55146198619179
2,942,2942,-1.89091089796193,2.51256117924846
2,943,2943,-1.91049648244741,2.67053344160338
2,944,2944,-0.86022960612042,1.50049563577741
2,945,2945,-0.760429930957324,2.95893377043305
2,946,2946,-0.170755025048776,3.54129301330471
2,947,2947,-1.75695815842841,1.24103146043793
2,948,2948,-2.16871431057505,1.3494010827214
2,949,2949,-2.13996114961734,1.47186136680114
2,950,2950,-3.45187499707301,2.56891810392241
2,951,2951,-2.80250850661111,2.28496629691367
2,952,2952,-1.59937943317408,0.871230085471771
2,953,2953,-2.03497667690461,3.40468834325347
2,954,2954,-2.03215097539082,3.43040525736665
2,955,2955,-2.46070288783895,2.23567049266962
2,956,2956,-2.56724645508018,2.85730657945992
2,957,2957,-1.12166660091411,0.79787116270405
2,958,2958,-1.33487422157199,1.05150263175864
2,959,2959,-1.06282189470988,0.871706216753892
2,960,2960,-1.2845132396376,1.19611881259085
2,961,2961,-1.73120977833507,0.782077571852827
2,962,2962,-1.27340779047558,0.529252524023968
2,963,2963,-1.80621357875957,2.85076398069018
2,964,2964,-2.41079764107351,1.88501939328013
2,965,2965,-2.30158964806637,1.908368341904
2,966,2966,-2.16887776038377,1.73839130455003
2,967,2967,-1.49089979881129,1.57642952829562
2,968,2968,-2.89559809826789,1.84757646127271
2,969,2969,-2.51747765266231,2.04601702978078
2,970,2970,-1.69017190326964,1.93426750340066
2,971,2971,-2.08006400019651,1.31194732484057
2,972,2972,-2.26498188545229,1.39195892290098
2,973,2973,-1.17549637076643,1.79903317824543
2,974,2974,-0.87425374513394,2.35616873649784
2,975,2975,0.27238027859145,2.11290660157741
2,976,2976,-1.08601697129604,2.87737862450247
2,977,2977,-0.937467342386322,2.62657168633319
2,978,2978,-0.242589252669251,2.56951913163247
2,979,2979,-1.42096600108274,2.56536449496367
2,980,2980,-1.34353143358491,1.44311102855822
2,981,2981,-2.64521935591596,1.68686902129044
2,982,2982,-1.4915562878475,1.45536409086497
2,983,2983,-1.67902456488189,1.17725864614287
2,984,2984,-1.48992860762918,1.10714839914115
2,985,2985,-1.6248928504851,1.23982919060856
2,986,2986,-0.442776402081809,0.594778929883925
2,987,2987,-3.95765233008296,1.90951807621637
2,988,2988,-1.02905321783967,1.48471150210637
2,989,2989,-3.76064588033678,1.69796461181496
2,990,2990,-1.74114594208973,1.35335577596
2,991,2991,-2.11336584823366,1.74368383461208
2,992,2992,-1.57773158053303,2.2654745084565
2,993,2993,-1.7660876587125,1.46022051291794
2,994,2994,-1.55703866968511,1.88343879620162
2,995,2995,-2.53855718386531,1.60907367417203
2,996,2996,-2.54117917263325,1.61710081583243
2,997,2997,-1.53279329335366,1.15882811276677
2,998,2998,-2.39717997305274,1.18123166748904
2,999,2999,-1.23482351541668,0.987910042925431
2,1000,3000,-2.50300577717776,1.86110631821521
2,1001,3001,-1.78031053840848,1.25082165215326
2,1002,3002,-2.75912546226252,1.74733185415161
2,1003,3003,-0.526342446793648,2.05606432275417
2,1004,3004,-1.94865550784333,2.06684449199018
2,1005,3005,-2.20243319391213,1.87713158069782
2,1006,3006,-1.32474768810062,2.06866086250817
2,1007,3007,-1.08469421519373,1.50521874132044
2,1008,3008,-1.68372682133463,1.51800666274374
2,1009,3009,-2.71680042397981,3.73556150813992
2,1010,3010,-1.36428999377878,1.94890704034983
2,1011,3011,-2.42838758063646,3.20365489408459
2,1012,3012,-2.12737053845379,2.90128092027376
2,1013,3013,-2.03529483633245,2.45923524130525
2,1014,3014,-1.75505876501232,2.62575544242336
2,1015,3015,-1.58151472403847,2.38128794610375
2,1016,3016,-1.81943142832665,1.85668387546518
2,1017,3017,-1.39813992601479,2.17710164201787
2,1018,3018,-1.20284053265786,1.75024570408275
2,1019,3019,-2.27020032567925,3.37318707669085
2,1020,3020,-3.25062941750971,2.71880033908024
2,1021,3021,-0.704312460153973,1.9687337272595
2,1022,3022,-1.8047891521331,1.35621158750438
2,1023,3023,-1.19308120237703,1.71885726927355
2,1024,3024,-2.36452654532326,1.7115168505765
2,1025,3025,-0.886586364360134,1.68590273794328
2,1026,3026,-2.76299067437208,2.68388857365541
2,1027,3027,-2.45587841281461,2.70061515659697
2,1028,3028,-1.68293306667431,1.61321853183942
2,1029,3029,-2.41307174128892,1.7662178129253
2,1030,3030,-1.25571898012818,1.55721437191126
2,1031,3031,-1.42706254917489,2.40201711031475
2,1032,3032,-1.14811125978446,1.84957749395981
2,1033,3033,-1.75295568920061,1.5632092468549
2,1034,3034,-1.6994009663448,1.56263917130266
2,1035,3035,-1.68743939226396,1.49541648133937
2,1036,3036,-1.12571538197578,1.0288378529726
2,1037,3037,-3.07083465458013,2.10951832155913
2,1038,3038,-0.943593088387979,0.783351667805602
2,1039,3039,-1.44355232786863,2.98539242554859
2,1040,3040,-0.757795865364294,1.87866345520518
2,1041,3041,-0.809992347419833,2.76675852597048
2,1042,3042,-1.21832108121476,2.67167083304904
2,1043,3043,-0.564786925744027,2.48423519612755
2,1044,3044,-1.89735655493207,3.69301043640232
2,1045,3045,-1.94293707364467,4.09002217075458
2,1046,3046,-1.99321684669776,3.81917535225152
2,1047,3047,-2.00957058752922,4.59199934744117
2,1048,3048,-1.02734712020433,1.94595858461366
2,1049,3049,-1.28616843588782,2.33524778061459
2,1050,3050,-1.07885045292791,1.89874053674118
2,1051,3051,-1.13433793006698,1.52803784147001
2,1052,3052,-1.33205573894128,1.582055915365
2,1053,3053,-2.4970349955453,0.892189714623951
2,1054,3054,-2.31242750171561,0.927163993161703
2,1055,3055,-1.85824374180031,0.99419687321893
2,1056,3056,-1.77678959635081,3.31549204990088
2,1057,3057,-1.31184013396538,1.73034759749178
2,1058,3058,-1.34886122721679,1.09820670314627
2,1059,3059,-1.73040621473832,0.685471936945741
2,1060,3060,-1.47641220704429,0.750669451331246
2,1061,3061,-1.70132193181515,0.943050600879395
2,1062,3062,-0.960545535724426,0.809411274649032
2,1063,3063,-1.97825245280498,0.906029157593296
2,1064,3064,-1.99779221676733,1.45016945390185
2,1065,3065,-2.01666920441015,1.41319492978796
2,1066,3066,-1.46150345339601,0.752478744262807
2,1067,3067,-2.01502107303637,2.35882706731016
2,1068,3068,-2.45327583331452,1.98798867296165
2,1069,3069,-1.9183605633827,2.23479431789613
2,1070,3070,-2.41527155735985,2.82677908509241
2,1071,3071,-2.20030124163465,3.16589552950264
2,1072,3072,-1.91059789258431,1.29434229012563
2,1073,3073,-1.86063456369262,1.86937036347742
2,1074,3074,-1.86789870685339,1.90002548237372
2,1075,3075,-2.2283027285513,1.34271816218143
2,1076,3076,-2.02243442749332,1.36509330416339
2,1077,3077,-2.52745089761347,1.91699571407031
2,1078,3078,-4.50376193484123,2.40559449289476
2,1079,3079,-4.50957444825755,2.45399526571648
2,1080,3080,-4.37768212460367,2.47952665061925
2,1081,3081,-4.01836719947016,2.56897182597717
2,1082,3082,-4.05866594164866,2.6568881387125
2,1083,3083,-3.20973690146521,3.33062950955187
2,1084,3084,-3.64116827387943,2.22079067943719
2,1085,3085,-1.34495382384168,2.05990589207149
2,1086,3086,-2.0843209862736,2.12036773766832
2,1087,3087,-0.30124956151561,1.35905114484265
2,1088,3088,-2.06892515990373,1.87749859425287
2,1089,3089,-1.24959102909604,2.48036794491134
2,1090,3090,-0.718752222903387,2.12449808222931
2,1091,3091,0.0264760189178186,2.01416314575845
2,1092,3092,-1.31285400172848,1.42394845134199
2,1093,3093,-1.07628363988885,0.891870564748026
2,1094,3094,-1.44975186905924,1.12324697386642
2,1095,3095,-0.974292388742906,2.68073060098297
2,1096,3096,-0.601014527694827,2.43898624118056
2,1097,3097,-1.22226674418752,1.31873529212781
2,1098,3098,-1.52108330606221,1.33586809370408
2,1099,3099,-1.85527037003244,1.83687213484349
2,1100,3100,-1.78382522790663,1.56022381737952
2,1101,3101,-1.56263647244158,1.55186530070074
2,1102,3102,-2.29925263844446,1.54367722521658
2,1103,3103,-2.14500635809148,1.20823668161457
2,1104,3104,-2.07050049433313,1.37261749362942
2,1105,3105,-2.92630726445696,2.31093882855615
2,1106,3106,-2.82721129371435,1.6637686905002
2,1107,3107,-1.80630716054339,1.23346512412139
2,1108,3108,-2.40802030313105,1.30819787733095
2,1109,3109,-2.26331979019606,1.42796608206767
2,1110,3110,-2.10026461119614,1.30795704300173
2,1111,3111,-1.59202051929731,1.43271552987733
2,1112,3112,-1.40527170834228,1.4180248284929
2,1113,3113,-2.54585281583337,1.67306344502308
2,1114,3114,-2.04225007013617,1.78350733340814
2,1115,3115,-1.58079391077441,0.64198942508808
2,1116,3116,-3.63931952551512,3.51743643438976
2,1117,3117,-3.24886602229683,3.15979623170702
2,1118,3118,-3.12772127996056,3.56676520718345
2,1119,3119,-2.92143830087702,3.23791055645618
2,1120,3120,-2.76985086109166,3.43445983079981
2,1121,3121,-2.43870332264382,3.50889809198443
2,1122,3122,-2.5155397749282,3.58583027548851
2,1123,3123,-2.45041293399428,3.1930628531014
2,1124,3124,-1.31290229518672,3.05889928541196
2,1125,3125,-2.10893681602784,2.19358955914403
2,1126,3126,-1.12758604229297,2.23889505963836
2,1127,3127,-1.35033936926996,1.304076638699
2,1128,3128,-1.74678709601897,1.42819274820763
2,1129,3129,-1.53366239755307,1.28557011524272
2,1130,3130,-1.84983862906104,1.8747635920268
2,1131,3131,-2.0310436215163,1.52474981408254
2,1132,3132,-2.45722274669313,1.38567462567827
2,1133,3133,-2.48065825578081,2.53194636146011
2,1134,3134,-2.66640353520265,2.46817191595349
2,1135,3135,-0.343039147869162,3.2999702280208
2,1136,3136,-0.463341894956336,2.59759678246495
2,1137,3137,-0.406515776953691,2.66142659347441
2,1138,3138,-0.870356112605675,1.98346221082588
2,1139,3139,-2.78246427939868,1.24122473731729
2,1140,3140,-3.50085060452624,2.93710137269719
2,1141,3141,-2.51307078871372,1.36675162225577
2,1142,3142,-2.10750128025586,1.73460610545359
2,1143,3143,-1.10790870623135,1.40558322471569
2,1144,3144,-1.13834810401547,1.30055067242523
2,1145,3145,-1.92770777825581,3.32006274783511
2,1146,3146,-2.75784021850332,2.3499641023328
2,1147,3147,-2.15892247337202,2.05580221292425
2,1148,3148,-2.55703467336122,2.4263344735054
2,1149,3149,-0.777469341221602,2.97260454705717
2,1150,3150,-0.557459307202485,3.40374096169452
2,1151,3151,-2.45201257805758,1.83130908952638
2,1152,3152,-2.53798874466484,1.78698725984099
2,1153,3153,-2.74585277870959,1.75467512531521
2,1154,3154,-3.53562965822987,2.09339153174599
2,1155,3155,-3.07016657822219,2.2124310940385
2,1156,3156,-2.21525979438833,1.566883690741
2,1157,3157,-1.75357339060785,1.55471967825341
2,1158,3158,-2.36022440490062,2.04792941545461
2,1159,3159,-2.83788575144917,2.0574880098633
2,1160,3160,-0.472812164427276,3.3331340486489
2,1161,3161,-0.0942457542146651,3.32548290923622
2,1162,3162,-0.429259617830083,2.06172252376468
2,1163,3163,-0.77855160035578,4.13227561289207
2,1164,3164,-1.37341408054036,2.51322500066626
2,1165,3165,-0.603742371079566,2.67873313944916
2,1166,3166,-0.647107445063603,2.77297510416333
2,1167,3167,-1.46131015573743,1.80679624186288
2,1168,3168,-2.60168795008054,3.69412343711208
2,1169,3169,-2.83554683940427,2.97007200013018
2,1170,3170,-3.08385897160118,2.24630325543306
2,1171,3171,-2.69685132721797,2.79292463697753
2,1172,3172,-2.33816359831416,2.0525646170924
2,1173,3173,-1.47177742197005,1.96407764978173
2,1174,3174,-1.50800025554008,1.62168262716861
2,1175,3175,-0.572498617384437,1.73686665345772
2,1176,3176,-0.60364270918687,1.60753482513255
2,1177,3177,-1.40544856951668,2.73067621618181
2,1178,3178,-3.78732667112511,3.12980111988789
2,1179,3179,-3.97391070823505,3.20669492801223
2,1180,3180,-1.891998702402,3.6699524391618
2,1181,3181,-2.42647577637329,3.07453507060261
2,1182,3182,-1.73830167206627,2.43536470238201
2,1183,3183,-0.137008533113027,2.38070268336278
2,1184,3184,-0.76762995016335,1.78027462434848
2,1185,3185,-0.48695129480387,2.38565268291953
2,1186,3186,-1.38911840838531,2.76666393975663
2,1187,3187,-0.922640616261009,3.2249879166001
2,1188,3188,-1.61313478075482,3.71944174701041
2,1189,3189,-0.883508252527574,2.71365265025862
2,1190,3190,-1.27582900322626,2.01937953668308
2,1191,3191,-1.10370808754473,1.51844782674098
2,1192,3192,-1.19984028031037,1.54583058496351
2,1193,3193,-1.35447680566544,1.58991315994769
2,1194,3194,-0.637585430031982,1.839647555507
2,1195,3195,-1.27244536346075,2.80784457284282
2,1196,3196,-0.681073150330676,2.11379543786512
2,1197,3197,-0.665720427674411,2.64613939278349
2,1198,3198,-1.3550130851122,2.51475620288732
2,1199,3199,-1.62957148799289,2.46239573193777
2,1200,3200,-1.84445847394498,1.08471684035925
2,1201,3201,-1.40719649935727,1.14619620133872
2,1202,3202,-0.925507003728209,0.962113177210886
2,1203,3203,-0.796135127609439,0.903725496962221
2,1204,3204,-1.34329945132419,1.26005054062172
2,1205,3205,-1.54056059768443,1.09147251460818
2,1206,3206,-2.87803652260034,2.53948073527259
2,1207,3207,-2.57307212185872,1.87915467814529
2,1208,3208,-2.91784483030359,2.5238077901254
2,1209,3209,-2.22128865467277,1.09480273163113
2,1210,3210,-2.33679334333936,1.20838637718424
2,1211,3211,-3.27195582257413,1.96858402510638
2,1212,3212,-1.1280366485579,1.91147421012021
2,1213,3213,-2.60279072641871,1.88006145217212
2,1214,3214,-1.64861913784859,2.19620480810238
2,1215,3215,-1.84298036722747,1.42790902465542
2,1216,3216,-0.731920288198559,1.50250138464401
2,1217,3217,-1.8924412427529,2.01873072337623
2,1218,3218,-1.66220689068384,1.97579285068918
2,1219,3219,-1.22922236539456,2.08006381100504
2,1220,3220,-1.41226804777906,1.57408593028565
2,1221,3221,-1.3284358424699,1.74627803174103
2,1222,3222,-2.55348787579195,1.88108263192735
2,1223,3223,-1.97226731014164,1.07813272869305
2,1224,3224,-1.80881766118048,0.691497908590821
2,1225,3225,-1.43377484871968,2.02277838417248
2,1226,3226,-2.08658510628261,1.85430836200095
2,1227,3227,-2.00052188874662,1.81717192171412
2,1228,3228,-0.0972428885146838,2.0210529084047
2,1229,3229,-1.97331686243374,3.21138054359222
2,1230,3230,-1.96971838721296,2.78263205222375
2,1231,3231,-1.04424240945217,2.80757534567171
2,1232,3232,-2.68425960089006,2.03531595165432
2,1233,3233,-1.99869115161524,2.08107345040009
2,1234,3234,-2.29855676738257,2.00483695435282
2,1235,3235,-2.0388333651844,2.20742674974439
2,1236,3236,-1.13396363422535,1.96720528019155
2,1237,3237,-0.479914891502149,1.80391771881758
2,1238,3238,-1.02794282255876,3.16364006683555
2,1239,3239,-0.797584622870597,1.84542056244639
2,1240,3240,-0.961202093083069,2.55260733264712
2,1241,3241,-1.16855083679373,2.02158675496901
2,1242,3242,-1.88546561267669,2.79604233878863
2,1243,3243,-1.84116418859227,2.38115672227658
2,1244,3244,-1.85958449798353,3.23397867438547
2,1245,3245,-0.603828259675976,1.74977425499225
2,1246,3246,-0.446480392270007,2.43463356573534
2,1247,3247,-0.753403463040373,2.02579370038898
2,1248,3248,-0.394188489020624,2.41768078718197
2,1249,3249,-1.59152570949393,2.13972226099171
2,1250,3250,-1.82780292116046,1.73606819482126
2,1251,3251,-1.84669546239221,2.59187360048715
2,1252,3252,-0.616909306750197,1.63901892746105
2,1253,3253,-1.50803843110834,2.00606807311431
2,1254,3254,-1.45128987345906,2.0386162367127
2,1255,3255,-1.4005605893467,1.87816031175053
2,1256,3256,-0.944512904793275,2.06982456118029
2,1257,3257,-1.46870382467228,1.54873998602519
2,1258,3258,-0.590313237653484,3.10357085588935
2,1259,3259,-0.755063880370317,2.98893053137123
2,1260,3260,-1.36074026870282,1.73412837171123
2,1261,3261,-1.88535581206999,2.94901203961281
2,1262,3262,-1.77726938200573,3.32351931326123
2,1263,3263,-0.507407729197163,1.92556213647659
2,1264,3264,-0.305235324230815,3.29105958896454
2,1265,3265,-0.343634574236499,3.10785065891605
2,1266,3266,-0.00476359868160558,3.0283837086681
2,1267,3267,-0.494589907259727,2.57477411425746
2,1268,3268,-0.844275682367878,1.80424758993543
2,1269,3269,-0.852767071357557,1.76207929701146
2,1270,3270,-1.36464001113739,2.16354145141398
2,1271,3271,-1.56225523548595,2.55715448384079
2,1272,3272,-2.39976727218547,1.31042111403295
2,1273,3273,-2.99254499412861,1.36986502154629
2,1274,3274,-2.47581796762357,1.62009774792497
2,1275,3275,-1.72879818952723,2.53366331674834
2,1276,3276,-2.99779277295301,2.31460022384852
2,1277,3277,-2.9282232893105,2.33033773264554
2,1278,3278,-2.04817664773323,1.72542050355174
2,1279,3279,-2.07281430180933,1.80655128335173
2,1280,3280,-2.50802520298571,1.4055806859807
2,1281,3281,-1.7228923757231,2.52904114064524
2,1282,3282,-1.91551094051019,1.88232636031845
2,1283,3283,-2.39422681391942,2.04921167647513
2,1284,3284,-2.08766530743549,1.92700922684931
2,1285,3285,-2.15195654261508,1.63265917806164
2,1286,3286,-1.39191039417996,1.57758859040103
2,1287,3287,-0.580583063729328,0.993548156119827
2,1288,3288,-2.30222554186415,1.95043221531241
2,1289,3289,-1.61264804382139,1.22940744152502
2,1290,3290,-2.87216992984441,3.0400194725797
2,1291,3291,-0.955774444741361,1.2839886660055
2,1292,3292,-2.49745265469671,2.21032438674416
2,1293,3293,-2.29954711807328,1.7947391209344
2,1294,3294,-2.75725867400971,1.96744024483193
2,1295,3295,-2.32672196037067,1.77490336483297
2,1296,3296,-2.19830424160041,1.73955905883761
2,1297,3297,-2.20461593943394,2.57517543861212
2,1298,3298,-2.4892127427185,2.97385343447328
2,1299,3299,-2.66330639500086,2.89785903210151
2,1300,3300,-2.81369356263217,2.53215319768035
2,1301,3301,-2.24292839445069,1.40182463768786
2,1302,3302,-2.06908022928114,2.28308767286611
2,1303,3303,-1.37005651437271,1.62265990961348
2,1304,3304,-1.20839404580959,1.74803505784612
2,1305,3305,-1.45833937409397,2.48645566741149
2,1306,3306,-1.10998217804131,2.93808831302809
2,1307,3307,-0.452131164463795,2.15281127468488
2,1308,3308,-1.26234367452271,1.42669978262537
2,1309,3309,-0.960492551280615,2.69509714081049
2,1310,3310,-2.75440854165553,2.15933399141423
2,1311,3311,-3.78123248322199,1.75578490998218
2,1312,3312,-2.31576564391264,1.56302747065307
2,1313,3313,-1.81100802791934,1.26894948864332
2,1314,3314,-2.89520881534064,1.3574093875805
2,1315,3315,-1.0305107196106,1.2101824747925
2,1316,3316,-2.92530389197831,3.42181486334376
2,1317,3317,-2.34140338171738,2.97512455870673
2,1318,3318,-1.7336470533953,2.80039312103377
2,1319,3319,-1.16587888694812,2.81194031107398
2,1320,3320,-1.99301744648473,2.1790307205818
2,1321,3321,-2.19514077625525,2.51256942031745
2,1322,3322,-1.37797307155836,2.03062256942159
2,1323,3323,-1.95542634595815,1.45181400971388
2,1324,3324,-1.4593633912883,1.46731358943171
2,1325,3325,-1.35107217357723,1.28466418445017
2,1326,3326,-1.72610204771456,1.68268254236557
2,1327,3327,-1.22329815955927,1.41857380291709
2,1328,3328,-1.48728848166146,1.42149969317817
2,1329,3329,-1.63384603659372,1.22884106576735
2,1330,3330,-1.02252643417929,1.81517031421948
2,1331,3331,-1.40655809437581,1.70248812197976
2,1332,3332,-1.73131599891228,2.0344728436018
2,1333,3333,-1.69430111898355,1.83497551376724
2,1334,3334,-1.31527563496052,1.72719188540092
2,1335,3335,-1.62189257722219,2.10837232354244
2,1336,3336,-1.36818960320698,1.3979905154254
2,1337,3337,-1.40291913547959,1.40641180451339
2,1338,3338,-0.682303412941726,2.69326019710013
2,1339,3339,-0.823643458928207,2.13849774396201
2,1340,3340,-1.26092875230719,3.19259395700291
2,1341,3341,-2.00129581925313,2.13030461466349
2,1342,3342,-2.21562726964614,2.53411785653085
2,1343,3343,-3.00429730596644,1.88767053426218
2,1344,3344,-2.3162020364522,2.3326928067201
2,1345,3345,-1.99031370361652,1.72477158660454
2,1346,3346,-2.2942871762285,2.96356713504244
2,1347,3347,-2.25627538960359,2.96900520034173
2,1348,3348,-2.79462754658434,2.62197638625523
2,1349,3349,-2.84581659171239,1.85712531981002
2,1350,3350,-2.21105303012927,2.15382867971828
2,1351,3351,-2.44480234451222,2.3288898496224
2,1352,3352,-2.49119985891583,2.81730508030072
2,1353,3353,-2.28493087168917,2.62485944288017
2,1354,3354,-2.22554970478365,1.98626779666277
2,1355,3355,-0.650277422561261,1.89981505183371
2,1356,3356,-1.58598711580388,2.27399842562303
2,1357,3357,-1.69621569854135,2.45175761971334
2,1358,3358,-2.95501675774312,1.67926131140602
2,1359,3359,-2.05125456340892,1.63190184937855
2,1360,3360,-2.28256123850806,1.46246020737691
2,1361,3361,-2.69972894446721,1.36366798987133
2,1362,3362,-2.99559645515861,1.21410621424452
2,1363,3363,-2.23547464995944,1.52319017919968
2,1364,3364,-2.23318125217998,1.31788659214954
2,1365,3365,-2.27317066966728,2.29618985823756
2,1366,3366,-2.44689824456088,2.51651488185839
2,1367,3367,-1.46300406973802,1.47706328303238
2,1368,3368,-1.85031437110074,1.76171430327011
2,1369,3369,-2.27298640846341,2.30622005725751
2,1370,3370,-2.25689330085669,1.8584038884711
2,1371,3371,-2.90104884429081,2.23640495527859
2,1372,3372,-2.7215639409595,1.72461963144796
2,1373,3373,-3.10834192124352,2.56427264184083
2,1374,3374,-3.12318696508635,2.54590370131254
2,1375,3375,-2.7531530472303,2.68885031488458
2,1376,3376,-2.43037938222992,2.27169740789122
2,1377,3377,-2.38444319259699,2.38267575424268
2,1378,3378,-2.70666248701356,2.99351466569197
2,1379,3379,-2.82271769419098,1.82363574651882
2,1380,3380,-3.92345728071315,2.00429334704623
2,1381,3381,-2.40353820340958,3.17936209311985
2,1382,3382,-3.07513382068995,2.69156120571815
2,1383,3383,-3.6344978424754,3.50212171543702
2,1384,3384,-3.07640320744701,1.91726781195542
2,1385,3385,-2.18729965322016,3.17581790500782
2,1386,3386,-3.32161294907668,3.28475996103119
2,1387,3387,-3.23207166640528,3.63114487483744
2,1388,3388,-2.47247477046651,2.54328674027036
2,1389,3389,-1.36869186549929,1.43901839563553
2,1390,3390,-1.61897482262148,2.17080770234433
2,1391,3391,-1.62216036746544,2.18474225232401
2,1392,3392,-1.00417325365578,2.34068372519536
2,1393,3393,-1.14220010817512,2.19364087950031
2,1394,3394,-0.631731275653283,2.74894746233025
2,1395,3395,-1.24605239673074,2.46087514954234
2,1396,3396,-1.51103544965975,2.01311520563468
2,1397,3397,-2.32132858050642,1.73897687234788
2,1398,3398,-2.79307479136118,1.37374765859787
2,1399,3399,-2.79830619458341,2.70487937906378
2,1400,3400,-4.00824592423896,2.33550119132912
2,1401,3401,-1.52763239419484,1.33082041801761
2,1402,3402,-1.4175947305044,2.68948967440065
2,1403,3403,-3.01739028849237,1.6996517849976
2,1404,3404,-2.12075412712988,1.86183712844894
2,1405,3405,-1.90284613433244,1.38627125974143
2,1406,3406,-2.88698336484528,2.62667996406298
2,1407,3407,-3.20425689381302,2.74107169368365
2,1408,3408,-1.26909340183325,1.09197284861642
2,1409,3409,-2.96757750508802,1.33893328980608
2,1410,3410,-2.82981080330153,2.12620865581846
2,1411,3411,-3.54769878532167,1.88096270882999
2,1412,3412,-2.70069364914,2.27555810009139
2,1413,3413,-2.12307031014712,2.99545132402525
2,1414,3414,-2.02699556187817,3.1863066951092
2,1415,3415,-2.00991732835692,1.16858403220055
2,1416,3416,-3.12263319600703,1.55933237389374
2,1417,3417,-1.6254670185892,1.03328461955405
2,1418,3418,-1.46372767900803,1.43329918771545
2,1419,3419,-1.2476391638194,1.17490160575366
2,1420,3420,-1.28161147559525,1.38623132539066
2,1421,3421,-1.34457374107496,1.38185037054908
2,1422,3422,-2.34346138613371,1.66618845698876
2,1423,3423,-1.64043793903058,1.8070285916978
2,1424,3424,-1.94964967264895,1.67535682968553
2,1425,3425,-1.83650232600581,1.77845543599308
2,1426,3426,-1.64140614258058,2.88683858441829
2,1427,3427,-3.20281005141923,1.80690127636607
2,1428,3428,-2.45012391650915,2.61665420218556
2,1429,3429,-1.34962312037312,3.8494858709583
2,1430,3430,-1.19622135340282,3.17698682615336
2,1431,3431,-1.43721500168433,3.49144556738687
2,1432,3432,-1.75626090225846,2.03165716814293
2,1433,3433,-0.96203061274162,1.08518940814045
2,1434,3434,-2.38991350108155,1.42800808968533
2,1435,3435,-1.64697660124712,1.30818205212594
2,1436,3436,-2.57521092580681,2.1423964990924
2,1437,3437,-2.38741690712256,2.12481040342804
2,1438,3438,-2.24713870406519,2.27904177269262
2,1439,3439,-2.1399782185015,1.59298568867416
2,1440,3440,-1.3257205482667,2.20737671843664
2,1441,3441,-1.71582603090781,1.76377394850649
2,1442,3442,-2.0610456970529,1.89022618323858
2,1443,3443,-2.57614989737724,1.57667758068946
2,1444,3444,-0.651535054224865,2.32101442005492
2,1445,3445,-2.50757214354622,1.54752897003995
2,1446,3446,-1.46111898959474,2.66141017659707
2,1447,3447,-1.01419410058233,2.6163750701523
2,1448,3448,-2.23497720357222,2.19473813976224
2,1449,3449,-2.06643116089052,3.24644750189333
2,1450,3450,-2.37646648050513,3.34557040137582
2,1451,3451,-1.78471377673743,2.66655225273058
2,1452,3452,-1.35329677320533,2.54467431960926
2,1453,3453,-1.41635762363671,3.28841355568936
2,1454,3454,-1.55111531588241,1.36461541915917
2,1455,3455,-2.89150126902668,2.16176583356862
2,1456,3456,-1.26698075426114,3.47927016087669
2,1457,3457,-1.72935991864199,3.92374286152139
2,1458,3458,-3.58028548401274,2.89708706506281
2,1459,3459,-2.2148933369617,2.35983851636285
2,1460,3460,-2.60026926935926,2.41188712798007
2,1461,3461,-1.96717984357446,2.1845151285842
2,1462,3462,-1.92584600319361,1.92205086243656
2,1463,3463,-3.06537804848499,3.82553122171967
2,1464,3464,-2.62157111779591,2.79457231098541
2,1465,3465,-0.234191738201748,1.8950298162466
2,1466,3466,-1.44784755751429,1.62195148915693
2,1467,3467,-1.50845573047578,1.91310325941534
2,1468,3468,-1.93162982809478,2.33101999041338
2,1469,3469,-1.01883600756086,0.751597698759177
2,1470,3470,-2.39250763570274,1.21859321854192
2,1471,3471,-1.43039388520174,0.963499566445964
2,1472,3472,-3.462284884813,1.37694391787902
2,1473,3473,-3.65015713328726,1.5441678480453
2,1474,3474,-3.50128899970375,1.54799120560843
2,1475,3475,-1.8229580527919,1.86651260095905
2,1476,3476,-1.6470414659107,2.93454533343093
2,1477,3477,-3.3527181213538,2.0771714457666
2,1478,3478,-3.07456949288626,3.08376176937022
2,1479,3479,-2.7469600565575,2.46483462472285
2,1480,3480,-2.38295137438772,2.54720563082884
2,1481,3481,-2.48134908649957,2.87792122907873
2,1482,3482,-0.607112052702556,3.55222971374757
2,1483,3483,-2.52176404976812,1.44480741437658
2,1484,3484,-1.8523989184634,1.63462975782159
2,1485,3485,-2.13785147118058,2.28101904586206
2,1486,3486,-1.45798730537868,2.13464303333831
2,1487,3487,-1.94393869185537,2.2213319629255
2,1488,3488,-2.39433751158983,2.749157015844
2,1489,3489,-1.1638316718546,1.52322601474895
2,1490,3490,-2.85346386141974,2.54531192222989
2,1491,3491,-1.25885868777156,1.45228451308184
2,1492,3492,-1.2457329316661,2.46685937554693
2,1493,3493,-3.14706866589794,2.00980387098237
2,1494,3494,-2.87911174396637,1.59843543237032
2,1495,3495,-1.99735403537644,2.90307363085787
2,1496,3496,-0.975773259646309,2.02779102997066
2,1497,3497,-2.09192313907854,1.2161632994178
2,1498,3498,-1.25885164995413,1.51141244253753
2,1499,3499,-1.88470404911496,1.96395717788824
2,1500,3500,-1.55005161121315,1.60302266140137
2,1501,3501,-1.23817278641697,2.71353339889273
2,1502,3502,-2.45731202361836,2.05949524450314
2,1503,3503,-1.74492078717363,1.64019458480465
2,1504,3504,-2.15260703189275,1.74297494720679
2,1505,3505,-2.62968771175749,1.54971726300745
2,1506,3506,-2.28797628022724,2.37508061891278
2,1507,3507,-1.0694279562991,3.41553262264119
2,1508,3508,-0.71633802040053,1.76694825883875
2,1509,3509,-1.62400960990952,2.15411854694498
2,1510,3510,-1.76431180996528,2.18336453642337
2,1511,3511,-1.11611137664584,1.16910726828688
2,1512,3512,-1.3659313798252,1.12066858312254
2,1513,3513,-3.63785199816142,2.97227443508452
2,1514,3514,-2.68149350218443,1.76965205443675
2,1515,3515,-2.95958970108705,1.8400200043946
2,1516,3516,-2.84230204568688,1.95918613275867
2,1517,3517,-2.85221108693308,1.66079235887937
2,1518,3518,-2.90109635814529,2.30469077319461
2,1519,3519,-2.02685209252043,1.58828320723522
2,1520,3520,-3.01665557425296,2.37654946847545
2,1521,3521,-2.16435117562811,1.96654988273552
2,1522,3522,-1.98143907218562,1.44975229811702
2,1523,3523,-2.61635173215558,2.97412380724973
2,1524,3524,-2.39817233477872,2.19269348661556
2,1525,3525,-1.80579087645819,2.01772592313419
2,1526,3526,-1.48310230206389,2.56216826196844
2,1527,3527,-1.79556598106001,3.74097269848997
2,1528,3528,-1.44620808222072,4.32913805387653
2,1529,3529,-1.59937107709208,3.35496989894005
2,1530,3530,-0.967539478201748,3.130599130369
2,1531,3531,-1.23005957263474,3.18659363484865
2,1532,3532,-3.06340707346286,2.58450929695329
2,1533,3533,-2.19637166503969,2.60933582771683
2,1534,3534,-2.93514961642442,1.90350250594445
2,1535,3535,-2.44868476408966,1.94510748536991
2,1536,3536,-2.34829032963812,1.31763429436792
2,1537,3537,-2.40256076440297,1.94407872252149
2,1538,3538,-2.80359204994603,1.75639256563951
2,1539,3539,-3.63262078879715,2.17812858986102
2,1540,3540,-3.76725306519734,1.87020658543892
2,1541,3541,-0.741213361977573,2.14667931929233
2,1542,3542,-1.11740304433906,2.14191315463103
2,1543,3543,-2.11148315566159,1.93990013954226
2,1544,3544,-2.36804596589201,1.99858074371088
2,1545,3545,-2.20469502481668,2.24274806118353
2,1546,3546,-1.1853609610567,1.86030872729921
2,1547,3547,0.451879429576455,1.98317448892412
2,1548,3548,-0.678969806146899,2.08257081987619
2,1549,3549,-1.22202474619064,1.3768273214462
2,1550,3550,-1.9232598598694,1.76325629416963
2,1551,3551,-2.0140676078637,1.42354884689473
2,1552,3552,-1.99336281885456,1.57396904614899
2,1553,3553,-1.57029330581568,1.85775546350938
2,1554,3554,-0.848426071866104,2.39615008543086
2,1555,3555,-1.69513649464282,2.12494799409371
2,1556,3556,-2.04954552435903,2.17441107892424
2,1557,3557,-1.60652918882274,1.41463222951805
2,1558,3558,-1.56540919876994,1.40198259146407
2,1559,3559,-1.59962890190714,1.59352616617875
2,1560,3560,-1.83334208516819,2.30079588465038
2,1561,3561,-2.24505231165037,2.83013507791186
2,1562,3562,-3.63347888398015,3.03420436700505
2,1563,3563,-2.91430368739305,3.32670490053332
2,1564,3564,-3.60215121821654,2.18765815172469
2,1565,3565,-2.98097949948952,1.93556691272417
2,1566,3566,-0.333815021048141,1.94703232206197
2,1567,3567,-0.795133516685453,2.50057312208085
2,1568,3568,0.57078305645831,1.19221806968595
2,1569,3569,-2.03568875445569,3.45599176406007
2,1570,3570,-1.95689839617458,2.45767328580635
2,1571,3571,-0.755678509204541,1.50011401915211
2,1572,3572,-1.28546935804128,1.56815319171492
2,1573,3573,-1.65765910710717,2.35085319590979
2,1574,3574,-1.79448749868089,1.53173244931067
2,1575,3575,-1.76404055350808,1.61448180658819
2,1576,3576,-2.57869750568399,2.57426284875506
2,1577,3577,-2.28917136456638,1.69139350460197
2,1578,3578,-1.98310229313004,1.3138134628978
2,1579,3579,-1.12947324952125,1.43972004141045
2,1580,3580,-0.408656892591622,2.62148385736831
2,1581,3581,-0.0648671107328001,2.55228200132145
2,1582,3582,-0.573160618922635,2.42205543296484
2,1583,3583,-1.01928270136268,2.75320323768304
2,1584,3584,-2.60167687040768,1.75746094044067
2,1585,3585,-1.92191288387702,2.44478156783388
2,1586,3586,-1.07714634023595,2.4116926155652
2,1587,3587,-0.916610096111636,2.14558825664396
2,1588,3588,-1.249504145182,2.54616476472778
2,1589,3589,-0.704065440361329,1.90707666564364
2,1590,3590,-0.997618533633606,2.14278360443983
2,1591,3591,-0.746940014382006,1.91121408035193
2,1592,3592,-0.241927223607059,2.08199705671967
2,1593,3593,0.0279135218506453,1.88050507595715
2,1594,3594,-1.0234944405003,1.78445799124014
2,1595,3595,-1.89883467434731,1.74568690770769
2,1596,3596,-2.32336343236002,2.2195064137126
2,1597,3597,-1.64158905555096,1.60652518207257
2,1598,3598,-1.94788204499836,1.59464021558034
2,1599,3599,-1.509890695779,1.57046314253675
2,1600,3600,-1.52157811628828,1.86981338743329
2,1601,3601,-1.91200824810814,1.74622103502459
2,1602,3602,-2.84521594644254,2.47254056538171
2,1603,3603,-2.03782536738001,3.45492716026571
2,1604,3604,-1.46311710822472,3.81335619324955
2,1605,3605,-2.34553466088993,3.23859702172902
2,1606,3606,-0.784489657733212,1.64597556387385
2,1607,3607,-1.26486593463747,2.50516213101064
2,1608,3608,-1.33953317939482,2.28129129444535
2,1609,3609,-0.673441577860661,2.02796681795828
2,1610,3610,-1.27612937769509,1.87059092035871
2,1611,3611,-1.49728553886048,2.01001562157815
2,1612,3612,-1.13203585687177,2.54922023458591
2,1613,3613,-1.58035251330598,1.89070857274745
2,1614,3614,-1.61931774613315,1.54949949745933
2,1615,3615,-2.66831950987638,2.29045751464243
2,1616,3616,-2.48247653808773,2.23618003728416
2,1617,3617,-1.48590435849112,1.59901040850083
2,1618,3618,-1.12534504271313,2.07445563000039
2,1619,3619,-1.87500950079551,1.50504673638478
2,1620,3620,-1.7711800606564,1.99001514384754
2,1621,3621,-2.34072320309751,2.45989863986786
2,1622,3622,-2.46656174948841,1.52074843115588
2,1623,3623,-2.35551819559288,1.19051417831571
2,1624,3624,-2.8290447509031,1.25431373554062
2,1625,3625,-2.3065500952122,1.71520535056549
2,1626,3626,-1.6493313750553,1.40033410720461
2,1627,3627,-1.23544852479299,2.38060958990163
2,1628,3628,-1.3482347545094,2.53845183186079
2,1629,3629,-1.90732909383433,1.94553603301961
2,1630,3630,-1.44706169886788,2.33744202741026
2,1631,3631,-1.39147124468192,2.53100434305613
2,1632,3632,-1.5850801911007,2.42298159413826
2,1633,3633,-2.19686755489038,2.54921772524563
2,1634,3634,-1.8366198271135,0.873298893150024
2,1635,3635,-1.83073525981898,1.42332907523304
2,1636,3636,-1.72830957044855,1.38180503833904
2,1637,3637,-1.66123426887151,1.3145174381496
2,1638,3638,-1.5494426555638,1.23027074012086
2,1639,3639,-2.01422129244025,1.61944008795754
2,1640,3640,-1.51437895963287,1.33476663351596
2,1641,3641,-2.20556548500081,2.07671411859677
2,1642,3642,-2.11755906979547,1.68346643397567
2,1643,3643,-1.91481316945949,1.82100344092856
2,1644,3644,-2.55163757096883,1.73035758852306
2,1645,3645,-2.13874496371848,1.40189079906823
2,1646,3646,-2.82149071502698,2.93679945387552
2,1647,3647,-2.88355641643929,2.90043460630209
2,1648,3648,-2.4555059029234,1.75262702023904
2,1649,3649,-0.932897800333181,2.06747659972589
2,1650,3650,-2.45501660890407,2.21469966355005
2,1651,3651,-1.94776763512593,1.97929720491108
2,1652,3652,-2.16102439401057,2.05866112650337
2,1653,3653,-1.86029862944463,1.32595744880838
2,1654,3654,-3.0648676060556,1.97328436896011
2,1655,3655,-2.7820972028906,1.9069853822182
2,1656,3656,-2.88410074196262,1.65152803055896
2,1657,3657,-1.72693084975342,1.65817175285351
2,1658,3658,-1.88507741184731,2.46753122698808
2,1659,3659,-0.618918762579705,1.75261834148463
2,1660,3660,-1.30830658840195,1.63092940013119
2,1661,3661,-1.50772956798688,1.93545517294942
2,1662,3662,-0.754583338775559,2.49785504885843
2,1663,3663,-0.736491699669937,2.59027454863628
2,1664,3664,-1.08131207777384,2.77741480167881
2,1665,3665,-1.07651741518058,2.43159171655283
2,1666,3666,-1.75865287600498,2.86773564505388
2,1667,3667,-1.87310853011752,2.02528303494477
2,1668,3668,-2.15765831869654,3.21186361955669
2,1669,3669,-1.4501812863824,2.53489623938584
2,1670,3670,-1.14359670229452,2.83725601145725
2,1671,3671,-0.819239587217941,2.0131499536576
2,1672,3672,-1.08611508216435,2.19763721344678
2,1673,3673,-1.03032859528625,1.48388870033356
2,1674,3674,-1.10909094477394,1.48458058963659
2,1675,3675,-1.56700903551203,2.43056874432153
2,1676,3676,-1.26501735746028,2.12828008959193
2,1677,3677,-0.945471066798054,1.3869620733482
2,1678,3678,-1.4163020184047,1.73159165257481
2,1679,3679,-1.58987696940731,1.84163368892737
2,1680,3680,-1.4799420785652,1.75053265700887
2,1681,3681,-1.99445395977948,1.93392181585275
2,1682,3682,-2.38110972385279,1.71255122883792
2,1683,3683,-2.30036879451602,1.31141199484075
2,1684,3684,-3.38437420269366,3.10612982815397
2,1685,3685,-2.40027249458919,1.41457867459723
2,1686,3686,-2.84244056277208,1.29673738198786
2,1687,3687,-2.95912932431195,2.60566935328739
2,1688,3688,-2.61121924061709,2.51701646349579
2,1689,3689,-2.23711585168004,1.59823109418861
2,1690,3690,-2.67026280794488,2.48120795891628
2,1691,3691,-2.74434616704322,2.14608196873329
2,1692,3692,-3.27473405575615,1.55036652269063
2,1693,3693,-2.78258704836235,1.58219822639261
2,1694,3694,-1.89393154721956,1.55941764136155
2,1695,3695,-2.62682693475691,1.30931194761174
2,1696,3696,-2.31953211470232,3.50921104351993
2,1697,3697,-1.92768779126664,3.13735000370615
2,1698,3698,-2.18649381678659,1.78168567216707
2,1699,3699,-2.2639554143609,1.40953640657846
2,1700,3700,-1.70995090931368,1.02151926111747
2,1701,3701,-2.09265014090429,1.30101700353006
2,1702,3702,-2.28431772093482,1.55088995505177
2,1703,3703,-2.67740986303512,1.7272536764998
2,1704,3704,-3.35985211896091,1.72122684340538
2,1705,3705,-2.53619026206658,1.59793204287673
2,1706,3706,-2.63510729431576,2.95009536871484
2,1707,3707,-1.83114404036159,1.30362148894398
2,1708,3708,-2.07557905846276,1.80514267595126
2,1709,3709,-2.46097684229024,1.88399708928532
2,1710,3710,-2.89078073044509,2.23544729087821
2,1711,3711,-2.89903010542539,2.4243973116099
2,1712,3712,-2.97372523642347,1.84224135358572
2,1713,3713,-2.91773517818573,2.64347451047809
2,1714,3714,-1.86578776266737,1.87001674212236
2,1715,3715,-2.15371047593478,2.4701795865614
2,1716,3716,-2.62903748238266,1.88577838097464
2,1717,3717,-2.88014726223895,2.17224119501221
2,1718,3718,-2.96717163644817,1.89236640002362
2,1719,3719,-1.63953184967762,1.37032459733313
2,1720,3720,-2.2732706683065,2.66152505775998
2,1721,3721,-1.73747943983771,2.94997393095857
2,1722,3722,-1.73227628137747,2.84844411890532
2,1723,3723,-2.08585901256599,2.1659840669167
2,1724,3724,-1.17107825738495,1.46476976659284
2,1725,3725,-0.582696153020737,1.65703382955546
2,1726,3726,-0.932619556493968,2.27504639009147
2,1727,3727,-1.0341727938052,3.30943088090227
2,1728,3728,-2.28164058092684,1.83529316535395
2,1729,3729,-1.14761970831812,2.54918313717187
2,1730,3730,-0.706533063739826,2.26350694874432
2,1731,3731,-1.37402467528299,2.08529002462683
2,1732,3732,-0.978277676151471,2.25700997463044
2,1733,3733,-1.78286571023185,2.98856883535761
2,1734,3734,-0.873191677479419,2.11648374434816
2,1735,3735,-1.29783508915662,2.66296756714268
2,1736,3736,-1.03922228723284,3.19432532539608
2,1737,3737,-2.87826461420565,2.2540927585175
2,1738,3738,-1.24703613381211,0.925894509746437
2,1739,3739,-0.947925029318812,0.627312361199646
2,1740,3740,-2.44274900069903,1.2932860930716
2,1741,3741,-2.01684216556225,1.1296063788184
2,1742,3742,-0.533188156568124,2.79188369075491
2,1743,3743,-1.31351010491871,1.9868290281803
2,1744,3744,-0.503397732828606,1.92164929296474
2,1745,3745,-1.17487285907519,2.20424586489271
2,1746,3746,-0.898421722960784,1.91535831130659
2,1747,3747,-1.02452119481304,2.03269457722283
2,1748,3748,-1.40755329218288,1.80773390105275
2,1749,3749,-2.30711953239287,2.04519058381445
2,1750,3750,-2.37309243262373,1.78082047340437
2,1751,3751,-2.27730608411624,1.36991898401907
2,1752,3752,-2.59603381345804,1.72883582993866
2,1753,3753,-1.98602332625561,0.873128106979328
2,1754,3754,-2.27573451407915,2.82034905599124
2,1755,3755,-2.51014579493314,2.47216104072334
2,1756,3756,-0.842576878954452,2.45065617861144
2,1757,3757,-1.95597583146352,1.26143484921205
2,1758,3758,-1.55724401946102,1.39433970342804
2,1759,3759,-1.60626055529384,2.14161534729062
2,1760,3760,-1.54097552791283,2.05535259086208
2,1761,3761,-1.3716239460292,1.34426050818328
2,1762,3762,-2.0362059150478,1.12260559229899
2,1763,3763,-1.35156627426715,0.542985835257808
2,1764,3764,-2.97193286452853,1.57258917108713
2,1765,3765,-2.33010072756337,1.45363385469365
2,1766,3766,-2.73559140681242,1.25903118508328
2,1767,3767,-1.63868518702454,1.63279520818383
2,1768,3768,-1.61870777922845,1.53348448231038
2,1769,3769,-1.96635894271745,1.0603493523722
2,1770,3770,-1.07342079630221,3.04055071934017
2,1771,3771,-0.632218814173556,2.9173872120265
2,1772,3772,-0.839744795863449,2.54844910521333
2,1773,3773,-1.57613041438195,1.05816249943173
2,1774,3774,-2.44891604552021,2.50662110624451
2,1775,3775,-2.77554339010881,1.90053998293075
2,1776,3776,-2.08729764929843,2.47023190580576
2,1777,3777,-0.999932823360575,2.44595019961318
2,1778,3778,-0.777256061280702,3.0700652042808
2,1779,3779,-1.67565815122698,2.55014619096979
2,1780,3780,-1.7136105727516,2.53170954120269
2,1781,3781,-2.50711163303479,2.40818843882883
2,1782,3782,-2.36445398389492,1.42644804107272
2,1783,3783,-1.63512334121187,1.42536163870255
2,1784,3784,-1.27298035472599,2.07675692405886
2,1785,3785,-1.06027302356621,1.47698644962433
2,1786,3786,-2.3243907852425,1.35572320357717
2,1787,3787,-2.7376199712689,1.3246705771609
2,1788,3788,-2.90697421935849,2.31663969021073
2,1789,3789,-1.4282672078061,1.97768155392088
2,1790,3790,-1.74393958497803,2.04542892796333
2,1791,3791,-0.805501261323796,1.30532247956216
2,1792,3792,-1.62071929922206,1.52880022202702
2,1793,3793,-0.82787772689685,1.33285088006337
2,1794,3794,-0.830606848242374,0.904759422398751
2,1795,3795,-1.05135505098898,1.28020186840594
2,1796,3796,-1.5747476568149,2.07921365937349
2,1797,3797,-1.45810273542975,2.95522997388371
2,1798,3798,-1.61189986058975,2.14645996855234
2,1799,3799,-1.81584490443369,1.92957238714891
2,1800,3800,-1.61793435801766,2.07204238337861
2,1801,3801,-1.69006503911243,2.21727337151198
2,1802,3802,-2.11987941078619,1.72254607770318
2,1803,3803,-2.23235847873513,1.50140558575056
2,1804,3804,-2.68814196030946,1.82568820547224
2,1805,3805,-3.25715708060347,1.90538875103559
2,1806,3806,-2.35339773335144,1.9243151273471
2,1807,3807,-1.65467369435773,2.29043456182385
2,1808,3808,-1.69469976141776,1.37663200806105
2,1809,3809,-1.87793350049107,1.24572516777649
2,1810,3810,-2.17351608864075,1.18246441317736
2,1811,3811,-2.48361679987203,1.11769729164807
2,1812,3812,-2.40538810755975,1.27068910408531
2,1813,3813,-2.00162888323198,1.72636305026232
2,1814,3814,-1.67310027945217,1.11837585794382
2,1815,3815,-2.17971709123327,1.12477717001758
2,1816,3816,-2.39902577368533,1.43296951553131
2,1817,3817,-1.22429609892296,1.38029584036847
2,1818,3818,-2.76904765649559,1.98344935493489
2,1819,3819,-2.14179020563099,1.90468378859521
2,1820,3820,-1.85977058207596,2.11401703481195
2,1821,3821,-1.3601307567708,2.47414864617559
2,1822,3822,-1.96421242009763,2.01386960478144
2,1823,3823,-1.35302967579883,2.04008660214523
2,1824,3824,-2.37852984002134,1.95102424774111
2,1825,3825,-2.22316720644084,2.06290249641757
2,1826,3826,-2.04714831301212,1.97793033282935
2,1827,3827,-1.44792197446087,1.44066459661722
2,1828,3828,-1.09940670879903,1.67217229520079
2,1829,3829,-1.45061361446295,3.14818631067763
2,1830,3830,-1.79516622485717,2.96782034560708
2,1831,3831,-1.60106836951915,1.82353226052662
2,1832,3832,-1.34468543506088,2.51664621343058
2,1833,3833,-0.91233120191631,2.13270404163695
2,1834,3834,-0.656551024112421,2.34378237548793
2,1835,3835,-1.43504895356981,1.6794920946186
2,1836,3836,-0.970342670314302,1.80113914364557
2,1837,3837,-0.393670377844875,2.16182979667848
2,1838,3838,-0.650002175050137,3.11806614195805
2,1839,3839,-0.535326013399539,2.73745651977343
2,1840,3840,-1.1954450099222,1.85717210763734
2,1841,3841,-1.99202652709693,3.24030726174883
2,1842,3842,-2.34754096366999,1.91358817969166
2,1843,3843,-2.48404163453221,2.19915498750601
2,1844,3844,-2.65804199423898,2.32679625788083
2,1845,3845,-1.35660778733997,2.90624106701993
2,1846,3846,-0.938768164982457,3.21236936150443
2,1847,3847,-1.40833756865642,2.9600638488709
2,1848,3848,-1.14325823497554,2.74359518368775
2,1849,3849,-0.788200258675183,1.89768755418413
2,1850,3850,-2.45310552713026,1.78419523997729
2,1851,3851,-3.10403810124521,2.33886189374712
2,1852,3852,-2.31080449698231,1.8712657663682
2,1853,3853,-1.98006410946366,1.94941708242153
2,1854,3854,-1.33330696860415,1.94008986982959
2,1855,3855,-1.85705080923315,2.0978790288922
2,1856,3856,-1.88765560085972,1.52601373412263
2,1857,3857,-2.25070982917105,1.35079558733985
2,1858,3858,-1.55980556425682,1.55082360323737
2,1859,3859,-3.17488582712948,2.05520289893852
2,1860,3860,-2.77851255446628,3.71707118200083
2,1861,3861,-1.78371111965307,0.712037056242027
2,1862,3862,-2.14556339532729,1.34632515590282
2,1863,3863,-2.34274996228816,1.35229800840912
2,1864,3864,-2.04030627121203,2.36248641015679
2,1865,3865,-2.20653430394938,2.28546036543054
2,1866,3866,-2.04826876461255,2.25382228027756
2,1867,3867,-2.54935054699157,2.32239635822451
2,1868,3868,-2.26160739929473,2.0036477384714
2,1869,3869,-2.25719385328833,2.01799231203887
2,1870,3870,-1.58621121290677,1.36990855710205
2,1871,3871,-2.95218036419082,2.41805314588071
2,1872,3872,-2.2838282933341,2.18526302456291
2,1873,3873,-2.05099285565153,2.37178512218346
2,1874,3874,-1.13570732989402,1.93133031899439
2,1875,3875,-0.0512495679384153,2.39837798478987
2,1876,3876,0.385998492820802,2.90152020554129
2,1877,3877,0.322890442804169,2.8081041639003
2,1878,3878,0.376926248319923,2.79233281443619
2,1879,3879,-3.02407656375014,1.30428933633667
2,1880,3880,-3.46973816081765,1.4783073431953
2,1881,3881,-1.07976407667014,1.68273599348617
2,1882,3882,-1.82183000346841,1.51637792875322
2,1883,3883,-2.42859021445001,1.50271188861685
2,1884,3884,-2.61781588073268,1.93771847114292
2,1885,3885,-2.08911656391588,1.73796918813473
2,1886,3886,-1.13743036007644,1.86722071323957
2,1887,3887,-2.04655430912591,2.35061380644486
2,1888,3888,-1.91330368498301,2.14752394907487
2,1889,3889,-1.47351872846891,1.67536858544968
2,1890,3890,-1.26073702573553,2.06735855623479
2,1891,3891,-0.0856435023756345,2.5274095996026
2,1892,3892,-0.804096445518726,1.2518838091806
2,1893,3893,-1.50475244410023,1.28181410938403
2,1894,3894,-1.64730676148452,1.15969293587161
2,1895,3895,-2.07632694301365,1.7024537025834
2,1896,3896,-2.79990818474272,1.52809486852735
2,1897,3897,-1.19180716577592,3.51727143199996
2,1898,3898,-0.853945966824579,2.68339282024379
2,1899,3899,-1.19053632897436,2.43249817589665
2,1900,3900,-1.3324501027646,2.59489712532614
2,1901,3901,-0.702013184843953,2.50488694197346
2,1902,3902,-2.28378570841573,1.8074619179526
2,1903,3903,-2.33346939659857,1.96023733356555
2,1904,3904,-2.40765253975541,2.23787719988029
2,1905,3905,-3.60413128204791,2.23152594156525
2,1906,3906,-2.70649973862891,2.60289785603765
2,1907,3907,-2.39826945816072,1.85700520024186
2,1908,3908,-1.66877990682864,2.24090886207955
2,1909,3909,-0.860173873519159,2.21181940259269
2,1910,3910,-0.611964502114005,1.79565074077072
2,1911,3911,-3.3046059758305,1.73437947736742
2,1912,3912,-2.74967327130231,1.41119953721036
2,1913,3913,-3.13974992662461,1.77901562191839
2,1914,3914,-3.08066092948777,2.35424696769717
2,1915,3915,-2.03944283391083,1.89832152493986
2,1916,3916,-3.05155812269618,2.43617118761412
2,1917,3917,-2.73469637146682,2.35524627196141
2,1918,3918,-1.60288465752184,2.11293886739366
2,1919,3919,-1.57501346935301,3.12440570712989
2,1920,3920,-1.94351645731622,1.91035593563854
2,1921,3921,-1.35170471788976,1.36326264068118
2,1922,3922,-3.50034636115066,2.28397983812661
2,1923,3923,-2.39434360284206,1.54212725385989
2,1924,3924,-2.17349959903669,1.64051553003487
2,1925,3925,-2.30974852784815,1.9273246743866
2,1926,3926,-3.05476062236189,1.43823071837739
2,1927,3927,-3.14279597453324,1.47250019101098
2,1928,3928,-3.01329757021846,1.59036307557438
2,1929,3929,-3.10150483542656,1.7084891391113
2,1930,3930,-2.17053322435276,1.33007829127633
2,1931,3931,-2.03165768654404,1.71363257484746
2,1932,3932,-1.61612148181243,0.882926174033438
2,1933,3933,-1.70595146592621,1.26899226392628
2,1934,3934,-2.12787729381552,1.42815434405464
2,1935,3935,-2.28057219444849,1.20867241002968
2,1936,3936,-1.64755338439263,1.18206090467467
2,1937,3937,-3.67615895456564,2.4026793888085
2,1938,3938,-3.36779887861427,3.03735471025299
2,1939,3939,-3.31306464552383,2.98801641440377
2,1940,3940,-2.61219770463509,1.00151091713066
2,1941,3941,-2.24221172793759,1.30600736314449
2,1942,3942,-1.99346590161967,1.13240561424107
2,1943,3943,-1.23256353677901,1.00965712672137
2,1944,3944,-1.11980698952087,0.976027733449884
2,1945,3945,-1.0173300262727,1.32384274966039
2,1946,3946,-2.30784984988591,2.10565332526336
2,1947,3947,-2.23656773728412,2.1002252224076
2,1948,3948,-2.25607196343632,1.73467455077945
2,1949,3949,-1.90679919701989,2.05926781401965
2,1950,3950,-1.46441027471172,4.15106192550979
2,1951,3951,-1.69141715395209,3.42435340830668
2,1952,3952,-1.36948732984194,2.86428449214176
2,1953,3953,-1.80169948590254,2.14448570753707
2,1954,3954,-2.48870818832664,1.40996482451987
2,1955,3955,-2.01764232489193,1.33128900282034
2,1956,3956,-1.29117064487512,1.80664009382516
2,1957,3957,-1.63031760034512,1.66952476102983
2,1958,3958,-1.12095431044386,1.54144942368631
2,1959,3959,-0.972660523264841,1.92608366438485
2,1960,3960,-0.0268484489152145,3.11619431441077
2,1961,3961,-0.457389238641136,1.95573679954861
2,1962,3962,-1.44083835120555,3.16915192789926
2,1963,3963,-1.13131109766527,2.9739245526444
2,1964,3964,-1.52284051561824,3.18782006911353
2,1965,3965,-1.85316417906936,1.80954914220128
2,1966,3966,-3.04735388496234,2.3506567989383
2,1967,3967,-3.99990784584281,2.5938489308753
2,1968,3968,-0.871258332885838,2.62483696172948
2,1969,3969,-1.26752147963876,1.91439253375826
2,1970,3970,-0.885747617900209,2.45102903265985
2,1971,3971,-0.771879390307561,1.9369975698901
2,1972,3972,-0.691436495869858,1.82108985560934
2,1973,3973,0.472634738730683,2.39495712378373
2,1974,3974,-1.59610672938438,1.47887800337728
2,1975,3975,-2.53450524081236,2.08890440674872
2,1976,3976,-2.13446695402943,2.27062531312441
2,1977,3977,-2.14940060592616,1.93926875401037
2,1978,3978,-2.37528738881297,1.86628638207
2,1979,3979,-3.2841460454411,3.54772233130069
2,1980,3980,-3.47007570780674,3.5494102797205
2,1981,3981,-1.84348240389783,1.74843610643878
2,1982,3982,-2.4339941089595,2.07230825726128
2,1983,3983,-1.91167279403648,2.04331219417741
2,1984,3984,-1.7309676976478,1.26862269972485
2,1985,3985,-1.45278668018121,2.2451216298773
2,1986,3986,-1.27556423890758,1.59819281761226
2,1987,3987,-2.91059909368179,2.1650425048552
2,1988,3988,-2.15989063771315,1.64005132118932
2,1989,3989,-1.41094459089362,1.34189810891385
2,1990,3990,-1.46565047503876,1.28430357266886
2,1991,3991,-2.54907814159025,2.49991425812105
2,1992,3992,-2.10840675637891,1.11216167012054
2,1993,3993,-2.09460482173488,1.10678699099892
2,1994,3994,-2.39128350849393,1.1879740057816
2,1995,3995,-1.8630575465397,1.64803057146083
2,1996,3996,-1.2271246742276,1.54229118992782
2,1997,3997,-1.96215611672713,1.7038212752016
2,1998,3998,-1.79907912782938,2.12859218176046
2,1999,3999,-2.62563793501263,2.18032585766076
2,2000,4000,-1.81439028389802,2.05022321332005
3,1,4001,-1.17503101900275,2.10383412454008
3,2,4002,-1.38768304438976,2.13166118250437
3,3,4003,-1.75648620458271,2.11604543144904
3,4,4004,-2.59469861407901,1.57825286271685
3,5,4005,-1.13525014474799,1.71885839226873
3,6,4006,-2.46597989380634,1.42429926289168
3,7,4007,-1.9469417298332,1.43530794247833
3,8,4008,-1.39072086693346,1.82231520235952
3,9,4009,-2.07454878283289,1.85162270229297
3,10,4010,-0.894106934876251,1.30261048128288
3,11,4011,-0.564838648674774,1.23871482287283
3,12,4012,-2.3580396408233,2.35686443740134
3,13,4013,-2.1668233602773,2.45596526704564
3,14,4014,-1.62643915730671,1.21314059237011
3,15,4015,-1.10100500740959,1.29974642551235
3,16,4016,-0.359625067442627,0.902996005022945
3,17,4017,-1.26218515200015,0.608849413046659
3,18,4018,-2.19524161165106,1.95008761063816
3,19,4019,-2.07657693882349,1.60800961057204
3,20,4020,-1.36366532745769,0.78296741765833
3,21,4021,-0.427132104071599,1.32548423381408
3,22,4022,-0.595008282861102,2.62295283877785
3,23,4023,-1.21970807591012,1.79153005964298
3,24,4024,-1.23151090216206,1.99789778860576
3,25,4025,-2.20245551856444,1.84642896324592
3,26,4026,-1.71620007374036,2.61967227483553
3,27,4027,-1.84813232350284,5.08470859063462
3,28,4028,-2.13889745203482,4.55227315565623
3,29,4029,-2.11090069347765,4.65372595875698
3,30,4030,-2.077285401975,5.83157108570722
3,31,4031,-2.21782323786143,2.96534803068547
3,32,4032,-2.36464724464622,3.29891414624725
3,33,4033,-1.07988960693013,1.68665725843305
3,34,4034,-1.41175006102881,2.92504762964352
3,35,4035,-1.35759284615369,3.99231939965044
3,36,4036,-1.2028574890544,4.35196140619628
3,37,4037,-1.30434568359762,3.66982576183435
3,38,4038,-1.46952095299283,1.84716140764285
3,39,4039,-2.64260571457476,2.951482847468
3,40,4040,-1.86577109577589,3.55149117714412
3,41,4041,-2.15125442498726,2.59979881958557
3,42,4042,-2.20556342138783,2.48888374226543
3,43,4043,-2.06521569590249,2.00193230273537
3,44,4044,-2.04333986587225,1.97727485394484
3,45,4045,-2.19334778031127,1.34722238540965
3,46,4046,-1.74186570427125,1.28219854750213
3,47,4047,-1.85831201370242,1.97697210521248
3,48,4048,-0.778757588258472,2.26027605590102
3,49,4049,-1.42517055639264,1.33809414676913
3,50,4050,-1.06336861673397,1.16693835640032
3,51,4051,-2.35563990675817,1.43537102769397
3,52,4052,-2.06577492727062,2.6213390367026
3,53,4053,-2.776861582911,1.45115760461729
3,54,4054,-2.52355486182082,1.62602681026337
3,55,4055,-0.865831031503288,2.45981169704612
3,56,4056,-0.814767572704092,2.66249898110095
3,57,4057,-1.17017724607927,2.45155229147332
3,58,4058,-2.69321109879465,2.59854673354155
3,59,4059,-2.33240786986648,2.56507116220157
3,60,4060,-2.43029730670934,1.95618552052284
3,61,4061,-2.77263863655237,3.28214904510879
3,62,4062,-1.71664873032741,2.37361590280492
3,63,4063,-1.78867934651326,1.61284408289016
3,64,4064,-1.52247680534533,1.99530689830634
3,65,4065,-1.86069403566576,1.56033901998568
3,66,4066,-1.6153878967906,1.46282330358657
3,67,4067,-1.68939337233117,2.06780595898653
3,68,4068,-2.56760527195864,1.80392277446742
3,69,4069,-1.78685725129336,2.14730413574394
3,70,4070,-2.49489489152964,2.16211208949452
3,71,4071,-1.79454325577217,1.33232517972252
3,72,4072,-2.88649903019607,2.0976406361154
3,73,4073,-1.81322017121043,1.72716272173369
3,74,4074,-2.26264765347694,1.80301458631092
3,75,4075,-2.05490725499459,2.04625479618777
3,76,4076,-1.82454883363316,1.93421244546325
3,77,4077,-2.57864778912547,1.64841228437128
3,78,4078,-1.70367219750821,2.11741023659119
3,79,4079,-1.69215319192059,1.41987193499159
3,80,4080,-2.07776049460343,1.36591875741174
3,81,4081,-1.24904834709434,1.86030511376248
3,82,4082,-1.96373094913465,2.20160119406441
3,83,4083,-2.42378145382824,2.08214021864088
3,84,4084,-1.87000407960306,1.8592393245676
3,85,4085,-2.14773902353389,2.40017744004878
3,86,4086,-3.52008097706264,2.15043445482381
3,87,4087,-3.06163849363309,2.07491209407667
3,88,4088,-1.3370348422061,2.12220738672294
3,89,4089,-2.29506947919506,2.55537049064026
3,90,4090,-1.95042307074705,1.91410895973965
3,91,4091,-2.55665850911347,2.79916892221391
3,92,4092,-2.0620260026702,1.39160236733959
3,93,4093,-2.241988096921,1.52181773149366
3,94,4094,-2.82883815725786,3.18849002495458
3,95,4095,-2.39382472948889,2.80636794160122
3,96,4096,-2.15686176375982,1.54105401176522
3,97,4097,-1.49574004174427,1.73794682602938
3,98,4098,-2.87062710095014,1.37250132899963
3,99,4099,-2.12015592517053,1.48708227346472
3,100,4100,-2.22246313144607,1.69509344042053
3,101,4101,-2.17720177748496,1.68860796209365
3,102,4102,-2.06282939414855,2.09762452083983
3,103,4103,-1.77002209783611,2.11663889179523
3,104,4104,-1.33845115137904,1.70455927130229
3,105,4105,-1.26340210264863,1.51493286278321
3,106,4106,-1.0775952436496,1.73849589245293
3,107,4107,-1.58073372163166,1.72779823713804
3,108,4108,-2.24758289159243,1.5471531868998
3,109,4109,-2.20002818505578,1.66714571766329
3,110,4110,-2.5271804464965,1.98361478260026
3,111,4111,-3.1743890898187,1.99546907863534
3,112,4112,-3.17409169589782,1.87709708080844
3,113,4113,-3.10119020517645,1.82081350913689
3,114,4114,-3.10437154209115,1.34145720564799
3,115,4115,-1.27322295885528,3.86959924098397
3,116,4116,-1.6342186445656,1.87447359762766
3,117,4117,-1.85386021415909,2.7670825353177
3,118,4118,-1.38728067036013,3.31094820650004
3,119,4119,-0.358277298835069,1.65000088879502
3,120,4120,-0.965065960763709,1.84918353569503
3,121,4121,-0.88716088055823,1.6152818102733
3,122,4122,-0.633369401052253,1.71724870318084
3,123,4123,-1.96059432884249,0.759773562953185
3,124,4124,-2.53361031777765,3.28762361961595
3,125,4125,-2.24397084854915,2.02876458800358
3,126,4126,-2.09575360841211,1.87089844720259
3,127,4127,-3.87832004474229,2.19732032813507
3,128,4128,-3.48295090152726,2.7360783817206
3,129,4129,-0.507844914756196,2.62100679758881
3,130,4130,-0.59543827357617,2.35317962001245
3,131,4131,-3.04927633151378,2.90097821235032
3,132,4132,-1.74732163388325,1.91989498127811
3,133,4133,-1.58658240141243,1.75401281084895
3,134,4134,-1.35793333729036,2.13894140037138
3,135,4135,-2.96191684608073,3.12552559132996
3,136,4136,-1.36167731456431,0.937788292762333
3,137,4137,-2.51224319810129,1.68722177134748
3,138,4138,-2.22343582582487,1.44025325282456
3,139,4139,-2.37752451983968,1.38194709853423
3,140,4140,-0.629034922958504,1.64873568824793
3,141,4141,-1.79881822690166,2.80945051850078
3,142,4142,-1.91073857069806,2.57475883962924
3,143,4143,-1.82529581166449,1.84783579236429
3,144,4144,-1.57958666601959,2.47422873818709
3,145,4145,-1.40076576010881,1.61999619517004
3,146,4146,-2.25192371644838,2.14416595787873
3,147,4147,-1.84122981316987,2.30937894027358
3,148,4148,-2.01720046411145,1.89981112001342
3,149,4149,-2.07195811615766,1.88965481018954
3,150,4150,-1.35621022475202,1.38905618652888
3,151,4151,-4.22531308100052,3.6193883997898
3,152,4152,-4.25506291111039,3.31696747833426
3,153,4153,-3.93882807565177,3.36117513469715
3,154,4154,-2.89971271794505,3.52015509027644
3,155,4155,-3.00129630280667,4.06173850579805
3,156,4156,-1.05097606221919,1.98878101114055
3,157,4157,-1.99117166278228,2.43863077846362
3,158,4158,-1.53012312234095,2.26302450236652
3,159,4159,-1.29627390997233,2.6552798630099
3,160,4160,-2.11594585818737,1.28719304066773
3,161,4161,-2.99096044714095,1.82684497335668
3,162,4162,-2.90101697339331,1.85845754931613
3,163,4163,-2.14238090447376,1.24893350737372
3,164,4164,-1.79972959505399,1.2879572442917
3,165,4165,-1.87402031755532,1.36314068198072
3,166,4166,-1.64252034872502,1.73208124139493
3,167,4167,-2.18318927186898,1.58361865202189
3,168,4168,-1.3331793856814,0.844840712750653
3,169,4169,-0.936174237843194,0.633501037231995
3,170,4170,-2.36996738633171,1.52621302239339
3,171,4171,-1.52108079732298,1.64509142151961
3,172,4172,-2.2417816983651,0.967994889046621
3,173,4173,-1.54992337450157,0.999453282853448
3,174,4174,-2.31302072455816,0.988855682104688
3,175,4175,-2.50144405812053,1.00885273732839
3,176,4176,-1.16561974360545,0.662821519629877
3,177,4177,-2.7119692123506,1.40334793918982
3,178,4178,-2.63235559136451,2.20620897256414
3,179,4179,-3.08331910308393,3.69450090122997
3,180,4180,-3.01410255624916,3.55457773913835
3,181,4181,-2.89792514086555,2.39154890107317
3,182,4182,-3.71714518341382,2.58840455597849
3,183,4183,-3.08087401493372,3.78136206339345
3,184,4184,-2.05994139266564,1.7905607088927
3,185,4185,-1.65838253635517,1.39220995605433
3,186,4186,-1.93233128792863,1.89445551969595
3,187,4187,-1.96815126016325,1.74724092451909
3,188,4188,-1.7138033561782,2.1413962002993
3,189,4189,-2.00212138928868,2.38778987966527
3,190,4190,-2.90080735956063,2.21428889273302
3,191,4191,-3.10403376125348,2.63305292229104
3,192,4192,-2.3759820040579,1.35466340436841
3,193,4193,-3.66001358758026,2.27390852667709
3,194,4194,-3.69786908204297,2.14506823420347
3,195,4195,-2.85081507245399,2.64154260861216
3,196,4196,-3.16025706207944,2.58310825962096
3,197,4197,-3.31337878695555,2.09221026287045
3,198,4198,-0.92316572756534,1.4595572276528
3,199,4199,-2.05785850463011,2.48375828409736
3,200,4200,-1.77078796831627,2.22449282766993
3,201,4201,-1.99489413988963,2.60434531998388
3,202,4202,-2.44483211953683,1.86340405203964
3,203,4203,-2.16437970829451,3.96878327936035
3,204,4204,-1.97715338546187,2.56507773907952
3,205,4205,-1.6451322990691,2.1743279327247
3,206,4206,-1.60038991228852,2.19208854899109
3,207,4207,-2.08771430815342,2.06556410392983
3,208,4208,-1.64062773313906,1.81276289748093
3,209,4209,-1.59560444750886,1.59492042623077
3,210,4210,-2.02773632464835,1.54349952829905
3,211,4211,-1.37158033435301,1.70832412913502
3,212,4212,-2.4435934164995,4.63406629303535
3,213,4213,-1.78898321810475,2.21455328120462
3,214,4214,-1.72911885446688,2.18510447069442
3,215,4215,-2.13354267891068,2.2070608465049
3,216,4216,-0.448222586360966,1.43489608397193
3,217,4217,-2.42309842568251,1.64173229557239
3,218,4218,-1.87194974456713,2.6211470675899
3,219,4219,-2.90420689690367,1.46018021815552
3,220,4220,-2.80367968667013,1.55233972363613
3,221,4221,-2.33431241809952,1.13477100501109
3,222,4222,-1.8188694319258,2.59463533554569
3,223,4223,-2.2705532883105,2.09732887122303
3,224,4224,-2.22689883319612,3.282484306909
3,225,4225,-2.14248542341957,3.50292907132064
3,226,4226,-1.89182617035677,2.03690260877908
3,227,4227,-1.65087664635734,2.98636742937473
3,228,4228,-2.20527656061342,4.05336484374155
3,229,4229,-2.2365177345027,3.92875160518064
3,230,4230,-2.5585259116182,3.39453152261083
3,231,4231,-2.5458259868561,3.20840474642259
3,232,4232,-1.66552886367803,2.1829358357279
3,233,4233,-2.41525807130811,2.46162470671082
3,234,4234,-2.12795883245907,4.21587489842256
3,235,4235,-1.09901544989968,3.84187839074937
3,236,4236,-1.7056064905919,2.64888357405682
3,237,4237,-1.73838444947908,2.10783279347025
3,238,4238,-1.52731590768673,2.26058798769199
3,239,4239,-2.23449121560453,1.40971647650262
3,240,4240,-1.44989843837225,2.00969808418051
3,241,4241,-1.29745992484648,1.74816536941365
3,242,4242,-1.23799119245093,1.98374657179062
3,243,4243,-0.983037304649046,1.56635803496854
3,244,4244,-0.487984990526917,2.50503892692173
3,245,4245,-1.75366967499891,3.16469645156891
3,246,4246,-2.74768667528092,2.65866930968372
3,247,4247,-1.83337037893452,0.995176726851301
3,248,4248,-1.97241253341231,1.12377910202239
3,249,4249,-1.9382815333767,1.26665438025854
3,250,4250,-1.97158201171221,1.06991444173188
3,251,4251,-2.22234071700545,1.25180998059844
3,252,4252,-2.03073697029449,1.51298891868635
3,253,4253,-2.25636210771415,2.90927729431708
3,254,4254,-1.94346733880097,2.58725613235219
3,255,4255,-0.357661486311442,2.43616350798502
3,256,4256,-0.136087019951792,2.79415764335894
3,257,4257,-0.337148916057882,2.72956322390493
3,258,4258,-0.717122899721999,2.48092228698646
3,259,4259,-1.03168822147426,2.29045253626519
3,260,4260,-0.896479402402934,2.26403245542679
3,261,4261,0.565355488926827,3.06979128257653
3,262,4262,0.675125253686302,3.38571024186685
3,263,4263,-0.935133575967137,2.22935915904296
3,264,4264,-0.15925659296818,3.10239054029641
3,265,4265,-1.00042453633603,1.70711532425936
3,266,4266,-0.937610948894059,1.80625023255433
3,267,4267,-1.29625740063331,1.49005663352096
3,268,4268,-1.37996157315435,1.72305960273275
3,269,4269,-1.44318546890791,2.05977974783301
3,270,4270,-2.0208600884766,2.28838974277548
3,271,4271,-2.31552397368398,2.86546731488227
3,272,4272,-1.90015776553515,2.23324629949942
3,273,4273,-1.93212975353215,2.65803202175847
3,274,4274,-2.20205840972739,2.22640864490837
3,275,4275,-1.43940490335433,1.57503227918904
3,276,4276,-1.897744747721,2.36917404562083
3,277,4277,-3.54510451291391,3.01565855521992
3,278,4278,-3.85464364504541,2.70976738785333
3,279,4279,-2.81992415887554,2.69693686625816
3,280,4280,-2.62423075255686,1.9779851802409
3,281,4281,-0.988957383792833,3.79307862215909
3,282,4282,-1.52474577920258,3.51869995654514
3,283,4283,-1.30141516574356,3.69575951151781
3,284,4284,-1.45447042360476,4.22892425545113
3,285,4285,-1.88970316355517,2.66545075303685
3,286,4286,-1.606244239661,2.07901955803284
3,287,4287,-0.645047727529016,1.60850823532569
3,288,4288,-1.36531721536548,1.57300637333504
3,289,4289,-1.34063719350214,1.57009831995971
3,290,4290,-0.976085552480022,1.36736021293715
3,291,4291,-1.8213799205436,1.85447966967681
3,292,4292,-0.92739031273698,1.32511014357071
3,293,4293,-1.57843989031686,1.07222282237004
3,294,4294,-0.810599754402602,1.38518712286457
3,295,4295,-1.07175010899677,1.31742194126332
3,296,4296,-1.43776084473827,1.51190771332193
3,297,4297,-1.43306631320122,1.91125958511787
3,298,4298,-1.30503167291879,1.90798492155738
3,299,4299,-0.787809164286485,1.33497181021163
3,300,4300,-2.14086672514658,2.92405096312288
3,301,4301,-3.03617328007933,2.70789576523354
3,302,4302,-3.06662855359933,2.72879420206174
3,303,4303,-3.13140313109364,2.47130774180083
3,304,4304,-2.61267170349922,1.26930639903915
3,305,4305,-1.95373180816971,2.918672294823
3,306,4306,-1.09772342900964,3.19253944678524
3,307,4307,-1.80839780581493,3.13134406472499
3,308,4308,-1.75898193623373,3.08332681988334
3,309,4309,-1.47940035915504,2.81267030694173
3,310,4310,-1.70173579210144,2.67409585683447
3,311,4311,-1.61940086063665,1.59578203974907
3,312,4312,-1.85585597073667,1.05866457563931
3,313,4313,-1.85377073063171,1.16188624004699
3,314,4314,-2.5546646078304,1.90184699175768
3,315,4315,-1.93621525329526,1.16305361272025
3,316,4316,-2.05901050218094,1.34891171091432
3,317,4317,-2.12523874860584,2.35812917060027
3,318,4318,-1.833851094641,2.59848822712243
3,319,4319,-2.13777549089678,2.26391432985118
3,320,4320,-1.55411931982964,1.97683966940577
3,321,4321,-1.95709699891055,1.69910311992214
3,322,4322,-1.33853101265161,2.10731464594203
3,323,4323,-1.62103344023202,1.8558561931784
3,324,4324,-1.52728305840922,2.67617586403001
3,325,4325,-1.83498702251773,2.30327534791166
3,326,4326,-1.23280366765683,2.40629185556243
3,327,4327,-1.69423914579609,1.67678626461261
3,328,4328,-1.24306257968179,4.30592626131022
3,329,4329,-1.94425062826143,2.64486808487476
3,330,4330,-1.82577884294938,1.5833366794882
3,331,4331,-2.55537187409906,1.89088768741522
3,332,4332,-3.06792169063572,1.75797216427513
3,333,4333,-2.22459293298173,1.32002604446791
3,334,4334,-1.78454223539811,1.11924884556254
3,335,4335,-1.2163260319781,1.15898422454624
3,336,4336,-1.81814732917671,1.61688032197463
3,337,4337,-1.21555982831746,1.25957432994616
3,338,4338,-0.821868290748013,1.04793724548829
3,339,4339,-2.44792304727366,1.81296676197672
3,340,4340,-0.601326878323976,0.6550148494057
3,341,4341,-1.66726681162401,1.58543570129316
3,342,4342,-0.988752544148206,2.15166969234383
3,343,4343,-0.845357407218415,1.43436613641631
3,344,4344,-0.931242113027592,1.58323392820161
3,345,4345,-1.81971320713347,1.85415527156749
3,346,4346,-2.27586344933064,1.87464304264845
3,347,4347,-1.527573118514,1.74757245685201
3,348,4348,-3.11730686529828,3.04605142711126
3,349,4349,-2.12908221874002,1.94946318881716
3,350,4350,-0.930465760550965,3.42499581268706
3,351,4351,-0.396960116037478,3.61789056216274
3,352,4352,-1.12356576138518,1.19856514418384
3,353,4353,-1.25203683284059,1.937273269944
3,354,4354,-2.10454448824675,2.32808361700318
3,355,4355,-1.53178797679665,3.01758881048277
3,356,4356,-1.52170535417235,2.07728979412715
3,357,4357,-1.36365222838015,1.64360216660094
3,358,4358,-3.42110102148699,1.92554132346382
3,359,4359,-2.52934915032794,1.62865994781162
3,360,4360,-1.58298496410313,1.37550410880349
3,361,4361,-0.952036153114248,2.35751257740133
3,362,4362,-3.04260461881415,1.87493016380491
3,363,4363,-2.44481184824364,2.94954402605265
3,364,4364,-1.12275985559848,1.82115037892603
3,365,4365,-1.60732431936551,1.27512018881141
3,366,4366,-1.81966661070722,1.49474190168338
3,367,4367,-1.91281716835991,1.60264387935571
3,368,4368,-2.05379699699227,1.81259054117896
3,369,4369,-1.01809258210179,1.88268621203621
3,370,4370,-1.58705818236797,2.34601872675881
3,371,4371,-1.51044212404797,1.93244697994575
3,372,4372,-1.95993616787273,1.93001262434365
3,373,4373,-0.876417527247894,1.0271240487156
3,374,4374,-1.2745016356044,1.20785937422872
3,375,4375,-3.19008430845495,2.3397123518643
3,376,4376,-2.13165157080402,1.51527076916834
3,377,4377,-2.09163671130686,1.54365768006177
3,378,4378,-1.91789692411779,1.47111572180795
3,379,4379,-3.13443371603233,1.84618355744224
3,380,4380,-3.38057172571645,1.82094258603319
3,381,4381,-2.4442501096068,2.15120618666016
3,382,4382,-2.50170341849915,1.91019644830278
3,383,4383,-1.17665316674978,1.23769963706763
3,384,4384,-1.25799388663937,1.21802889054759
3,385,4385,-1.35015968940067,1.63396244558815
3,386,4386,-1.78316452629449,1.5423021652376
3,387,4387,-1.9304020530794,1.57564063102113
3,388,4388,-1.90734772954974,1.5831115908172
3,389,4389,-1.84257500536178,1.3296261297316
3,390,4390,-2.27858826880537,0.914958345235838
3,391,4391,-1.0383345757463,0.868441161465072
3,392,4392,-2.68973035350489,1.39462560234786
3,393,4393,-1.66584650004387,1.30053617013325
3,394,4394,-3.09246384424572,1.80480909706479
3,395,4395,-0.934119629440272,0.529751984395274
3,396,4396,-1.52373737453112,0.966089039101733
3,397,4397,-1.45825334683542,1.24087207678648
3,398,4398,-1.36718753171257,1.21921207122852
3,399,4399,-1.58411557234979,1.28695474296338
3,400,4400,-1.87986112388124,1.367700037567
3,401,4401,-2.10840099701599,2.07121732406932
3,402,4402,-2.30204226094984,1.93897938451658
3,403,4403,-0.595212633715539,1.22035995792265
3,404,4404,-2.55297045659759,2.30614230872391
3,405,4405,-2.26557521715989,2.31162147834907
3,406,4406,-1.95512559367536,2.44754614764286
3,407,4407,-2.73835898664756,2.39447101031476
3,408,4408,-1.50399100647371,1.87728271167456
3,409,4409,-0.813015980817904,2.17643347165066
3,410,4410,-1.52264700650384,2.15158905868616
3,411,4411,-1.76748773309056,1.41377198647937
3,412,4412,-1.20432033175096,1.69619497360085
3,413,4413,-1.85812850194176,2.10225818104607
3,414,4414,-2.73950742086389,2.44307144713893
3,415,4415,-1.93041696901192,2.87247950871897
3,416,4416,-1.99246320250962,3.07947299027911
3,417,4417,-1.27590922484572,1.07439520917495
3,418,4418,-1.51481546987137,3.00399298035143
3,419,4419,-1.85484344593007,3.07300568037414
3,420,4420,-0.695622639604597,1.77860323462944
3,421,4421,-0.956770945203273,1.22878018949371
3,422,4422,-1.82492762977548,2.44348885502414
3,423,4423,-0.909288908244343,1.11578923760188
3,424,4424,-1.28482261068341,1.24145414106535
3,425,4425,-0.657552236628275,1.77388620283686
3,426,4426,-0.867583281274022,2.33591859646962
3,427,4427,-0.920080986689859,2.18020117277613
3,428,4428,-0.757961169681672,2.51704678891208
3,429,4429,-1.40267654833898,2.13430221258542
3,430,4430,-2.52057128320765,1.74404442687798
3,431,4431,-1.91966273844891,1.8804668625967
3,432,4432,-1.40061591542996,1.66991522058812
3,433,4433,-1.36887755294162,1.462095646766
3,434,4434,-1.65262366049842,1.60510340755317
3,435,4435,-1.45878488334297,1.8088214668756
3,436,4436,-1.21209685595055,1.10794503493598
3,437,4437,-1.40293451656983,0.960536605018325
3,438,4438,-1.44176636545354,1.45842150068202
3,439,4439,-2.86199690570137,2.01333392552538
3,440,4440,-1.56614325606148,2.98178367791697
3,441,4441,-2.4557388518107,1.63675349907593
3,442,4442,-1.57508474729779,1.60710392366776
3,443,4443,-1.9720203941514,1.70912389339862
3,444,4444,-2.34476327221585,2.06561000913818
3,445,4445,-1.3942446151501,1.17013446481454
3,446,4446,-1.91421421857012,1.82510816923258
3,447,4447,-2.03339941621751,1.3452108179472
3,448,4448,-1.89437985657968,1.57183684713989
3,449,4449,-1.97265019069657,1.64089421871459
3,450,4450,-2.50750119235869,1.54958937983387
3,451,4451,-2.0832360400435,1.4686955730035
3,452,4452,-1.96983858936287,1.63856516594068
3,453,4453,-2.19607482677863,1.97950072426272
3,454,4454,-2.72517603721838,2.38944216117971
3,455,4455,-1.73122180461238,1.76910144181878
3,456,4456,-1.67723258359404,1.91429742747829
3,457,4457,-2.84770543642062,1.37059158259092
3,458,4458,-2.05349139636081,1.82419603034273
3,459,4459,-1.97603739088223,2.43509310155051
3,460,4460,-1.86734846895868,1.9410379357116
3,461,4461,-1.96858463225927,1.8089298110326
3,462,4462,-2.10134204661082,2.71171318376378
3,463,4463,-1.07467461656686,1.71796480052246
3,464,4464,-0.124554097918938,2.20836654757589
3,465,4465,-1.88165028168902,2.23544947993532
3,466,4466,-2.226791805746,1.58871445418565
3,467,4467,-2.41387161894556,1.46683855014605
3,468,4468,-2.01986853644531,1.64638539213279
3,469,4469,-1.48713043551645,1.06140141506015
3,470,4470,-1.1872599859658,1.07235079231253
3,471,4471,-1.75800204081925,0.893756588336563
3,472,4472,-2.95477659205247,1.42501428634398
3,473,4473,-2.07361086406279,1.37596339848671
3,474,4474,-2.53760326919006,1.3809825276532
3,475,4475,-2.8995768892024,1.44860634461342
3,476,4476,-2.2839280102943,1.32097455098658
3,477,4477,-2.08431306812052,1.66188277112918
3,478,4478,-2.55460200558291,1.66362059680395
3,479,4479,-2.11460729804969,1.37130330139096
3,480,4480,-1.94213444573804,1.20317153721733
3,481,4481,-2.7771446186964,1.20173127545538
3,482,4482,-1.93324091441404,2.59543959669517
3,483,4483,-2.27856646671643,2.33965127562995
3,484,4484,-2.05111463257581,2.33036521372965
3,485,4485,-1.70424747266249,2.16124843910847
3,486,4486,-2.8879138958048,2.02384565417112
3,487,4487,-1.59083186220755,1.94832083881341
3,488,4488,-1.5755456461852,2.95628740086816
3,489,4489,-1.65145563460789,2.7282820842538
3,490,4490,-1.35906314798052,2.69244824582976
3,491,4491,-1.42595414722988,1.20470293075561
3,492,4492,-1.59363265014358,2.41744939196387
3,493,4493,-1.89575230456339,1.60207809540122
3,494,4494,-2.06367824870497,2.82202210917614
3,495,4495,-1.79562004518741,2.0527183623369
3,496,4496,-2.16555282369153,2.74829521775006
3,497,4497,-1.8567654116048,1.85859180908707
3,498,4498,-2.39895079675147,2.72238376261384
3,499,4499,-2.20033778636731,2.33574799693449
3,500,4500,-2.70926922417374,2.22358482943937
3,501,4501,-1.88625129995718,1.20916077716515
3,502,4502,-2.28648345378867,1.69037354027952
3,503,4503,-2.78907066056529,2.91509723783447
3,504,4504,-4.11643354862881,3.48303815668192
3,505,4505,-3.0828797264508,2.50730456558074
3,506,4506,-3.41233731218256,2.38932587783538
3,507,4507,-3.16795660260754,2.92024998410297
3,508,4508,-2.23584054400066,3.07301596772793
3,509,4509,-2.35483480066135,2.15697228369939
3,510,4510,-2.13902408024934,1.60933068339273
3,511,4511,-2.17169879196654,2.42491397568199
3,512,4512,-1.73671653385566,1.04730840747219
3,513,4513,-1.92390431436187,1.3744790998579
3,514,4514,-2.04519189934043,1.120396874904
3,515,4515,-1.24707644480256,1.37178501237146
3,516,4516,-1.58085655474954,1.29885557651429
3,517,4517,-1.59508139524578,1.45632768482196
3,518,4518,-1.50798618598739,1.36270774500719
3,519,4519,-1.68271993294937,1.73349005938573
3,520,4520,-1.2392081836151,1.69427087778454
3,521,4521,-2.04414952894568,1.5855636029512
3,522,4522,-1.36224681879363,1.72912541798331
3,523,4523,-1.32661091196187,2.10392260223378
3,524,4524,-2.30491092553588,1.38627499339802
3,525,4525,-2.07498983695576,1.3685796287782
3,526,4526,-2.9333733043971,1.20895123447067
3,527,4527,-3.13861877059842,1.18569897104218
3,528,4528,-2.12016622350367,1.01334937852805
3,529,4529,-1.99150778772786,0.959651213877272
3,530,4530,-2.82866007050649,1.92138983813613
3,531,4531,-1.32991669679358,1.81233485315506
3,532,4532,-2.30214509784443,1.59007420411662
3,533,4533,-1.89994813927805,1.50326400039883
3,534,4534,-2.06567987402842,2.48833309571183
3,535,4535,-1.48223799182626,1.74041517888663
3,536,4536,-2.9245163619967,3.38254940907426
3,537,4537,-2.4999547058494,3.38614850585268
3,538,4538,-2.62973988982264,3.52400383139051
3,539,4539,-2.71308641586953,3.2257550982982
3,540,4540,-3.47612141614764,3.17168408835387
3,541,4541,-2.95761643161909,3.71127774596659
3,542,4542,-3.14863878038488,2.90114898463598
3,543,4543,-3.52985516857506,2.33236558466914
3,544,4544,-2.38763658794316,2.4450055551022
3,545,4545,-1.4818699983791,1.10903448624157
3,546,4546,-1.66666883367123,1.09653985629533
3,547,4547,-2.06615935228524,1.85397093625112
3,548,4548,-2.02049470493401,1.89262017352914
3,549,4549,-1.40768572311818,1.36726840456751
3,550,4550,-1.3032261272115,1.91679504219996
3,551,4551,-1.27852644654222,1.97175135733507
3,552,4552,-1.45440809906754,2.07019481108841
3,553,4553,-3.32666529004341,2.21939358923167
3,554,4554,-1.64841234401955,1.56297327319786
3,555,4555,-1.5485746786565,1.13111852235046
3,556,4556,-1.78266120876868,1.44622532088446
3,557,4557,-1.14467476971791,1.09714733689723
3,558,4558,-0.865490374656549,1.02771348500904
3,559,4559,-0.655357989668002,0.946563231680526
3,560,4560,-2.02485392890806,2.11902851497053
3,561,4561,-2.18493213555524,2.29068690768756
3,562,4562,-1.07894962097475,2.62897802680007
3,563,4563,-0.816969793273565,3.17795717165421
3,564,4564,-1.58250805132525,2.08771025162995
3,565,4565,-1.10216625056678,1.56849859504826
3,566,4566,-1.4889159893383,0.867008104886497
3,567,4567,-1.02066879149812,1.16125285190993
3,568,4568,-1.84657338499313,1.41459995060337
3,569,4569,-2.24806044563878,2.27260524020397
3,570,4570,-2.99161931722531,2.18195715049995
3,571,4571,-2.01328155377846,2.20310463375379
3,572,4572,-1.86825184220776,1.66466750079845
3,573,4573,-2.32302410736755,1.7677047996243
3,574,4574,-2.23189838830235,1.78737518460143
3,575,4575,-2.24720059575075,3.37478220168695
3,576,4576,-2.3031088271985,3.23232494589581
3,577,4577,-2.10110913974865,0.997696830751177
3,578,4578,-1.82249720692555,3.19316850324264
3,579,4579,-3.38606254651919,2.00137490999927
3,580,4580,-3.38012227124008,2.15877645519974
3,581,4581,-3.42272070035422,1.68955428766948
3,582,4582,-3.45169413635182,1.76183292733
3,583,4583,-2.94843327192849,2.12116835095614
3,584,4584,-2.39879723468865,1.75397205430138
3,585,4585,-2.50579220394896,2.6774031123589
3,586,4586,-1.89459819763644,1.73368042562807
3,587,4587,-1.51553253447963,1.97058786572708
3,588,4588,-2.61180184400911,1.98824341618199
3,589,4589,-2.47005000949713,2.28192474470451
3,590,4590,-2.6214897934977,2.0159953591572
3,591,4591,-1.24821771198794,2.08560821349902
3,592,4592,-1.17032086542225,2.06490252044403
3,593,4593,-1.1207003844915,2.73171148610815
3,594,4594,-1.49589282676135,2.59845576496677
3,595,4595,-1.93180300216224,2.48222791990192
3,596,4596,-1.48920114283347,2.50975675530443
3,597,4597,-1.74639006938844,2.17634890641862
3,598,4598,-2.59282542045466,1.41844802474551
3,599,4599,-1.67197168121175,1.20811280052253
3,600,4600,-1.65528334271251,1.18271296201626
3,601,4601,-1.18723167242415,0.890847446931589
3,602,4602,-1.6038619657582,2.08721806530904
3,603,4603,-2.82766316876043,2.68918809780964
3,604,4604,-3.40531630972117,3.01501481100944
3,605,4605,-1.94195460564484,2.37319935841737
3,606,4606,-2.26562252759312,1.70898087212288
3,607,4607,-2.38955649475654,1.38433145461691
3,608,4608,-2.78966150996972,3.27018498417097
3,609,4609,-1.6493512044426,2.50025831799204
3,610,4610,-2.86945274689998,2.46141773174895
3,611,4611,-2.26006336206713,2.51424076722538
3,612,4612,-1.39278840380018,1.9182512067949
3,613,4613,-1.12890179602524,2.08399541506622
3,614,4614,-1.65642739430171,1.7778330496979
3,615,4615,-1.82181202847405,1.64712948636407
3,616,4616,-2.1215828782729,1.41166145253455
3,617,4617,-2.10677839397078,1.74243201410215
3,618,4618,-2.17395120211222,1.60088728214724
3,619,4619,-2.09605253410768,1.51279287827714
3,620,4620,-1.57676194600153,1.0527622743233
3,621,4621,-2.16619201396602,1.56210174963802
3,622,4622,-1.94050536461039,1.75435424354234
3,623,4623,-1.91564514070894,1.42769181166237
3,624,4624,-1.6779405261399,2.23192090663139
3,625,4625,-2.80692394763522,1.55809625763483
3,626,4626,-2.70798740002219,1.62636992954576
3,627,4627,-3.5281342787498,1.95714607771713
3,628,4628,-2.89412942685472,1.45636883976657
3,629,4629,-2.79386474400336,3.06437771243955
3,630,4630,-2.63892195633293,3.25543960689559
3,631,4631,-2.57874466707873,2.95826252902452
3,632,4632,-2.46073860428688,2.02729876544702
3,633,4633,-2.79999214838127,2.19071992100366
3,634,4634,-3.799740816543,1.99632133047972
3,635,4635,-0.716761599645307,2.71358785680007
3,636,4636,-3.08504417114124,2.04731239429946
3,637,4637,-2.81201684484578,1.70023539511143
3,638,4638,-3.67965139120241,3.20102096775627
3,639,4639,-3.21962209278258,2.64637835925248
3,640,4640,-3.22064000384379,3.00625626648598
3,641,4641,-2.34959975460106,2.03417184551628
3,642,4642,-0.168461123346783,2.22757446093156
3,643,4643,-0.382732305446177,1.94978668549719
3,644,4644,-1.00211732909098,1.98094469291489
3,645,4645,-1.62543489486829,1.99705642211163
3,646,4646,-1.96398516352749,1.91157666254259
3,647,4647,-1.08570352835853,1.88989167131411
3,648,4648,-2.24603361206956,2.30317687305191
3,649,4649,-1.25059556355307,1.14541722732636
3,650,4650,-3.45651740394829,2.12302199706454
3,651,4651,-0.80845602961665,1.11237838501443
3,652,4652,-0.908314403283221,1.53937546757902
3,653,4653,-1.18404152308986,1.99348285995251
3,654,4654,-1.98707654802949,2.5661445669873
3,655,4655,-3.21079220153901,2.33318674974088
3,656,4656,-1.67517504171924,1.99633316229219
3,657,4657,-0.819326556501911,2.04587200819847
3,658,4658,-1.36006354667957,1.23499234853817
3,659,4659,-1.3969011979468,1.25350463968041
3,660,4660,-2.56363359653425,1.80952621024822
3,661,4661,-3.29205512414314,2.1765799270579
3,662,4662,-4.19132565178052,2.77410174764162
3,663,4663,-3.42945736482796,2.56494111987526
3,664,4664,-2.86453073251856,2.47662389958701
3,665,4665,-1.50964908189415,1.81822455886852
3,666,4666,-0.32798456206494,3.96356509660384
3,667,4667,-1.83985003607653,2.79270530118694
3,668,4668,-1.98215071382705,2.00030025079108
3,669,4669,-2.8680472917225,3.46148734330754
3,670,4670,-0.930723870145248,1.58907662862036
3,671,4671,-0.904119196374748,1.57952527515139
3,672,4672,-2.72342065491432,2.46271347872909
3,673,4673,-2.18395432649879,3.13141074943482
3,674,4674,-2.83137417363892,2.49378629087286
3,675,4675,-3.9313356337425,3.2423543192016
3,676,4676,-2.83861688093969,3.21895928179199
3,677,4677,-2.11170037442165,1.55420747719272
3,678,4678,-2.12381800992995,1.47491305882487
3,679,4679,-1.27003458579621,1.21907419086439
3,680,4680,-2.65803157468466,2.63050394059898
3,681,4681,-2.71644034824829,2.37207789995495
3,682,4682,-1.85653539666085,1.57043009896761
3,683,4683,-2.00114136443912,1.72899157736611
3,684,4684,-1.36711065331606,2.87823419350464
3,685,4685,-1.1612152639953,1.99689614056277
3,686,4686,-1.4728176483501,1.79145818782224
3,687,4687,-1.08977323390696,1.19630372021605
3,688,4688,-1.3643062187205,1.72444793357102
3,689,4689,-0.867783936435509,1.78814693279482
3,690,4690,-1.45989182358,2.99544231109226
3,691,4691,-1.76341865833969,2.34243176218916
3,692,4692,-2.60413592362321,1.77845905617475
3,693,4693,-3.46789286224298,2.30770673109492
3,694,4694,-1.11045380356421,1.10865951906618
3,695,4695,-1.5745709836943,1.24169057947291
3,696,4696,-1.75569414964071,1.68361440411192
3,697,4697,-2.5501966252324,2.05680434395053
3,698,4698,-1.36662760157877,1.76202694382985
3,699,4699,-2.25782205444959,3.12802792162175
3,700,4700,-3.59664952848479,2.15334154833094
3,701,4701,-3.71452532029097,2.18947041465439
3,702,4702,-2.73962973343873,2.3480990054026
3,703,4703,-3.07925506012915,2.10205926438232
3,704,4704,-0.651322372436752,3.42961559903531
3,705,4705,-0.71181106274102,2.59401411190129
3,706,4706,-1.13136313572031,3.50205078093475
3,707,4707,-1.23741488963101,2.24198943501528
3,708,4708,-2.10259099073942,3.40194972036471
3,709,4709,-2.22643869634167,2.97405054822114
3,710,4710,-1.24710833519348,2.18357911618278
3,711,4711,-1.37249245177728,1.861866629809
3,712,4712,-1.46833784448018,2.48404463084962
3,713,4713,-1.2530901256329,2.14157427477527
3,714,4714,-1.36959227640527,1.79934055866092
3,715,4715,-1.26821213226882,1.4818578943929
3,716,4716,-1.71667014715242,1.68471963032363
3,717,4717,-2.25329319842458,1.48357558451722
3,718,4718,-2.41397529719764,1.48242253347429
3,719,4719,-2.40681709528885,1.73594709994783
3,720,4720,-2.45507285740038,2.17876306942524
3,721,4721,-2.14025889991959,2.0788440775542
3,722,4722,-1.47160308287389,1.93408291981906
3,723,4723,-1.5462253766507,1.83407651755916
3,724,4724,-1.27398300788253,2.23919828049173
3,725,4725,-0.400996927887395,1.82160554055389
3,726,4726,-2.25779405100288,2.15331664983772
3,727,4727,-1.98022232876665,2.19172898570913
3,728,4728,-1.55317480633839,1.09005370182466
3,729,4729,-1.64702404086214,2.63927369799183
3,730,4730,-1.15670211141885,1.81250964637734
3,731,4731,-2.552970762353,2.76125203017609
3,732,4732,-1.88339730343199,1.22424614193754
3,733,4733,-1.71189981058478,1.34248515125042
3,734,4734,-1.98913050943231,2.2834667412969
3,735,4735,-1.40940900244369,1.76301961479812
3,736,4736,-1.65939347499241,1.44357012557175
3,737,4737,-1.39594354523979,1.4277018738624
3,738,4738,-2.34159929469931,2.07396383163454
3,739,4739,-1.44319754399343,3.28614570049984
3,740,4740,-2.23819569814804,2.43419307839455
3,741,4741,-1.6568670052804,2.5655055544314
3,742,4742,-3.03340217321119,3.30756379525662
3,743,4743,-2.39892283069881,2.33942283389465
3,744,4744,-2.65340780127269,1.77019015471584
3,745,4745,-3.5502287998311,2.64639955404353
3,746,4746,-3.47176239052885,2.46514702095105
3,747,4747,-3.03489835203467,2.9990141856409
3,748,4748,-2.13875427562238,2.32223774750903
3,749,4749,-1.84345581870849,2.12818580747678
3,750,4750,-1.7182315137923,2.28045175017275
3,751,4751,-1.73522257736287,2.22231483025014
3,752,4752,-2.70336042296848,1.99865898771253
3,753,4753,-2.51773185537262,2.47381197029404
3,754,4754,-2.24398141537725,2.13728354548745
3,755,4755,-2.69317890724944,1.74448392792995
3,756,4756,-3.46206546033168,1.84331310131595
3,757,4757,-3.21662099129556,1.74515744986664
3,758,4758,-2.63741473062921,2.48593410405083
3,759,4759,-2.30761097694867,2.85700260676317
3,760,4760,-1.84832623235548,2.46227129424644
3,761,4761,-0.825923030777929,2.98253527059618
3,762,4762,-1.05756532819189,3.05623647999367
3,763,4763,-1.78700217502202,3.15442651553651
3,764,4764,-1.31446642561642,1.5588972552743
3,765,4765,-1.30015171015396,1.85052675570926
3,766,4766,-0.835234113091527,1.57786627485038
3,767,4767,-1.08609059524229,2.9912370198767
3,768,4768,-0.622631738772141,2.99172536199944
3,769,4769,-2.38152736728772,1.89117415232612
3,770,4770,-2.42387276162375,1.04137787180748
3,771,4771,-3.35811741269044,2.10758500179334
3,772,4772,-3.43026552834382,2.63537067596073
3,773,4773,-2.57538724396696,1.46373084975996
3,774,4774,-2.23331965709191,1.54544829098419
3,775,4775,-1.51963394208693,1.55977987109785
3,776,4776,-3.32179974309183,2.12344593557947
3,777,4777,-3.52343733156075,2.13002894627985
3,778,4778,-2.77385173003489,2.22051810712497
3,779,4779,-2.90923918793632,1.73361334792938
3,780,4780,-2.28902851573698,1.57454118241751
3,781,4781,-1.94044487807633,1.86099894181835
3,782,4782,-1.8705075791993,1.56062313983666
3,783,4783,-1.18578763420232,0.818982213998568
3,784,4784,-2.64322530697733,1.30844546261277
3,785,4785,-1.31150328832911,0.768883921786189
3,786,4786,-1.47107654473829,0.75505381444104
3,787,4787,-1.37092496524682,1.86347724643247
3,788,4788,-0.271292916343323,0.692897071783245
3,789,4789,-0.451685987279844,0.696190927704592
3,790,4790,-0.954396194701498,1.25458696155438
3,791,4791,-2.16122046462447,1.11386446905234
3,792,4792,-2.3476734260026,1.09160466934241
3,793,4793,-2.46606054235367,1.19257057682772
3,794,4794,-1.63926359818251,0.82490552447178
3,795,4795,-1.9596423675073,1.06319253952768
3,796,4796,-2.37968922266356,1.74521835499342
3,797,4797,-1.37277861314629,2.20143822903187
3,798,4798,-2.64982886354518,2.50288625912675
3,799,4799,-2.23161088028464,2.23958431050574
3,800,4800,-1.62976819032313,2.22590183955091
3,801,4801,-2.07080590188366,2.51939855962318
3,802,4802,-0.247986468165959,2.07719679621877
3,803,4803,-0.341938836901529,2.28684387711873
3,804,4804,-0.356846442548468,4.6355335397802
3,805,4805,-0.0585618367117905,3.58081087890815
3,806,4806,-3.15136486348987,1.72371899924082
3,807,4807,-3.11070298690741,2.00047321999074
3,808,4808,-2.98015292698521,2.43453216068857
3,809,4809,-2.46429251887231,2.55930417443205
3,810,4810,-1.48601989725296,2.87567157590773
3,811,4811,-1.79043506672267,2.46004086209653
3,812,4812,-1.36480519678065,2.81271157757482
3,813,4813,-1.64360952985652,2.78946780382166
3,814,4814,-1.84010585878871,2.60708121840481
3,815,4815,-1.52786204494848,2.11002005812824
3,816,4816,-1.15733874896951,2.1892135258931
3,817,4817,-1.56846741176188,1.86312146550219
3,818,4818,-2.16669910955457,1.42764770217248
3,819,4819,-1.21289002786614,1.88088419532917
3,820,4820,-1.54416457741027,2.1498999921413
3,821,4821,-2.17215730367053,2.19036186951256
3,822,4822,-2.10474185582005,2.45674299826543
3,823,4823,-2.22664849152284,2.92854366672679
3,824,4824,-1.29130681059709,2.06567727077778
3,825,4825,-2.43910252393003,2.51938779659795
3,826,4826,-2.45091450173238,2.66794922032068
3,827,4827,-1.68475363677183,2.13108063366951
3,828,4828,-1.88987675257119,2.27519733729788
3,829,4829,-0.737927682021359,2.03848300994937
3,830,4830,-1.86036487549706,2.33328010116612
3,831,4831,-1.25354588006649,2.05049618121944
3,832,4832,-1.43757709265895,1.24877326567812
3,833,4833,-1.50242779187379,2.8549604641564
3,834,4834,-1.73920416811584,2.69499681204796
3,835,4835,-1.74951550405727,2.72024473347806
3,836,4836,-1.08785380630871,1.67832888089097
3,837,4837,-0.469638293391742,2.37327505357834
3,838,4838,-1.32581897976282,1.91246669581354
3,839,4839,-3.34953976266132,1.66466674379382
3,840,4840,-3.12475580504124,1.73577480564496
3,841,4841,-2.0356875718856,1.84730754785497
3,842,4842,-1.5977269067581,2.42938916872729
3,843,4843,-2.4360842229474,1.15887843135346
3,844,4844,-0.816359742017613,2.0956796589601
3,845,4845,-2.19362965386272,1.7166206869955
3,846,4846,-1.75903451632238,1.41632165808192
3,847,4847,-1.38952527131107,1.48964939125472
3,848,4848,-1.4924570281876,2.56389066235498
3,849,4849,-1.11986805066929,1.49324174054299
3,850,4850,-2.07726415310022,2.53986567434528
3,851,4851,-1.75275517257053,1.47238517747343
3,852,4852,-1.95043380610513,2.35812192463772
3,853,4853,0.139572556145385,1.79890186042888
3,854,4854,-0.845612873133327,2.14372074351258
3,855,4855,-1.0921488778821,2.46784291003269
3,856,4856,-0.922553056066065,2.41701947904139
3,857,4857,-1.60551371471233,2.30253325788391
3,858,4858,-3.45866919307546,3.13586575347769
3,859,4859,-2.0295679810035,1.62382239760222
3,860,4860,-2.87178718818871,2.11942390007694
3,861,4861,-2.2801285113112,2.02789970620361
3,862,4862,-1.23119107588986,1.63929547488823
3,863,4863,-2.49732473036869,1.40408525921497
3,864,4864,-1.0005954781989,1.20872545468947
3,865,4865,-2.21364055576477,1.49756825602518
3,866,4866,-2.80047263027574,2.35290365601763
3,867,4867,-3.02411704712388,2.31527929733575
3,868,4868,-1.96882890413003,0.935299210037566
3,869,4869,-2.70693199626819,1.75196610867034
3,870,4870,-2.81389024243795,1.60553285167483
3,871,4871,-2.87013709403688,2.49564501466039
3,872,4872,-3.3243358351822,2.14128735520697
3,873,4873,-3.07119485532167,2.40239016791199
3,874,4874,-2.8118932565148,3.51123065423054
3,875,4875,-2.81574547558002,1.87397984159518
3,876,4876,-1.35505930642168,1.99108258599761
3,877,4877,-1.50152253230009,2.1112310194044
3,878,4878,-2.34124490500333,2.14859955543475
3,879,4879,-1.4008145829457,0.958974260748372
3,880,4880,-2.05962507876986,1.57833609454037
3,881,4881,-1.15477502317759,1.45014347491774
3,882,4882,-2.80544803939521,2.02751516914821
3,883,4883,-2.75306456994327,2.67883299046377
3,884,4884,-2.26105237603342,2.02882581833013
3,885,4885,-1.91716859933838,1.63693733095379
3,886,4886,-3.62184871892227,2.22898231099331
3,887,4887,-3.72269738184153,2.20457783223744
3,888,4888,-1.30484702726523,2.20050480450451
3,889,4889,-1.99256866326592,3.29057844490851
3,890,4890,-1.59940119675323,2.30766930311781
3,891,4891,-3.70580739314537,3.90170027099487
3,892,4892,-3.77982689346252,3.81014603082462
3,893,4893,-3.07542619668379,3.4139264932335
3,894,4894,-3.27931427866673,2.47251892501304
3,895,4895,-1.33621409349761,1.54305883979544
3,896,4896,-1.42566993989386,1.71382369368937
3,897,4897,-1.5302660571821,1.825839697825
3,898,4898,-1.27602881012429,1.93187124647875
3,899,4899,-1.58284475373882,1.91125656946783
3,900,4900,-3.42446727624516,1.83377712815045
3,901,4901,-2.45132980771459,2.87412794823767
3,902,4902,-1.64145285730721,2.14772207038532
3,903,4903,-2.01640278942096,1.71490583304479
3,904,4904,-1.18484085453974,1.83267280261501
3,905,4905,-1.83113223924435,1.86173731525126
3,906,4906,-2.11258708374146,1.73337244605398
3,907,4907,-1.73410448962601,1.5341047617617
3,908,4908,-1.92493585632464,1.46225729437502
3,909,4909,-2.42699356600243,1.85991163663409
3,910,4910,-2.28717422564693,2.45008675708351
3,911,4911,-1.71627530406582,1.70840165737537
3,912,4912,-1.82586765994828,1.66977572616312
3,913,4913,-3.05577028396839,2.34076475606597
3,914,4914,-2.13062378277885,3.14359758848251
3,915,4915,-2.53458864387682,1.54473138374728
3,916,4916,-3.1670152214421,2.16740455722294
3,917,4917,-3.52407901743852,2.55648909816
3,918,4918,-1.5962297575499,2.40330138006005
3,919,4919,-2.18301001632399,2.84271389933675
3,920,4920,-2.70010063064064,1.99230765637601
3,921,4921,-1.9368137182922,1.64874662630878
3,922,4922,-2.86178584164533,1.82023017762671
3,923,4923,-2.08915076658313,1.95977986203926
3,924,4924,-2.03131211868054,1.12204246223113
3,925,4925,-1.97393455215251,1.10992899216449
3,926,4926,-1.93163035442891,1.57248009515725
3,927,4927,-2.2798547950341,2.13854457854397
3,928,4928,-1.86436839586037,2.39848648905323
3,929,4929,-0.79876950920836,1.97704376172348
3,930,4930,-1.85731131517134,2.02061488440608
3,931,4931,-2.56388528849415,1.83628929872406
3,932,4932,-1.73599041261091,1.82232175361439
3,933,4933,-1.917866137388,2.17341358768283
3,934,4934,-1.56816568360736,1.35457155568686
3,935,4935,-2.00415734793333,1.81144711447426
3,936,4936,-1.8008349433503,1.21644392989755
3,937,4937,-2.7403365851977,1.64353269323822
3,938,4938,-1.46776749939499,1.40688089896584
3,939,4939,-1.8279406284206,1.15714157412222
3,940,4940,-1.9662579599066,1.40866208326894
3,941,4941,-2.16375060139972,2.39865437655179
3,942,4942,-1.41250476990938,1.28807518849658
3,943,4943,-1.98272114304655,1.58054896455554
3,944,4944,-1.64871742918188,1.75827274052999
3,945,4945,-1.28066887319576,1.50101865315848
3,946,4946,-1.24497033967158,1.38851688055781
3,947,4947,-2.45905186189042,1.48397879045472
3,948,4948,-1.18164775347937,1.48657452728358
3,949,4949,-2.56694484891787,1.7499576128039
3,950,4950,-2.48849646416263,1.88209112322696
3,951,4951,-2.44207678745731,1.60969294098976
3,952,4952,-2.0591781051777,1.52526579959505
3,953,4953,-0.584702394263441,1.82483306357514
3,954,4954,-5.09309628704468,2.43948004116457
3,955,4955,-5.01754644189853,2.33635529262088
3,956,4956,-4.59401279112026,2.16754391002969
3,957,4957,-2.65616810478677,1.90218100039764
3,958,4958,-2.82586308137866,1.4448034439036
3,959,4959,-2.6292363191371,1.47547272569316
3,960,4960,-2.54150079527669,1.41489196453794
3,961,4961,-1.44683376126639,1.27170108682727
3,962,4962,-2.03892458823539,2.16901659204875
3,963,4963,-1.92020766395829,1.21208752184859
3,964,4964,-2.0171057693254,1.40808717804522
3,965,4965,-1.24844649754414,1.90492931088056
3,966,4966,-1.49502972461125,1.33610475711526
3,967,4967,-1.24984234183934,1.32276182191503
3,968,4968,-1.79720232740254,2.05623375815244
3,969,4969,-2.80527734649202,2.02965424325372
3,970,4970,-3.29202435928469,3.2841376052224
3,971,4971,-1.88442157315168,1.76967186058259
3,972,4972,-2.14971788196427,2.80679736526195
3,973,4973,-1.32717861761939,1.46078550478583
3,974,4974,-1.64111735409829,2.05302699403121
3,975,4975,-2.3924194896783,2.09169182266732
3,976,4976,-1.83985356871129,2.41861688250319
3,977,4977,-1.60094754208845,2.35732222460171
3,978,4978,-1.55900442412782,1.85831836785214
3,979,4979,-1.2892003231907,1.1332513547998
3,980,4980,-1.36606182873665,0.843123282945997
3,981,4981,-1.06920293586603,1.63620270947788
3,982,4982,-1.1064759805682,1.63142568983844
3,983,4983,-0.979515056743672,1.4920359833281
3,984,4984,-1.8818852712761,1.57115255143163
3,985,4985,-1.54222949889862,1.42315200532406
3,986,4986,-1.91263750718119,1.80750873722654
3,987,4987,-0.967455913882818,2.15441811890704
3,988,4988,-1.48074718258547,1.7523333250597
3,989,4989,-3.63404098604623,1.9698083491015
3,990,4990,-1.92738849841461,1.11090528455427
3,991,4991,-2.76458142022677,2.15281198553572
3,992,4992,-2.55345424700935,1.846139767135
3,993,4993,-1.26463624559623,2.96260426385598
3,994,4994,-3.44838107917747,1.7888587271906
3,995,4995,-3.77412583250321,1.96052228825368
3,996,4996,-0.228254934978962,1.14712075440685
3,997,4997,-1.1380268186568,2.33865196713962
3,998,4998,-2.39052816747956,1.73979373068331
3,999,4999,-2.94883911201142,2.72673541189508
3,1000,5000,-2.77487484312767,2.36712950734188
3,1001,5001,-2.01745507174409,1.96953047573067
3,1002,5002,-1.88737390016938,2.16665615859
3,1003,5003,-2.24712719367866,2.33610846865096
3,1004,5004,-1.79248263380276,2.182035625817
3,1005,5005,-1.82861441818664,1.64192048909507
3,1006,5006,-2.35470005312032,1.42562438080328
3,1007,5007,-1.98857062565389,1.24201721152465
3,1008,5008,-2.78116201100511,1.52432562706608
3,1009,5009,-1.01126128255973,1.20524768123941
3,1010,5010,-0.999742423894146,0.996933603878646
3,1011,5011,-1.68111615617738,1.36136232114724
3,1012,5012,-2.68249495756991,2.03857051252806
3,1013,5013,-2.04584906234157,2.41963490719674
3,1014,5014,-2.77399036462472,3.17478214739726
3,1015,5015,-1.76661581126158,2.83665255025591
3,1016,5016,-2.65774479844649,2.19974982292993
3,1017,5017,-2.12559744602113,2.8397458688408
3,1018,5018,-1.72818456401253,3.14703319205633
3,1019,5019,-1.05661494095808,1.55282279570584
3,1020,5020,-2.67479611118617,2.04018607203548
3,1021,5021,-2.30362619408045,1.80392762364429
3,1022,5022,-1.72983162670754,2.01327944773202
3,1023,5023,-1.3816059233369,1.83372974855317
3,1024,5024,-1.79767308991614,1.59667730952741
3,1025,5025,-2.1688641853946,1.54186991831458
3,1026,5026,-1.7248264276752,1.4734232230627
3,1027,5027,-1.27288846983181,1.61323924955963
3,1028,5028,-0.848273614275745,2.0177175675566
3,1029,5029,-1.37182294248522,2.32434232526498
3,1030,5030,-2.77726739275295,2.08301650393829
3,1031,5031,-0.796626167173574,2.35732320258851
3,1032,5032,-1.25675403347103,1.94977549999484
3,1033,5033,-1.82342983878372,2.40026696763
3,1034,5034,-0.810382630118981,1.96908125938683
3,1035,5035,-1.61362141965682,2.06888351396331
3,1036,5036,-4.06429575816508,2.29366990675663
3,1037,5037,-4.20982375540789,2.33128668739423
3,1038,5038,-3.19283110424903,2.1019700220908
3,1039,5039,-2.52857958217241,2.00903637721297
3,1040,5040,-2.42381395148478,2.02317173404966
3,1041,5041,-1.9485993109894,1.30224434668455
3,1042,5042,-2.90603388549433,2.46450128542263
3,1043,5043,-2.01340418556379,0.924954113986049
3,1044,5044,-1.59728139865357,0.817362397231431
3,1045,5045,-2.79354769231479,1.45447301216468
3,1046,5046,-2.67595165683563,2.28514414154782
3,1047,5047,-1.92578323033756,2.0093429462892
3,1048,5048,-2.27908254980954,2.44693287392274
3,1049,5049,-2.76613371561651,1.64353580013538
3,1050,5050,-2.68178717512355,1.19947062158722
3,1051,5051,-2.12569447134063,1.24064116491965
3,1052,5052,-1.90201650145649,1.44429852048478
3,1053,5053,-2.92285807453297,3.78946482886653
3,1054,5054,-1.97027260152383,1.77763727235757
3,1055,5055,-1.12963558753359,2.17839560290213
3,1056,5056,-1.14385270456268,2.84927517729176
3,1057,5057,-1.4421004806451,0.92378908301472
3,1058,5058,-2.07766210672296,1.65089866591414
3,1059,5059,-2.6556185218901,1.50588061414178
3,1060,5060,-0.61982094362929,1.93786908752316
3,1061,5061,-1.21644439257322,2.2671110351228
3,1062,5062,-1.45485791780293,2.26762339790113
3,1063,5063,-2.20296079674043,1.90293514439841
3,1064,5064,-1.74882144097882,1.22552212810122
3,1065,5065,-2.42638568417856,2.07172818158128
3,1066,5066,-1.34050102523126,1.36797836281397
3,1067,5067,-1.53734769282437,2.11655546130846
3,1068,5068,-1.41623951184228,1.91932755749729
3,1069,5069,-2.66394540895214,1.90396196808271
3,1070,5070,-1.82917497327833,1.35898793486108
3,1071,5071,-1.64226417356686,2.19619250843237
3,1072,5072,-3.05813120655876,1.92632773345288
3,1073,5073,-3.25105698332886,1.88093070532744
3,1074,5074,-3.80862061371844,1.48272927615084
3,1075,5075,-1.64863966180603,1.89556028358937
3,1076,5076,-1.64352315925214,1.67811704648128
3,1077,5077,-2.27989361887428,1.95017136150666
3,1078,5078,-1.39284002832465,2.45464246996947
3,1079,5079,-2.05215002215455,2.26044592210824
3,1080,5080,-1.37927237376247,2.12867218144386
3,1081,5081,-1.22167515104741,2.06588885616884
3,1082,5082,-1.05104020093827,2.13556806688616
3,1083,5083,-1.88318560084763,2.15799217160203
3,1084,5084,-0.896452980315152,2.01700480826312
3,1085,5085,-1.67957357366638,1.39791391639768
3,1086,5086,-0.841313441184272,1.0428329181943
3,1087,5087,-0.714161610667183,1.16072055281186
3,1088,5088,-1.11059555570249,2.30201292613558
3,1089,5089,-0.206385902914363,2.44930892718024
3,1090,5090,0.130348097708279,1.56855174933087
3,1091,5091,-0.622583577245633,1.65767959708913
3,1092,5092,-0.158791196326884,1.301795136409
3,1093,5093,-0.283384445094399,2.20612215834763
3,1094,5094,-0.22635904225768,1.8311995897363
3,1095,5095,-0.683430201052465,1.74198546449939
3,1096,5096,-1.02782180885215,2.36007345815555
3,1097,5097,-1.29944112379999,2.1674214082183
3,1098,5098,-2.09519651397268,2.1150030408579
3,1099,5099,-2.60731706841829,2.21150953334317
3,1100,5100,-3.04785008687431,2.69810768206845
3,1101,5101,-2.89395526444682,2.31265927897791
3,1102,5102,-2.38378736852057,1.36958494733458
3,1103,5103,-1.80154431167356,1.46102421849088
3,1104,5104,-1.81667970655819,1.89113822589115
3,1105,5105,-1.78911547393051,1.81280764266167
3,1106,5106,-2.14674690495696,1.99862673231301
3,1107,5107,-1.82267952209868,1.83130926398663
3,1108,5108,-1.86051179496088,1.97736922567705
3,1109,5109,-2.15153065153256,2.09643872508448
3,1110,5110,-2.34081358070692,2.06738990035448
3,1111,5111,-2.21402524838195,2.2801982947375
3,1112,5112,-2.14447731379375,2.06022876526017
3,1113,5113,-1.19513695868523,1.9361696796987
3,1114,5114,-1.5955325747795,2.82878147269942
3,1115,5115,-2.11564896192807,1.3800591832344
3,1116,5116,-2.26227218861239,3.03406941984408
3,1117,5117,-2.54239135711569,2.24516440235795
3,1118,5118,-2.77410995005437,1.96412290902931
3,1119,5119,-2.39652227205982,2.72475434812185
3,1120,5120,-1.30109860111272,1.90352192469949
3,1121,5121,-1.72754022356854,1.40777897817261
3,1122,5122,-1.20016542854073,1.32825570106807
3,1123,5123,-1.11695164471033,1.46661019686301
3,1124,5124,-0.828253540499287,3.47251117034113
3,1125,5125,-1.91759805562377,2.29754745971876
3,1126,5126,-1.97457769771839,1.89429177257307
3,1127,5127,-1.4084500911255,1.94810011508011
3,1128,5128,-2.74996726975531,2.30548391685352
3,1129,5129,-1.93547799784608,1.5662450545144
3,1130,5130,-2.1495548727174,2.21879186255124
3,1131,5131,-1.49878091528002,2.24297323697085
3,1132,5132,-1.84065099611047,3.05046878305537
3,1133,5133,-1.49726965429772,1.89191215161151
3,1134,5134,-1.9161981291006,2.10518851904012
3,1135,5135,-2.34041226802078,2.143049904985
3,1136,5136,-0.781408971390934,1.8814470814804
3,1137,5137,-1.32683252140448,2.81619211332385
3,1138,5138,-0.144614163095156,1.55520388883167
3,1139,5139,-1.71084775357685,1.49139544101586
3,1140,5140,-3.33930938326053,1.87828666976799
3,1141,5141,-2.35935596941285,1.63239974632824
3,1142,5142,-1.74130986858554,1.4079408115917
3,1143,5143,-1.12911314733731,1.91164812458449
3,1144,5144,-2.55169123413409,2.11754352612013
3,1145,5145,-2.06021792045977,1.69447994884573
3,1146,5146,-3.31138656514673,2.34347941845371
3,1147,5147,-2.94749082285488,1.68083634344304
3,1148,5148,-1.24343119240737,2.91493790842992
3,1149,5149,-0.734834744170776,5.53978327348062
3,1150,5150,-0.358366455118352,4.18731325150561
3,1151,5151,-0.853806412688528,4.5006064948054
3,1152,5152,-1.03675382077834,3.71227390645374
3,1153,5153,-2.30296251884589,2.47335647365028
3,1154,5154,-1.92511045290931,2.08986989906359
3,1155,5155,-2.59519081553647,2.79572873636558
3,1156,5156,-1.52617018546246,2.31461610980356
3,1157,5157,-1.57083770224642,2.67916605009389
3,1158,5158,-1.79043886765764,2.4508320814225
3,1159,5159,-1.98590857129903,1.80500046660694
3,1160,5160,-2.03080644500681,1.78889423295649
3,1161,5161,-1.98701780754018,1.64321567039061
3,1162,5162,-2.19146758761403,2.44936645918861
3,1163,5163,-2.12304248768137,2.0750271474512
3,1164,5164,-1.63060054042289,2.03365185599392
3,1165,5165,-2.16093453911031,1.71829151135729
3,1166,5166,-2.62155668017589,2.55092552599468
3,1167,5167,-1.95577469030286,1.7583281119722
3,1168,5168,-1.73411621668397,1.27856476157388
3,1169,5169,-1.13142723611536,1.22293695890113
3,1170,5170,-2.94495822153588,1.77089694077968
3,1171,5171,-1.88169246342834,1.15757706766131
3,1172,5172,-1.44178823356819,0.939032737795466
3,1173,5173,-1.84921509964522,1.25192940052641
3,1174,5174,-1.70154933143932,1.41627406721995
3,1175,5175,-2.29142186416034,2.49538755741274
3,1176,5176,-2.29905860917257,2.58432220890817
3,1177,5177,-2.18825586864357,1.90442861467866
3,1178,5178,-2.6682825111154,2.51895043957427
3,1179,5179,-2.82645499654135,2.34424969136569
3,1180,5180,-2.18734818208133,2.33329186525724
3,1181,5181,-1.60459687110008,1.81901210968582
3,1182,5182,-2.05065742401853,2.47000769853006
3,1183,5183,-1.40911838668184,2.15337282939912
3,1184,5184,-1.0608109308413,1.83904699244851
3,1185,5185,-1.439476025916,2.52337020499573
3,1186,5186,-2.94723979597423,2.01515691154775
3,1187,5187,-2.49848761404492,2.00535614683927
3,1188,5188,-2.52311781282423,3.28441860257164
3,1189,5189,-2.59573821444065,2.84292399396115
3,1190,5190,-1.83324810933633,2.51242158273851
3,1191,5191,-0.161066788454287,1.28798279736105
3,1192,5192,-0.474639416831648,1.76213126133079
3,1193,5193,-0.771575582057956,2.00877931119802
3,1194,5194,-0.57092846586831,2.02905786414773
3,1195,5195,-0.987171680437036,1.9981879693028
3,1196,5196,-0.0350169190659048,3.02665483072907
3,1197,5197,-0.329559562088155,2.93273331672981
3,1198,5198,0.452770633945013,1.73387319478741
3,1199,5199,-0.188394077272945,2.22501873708872
3,1200,5200,0.74586987944034,1.80663915893629
3,1201,5201,-3.77320892514204,1.75591808769994
3,1202,5202,-3.67298422438487,2.80828660980642
3,1203,5203,-0.495442604573652,3.15596026599313
3,1204,5204,-3.11797392466624,2.65779993232864
3,1205,5205,-2.42187157462072,3.03662000834565
3,1206,5206,-1.96636572692431,2.92861672104267
3,1207,5207,-2.24887104418361,2.41142982587165
3,1208,5208,-2.00446546480354,1.6475863066862
3,1209,5209,-2.48248481989388,1.67307186773441
3,1210,5210,-2.55544112766559,2.36822535963101
3,1211,5211,-2.74787126972024,1.70267382187968
3,1212,5212,-2.86289362409353,1.58342639686847
3,1213,5213,-2.23986519850598,2.2161508081558
3,1214,5214,-2.42292944884393,2.22312309645512
3,1215,5215,-0.872462349915357,2.51587594313802
3,1216,5216,-1.56599256831657,1.55009129061472
3,1217,5217,-1.85035606429152,1.66388142058774
3,1218,5218,-2.36141721241101,2.22417634211218
3,1219,5219,-1.82055306384281,2.38085869019121
3,1220,5220,-2.46396633282552,2.10287444564175
3,1221,5221,-2.18735684733901,2.57347436909928
3,1222,5222,-2.47088379127434,2.51435301229134
3,1223,5223,-2.23105731659116,2.13370202691151
3,1224,5224,-1.03175631600035,2.41503135724848
3,1225,5225,-3.0771382342082,2.09582831472227
3,1226,5226,-3.56085066369589,2.8187307021913
3,1227,5227,-3.61145141957187,3.52785546034805
3,1228,5228,-2.57939898726975,3.18618320909291
3,1229,5229,-1.36956273467874,2.2940803429932
3,1230,5230,-1.38432524806333,2.19587611151542
3,1231,5231,-2.32446144969371,2.52344968362517
3,1232,5232,-1.98609476911777,1.90748702163886
3,1233,5233,-2.58818590222436,2.10124482469598
3,1234,5234,-2.67625462752765,2.57921521291416
3,1235,5235,-2.74640841088904,2.05360414472247
3,1236,5236,-2.55893296369478,2.43242884330753
3,1237,5237,-2.28886993387105,2.11047187353638
3,1238,5238,-2.99467304081118,1.92843794533646
3,1239,5239,-4.101674412444,2.20051354817222
3,1240,5240,-3.91211736022465,1.73058902274137
3,1241,5241,-2.88804930398363,3.28662266993321
3,1242,5242,-2.14584363392915,1.91969640962063
3,1243,5243,-2.87709490291031,2.3391365390598
3,1244,5244,-2.01901205522404,2.06406354727035
3,1245,5245,-2.75120962531297,1.94370743889845
3,1246,5246,-3.15985407953564,1.40639206109502
3,1247,5247,-2.50000525623624,1.40570045695647
3,1248,5248,-3.14660670788214,2.42106577126755
3,1249,5249,-2.44776760624071,1.74055442242711
3,1250,5250,-2.35387827538851,1.92319842771793
3,1251,5251,-2.2750647635226,1.34390993396234
3,1252,5252,-4.04318812801237,3.65365204810829
3,1253,5253,-3.19243385863052,2.26623480618114
3,1254,5254,-3.64288213633076,2.2881001965968
3,1255,5255,-3.3712875115262,2.53206177172638
3,1256,5256,-0.443298691259827,1.28668152474648
3,1257,5257,-0.909289359205124,1.20200304867687
3,1258,5258,-1.10709819352339,1.04605491231847
3,1259,5259,-1.14794424239741,1.68643357105569
3,1260,5260,-1.86566995759128,2.52395076143445
3,1261,5261,-1.10486865829008,2.25906085614461
3,1262,5262,-2.03558240970886,3.39907643739612
3,1263,5263,-1.15378592560574,3.11472674339354
3,1264,5264,-1.70163090380867,1.55034616087542
3,1265,5265,-2.08299983573825,1.94956787563134
3,1266,5266,-1.67064984728038,1.86828366237177
3,1267,5267,-2.35078829097351,1.51486506291339
3,1268,5268,-2.43671080723773,2.15184040029645
3,1269,5269,-2.27822873609722,2.60602277323653
3,1270,5270,-2.0217266335108,1.6888171511922
3,1271,5271,-2.29881909929283,1.74447580866335
3,1272,5272,-3.49139860563662,2.60610780435505
3,1273,5273,-3.54603664572745,2.59462630979128
3,1274,5274,-2.74402801989451,1.93728229059182
3,1275,5275,-2.25434898620693,1.92736863636037
3,1276,5276,-3.04029752469155,2.14551532646267
3,1277,5277,-1.48705579248766,2.38791886578054
3,1278,5278,-1.15457784190985,4.62882456130314
3,1279,5279,-0.948367110654006,4.25109500108859
3,1280,5280,-0.583900747775811,1.18314256370814
3,1281,5281,-0.518234838916348,1.89028859329224
3,1282,5282,-0.852965767448102,1.47682673675623
3,1283,5283,-2.31296416686109,2.61031893220901
3,1284,5284,-2.4674258869502,2.46312709355786
3,1285,5285,-2.01531889162321,2.22308362129265
3,1286,5286,-1.66225876972612,2.37347290946515
3,1287,5287,-1.19488387655522,2.29670646591626
3,1288,5288,-2.52251627773301,2.3653738974873
3,1289,5289,-1.8042894865766,1.62081687150184
3,1290,5290,-3.64215498022361,2.49097891975127
3,1291,5291,-3.09986841184921,2.13210080008903
3,1292,5292,-2.02305517879814,1.18396193314177
3,1293,5293,-1.97495290673377,1.54961061489737
3,1294,5294,-1.85390649768974,1.40653274278219
3,1295,5295,-1.5745868742361,1.77320881281385
3,1296,5296,-1.73360578214066,1.16521446324367
3,1297,5297,-1.34240392061158,0.937741169591802
3,1298,5298,-1.88484188649156,0.885173351411603
3,1299,5299,-2.62227880970779,1.33880361402952
3,1300,5300,-3.85956197050187,2.4447228365361
3,1301,5301,-1.04618720913533,1.44751101187106
3,1302,5302,-1.88130716144972,2.20850410652417
3,1303,5303,-2.08359485668244,2.06715562370812
3,1304,5304,-2.14837485791378,1.36911871136094
3,1305,5305,-2.57102719014954,1.62445881578373
3,1306,5306,-1.6388412937958,2.36115773682432
3,1307,5307,-2.81097628733826,1.35308384877807
3,1308,5308,-2.3630933708639,1.70357320182502
3,1309,5309,-2.28041139759693,1.82811166894668
3,1310,5310,-1.35452295875935,2.02063190457412
3,1311,5311,-1.37402621343021,2.25095522462339
3,1312,5312,-3.3121735023509,1.8447488204876
3,1313,5313,-2.46692454192595,2.92034025576804
3,1314,5314,-1.29017955151246,1.40573714505175
3,1315,5315,-2.54840075728465,1.68236868993085
3,1316,5316,-2.27468473505481,1.72118314869312
3,1317,5317,-2.24059436731684,1.86124678895056
3,1318,5318,-2.6256200286354,1.53173679356563
3,1319,5319,-1.46529791668222,1.33330972228757
3,1320,5320,-2.33504938410131,2.68700446042751
3,1321,5321,-1.32169639081309,2.02475112997404
3,1322,5322,-1.35590009431795,1.30901480565973
3,1323,5323,-1.4955698226084,1.24320330897271
3,1324,5324,-2.00801088030791,3.54223947586635
3,1325,5325,-1.65226237005707,1.42333444156122
3,1326,5326,-2.43970930279728,2.57663608497395
3,1327,5327,-2.40347969917129,2.00851641660756
3,1328,5328,-2.65960641781022,1.78097599428802
3,1329,5329,-3.24121063282105,3.14073170917222
3,1330,5330,-2.55684995301493,2.7520271838526
3,1331,5331,-1.7572929630423,1.86380802105722
3,1332,5332,-2.2928338819453,1.64926482787134
3,1333,5333,-2.62708586358389,2.08802483576822
3,1334,5334,-2.47997741902752,2.6752963226355
3,1335,5335,-2.50634451181102,2.05448609812971
3,1336,5336,-2.0717376233831,3.00493953336705
3,1337,5337,-1.70061998067876,1.73027068379401
3,1338,5338,-2.08139850499025,2.11966059084426
3,1339,5339,-2.1516198382801,1.70696175495932
3,1340,5340,-2.10639918447253,2.06991835461221
3,1341,5341,-1.81788035495748,2.07169125977865
3,1342,5342,-0.694492989323812,1.56059332743755
3,1343,5343,-0.538320595166901,1.4634663624264
3,1344,5344,-0.713059484853864,1.49254007251874
3,1345,5345,-2.01909948536658,1.73593703373673
3,1346,5346,-1.73816583339751,1.83664450444988
3,1347,5347,-3.18041177474508,1.98736171033723
3,1348,5348,0.649487556852311,2.11543146503553
3,1349,5349,-1.41244364766802,2.70203612395116
3,1350,5350,-1.85038748048315,2.84257805117984
3,1351,5351,-1.43928464201082,1.45567149644322
3,1352,5352,-1.42297756647403,1.12562895170091
3,1353,5353,-1.4208725508266,3.86481336259885
3,1354,5354,-2.30207441129688,4.18001010778608
3,1355,5355,-1.19504335598661,2.50921157443738
3,1356,5356,-2.87907230281938,3.01936360355663
3,1357,5357,-2.10655568394519,2.24290849868182
3,1358,5358,-2.7996510500658,3.04907241155088
3,1359,5359,-2.39252638571142,2.52624611631582
3,1360,5360,-2.20919103590601,2.26788434355117
3,1361,5361,-2.30476833053359,2.62453597741729
3,1362,5362,-1.67863852617882,2.61267438076269
3,1363,5363,-2.24993486258491,3.84779125216606
3,1364,5364,-2.49824254199589,2.69356130239809
3,1365,5365,-2.08635858479531,2.92344492527354
3,1366,5366,-2.8500435506972,1.75032085923842
3,1367,5367,-2.80649817990133,2.68932232828011
3,1368,5368,-3.02476537585563,2.8114220467531
3,1369,5369,-3.25504065301996,2.91006645590434
3,1370,5370,-1.38222589860929,2.03234642992092
3,1371,5371,-1.53129041944344,2.1444603804932
3,1372,5372,-3.35816150667829,2.39005456907904
3,1373,5373,-1.18522927156981,2.27598098933314
3,1374,5374,-1.54506011255357,2.38357456527244
3,1375,5375,-0.866094379542126,1.59096650041214
3,1376,5376,-1.22970613876042,2.01427965907467
3,1377,5377,-1.13956314211651,1.89293140517823
3,1378,5378,-2.04321773180852,2.35300498107347
3,1379,5379,-2.12924755147567,1.43009527382838
3,1380,5380,-2.03073274375343,1.51493831688659
3,1381,5381,-2.28327963335904,2.02911635193439
3,1382,5382,-2.0494979034399,1.34043855269659
3,1383,5383,-1.72328674786725,1.81459354291271
3,1384,5384,-1.7623665621324,0.980359156289948
3,1385,5385,-1.93462931230006,1.27778505139851
3,1386,5386,-1.96975482643285,1.93615208430068
3,1387,5387,-2.10059979649818,1.71722629826826
3,1388,5388,-2.37684830628751,2.36492721929421
3,1389,5389,-1.96894303639094,2.38380578247389
3,1390,5390,-1.73721724313787,2.76280603157935
3,1391,5391,-1.75434990701261,2.32317461331144
3,1392,5392,-2.21201042603475,2.13744858136695
3,1393,5393,-1.82361454877518,2.51354292764141
3,1394,5394,-2.08171719307609,2.63454391306612
3,1395,5395,-1.41482562236561,1.87993165817733
3,1396,5396,-1.26881322409069,1.88649342164802
3,1397,5397,-1.95209394098641,2.0662687330007
3,1398,5398,-2.20809297537475,2.4397762226958
3,1399,5399,-1.60226154994146,1.58446503300831
3,1400,5400,-1.65302919079786,1.09413773649393
3,1401,5401,-1.8590415592664,1.19439153295636
3,1402,5402,-1.42919282244457,0.984995187176894
3,1403,5403,-1.25525794684175,1.32851066524055
3,1404,5404,-1.64812794871653,1.19357092043328
3,1405,5405,-0.633256433063183,1.08068137577278
3,1406,5406,-2.11407350962676,2.18993795776538
3,1407,5407,-1.26744786714257,1.99074378449229
3,1408,5408,-2.56285367113402,1.60773802290418
3,1409,5409,-2.89095169550084,1.26014853509371
3,1410,5410,-2.62000022686295,1.23989129537471
3,1411,5411,-2.65133015671556,1.34612374931527
3,1412,5412,-2.23431250751183,1.67925459241691
3,1413,5413,-2.37721050830674,1.71594476646706
3,1414,5414,-1.84421420753,1.44224305858863
3,1415,5415,-1.70902539883663,1.70152717393843
3,1416,5416,-1.57903118119287,1.88084176627633
3,1417,5417,-1.76172790940588,1.72420446990869
3,1418,5418,-1.86575186386629,2.56214296539601
3,1419,5419,-2.00573975181018,2.39983638340287
3,1420,5420,-2.61089170491955,2.40865357354569
3,1421,5421,-2.52573836038395,2.43565773510696
3,1422,5422,-2.57381157075787,2.66792896966502
3,1423,5423,-2.42818397629865,2.2992572723171
3,1424,5424,-1.11144337272162,1.51409096210668
3,1425,5425,-0.471641821101569,3.14587235733073
3,1426,5426,-2.827738914967,1.78274806146465
3,1427,5427,-2.49997230775818,1.41596760238523
3,1428,5428,-2.40195580363161,1.62717663006141
3,1429,5429,-1.85519945464208,2.41874517932536
3,1430,5430,-2.7803322521449,1.95856728470464
3,1431,5431,-1.99977387427507,1.05632532094336
3,1432,5432,-1.83338153294654,1.00544293049944
3,1433,5433,-1.85054711255482,0.959205849075049
3,1434,5434,-2.13422934344389,2.04081412830034
3,1435,5435,-1.77344836480325,2.32891528368902
3,1436,5436,-2.09713701145376,1.88130185275804
3,1437,5437,-1.39883937539577,1.73160937551259
3,1438,5438,-1.23293878567454,1.66915197786773
3,1439,5439,-1.71086622844457,2.62000020268549
3,1440,5440,-1.32563462160803,2.04687839407185
3,1441,5441,-2.23954884829622,2.54397699986875
3,1442,5442,-1.84171996892825,2.85225683592657
3,1443,5443,-1.32200149544117,3.59213028141687
3,1444,5444,-1.44586648288902,2.52207487651727
3,1445,5445,-2.65255182269382,2.11011624481346
3,1446,5446,-2.05753894848121,1.46908350373567
3,1447,5447,-2.04887706523707,1.34686902662869
3,1448,5448,-1.94910844102096,1.32938201353241
3,1449,5449,-1.79514763228406,1.36328461166394
3,1450,5450,-3.11131593533594,1.61238339346432
3,1451,5451,-2.03733855178152,2.02849020820548
3,1452,5452,-2.20477307994669,2.44781853393282
3,1453,5453,-2.11014287905328,1.46987721872744
3,1454,5454,-2.29967598026047,1.67015986751277
3,1455,5455,-1.4898109916682,1.50260847670525
3,1456,5456,-2.50440082920611,2.29612202224702
3,1457,5457,-0.184944256746486,1.2883556372006
3,1458,5458,-0.769976236643273,1.18960997883065
3,1459,5459,-1.86577319907658,1.49198549450618
3,1460,5460,-2.38374618796982,2.48315673113889
3,1461,5461,-2.09111457420074,1.87763222423722
3,1462,5462,-1.13575489598585,1.85905076753231
3,1463,5463,-1.97728777198433,1.49061999734327
3,1464,5464,-3.50803690192649,2.71994948645249
3,1465,5465,-0.658771345074206,1.34696795903147
3,1466,5466,-0.434204159701024,1.61619620236422
3,1467,5467,-0.981351143618455,2.53565305221221
3,1468,5468,-1.17874606314128,2.00167743405964
3,1469,5469,-1.20092243593609,2.30657592686351
3,1470,5470,-2.03999838753139,1.93898698165043
3,1471,5471,-1.66994557384602,1.14482754852312
3,1472,5472,-2.11653182016317,1.69875195856641
3,1473,5473,-1.00495787168248,1.55389197984777
3,1474,5474,-2.26108493830406,2.66349114520506
3,1475,5475,-1.37697580933316,1.24557689248125
3,1476,5476,-1.13666531444245,1.16069079660423
3,1477,5477,-1.947037595741,1.78716765495631
3,1478,5478,-2.06976829086409,1.76753790227805
3,1479,5479,-1.60696034402495,1.89978623156921
3,1480,5480,-2.04293664733468,1.550845527086
3,1481,5481,-1.33560367219102,1.76404092800949
3,1482,5482,-3.18780800605773,1.73755723513688
3,1483,5483,-2.79914992568266,2.26249048021212
3,1484,5484,-2.42721472347819,2.74452041036029
3,1485,5485,-3.52556637342967,2.12933555165482
3,1486,5486,-2.89406319217824,1.8001185177534
3,1487,5487,-3.06636676776241,1.63680372808047
3,1488,5488,-1.69567787084247,1.00269870266877
3,1489,5489,-1.97705711582614,1.60460923027706
3,1490,5490,-2.48244079663213,1.43343450814468
3,1491,5491,-2.50333705079519,1.79681358332
3,1492,5492,-1.87495859310617,2.00150111078137
3,1493,5493,-1.77301451240686,2.47076040608367
3,1494,5494,-1.78606949412907,2.54229963151131
3,1495,5495,-2.66992273643113,3.08011211659569
3,1496,5496,-1.79152962294594,1.34763668367468
3,1497,5497,-3.2500243871055,2.81311422900783
3,1498,5498,-1.31173728514774,1.0106229195331
3,1499,5499,-1.9874456168093,1.13394033535717
3,1500,5500,-2.19293191170605,0.975192938288353
3,1501,5501,-2.12225308027305,1.12345805009379
3,1502,5502,-2.44303711942952,1.34097513779217
3,1503,5503,-2.00296671720372,1.098463521801
3,1504,5504,-1.80393314965398,1.84717349857262
3,1505,5505,-1.6338444103484,1.04520636987909
3,1506,5506,-3.54994073266916,1.96700610665876
3,1507,5507,-2.57637207241763,1.54282772389777
3,1508,5508,-2.40387145052664,1.41566676484441
3,1509,5509,-2.81893067487784,2.18926365914572
3,1510,5510,-0.911216292682087,1.16428024068777
3,1511,5511,-2.62042840495667,2.49673487290878
3,1512,5512,-2.54561556935568,2.29432152678619
3,1513,5513,-1.90063450284623,2.56474820828955
3,1514,5514,-2.39715790308585,1.85353873154684
3,1515,5515,-2.38096468877799,1.45205659515502
3,1516,5516,-3.12802362464,2.69385464596172
3,1517,5517,-2.18640133719477,2.01915564143428
3,1518,5518,-2.29837437396235,2.0161191674533
3,1519,5519,-2.99118978774987,2.44829792610853
3,1520,5520,-2.06261361765326,1.54499979024188
3,1521,5521,-2.35780598100199,1.68009626052981
3,1522,5522,-1.8786398471755,2.5255690685395
3,1523,5523,-2.08853833579905,3.49074134430651
3,1524,5524,-1.46161595867559,3.46967195629882
3,1525,5525,-1.73522654105462,2.43748605708147
3,1526,5526,-2.12106454267887,1.94213115390109
3,1527,5527,-1.14920561183853,1.95208533001146
3,1528,5528,-1.23068200140678,2.06967402529241
3,1529,5529,-2.13023707178516,1.39703475640871
3,1530,5530,-1.68658711684268,1.00625695532208
3,1531,5531,-2.06736313440362,1.45826799964259
3,1532,5532,-2.65354849648989,2.25314553996686
3,1533,5533,-2.19389840953471,1.91210939200575
3,1534,5534,-1.40346145618503,1.94483137718671
3,1535,5535,-3.30011287597302,1.79432802283593
3,1536,5536,-2.53630553262259,1.33963639608752
3,1537,5537,-2.73236508122901,1.60396406034033
3,1538,5538,-3.30026684438528,1.45121255086114
3,1539,5539,-2.43185482263075,1.73360561620631
3,1540,5540,-2.5403557029725,1.882021868115
3,1541,5541,-1.44004613900009,1.97517895500736
3,1542,5542,-0.70756853172252,1.83085553144231
3,1543,5543,-0.420336670067041,1.54962709122324
3,1544,5544,-1.07578248766943,2.0591288090846
3,1545,5545,-2.08551239592047,2.3050978872842
3,1546,5546,-1.56602427545705,1.86566832612246
3,1547,5547,-1.59629775436543,1.82777154121458
3,1548,5548,-2.15873715950811,2.24486556267472
3,1549,5549,-1.22306989909378,1.78974938193112
3,1550,5550,-2.86156544416506,1.70139150689053
3,1551,5551,-1.20496257891582,2.40250830730777
3,1552,5552,-3.61827399851889,2.63453017966889
3,1553,5553,-3.19666366193266,1.72998819077222
3,1554,5554,-2.69788836001954,1.61300231644017
3,1555,5555,-2.9101411278228,1.35446186539173
3,1556,5556,-2.87182215019387,2.77269426451538
3,1557,5557,-2.8049301031176,2.79352497789506
3,1558,5558,-3.30998010043929,3.46522788048487
3,1559,5559,-1.84206963557355,1.01116014230695
3,1560,5560,-2.82875255729612,1.56590653878423
3,1561,5561,-3.0648530300255,1.4222862436031
3,1562,5562,-1.51577846484412,2.08040650935555
3,1563,5563,-0.981458415429809,1.4977153792219
3,1564,5564,-1.14562976072322,2.74454035314808
3,1565,5565,-0.460203551986066,2.31044088591337
3,1566,5566,-2.59856603216904,2.23047248831271
3,1567,5567,-2.74047280925755,3.01103771416642
3,1568,5568,-2.52010173313262,3.05700904800635
3,1569,5569,-2.48204451468073,1.77595012055743
3,1570,5570,-1.66435107856857,1.13936555631761
3,1571,5571,-3.10425405519049,1.74528877661741
3,1572,5572,-0.680686053863636,2.38903594478798
3,1573,5573,-0.960329657017325,2.41464713609952
3,1574,5574,-0.528453457290589,2.71581461149342
3,1575,5575,-0.478773200163138,2.50942288186994
3,1576,5576,-0.701081709348276,1.9268700509137
3,1577,5577,-1.4232067153221,3.05065168089913
3,1578,5578,-2.62325445738883,1.82182363851796
3,1579,5579,-2.46956253641254,1.70723383761619
3,1580,5580,-2.26783143455233,1.2475991809347
3,1581,5581,-1.84213969593731,1.4695221868513
3,1582,5582,-2.28617233348615,1.62208192301191
3,1583,5583,-1.95484476533316,1.87940566814476
3,1584,5584,-1.94108689083022,1.28590578454544
3,1585,5585,-3.5842797952827,1.90902352737185
3,1586,5586,-2.88945982804986,1.7049382742075
3,1587,5587,-2.64153567938028,1.64708956052863
3,1588,5588,-2.24115791779748,1.31108022291193
3,1589,5589,-2.88549440998026,1.5047997992872
3,1590,5590,-2.37642171611872,2.11624388914727
3,1591,5591,-3.12586715383158,1.74779861956904
3,1592,5592,-2.19986809528315,1.77337266197784
3,1593,5593,-2.40621852848154,1.89474468464544
3,1594,5594,-2.64576733534315,1.87830471650216
3,1595,5595,-2.55168820923085,1.87148930731617
3,1596,5596,-2.87392211776185,2.05181311379673
3,1597,5597,-1.34281622122055,4.20887939104628
3,1598,5598,-1.36969627395251,4.08898102042212
3,1599,5599,-1.21954855026658,3.82313955155392
3,1600,5600,-1.52183119174503,3.25091284753851
3,1601,5601,-1.46646567307748,3.32290290035591
3,1602,5602,-1.82949673654533,1.75627438150938
3,1603,5603,-1.84370197537932,2.18935064055999
3,1604,5604,-1.41047619854777,1.44373272497976
3,1605,5605,-1.55705473184155,1.23713620097489
3,1606,5606,-1.97160404523161,2.5982314351479
3,1607,5607,-1.84906526219601,2.03810874600141
3,1608,5608,-1.76153957731472,1.66235958546335
3,1609,5609,-2.09566539510754,2.26209174288545
3,1610,5610,-1.77561072805433,1.82948173518123
3,1611,5611,-2.47944464277155,2.87777599212944
3,1612,5612,-2.17138555553032,1.60228144037414
3,1613,5613,-2.26347555105143,2.02184817574386
3,1614,5614,-1.28659822918448,1.26547757465024
3,1615,5615,-1.93276530029375,1.75411043037862
3,1616,5616,-1.70111847893348,2.38957084556179
3,1617,5617,-2.21184626469426,1.71063910430531
3,1618,5618,-2.4022349393353,1.60418953512336
3,1619,5619,-2.46733621798305,1.69507770131824
3,1620,5620,-2.50828414401834,1.21513293421018
3,1621,5621,-2.19022436797007,1.38673688630771
3,1622,5622,-2.41279050200458,2.81524918723796
3,1623,5623,-2.33784824529624,1.38936282889112
3,1624,5624,-3.68909415569079,1.28600867466153
3,1625,5625,-3.25863181784661,1.18632408736057
3,1626,5626,-1.05501390496892,2.02509160856727
3,1627,5627,-0.86891401669347,1.33645568804951
3,1628,5628,-0.811305865038064,1.31138320461858
3,1629,5629,-1.30442273191463,1.35038783172074
3,1630,5630,-1.34173205853468,1.58488638970299
3,1631,5631,-1.73545124215411,1.47421123809417
3,1632,5632,-3.12988678842977,1.60965568725764
3,1633,5633,-2.39926136237753,3.05723229541768
3,1634,5634,-2.46514367235626,3.50726506432404
3,1635,5635,-0.894765147548801,2.39631463648132
3,1636,5636,-1.2623909650752,2.28925578817398
3,1637,5637,-1.01302357472529,2.85973281698808
3,1638,5638,-1.84833444306381,2.4390506653589
3,1639,5639,-1.12066678006249,1.79384749761248
3,1640,5640,-2.07952963242387,2.29553209012075
3,1641,5641,-1.7888892425948,1.81689988435155
3,1642,5642,-1.30734281989077,1.15715113526548
3,1643,5643,-3.50499965239542,2.50849762572778
3,1644,5644,-3.26394780313485,2.24221618671584
3,1645,5645,-3.08387143010369,2.16952600989856
3,1646,5646,-2.25297514212018,1.37127762229941
3,1647,5647,-2.16991194903663,1.33547825183756
3,1648,5648,-2.98057231244931,1.45904904011536
3,1649,5649,-3.18714717513881,1.56949348860981
3,1650,5650,-2.84678199220575,1.53124380260714
3,1651,5651,-3.07383906552276,3.25055849527589
3,1652,5652,-1.11938690730592,1.17375265617485
3,1653,5653,-1.70177645631054,1.57475014267253
3,1654,5654,-0.930248658074597,1.62240860993993
3,1655,5655,-1.85831074767436,1.17917218279155
3,1656,5656,-1.72766103698608,1.80420330387322
3,1657,5657,-2.06519359415327,1.55534375876491
3,1658,5658,-2.15311188531706,1.39692517992576
3,1659,5659,-1.5611819497148,2.43148482915183
3,1660,5660,-1.70208507174013,2.28420641027663
3,1661,5661,-3.39788844145705,4.08136821410477
3,1662,5662,-3.10234926741892,2.46210323802131
3,1663,5663,-2.95171405094943,2.5668840164606
3,1664,5664,-1.88938851247439,1.3223813320525
3,1665,5665,-1.0551308506416,1.66080182566847
3,1666,5666,-1.2217115979156,2.05042692332742
3,1667,5667,-0.554444404192462,2.55600752586598
3,1668,5668,-2.77975992830169,2.08521394975111
3,1669,5669,-3.24986700801581,1.80185560351527
3,1670,5670,-2.19855628747909,1.81060555344956
3,1671,5671,-1.65943651985583,2.51816651556485
3,1672,5672,-1.12611107512565,1.60622810129159
3,1673,5673,-0.622052280609539,2.34160061416561
3,1674,5674,-1.05772067441745,2.10783195420833
3,1675,5675,-2.48714220321809,2.58437396595007
3,1676,5676,-1.84906310073147,2.62382884963527
3,1677,5677,-2.25174523201248,2.79728995667267
3,1678,5678,-1.82825572985565,3.10227242766249
3,1679,5679,-3.84437631275317,2.38226103584677
3,1680,5680,-4.18848525628257,3.24449827790371
3,1681,5681,-3.01193575185842,1.68379508728413
3,1682,5682,-3.86721584661176,2.19058905746946
3,1683,5683,-2.86038202243883,1.47244793240792
3,1684,5684,-2.70853411298894,1.49239430321788
3,1685,5685,-1.57324547098346,2.76206776663843
3,1686,5686,-1.87891896016511,2.21619756404538
3,1687,5687,-1.6648456494429,2.34433389224978
3,1688,5688,-1.5673410654682,2.50824791653581
3,1689,5689,-2.60121809266285,2.54406766608943
3,1690,5690,-1.38563625822285,1.22620406503172
3,1691,5691,-2.48307403644407,1.64387506876507
3,1692,5692,-1.77606689945091,1.21374254538608
3,1693,5693,-1.81097346385771,1.6723644744424
3,1694,5694,-1.78885550556078,1.77970908204965
3,1695,5695,-3.49390653236271,1.9094690547138
3,1696,5696,-3.36227262690975,1.83066558736827
3,1697,5697,-4.80322771856484,2.13291965842634
3,1698,5698,-3.99165721541648,2.18256822993889
3,1699,5699,-3.0819662979742,1.97372621068661
3,1700,5700,-3.47931101223135,2.81752333040691
3,1701,5701,-2.54118598491003,1.9186379706068
3,1702,5702,-2.11685827643487,1.90659147487214
3,1703,5703,-2.97937845155515,1.75242833617158
3,1704,5704,-2.83161663463389,1.59468970841049
3,1705,5705,-2.22658508342615,1.46122680557098
3,1706,5706,-1.12745743786491,2.08651940260641
3,1707,5707,-1.18538358013836,1.63808402818217
3,1708,5708,-2.16467432709547,1.63066327171806
3,1709,5709,-1.77008971386002,1.2163869589496
3,1710,5710,-1.66830213313449,2.32927622805856
3,1711,5711,-2.11300497376363,2.0907336181608
3,1712,5712,-3.04655412380956,1.64987585870729
3,1713,5713,-2.36845222245697,2.037691510924
3,1714,5714,-2.28864478493925,1.98895352984815
3,1715,5715,-2.51288583497692,2.60397865493308
3,1716,5716,-2.73075269253967,1.97443796434694
3,1717,5717,-3.06473352794324,2.64082124559459
3,1718,5718,-2.86106343096215,2.39026723694153
3,1719,5719,-1.71722050736547,1.30775458776799
3,1720,5720,-0.476727414681489,1.83789597833262
3,1721,5721,-1.69665708716771,2.42696416977813
3,1722,5722,-1.57945237044778,2.18862673972619
3,1723,5723,-1.38592305805634,1.77400028127109
3,1724,5724,-2.69207066672566,2.13289227723368
3,1725,5725,-1.91037923004973,1.77028950379957
3,1726,5726,-1.93483878816013,1.30061693517573
3,1727,5727,-1.71184783882399,3.38375802449215
3,1728,5728,-2.09624544956618,2.72339838781509
3,1729,5729,-2.1915287346298,2.87749108871218
3,1730,5730,-2.57917371007727,2.75033869169951
3,1731,5731,-2.53954668583371,2.13934269012108
3,1732,5732,-2.57236125004281,2.13125902346942
3,1733,5733,-2.56403838943039,1.54360742566553
3,1734,5734,-2.07629648489402,1.40220015647128
3,1735,5735,-2.00405360911654,1.74588352180826
3,1736,5736,-2.49891531009199,2.69491904699565
3,1737,5737,-2.30840475188947,2.54049075009625
3,1738,5738,-1.97106338041513,2.30512579970978
3,1739,5739,-1.89304349397822,2.40172925219661
3,1740,5740,-2.12772070496558,1.97751232509133
3,1741,5741,-2.96772559951842,1.53983355848066
3,1742,5742,-2.13378871671627,1.52023054852176
3,1743,5743,-3.69840790616441,3.23077304041342
3,1744,5744,-1.33283663923219,1.95081448282614
3,1745,5745,-2.54081682074562,2.18203817171907
3,1746,5746,-2.10851602553326,1.92484569137199
3,1747,5747,-2.2623313958221,1.97405949379753
3,1748,5748,-3.06035190692316,2.46104844755291
3,1749,5749,-2.12125169743111,1.53341946774268
3,1750,5750,-3.42237326509675,1.90723303111548
3,1751,5751,-2.59060194464948,1.98359770627327
3,1752,5752,-2.53165731051966,2.38653505057918
3,1753,5753,-2.76381936722649,1.9826244291805
3,1754,5754,-2.01544672533158,1.66053770188455
3,1755,5755,-1.44831940600747,0.891854710169046
3,1756,5756,-1.91135764237155,1.95467849158067
3,1757,5757,-1.50954004598077,1.80576827371782
3,1758,5758,-1.76731921787096,1.30890164230211
3,1759,5759,-2.17781034104237,0.968602980413325
3,1760,5760,-2.50021123222994,1.09886615706384
3,1761,5761,-1.54884311829704,0.951946623620126
3,1762,5762,-2.8149191294181,1.389145090078
3,1763,5763,-1.77868420606564,0.827141624272388
3,1764,5764,-1.95553698305476,1.10659325101238
3,1765,5765,-1.76151386428972,1.21238910090941
3,1766,5766,-2.65688512117371,1.38050399267401
3,1767,5767,-1.8800660098125,1.43999465550741
3,1768,5768,-2.26524370186152,2.90883275351293
3,1769,5769,-0.797060556511379,1.18696900820975
3,1770,5770,-0.712873651418659,1.11315518299237
3,1771,5771,-2.59184454109859,2.86360645030379
3,1772,5772,-0.278393239241148,1.29901133784312
3,1773,5773,-3.03048332138907,3.02197282261099
3,1774,5774,-3.09577550157284,1.15832611308838
3,1775,5775,-2.47565623141452,2.43589871333065
3,1776,5776,-3.63727189178371,2.11611478090636
3,1777,5777,-1.90199056735775,2.81403101127174
3,1778,5778,-1.99784370062988,2.83813412864883
3,1779,5779,-1.8803788111788,2.63946482702713
3,1780,5780,-1.85481530099797,2.64733577520215
3,1781,5781,-1.61843326179594,2.47133123212751
3,1782,5782,-1.11707897347669,2.2181528722847
3,1783,5783,-1.27061979798858,2.49958107724053
3,1784,5784,-0.949485422755064,2.80176198993541
3,1785,5785,-1.05754681969519,2.41895471941673
3,1786,5786,-0.441091300091328,2.65885618235207
3,1787,5787,-1.9531663086335,3.05965655966302
3,1788,5788,-1.73011528211048,3.3363866304633
3,1789,5789,-1.53991914432831,3.49289075728167
3,1790,5790,-1.09295392853572,1.5033184435232
3,1791,5791,-0.800013029033536,1.40857162767261
3,1792,5792,-2.28212172062798,2.35560781167907
3,1793,5793,-0.372636149141108,2.44147876392811
3,1794,5794,-2.15730079632183,2.30103827120241
3,1795,5795,-1.1360452868592,2.00958203573659
3,1796,5796,-1.62038999537807,2.18102779309529
3,1797,5797,-1.99629527546323,1.69025580625147
3,1798,5798,-0.726353277172963,1.57040300313268
3,1799,5799,-1.05459620746763,1.62558715911714
3,1800,5800,-1.13267029237415,1.77725001268605
3,1801,5801,-1.42125920735497,1.59342546383724
3,1802,5802,-1.72897273989669,1.68455517296765
3,1803,5803,-1.30059668544891,1.6923678812701
3,1804,5804,-0.756371269780017,1.45403202261302
3,1805,5805,-3.04693111343382,2.17178565353732
3,1806,5806,-2.21237370289532,1.26039089527863
3,1807,5807,-2.32986625290211,1.14133101978175
3,1808,5808,-1.00750486846176,1.07671797943715
3,1809,5809,-1.16143837908301,2.19359658114073
3,1810,5810,-0.689823343761815,1.77340869794506
3,1811,5811,-2.63016986449788,2.23719198152848
3,1812,5812,-2.11025973620668,1.86700962680321
3,1813,5813,-2.57899200544503,1.7548344322176
3,1814,5814,-2.07032921532822,2.76089672074257
3,1815,5815,-2.34434232883196,2.77915013857528
3,1816,5816,-2.37733206858534,2.76788518914229
3,1817,5817,-2.21861153489495,2.30791248286779
3,1818,5818,-1.90599274108889,2.15330323272448
3,1819,5819,-0.849519457719598,1.89285845831968
3,1820,5820,-1.25154669237422,2.26015842943728
3,1821,5821,-2.33620866640187,1.47408013083212
3,1822,5822,-1.58256011998555,1.78144638752565
3,1823,5823,-2.65903156159062,1.41788910909325
3,1824,5824,-2.15372670848392,1.65325975256085
3,1825,5825,-1.77840723602606,1.36285043901078
3,1826,5826,-2.09646453655283,0.896772425929439
3,1827,5827,-2.92895297743278,1.07891343267326
3,1828,5828,-1.47663257646047,2.82069420133063
3,1829,5829,-1.0286150638448,3.1983563060095
3,1830,5830,-1.23172416317263,2.09030148911943
3,1831,5831,-1.49266130502386,2.26986427488804
3,1832,5832,-0.807013866830815,2.39904723379741
3,1833,5833,-0.760644319514375,3.85253342977899
3,1834,5834,-3.36424099140496,2.47237834831416
3,1835,5835,-3.42396392264746,2.32320672730586
3,1836,5836,-1.45959941273968,1.65020633000945
3,1837,5837,-1.72702857060598,2.83280545640374
3,1838,5838,-0.469326245721562,1.58807394406599
3,1839,5839,-1.72216743455921,2.92583754411038
3,1840,5840,-1.35184856221572,2.03146568941022
3,1841,5841,-1.53259826595136,2.23154964414494
3,1842,5842,-0.575943125834375,2.03519545721335
3,1843,5843,-1.81578798360217,3.78900143219241
3,1844,5844,-1.09547015774074,3.67083138392523
3,1845,5845,-1.06397657583057,3.78476934162418
3,1846,5846,-2.47492732681948,2.22509444768842
3,1847,5847,-4.04190053813639,2.48894467827438
3,1848,5848,-3.27604621563098,2.50360462451695
3,1849,5849,-3.15122385876887,2.40930685481828
3,1850,5850,-1.58930327545589,2.06046387548131
3,1851,5851,-1.15911305525836,3.13909154512344
3,1852,5852,-1.55135489299559,3.05417889634708
3,1853,5853,-3.29383396455393,2.13484453384519
3,1854,5854,-2.10623891964581,2.37991029301538
3,1855,5855,-1.96810488509343,1.51809021981933
3,1856,5856,-1.96538217483634,1.62775656258906
3,1857,5857,-1.22833782807444,1.53423975275522
3,1858,5858,-0.919288926965146,1.56285226404051
3,1859,5859,-1.88103346095424,1.79473071627947
3,1860,5860,-0.917968271952275,1.03246121190071
3,1861,5861,-3.14021042156406,2.32595406283456
3,1862,5862,-2.27567834175153,2.82511621869617
3,1863,5863,-1.8598342153923,1.64473283963912
3,1864,5864,-1.64426443228394,1.39328996781276
3,1865,5865,-1.46287229528272,1.24021963484701
3,1866,5866,-0.945825772862104,1.78353379710054
3,1867,5867,-1.69692324803055,2.01682242279415
3,1868,5868,-1.79416409403544,0.964846390978993
3,1869,5869,-2.77223706673309,1.41928001601416
3,1870,5870,-2.67959429522422,1.25062355138436
3,1871,5871,-2.80771547259325,2.08222535425944
3,1872,5872,-2.58369915449999,2.10504559056515
3,1873,5873,-2.40242685824152,1.70586826316015
3,1874,5874,-2.19250136637346,1.58861280135563
3,1875,5875,-2.1616349069957,1.38489777686807
3,1876,5876,-1.8531756201063,1.77221902724687
3,1877,5877,-2.10499019958372,2.39846838740493
3,1878,5878,-1.9602441379469,2.67669337487997
3,1879,5879,-1.76660123848884,2.33842670641686
3,1880,5880,-1.7357092026666,2.08528064529786
3,1881,5881,-1.31185409532434,2.14440155781722
3,1882,5882,-1.29604692060895,2.30132519759508
3,1883,5883,-1.08775593876123,1.54037449400848
3,1884,5884,-1.24112217590702,1.35467897764137
3,1885,5885,-1.29438372438214,1.24099662076015
3,1886,5886,-1.1679397283112,0.860140322436245
3,1887,5887,-0.582463852450106,3.27213347337808
3,1888,5888,-0.886086411782619,2.28902457379449
3,1889,5889,-1.00294828576762,2.27668828790112
3,1890,5890,-1.84938844167444,2.55886384715115
3,1891,5891,-3.20521917232871,2.19848911846119
3,1892,5892,-3.23717190235968,2.37044025227666
3,1893,5893,-2.53006709992367,1.96567469624547
3,1894,5894,-2.33646820543935,2.02543593197742
3,1895,5895,-3.56811838945181,2.00547497743176
3,1896,5896,-3.54597027213383,1.60177441127575
3,1897,5897,-3.66353094245965,1.6299019672111
3,1898,5898,-1.01750335622523,1.07170896303092
3,1899,5899,-2.33736831718591,1.60203629824595
3,1900,5900,-1.68938707534805,1.80971155855194
3,1901,5901,-1.5255083603262,1.80450732912896
3,1902,5902,-1.90374415790535,2.40097681932092
3,1903,5903,-2.05736127699871,2.50132716009964
3,1904,5904,-1.42819300288207,1.093070471189
3,1905,5905,-2.49612259185431,1.62943066441156
3,1906,5906,-1.83589088052652,1.29170719762133
3,1907,5907,-1.37494608860564,1.84674068275961
3,1908,5908,-2.36681872290512,1.41040325956726
3,1909,5909,-2.55704717059654,1.62245660238414
3,1910,5910,-2.56266022987219,1.92053604715402
3,1911,5911,-1.90656266008808,1.34638598630988
3,1912,5912,-2.90732532097674,1.60469607521384
3,1913,5913,-1.8482891440898,1.50643430705756
3,1914,5914,-1.54405827679844,0.963607514534584
3,1915,5915,-1.81902072414911,1.20724094863213
3,1916,5916,-1.19301107995191,1.59405823415
3,1917,5917,-1.93275912539367,2.44562649973437
3,1918,5918,-1.24977080124837,1.95172380889867
3,1919,5919,-0.85462951579625,1.83830836041964
3,1920,5920,-1.8988860956112,2.76577700363076
3,1921,5921,-1.98826520361551,3.01340444264123
3,1922,5922,-1.91412372285622,2.64613778836112
3,1923,5923,-1.95657847530467,3.00405227190425
3,1924,5924,-1.97291359936823,3.21725651909217
3,1925,5925,-1.87848054214838,3.19103397433224
3,1926,5926,-0.913085286338762,2.47034346429551
3,1927,5927,-2.21757049810563,2.16441350747107
3,1928,5928,-1.88039143057385,1.1944967941242
3,1929,5929,-0.848312597636882,2.45575996805162
3,1930,5930,-0.763929839618047,2.088918109256
3,1931,5931,-2.7634442915843,1.86996284070582
3,1932,5932,-2.24696911669603,1.62580094462243
3,1933,5933,-2.01074427768963,1.36266158063192
3,1934,5934,-2.42206805483033,2.40859784887966
3,1935,5935,-1.63610505956753,1.68526605033067
3,1936,5936,-1.49647600413742,1.68109666699603
3,1937,5937,-1.56143954059803,1.9305361675509
3,1938,5938,-1.4719985252549,2.79317973266231
3,1939,5939,-1.38584571074665,2.38208730489705
3,1940,5940,-1.61156488410762,2.72196003234872
3,1941,5941,-0.491610857597199,2.36157112149877
3,1942,5942,-1.42711711026005,1.69617810959396
3,1943,5943,-1.17701220237279,2.57614165206702
3,1944,5944,-0.902199308877032,2.15861236810721
3,1945,5945,-1.36573062053518,1.65817598627107
3,1946,5946,-1.46505831748187,1.96406797490439
3,1947,5947,-1.95092738682158,2.28579543552872
3,1948,5948,-0.495313320273051,1.09955213689131
3,1949,5949,-1.78108936774274,1.9304002822951
3,1950,5950,-1.68939372259809,2.47851305618741
3,1951,5951,-1.58640171750573,2.24509645346301
3,1952,5952,-1.44102914343381,2.04742444378212
3,1953,5953,-1.95500663116586,1.97049223549135
3,1954,5954,-2.03425792238519,1.99110665485357
3,1955,5955,-2.3067290775291,2.48570876834125
3,1956,5956,-2.48839657764522,2.64434704750309
3,1957,5957,-2.32059320443151,1.91555939239206
3,1958,5958,-2.09093777968997,1.56948819073684
3,1959,5959,-1.83876585391829,2.7328428211399
3,1960,5960,-2.26134328571944,2.14299188141629
3,1961,5961,-1.8730606430898,2.45628329780133
3,1962,5962,-1.97743446540098,1.9072936402065
3,1963,5963,-0.718502181936251,2.20103434775894
3,1964,5964,-1.27360187404988,2.97809420979434
3,1965,5965,-1.6690969620695,2.69933612654833
3,1966,5966,-1.01289665937435,2.00874479664992
3,1967,5967,-2.13794068114867,1.74135348020011
3,1968,5968,-2.09410232505948,2.15584348066449
3,1969,5969,-1.78493929265399,3.29475241370881
3,1970,5970,-2.33461874498011,1.63622864931227
3,1971,5971,-2.14422901047569,1.54765583765563
3,1972,5972,-1.19575127275671,1.50232982426213
3,1973,5973,-1.49682010264226,1.07390147060613
3,1974,5974,-3.4666088142035,1.91806892058332
3,1975,5975,-1.70066320258007,1.85375984069426
3,1976,5976,-2.011187110657,1.38979974406773
3,1977,5977,-1.54795245782305,1.48241666537702
3,1978,5978,-0.71449425642617,2.01351836977844
3,1979,5979,-2.66689792628438,1.46041966492537
3,1980,5980,-2.71284533114315,1.87266284328935
3,1981,5981,-2.78456758247163,1.397545483573
3,1982,5982,-1.12202796945114,1.85708329622379
3,1983,5983,-1.06759175233802,3.23104114515136
3,1984,5984,-1.42241968581468,4.0701208534003
3,1985,5985,-1.47122068606188,3.92748852728017
3,1986,5986,-2.3474719116877,3.59571636018764
3,1987,5987,-2.57212759484345,3.48904041416868
3,1988,5988,-2.23471075711449,3.36252655049172
3,1989,5989,0.191846563160647,2.10857542402726
3,1990,5990,-0.558067594601197,2.46022308889404
3,1991,5991,-1.30571084623795,2.28044185643808
3,1992,5992,-1.2012581305314,3.5050258036669
3,1993,5993,-1.77862264336192,3.03308926191422
3,1994,5994,-1.50214235146092,3.53386897704438
3,1995,5995,-1.70354096180454,3.27401072581151
3,1996,5996,-2.03738053165813,3.43105544583637
3,1997,5997,-1.98222567251978,3.98755286605429
3,1998,5998,-1.74247586707357,2.08918574495316
3,1999,5999,-3.32343919266609,1.85749690535187
3,2000,6000,-3.70745367939377,2.0551599729568
4,1,6001,-2.44502796350518,2.09603643249062
4,2,6002,-0.781743148098332,2.01757330568421
4,3,6003,-1.92333550667073,1.77113747069362
4,4,6004,-1.55892938681468,1.45187509016495
4,5,6005,-1.77876957157229,1.7906541639813
4,6,6006,-2.12430408114441,2.03048425314667
4,7,6007,-1.79627770040488,1.3443982781861
4,8,6008,-1.7934649223782,1.10820372830695
4,9,6009,-1.41807313550117,1.07392502040895
4,10,6010,-1.64661361874692,1.54889967295054
4,11,6011,-0.921069063964849,1.5988450190911
4,12,6012,-1.09443250503011,1.37009420741676
4,13,6013,-2.63253905005861,1.85585192837003
4,14,6014,-2.77439977598527,2.24877109765184
4,15,6015,-0.824078005752449,1.1182597456042
4,16,6016,-0.996007566314982,1.43648299150726
4,17,6017,-1.16565370537708,1.15068172708954
4,18,6018,-0.806061884480522,1.35185414208975
4,19,6019,-1.47682032013468,1.32868878683206
4,20,6020,-1.53072118836599,1.4710581228248
4,21,6021,-1.8136372141928,1.41066641311595
4,22,6022,-2.92649797782541,1.55441628323928
4,23,6023,-3.18890242627023,1.95271797603649
4,24,6024,-3.0223788312021,1.54785840756066
4,25,6025,-1.81065610313962,1.14833410298129
4,26,6026,-2.388769273673,2.71586984467475
4,27,6027,-1.38609496347663,1.47469294747106
4,28,6028,-1.00187543876054,1.61471354872384
4,29,6029,-1.6025376092633,1.71200184056498
4,30,6030,-1.6695982197459,1.44525095478115
4,31,6031,-1.34932033389055,1.49548779749251
4,32,6032,-2.38367959933899,1.6488810468538
4,33,6033,-2.15619050240751,1.18242083129913
4,34,6034,-2.34357235447068,1.12291556288749
4,35,6035,-1.97696593497883,1.14037993748163
4,36,6036,-2.08807450978755,1.25014312065611
4,37,6037,-2.26028987200502,1.7292948530268
4,38,6038,-1.63599702637721,1.8339780541891
4,39,6039,-2.06026525637885,1.32526793687639
4,40,6040,-2.62078495469144,1.53782388771497
4,41,6041,-3.11019350473399,1.82705567415119
4,42,6042,-2.56950274914072,1.41394649054449
4,43,6043,-2.14771043926045,1.25433863890638
4,44,6044,-1.86041943232586,1.53837197485657
4,45,6045,-3.56661528115965,2.02980567060205
4,46,6046,-2.38808996925215,1.50107727594115
4,47,6047,-1.73291416103123,2.28053006141427
4,48,6048,-0.961839886762238,1.33945826503101
4,49,6049,-1.82342707122566,1.99923668534951
4,50,6050,-0.975696523389499,1.17267763306642
4,51,6051,-1.43247157706887,1.28538521291555
4,52,6052,-2.00980304382864,2.01500875193762
4,53,6053,-1.86815848131847,1.7211063803905
4,54,6054,-4.0651761211636,3.07142673201738
4,55,6055,-4.16840675207323,2.57225491649981
4,56,6056,-4.01876326926323,2.35830950470665
4,57,6057,-4.58541881993495,4.80904134996675
4,58,6058,-3.15689736206409,3.32234519148497
4,59,6059,-1.57176071247519,2.63542467748906
4,60,6060,-2.25984668245844,2.6815948232466
4,61,6061,-2.00880088717474,2.90135748883079
4,62,6062,-2.0252381691365,2.22110345024625
4,63,6063,-2.46340221125836,2.17513501680863
4,64,6064,-2.78003249552389,1.92439911658921
4,65,6065,-2.7637464657658,2.50046038119317
4,66,6066,-3.04613867807993,3.47502954916138
4,67,6067,-2.71569933978036,2.17531355074762
4,68,6068,-1.77406286241586,2.12070095796375
4,69,6069,-2.66316211806584,1.35740728316298
4,70,6070,-1.21367362236603,1.34987338995447
4,71,6071,-1.70577350430954,1.38946229968921
4,72,6072,-1.43410210200896,1.32870572551193
4,73,6073,-1.99360869142185,1.90551047593568
4,74,6074,-2.92378864630555,3.0031847671805
4,75,6075,-3.04833433913044,2.67700778709849
4,76,6076,-3.41225067806268,2.51013912417666
4,77,6077,-1.71374206436189,2.35186678756432
4,78,6078,-3.11037434970238,1.97436671505319
4,79,6079,-3.12429930132558,1.66894350892794
4,80,6080,-2.68033716403742,1.86564695385652
4,81,6081,-2.39325318897669,0.935402443607314
4,82,6082,-1.10605002135894,2.69034191551051
4,83,6083,-1.22492604990802,2.29934663265153
4,84,6084,-0.8327109865556,2.30602524457695
4,85,6085,-2.36445958919546,1.74598427293645
4,86,6086,-2.16751135436338,1.75488674131553
4,87,6087,-2.66740333850194,1.26584394075819
4,88,6088,-1.94032432573866,1.19202770664985
4,89,6089,-1.83726464735922,1.09655105575605
4,90,6090,-0.909277174211283,1.28736364094335
4,91,6091,-1.36280195202304,1.70799541389421
4,92,6092,-1.09516713906281,1.4220188846713
4,93,6093,-1.02866246766488,2.02486199293289
4,94,6094,-0.753323216087292,1.68710858183188
4,95,6095,-3.2870054407684,1.61156876106296
4,96,6096,-1.73110905342236,2.38362667168616
4,97,6097,-1.51272163502343,1.67873361892863
4,98,6098,-1.79168194549272,1.74555546588131
4,99,6099,-2.65173523907857,1.96882200484127
4,100,6100,-2.68478760982707,2.47233692847048
4,101,6101,-1.55033153629044,1.66067633019184
4,102,6102,-1.97383630514601,2.53725180488509
4,103,6103,-2.07824649708272,1.93044045632593
4,104,6104,-1.79251802036422,1.67599108394024
4,105,6105,-1.52536806467745,1.34252139476541
4,106,6106,-2.50218210522464,3.18286523136371
4,107,6107,-2.40862521015438,1.3250855710818
4,108,6108,-1.42199891086164,2.52559679952855
4,109,6109,-2.01828117848228,1.59879707324606
4,110,6110,-1.87069986616587,1.59627530233045
4,111,6111,-1.50583297893499,1.54467773201044
4,112,6112,-3.59719745061832,1.78494539664325
4,113,6113,-4.42785890936344,1.97049157113747
4,114,6114,-4.31192845445892,1.71410364235213
4,115,6115,-1.83879224084978,1.05169533539775
4,116,6116,-2.39866340953518,1.79255334432381
4,117,6117,-1.98260812949834,1.42782436738238
4,118,6118,-3.0785482755917,2.40053107975299
4,119,6119,-2.22264528475746,1.37533163366079
4,120,6120,-2.62070529493436,2.38456105992884
4,121,6121,-2.31748732757378,2.07688795769406
4,122,6122,-3.01596246222975,2.59165860061389
4,123,6123,-2.77171720707135,2.35978784511356
4,124,6124,-3.02146436932539,3.16743808203595
4,125,6125,-1.7014452182719,2.1219076068608
4,126,6126,-1.50267472448136,1.96909278414868
4,127,6127,-3.29972102275431,2.11706505288847
4,128,6128,-3.22232701262476,2.03274792681387
4,129,6129,-1.93096521208499,1.89303172403659
4,130,6130,-2.55883549511126,2.22730700515578
4,131,6131,-2.51347314232295,2.03361802138551
4,132,6132,-2.41113156920772,1.91932092887108
4,133,6133,-1.59982294109577,2.61723373611586
4,134,6134,-1.38777548119991,2.66019065877695
4,135,6135,-1.73225397445341,2.46631766063175
4,136,6136,-2.7232416385871,1.50919429631887
4,137,6137,-2.82787261473862,1.36345118513417
4,138,6138,-2.61359952409458,2.5552090448381
4,139,6139,-2.41562419580505,2.2277830407143
4,140,6140,-2.93134466030208,2.270850451825
4,141,6141,-2.05932153307512,2.76028499613605
4,142,6142,-1.78890537373949,2.10061963053613
4,143,6143,-1.46457654617689,1.57454410348699
4,144,6144,-1.63873944305346,1.66783195452646
4,145,6145,-1.98369418868901,2.20525105787404
4,146,6146,-1.29153584901518,0.995513681767397
4,147,6147,-2.66372141782055,3.39977977202281
4,148,6148,-1.98826089443962,1.7468493500149
4,149,6149,-1.83793907148769,2.32825390361851
4,150,6150,-1.44187185731273,1.58384396214737
4,151,6151,-1.40536549279704,1.33800894211963
4,152,6152,-1.5254805655113,1.44048727021789
4,153,6153,-1.70444809723107,1.57308701054627
4,154,6154,-3.61647559297319,1.33431902316597
4,155,6155,-1.03328287167077,2.11230509929082
4,156,6156,-2.07237086154227,2.58806079307006
4,157,6157,-2.11365964330843,2.37463885285735
4,158,6158,-1.12804890837367,1.51868861491656
4,159,6159,-2.36197167263521,1.83685642144309
4,160,6160,-1.82805512368973,1.81790893014172
4,161,6161,-2.27700918715741,1.72663111440393
4,162,6162,-2.49104323496921,2.04638925120828
4,163,6163,-2.67835623195046,2.32816977247381
4,164,6164,-2.59001901099779,2.40718332312067
4,165,6165,-2.29794765100782,1.66413184468728
4,166,6166,-2.20331590439346,1.75301679484437
4,167,6167,-2.37203629112453,1.516492827391
4,168,6168,-2.56659741180462,1.53863030235165
4,169,6169,-2.16596848115029,1.51611675782907
4,170,6170,-2.28257452548288,1.16530512900146
4,171,6171,-1.97159148446731,1.7471153914498
4,172,6172,-2.05835423059756,3.09138616328209
4,173,6173,-2.37740709639229,1.51868520936503
4,174,6174,-2.21034584154921,2.40579979517585
4,175,6175,-1.60615366998792,2.69725699652833
4,176,6176,-3.14127459047368,1.81661320058171
4,177,6177,-2.64526785280143,2.65158289559997
4,178,6178,-3.24366310216965,2.90138137459073
4,179,6179,-3.47078219268918,3.15440654075781
4,180,6180,-1.87918165127414,1.20842882356223
4,181,6181,-2.16587711232273,1.86239198617077
4,182,6182,-2.55229297234782,1.41511515494394
4,183,6183,-1.96936416660062,1.382109296279
4,184,6184,-1.74910609572441,2.15066843680931
4,185,6185,-2.22605386429362,2.55792611387822
4,186,6186,-1.39788233041843,1.17878837247403
4,187,6187,-1.92229633422078,2.59899529526694
4,188,6188,-1.49793922429556,2.40576768145928
4,189,6189,-2.11164642215164,1.89104801025773
4,190,6190,-1.6280234668357,1.5132879325791
4,191,6191,-1.91502202165818,2.06517066261634
4,192,6192,-2.39098147559965,1.86277950422322
4,193,6193,-1.83544737514425,2.7863898088039
4,194,6194,-2.89163630034115,1.87855263955454
4,195,6195,-2.56060058975178,1.74571306036118
4,196,6196,-2.34830181150899,1.89322156919747
4,197,6197,-3.00147587566151,1.54178137876308
4,198,6198,-2.90729617082973,2.13669490276738
4,199,6199,-2.42408629593961,1.83950235221617
4,200,6200,-1.56907693049908,1.77242609477993
4,201,6201,-2.1700644074851,1.28095206780728
4,202,6202,-2.16084239132346,1.49074192683471
4,203,6203,-1.70626735795055,1.97319494658532
4,204,6204,-2.40165747734382,1.45826288651543
4,205,6205,-1.57343048699223,1.28388910177037
4,206,6206,-2.17152975195848,1.54417555590274
4,207,6207,-1.48558031253714,0.914408268628811
4,208,6208,-1.87485784510552,1.27958753833273
4,209,6209,-2.96174238977279,2.94948745500023
4,210,6210,-3.03711247943892,2.95046457862071
4,211,6211,-3.41105182474175,2.75269121639649
4,212,6212,-2.37362014056993,2.39343840780912
4,213,6213,-2.33455121273259,1.92672921484562
4,214,6214,-1.54056630004748,1.66780088428094
4,215,6215,-1.37436672167541,1.51547957770377
4,216,6216,-2.23556645063892,1.98354303358364
4,217,6217,-2.40025736866971,2.16767577692068
4,218,6218,-2.82387661578958,2.05597488034698
4,219,6219,-2.51455253802621,1.45999682628719
4,220,6220,-2.93306210961114,1.6385082366855
4,221,6221,-0.729269400732178,1.32427738818908
4,222,6222,-0.845799480162518,2.15486626622304
4,223,6223,-1.6432983916862,1.49675917217133
4,224,6224,-1.73518233470719,1.91420571292873
4,225,6225,-1.42670647667405,3.91727900301968
4,226,6226,-2.98651769490188,1.82619897208617
4,227,6227,-2.59245359700416,2.27918380268166
4,228,6228,-2.56106789457129,1.6190886753918
4,229,6229,-1.74477235559441,1.6087365149968
4,230,6230,-2.04748560238066,1.6135701215955
4,231,6231,-1.78668074816415,1.40945634326253
4,232,6232,-1.95331507780621,1.86274426047272
4,233,6233,-1.94615158395225,1.79965258509423
4,234,6234,-1.65584248822617,2.77692906406278
4,235,6235,-1.4850232304585,2.06592428779225
4,236,6236,-1.16525138146731,4.16333082807724
4,237,6237,-2.37122751783137,1.75814444932756
4,238,6238,-2.37590587166544,1.61411359282599
4,239,6239,-2.88352494546814,2.14439964868998
4,240,6240,-1.57821464187629,1.84136455531156
4,241,6241,-2.05954599188649,1.98546481935093
4,242,6242,-2.67496451765163,2.90171593146869
4,243,6243,-2.56337124845879,2.74863118583099
4,244,6244,-2.41070748506877,2.48972830381484
4,245,6245,-2.94969188976734,2.4993712537625
4,246,6246,-3.20189834144945,2.12120578372012
4,247,6247,-2.01237162621421,2.02194205312934
4,248,6248,-1.94392567965155,1.56032501376032
4,249,6249,-3.34180113671171,2.70037264092771
4,250,6250,-3.28282319936227,2.37819978587616
4,251,6251,-2.28392533272213,2.13189012066268
4,252,6252,-2.32818212599376,1.96113420103205
4,253,6253,-3.4220845933211,3.12760913681008
4,254,6254,-1.86808041736415,2.72918925769201
4,255,6255,-2.46716329118384,2.9167680264692
4,256,6256,-0.949250819824439,3.35002534330558
4,257,6257,-0.995001857004407,3.39019169840799
4,258,6258,-0.936503422294421,3.39234600278088
4,259,6259,-0.823367629648003,3.07945811881163
4,260,6260,-2.05196566457684,3.20891394818171
4,261,6261,-1.04677956661349,1.8823516449466
4,262,6262,-2.80134942459702,1.38696937968018
4,263,6263,-2.92533112597873,1.15714888687033
4,264,6264,-1.06427495042743,1.6370066111646
4,265,6265,-0.756438834947995,1.60594339186562
4,266,6266,-2.53336147908197,1.70618865589263
4,267,6267,-2.53486909922077,3.91147354937169
4,268,6268,-1.75540757355074,1.74923737296669
4,269,6269,-1.69182226140176,2.29770126602227
4,270,6270,-1.69112473930065,2.25481564288272
4,271,6271,-0.984155965942306,2.10336851090918
4,272,6272,-2.94017399992394,1.5605127601418
4,273,6273,-2.72053620851391,1.09814144150777
4,274,6274,-3.03298507364334,1.38568246481141
4,275,6275,-3.04083479137667,1.18351366817393
4,276,6276,-4.04196361099861,2.33499597833298
4,277,6277,-1.60528017876533,1.30532577830511
4,278,6278,-2.02668390095517,1.32710489197298
4,279,6279,-2.30051618118919,1.77338002567703
4,280,6280,-2.05524282367674,2.67795558267493
4,281,6281,-1.95722136347697,2.66882881656122
4,282,6282,-2.83746326187065,2.65632345740193
4,283,6283,-1.43892398505257,1.26871954425701
4,284,6284,-1.58011842482368,1.59181640846125
4,285,6285,-1.28799732134936,1.76859004276531
4,286,6286,-1.52217779589529,1.53075033662419
4,287,6287,-1.70128131440676,2.28646585458594
4,288,6288,-1.53669701568725,1.47953028990185
4,289,6289,-2.45881671516008,2.13560112024706
4,290,6290,-1.04532903256701,1.25147659902958
4,291,6291,-1.46891874499274,1.34263361034409
4,292,6292,-2.33125407379161,1.88467525345997
4,293,6293,-2.24285860298689,2.75139216437885
4,294,6294,-2.89724461711291,2.71641865858134
4,295,6295,-2.26861554257732,1.99572273726663
4,296,6296,-2.34355177798348,2.79336343268994
4,297,6297,-1.98481024858139,1.98692465946005
4,298,6298,-2.84297802348766,1.89520801002502
4,299,6299,-2.16407709167782,1.55732008872169
4,300,6300,-2.45105692323353,3.10315781412492
4,301,6301,-1.0677473867642,2.28695669157387
4,302,6302,-2.01511464691592,2.56584780681776
4,303,6303,-1.72648618889352,1.60749178943142
4,304,6304,-1.79185928631,1.74178370443456
4,305,6305,-1.5540630617599,2.15212671646043
4,306,6306,-1.76552686153989,2.03815720949259
4,307,6307,-2.35967702334506,2.46002183617821
4,308,6308,-2.24817069317962,2.29130919203382
4,309,6309,-1.53539763203092,2.79688642336529
4,310,6310,-2.02528968135388,2.85458450624956
4,311,6311,-2.60628615527668,3.74027012266528
4,312,6312,-2.89524264692497,2.34663216792939
4,313,6313,-2.89547041555871,2.18238631696739
4,314,6314,-2.2443173899346,3.15702636842656
4,315,6315,-2.07194188490704,2.32053612528641
4,316,6316,-2.04558442846474,1.98554732212543
4,317,6317,-1.6750836006264,1.53276673175811
4,318,6318,-1.68276316352986,0.964771601764927
4,319,6319,-1.75229429989182,0.995741019625051
4,320,6320,-2.4900471104934,1.03491705168493
4,321,6321,-2.62712368356822,3.76474921865468
4,322,6322,-2.69468845923648,2.33018959138663
4,323,6323,-1.67266430647137,1.09375928907652
4,324,6324,-2.64418111768953,1.35976055836215
4,325,6325,-2.19681614899037,1.52286257373201
4,326,6326,-2.94094165963147,2.71177731024647
4,327,6327,-3.04925266117814,2.8524423901695
4,328,6328,-2.89905717772999,1.66153265070161
4,329,6329,-2.98566533508589,2.26515927732335
4,330,6330,-1.18632032477939,1.53884979750266
4,331,6331,-1.25719902991629,1.34617528720147
4,332,6332,-2.70467298318649,2.21151859471801
4,333,6333,-3.31887304963325,2.6698765798195
4,334,6334,-2.35996387376991,1.30466274041632
4,335,6335,-2.2314062724383,1.30977362623264
4,336,6336,-3.12296324277203,1.03722120004268
4,337,6337,-2.53131245421852,1.69751009525479
4,338,6338,-0.348796416686896,1.22821905863168
4,339,6339,-0.989995272797975,1.31714115543606
4,340,6340,-1.49758938775604,1.41659598377321
4,341,6341,-1.38310268753433,1.11184700296995
4,342,6342,-1.61919022519223,2.61679937051758
4,343,6343,-2.14174727916232,1.24286260534001
4,344,6344,-2.01330354129964,1.90747139873824
4,345,6345,-2.05173759078722,1.52016797137977
4,346,6346,-1.68617099896996,1.45235171348438
4,347,6347,-2.27461921883764,1.86299015727406
4,348,6348,-2.96239756783288,2.00290822440813
4,349,6349,-3.65156794968398,2.25552404871478
4,350,6350,-1.09424085132019,1.73925802124773
4,351,6351,0.45211345583972,3.34251366697539
4,352,6352,0.658469915438733,3.0365368154843
4,353,6353,0.342907618622506,2.91279087185866
4,354,6354,-3.10276535246526,1.32773645874437
4,355,6355,-2.26375340844712,1.34729402236833
4,356,6356,-2.09971654016029,3.19079729407017
4,357,6357,-1.57259821004045,1.81166519749733
4,358,6358,-2.10477206554896,1.40551125160091
4,359,6359,-1.78110147231084,1.20765415394712
4,360,6360,-1.41916970596984,1.05644490564988
4,361,6361,-1.72345253221211,1.50165294559877
4,362,6362,-1.52767571362253,2.42953370132305
4,363,6363,-1.86387876381079,1.88592493499613
4,364,6364,-1.78546901090242,1.93868184808729
4,365,6365,-1.19252210961768,2.98537551828796
4,366,6366,-1.24712895886025,1.86360004365626
4,367,6367,-1.42310823712669,1.65161543929391
4,368,6368,-1.66639116116298,2.05713927259456
4,369,6369,-1.7385338260373,2.06730136764377
4,370,6370,-2.28203818398026,2.02262862679388
4,371,6371,-2.36536371856806,2.05636479531351
4,372,6372,-1.49122947804679,1.14389302227146
4,373,6373,-1.48373629137338,1.14917744983756
4,374,6374,-1.99975430760938,1.94108029489449
4,375,6375,-2.39636341294542,2.68399122037951
4,376,6376,-1.89600264776438,2.44018516022327
4,377,6377,-3.2355501267648,1.72535032144955
4,378,6378,-1.61080304678459,1.55375730390555
4,379,6379,-2.05954025498936,1.32319360241709
4,380,6380,-2.15775901676043,1.99548364376326
4,381,6381,-1.34122134672078,1.02037356220807
4,382,6382,-1.43206631793175,1.02883743052046
4,383,6383,-1.51587333820469,1.26978235553163
4,384,6384,-1.57222012668085,1.6662436492492
4,385,6385,-2.30893548442727,2.41442501875559
4,386,6386,-1.91920001364869,1.62925441545447
4,387,6387,-2.00807599565139,2.1659736957496
4,388,6388,-1.91423559611344,1.74822190583618
4,389,6389,-1.0814413565157,1.62141190823063
4,390,6390,-0.971263682022248,1.55419982104326
4,391,6391,-1.43606082953125,1.64340203701169
4,392,6392,-1.69644986458777,1.95360855043762
4,393,6393,-1.96195181199487,1.55731230660278
4,394,6394,-2.01020988473916,1.47346097840911
4,395,6395,-1.5361834606732,3.86917224322222
4,396,6396,-0.538590183157343,2.51658276396023
4,397,6397,-0.620256338319034,2.88032303669665
4,398,6398,-3.36972756585882,1.97127602137772
4,399,6399,-3.71564193423298,2.72730252692955
4,400,6400,-1.78247328408997,1.36256073520859
4,401,6401,-2.1021284295569,2.64369454586091
4,402,6402,-1.88311644863751,1.96363700188441
4,403,6403,-1.50039868097024,1.8718078297679
4,404,6404,-1.83018504133885,2.3879719924738
4,405,6405,-0.888025503377065,1.69345353893061
4,406,6406,-0.134724078567528,2.60188067024073
4,407,6407,-0.370042466147251,1.89172923951507
4,408,6408,-1.44019230768081,2.20884793094774
4,409,6409,-0.295219633258893,3.03307150303635
4,410,6410,-1.15126975370314,1.64737347285471
4,411,6411,-1.23345713300341,1.63061611345516
4,412,6412,-0.994562978241634,2.43434713313369
4,413,6413,-0.578651295266084,1.99014774551216
4,414,6414,-1.92162978401968,2.98479265262632
4,415,6415,-1.67276969228677,2.40416809482181
4,416,6416,-3.68831999504507,2.61814377017636
4,417,6417,-3.12527704168263,2.77730278635035
4,418,6418,-3.45619098293606,2.83611957090408
4,419,6419,-3.68732596599548,2.91743126659346
4,420,6420,-1.28011158971224,2.08450536743799
4,421,6421,-1.89961574369045,2.24826212588108
4,422,6422,-1.66876276301977,2.39578483384563
4,423,6423,-0.770953157910838,3.17168364990441
4,424,6424,-0.400587317467392,2.50590209651107
4,425,6425,-0.139096476436675,3.62550258206248
4,426,6426,-0.522695257771385,2.5219069930399
4,427,6427,-0.56578424259953,3.04713123085379
4,428,6428,-2.03651183843297,3.40872128662667
4,429,6429,-2.71635064889387,4.68199173458965
4,430,6430,-2.62477732437803,4.10126891879442
4,431,6431,-2.12114023987783,0.721996784588303
4,432,6432,-2.0469197275596,0.845748095254814
4,433,6433,-2.64139751390264,1.38228431010064
4,434,6434,-2.2493544315574,1.95655894034728
4,435,6435,-0.650859510983411,1.38268983326075
4,436,6436,-2.14974650759157,1.95242521558433
4,437,6437,-2.17327224855611,1.81542177378273
4,438,6438,-3.04778231337874,2.11649890716931
4,439,6439,-2.35363430939982,1.13719191547161
4,440,6440,-2.49064227517965,1.55071120373195
4,441,6441,-2.20408495393597,1.78002544753386
4,442,6442,-2.20259213372201,1.15689307221257
4,443,6443,-2.22797975998426,1.33423096564139
4,444,6444,-1.83697711104922,1.54956121553445
4,445,6445,-2.03493173997899,2.78597834878943
4,446,6446,-2.92877217189741,1.63841884593003
4,447,6447,-2.25853133631568,2.00078139434102
4,448,6448,-1.9632834074775,2.71985874168718
4,449,6449,-1.42120579103656,1.04396144615668
4,450,6450,-1.94243027659752,1.8703297735929
4,451,6451,-1.67790854212919,2.21573186714337
4,452,6452,-1.13554019009793,2.12264877624848
4,453,6453,-2.30560984197216,2.45531199983674
4,454,6454,-2.24805109968122,1.77540343823855
4,455,6455,-2.0400844883535,1.96192230424763
4,456,6456,-3.9341339802555,1.74145500242769
4,457,6457,-3.84738206181306,1.74084240541556
4,458,6458,-3.8485909189215,2.02159731299046
4,459,6459,-4.5107294738532,2.44129960164119
4,460,6460,-3.7898036553078,1.55446362759218
4,461,6461,-3.27579977586255,2.43724663488357
4,462,6462,-3.36885894616122,2.01518687950393
4,463,6463,-3.17119181970514,1.44749742458514
4,464,6464,-2.89048086281235,1.6340563563533
4,465,6465,-2.76220215281707,1.59558592490279
4,466,6466,-3.02182651672389,1.41531482786231
4,467,6467,-2.87706243497805,1.22210767420451
4,468,6468,-3.52473049811607,1.76441764645367
4,469,6469,-3.0814610466822,1.66219224106193
4,470,6470,-3.56843394375579,2.22431890215696
4,471,6471,-2.49114044859994,1.99809726468341
4,472,6472,-1.53219677689296,1.38890611812314
4,473,6473,-2.65102646719837,1.90430998568584
4,474,6474,-1.63189963307034,1.69285659538392
4,475,6475,-1.49117194148175,1.37571536172395
4,476,6476,-2.01587014095156,1.47990212867719
4,477,6477,-1.10396497660329,1.30341279407869
4,478,6478,-0.645219994290674,1.14674272209385
4,479,6479,-0.9188143665465,1.64072226757068
4,480,6480,-0.981774258423815,2.00628382905363
4,481,6481,-1.49210691165608,2.96426263338946
4,482,6482,-1.35064637902131,2.63749763671394
4,483,6483,-3.6877845492214,2.27376222242795
4,484,6484,-3.15779645961053,2.45969840859506
4,485,6485,-2.94504332860896,2.29506494779847
4,486,6486,-2.42961774010982,3.86274239264997
4,487,6487,-2.4855850238208,3.55712661499202
4,488,6488,-3.27761224181271,2.70477250804932
4,489,6489,-2.61140385935562,2.17557795293855
4,490,6490,-1.68502875732013,1.8250162136017
4,491,6491,-0.538673366578099,2.19176929468496
4,492,6492,-0.532338139451258,1.78077978258936
4,493,6493,-2.54660497409904,1.34937297790058
4,494,6494,-1.77750397338264,2.09378333584665
4,495,6495,-2.48761499574149,1.73912187628332
4,496,6496,-3.60800244649962,2.72970297269158
4,497,6497,-2.16274071533148,2.55509351918583
4,498,6498,-3.0931465328356,1.99255961548901
4,499,6499,-2.41553193456951,1.75469545730776
4,500,6500,-2.23287599228788,2.29858955083774
4,501,6501,-2.82887892637279,2.45767005396559
4,502,6502,-3.27183278276338,2.42276153955855
4,503,6503,-2.87540470752505,2.08959885538433
4,504,6504,-2.89637932230945,1.99452427038259
4,505,6505,-1.29137049066702,1.43687356340322
4,506,6506,-1.57234460904002,2.08596716987312
4,507,6507,-2.00782208807716,1.52286491672199
4,508,6508,-1.25638290244334,1.88010990322192
4,509,6509,-1.53527546825195,1.34360399016368
4,510,6510,-2.28628542503119,3.22414877219413
4,511,6511,-1.88292406899923,1.86233898761912
4,512,6512,-2.58330828947568,1.61192203529481
4,513,6513,-2.28016916331457,2.63040657334016
4,514,6514,-2.48968758148244,1.7873914304837
4,515,6515,-2.8776009867347,2.09537875421721
4,516,6516,-1.75828799387433,1.73102525279057
4,517,6517,-1.15272975239171,3.01819192540457
4,518,6518,-1.22669649881219,3.0099370882654
4,519,6519,-1.68455832251206,2.39216464198553
4,520,6520,-1.19664732524011,1.62606783887731
4,521,6521,-1.16625506491395,2.9293142070807
4,522,6522,-1.049126829271,1.94383880382859
4,523,6523,-1.88756265998928,2.40562334377117
4,524,6524,-1.73248352916151,2.32479473210084
4,525,6525,-1.22708871698153,1.49142822772957
4,526,6526,-1.85195854375982,2.09237416170319
4,527,6527,-2.15170584362429,1.51800380240604
4,528,6528,-1.79458417148069,1.64947392549445
4,529,6529,-3.5973050407674,2.33679802551057
4,530,6530,-1.17623137368182,1.71021755686416
4,531,6531,-3.2709241344075,1.85229187638237
4,532,6532,-2.25308374061406,1.38502821242178
4,533,6533,-3.42627485010702,2.3132385761206
4,534,6534,-2.72729057763081,2.35882618090209
4,535,6535,-1.82091496656086,2.00464886241162
4,536,6536,-1.72688142110369,1.63612871583639
4,537,6537,-2.07146304479572,2.21508047911653
4,538,6538,-2.03128681162296,1.85497885474585
4,539,6539,-1.74101590143589,1.53759720266183
4,540,6540,-2.6521375042671,1.74638113689972
4,541,6541,-2.0683398558723,2.17224110926297
4,542,6542,-2.44869610196476,2.14429041750802
4,543,6543,-1.87045326532624,2.37547213643086
4,544,6544,-1.64431509999992,1.4254171379816
4,545,6545,-1.39956807058434,1.23697047448454
4,546,6546,-2.01929706481102,1.48957233521088
4,547,6547,-1.83587666593825,2.40134115526555
4,548,6548,-1.79456789479524,1.68752550147402
4,549,6549,-1.87296120308967,1.61604269910255
4,550,6550,-1.90662348240014,2.30624204777987
4,551,6551,-2.09045279725653,1.84084243658936
4,552,6552,-2.70244708887028,2.17819649290375
4,553,6553,-1.21886616944109,2.00264123972899
4,554,6554,-2.33041000286566,1.74010743570858
4,555,6555,-2.48993068783728,2.39345882992869
4,556,6556,-4.19501131148437,3.65605890418418
4,557,6557,-2.20818388257063,2.08911898481524
4,558,6558,-3.3163061050303,3.22482427549017
4,559,6559,-5.03222675783636,3.78614639300474
4,560,6560,-4.52257707922407,2.82734952232526
4,561,6561,-3.5718373471444,2.49729066433565
4,562,6562,-3.41438911468564,1.81379704952081
4,563,6563,-2.47130982077477,1.59134056921283
4,564,6564,-2.19065659381143,1.34960637079175
4,565,6565,-2.86253259299806,1.72559088076389
4,566,6566,-3.20852956840714,2.41509778500677
4,567,6567,-3.02257328195279,2.07307497050265
4,568,6568,-2.64497656293214,1.32260276499606
4,569,6569,-2.62517934067321,1.42953201296005
4,570,6570,-3.63355164806339,3.5282886935406
4,571,6571,-2.98005000047221,2.78605373421192
4,572,6572,-4.13647331660368,2.66466364813983
4,573,6573,-1.42953698238796,1.08004388331115
4,574,6574,-2.65639117080419,2.42246307891774
4,575,6575,-1.76726975319986,1.3502910286045
4,576,6576,-1.67165709957512,2.51547627108428
4,577,6577,-1.26598557055815,2.52375712601608
4,578,6578,-1.45838664744407,2.58108853951318
4,579,6579,-2.36031913279727,2.71018828555027
4,580,6580,-1.95763398405513,3.38821685871153
4,581,6581,-2.75522091472629,3.82148185124966
4,582,6582,-4.15736492856381,2.21676355011637
4,583,6583,-3.80868902757928,2.37101315411277
4,584,6584,-2.75290193184175,2.83806191040854
4,585,6585,-1.99986830036761,3.05149661298638
4,586,6586,-1.05948693652195,2.10487229193187
4,587,6587,-1.22873085407118,2.27297746524167
4,588,6588,-0.729950203305202,2.2081270080774
4,589,6589,-1.96245435434733,1.15252720546592
4,590,6590,-1.77482771412,1.07987608690649
4,591,6591,-2.66416017069039,1.92637527787416
4,592,6592,-2.39233337101541,1.71767708383875
4,593,6593,-3.03808024474104,2.22242381855732
4,594,6594,-1.73668126524403,1.68689398080317
4,595,6595,-2.36005560783636,1.67501994584592
4,596,6596,-2.96783384713625,1.98589467284572
4,597,6597,-2.44600641092384,1.75348623814798
4,598,6598,-2.34203719896616,2.40762480682716
4,599,6599,-2.6779221898034,2.0854059300775
4,600,6600,-2.88931595863308,2.650685317458
4,601,6601,-2.31957885436946,2.45153669791926
4,602,6602,-0.870800088174133,1.01484595062012
4,603,6603,-1.94694010052332,2.41311843206675
4,604,6604,-1.79912346510152,1.90334532458949
4,605,6605,-1.85893861900181,1.68850464948774
4,606,6606,-1.61423542602044,1.65591989317456
4,607,6607,-1.89928715164924,3.8640795193057
4,608,6608,-1.92008096407198,2.3743994446104
4,609,6609,-2.23292541604225,3.20417087687124
4,610,6610,-0.86786322634037,3.03379617075266
4,611,6611,-1.24651919150145,2.64649788861683
4,612,6612,-1.05955450904608,1.52735451836556
4,613,6613,-4.08684670098578,2.65106522524921
4,614,6614,-3.47416954181778,2.49574067542313
4,615,6615,-3.55801650470466,2.68293440453926
4,616,6616,-2.68974062892094,3.95049477729168
4,617,6617,-2.39102748579602,2.57231213969598
4,618,6618,-1.64419118693637,1.80202975948735
4,619,6619,-2.25633655032657,1.33389354796641
4,620,6620,-1.92914301698414,0.908664046102655
4,621,6621,-3.17297411631177,1.99939240832849
4,622,6622,-1.30986416402834,0.717528339719884
4,623,6623,-2.40184816118145,1.50912218896688
4,624,6624,-2.42050258429104,1.27151986416694
4,625,6625,-2.13422776935362,1.58380580597337
4,626,6626,-1.29249218871802,1.46422868299072
4,627,6627,-2.82811755908205,2.0596743800391
4,628,6628,-2.25482598501731,1.43648481537692
4,629,6629,-3.13303034163818,1.73198546243203
4,630,6630,-1.41746409137865,1.17015936852314
4,631,6631,-2.37209898505163,1.88671522452724
4,632,6632,-1.41895797277162,1.3989129860361
4,633,6633,-1.51839235152085,2.62705347969181
4,634,6634,-2.11262121905602,2.56380374344448
4,635,6635,-2.43747641919145,3.15142218164062
4,636,6636,-2.57744667681277,2.36696501029329
4,637,6637,-2.05978675196331,1.68383109728587
4,638,6638,-2.4335996394194,2.05775759821131
4,639,6639,-1.54481103753979,2.15768175163881
4,640,6640,-2.34361543419757,1.54054113235492
4,641,6641,-2.34003334407002,1.87116903921274
4,642,6642,-1.30888535030029,2.05116675742508
4,643,6643,-1.5259994585593,1.77863169789661
4,644,6644,-1.20858715304504,3.00637268148343
4,645,6645,-1.75510027773759,2.59090296538689
4,646,6646,-1.45690102199722,2.10521553551089
4,647,6647,-2.4994096993865,1.79389166857313
4,648,6648,-1.63654043504928,2.61706999649832
4,649,6649,-1.36392428225029,2.16486265088833
4,650,6650,-2.00950955724242,3.47417633978097
4,651,6651,-2.56427847221248,2.36231077203954
4,652,6652,-2.62992879553119,2.21742163901163
4,653,6653,-2.76712933054862,1.93914457564399
4,654,6654,-2.37858562641268,1.55338276785159
4,655,6655,-3.16908402463099,1.96233469729541
4,656,6656,-2.48888016161796,1.8110070066037
4,657,6657,-1.74538043411148,1.27189787976686
4,658,6658,-1.60105112732326,1.19032711646838
4,659,6659,-2.35102269984131,1.18071647044127
4,660,6660,-1.64021745124347,1.66623558256029
4,661,6661,-2.90175216300253,1.40675075675833
4,662,6662,-1.95901047910647,1.76553920880954
4,663,6663,-2.25259061497469,1.8301720539021
4,664,6664,-1.40942748669979,1.66108495474923
4,665,6665,-2.01855006048403,4.15300451573387
4,666,6666,-1.89558622032354,4.03739705823197
4,667,6667,-1.12631488982373,3.68800659146737
4,668,6668,-1.59191037889755,3.24306764450658
4,669,6669,-2.10595018763383,2.63011530678345
4,670,6670,-1.76033831072909,1.62621102198436
4,671,6671,-1.79971869246644,2.00435191496536
4,672,6672,-2.51433812625884,1.98628986289474
4,673,6673,-1.5136140399901,1.50869523329408
4,674,6674,-1.20167764935674,1.97899422086802
4,675,6675,-0.793799535948463,1.05973039418004
4,676,6676,-2.10994533042784,1.33786314200451
4,677,6677,-1.6487149457881,1.16560416941957
4,678,6678,-1.26031573711751,1.55215726275408
4,679,6679,-1.72333401924904,2.68140134290714
4,680,6680,-2.36883019377056,2.89846809744619
4,681,6681,-2.13357260223286,2.43951339755024
4,682,6682,-1.27248752000835,1.9296214673442
4,683,6683,-0.971843425475965,1.19091203874131
4,684,6684,0.228899723981361,1.6551999421719
4,685,6685,-0.213830192019017,1.13504067624166
4,686,6686,-1.17084179011858,1.86866347682951
4,687,6687,-1.02390320602878,1.67520482914227
4,688,6688,-0.539846175681659,2.71392228063928
4,689,6689,-1.82225057301946,2.17568277908175
4,690,6690,-2.58494105889083,2.20688129933052
4,691,6691,-2.30931285367306,2.36287829252904
4,692,6692,-2.21449339295036,1.55764225597622
4,693,6693,-0.59808467425507,1.04483543522463
4,694,6694,-1.59951020015307,1.74090440758679
4,695,6695,-1.00882035213481,1.85948550314235
4,696,6696,-2.06303474604959,1.32320710600608
4,697,6697,-3.16467642259344,2.39789088927495
4,698,6698,-2.78350141204322,1.61599340553421
4,699,6699,-2.87559286414479,1.81397544365567
4,700,6700,-3.29631915089166,2.31899789857395
4,701,6701,-1.07523174865304,1.81661843164078
4,702,6702,-0.532891815743821,3.16005096194924
4,703,6703,-0.630448760476716,2.38335388467788
4,704,6704,-2.54895307832073,2.73833391043785
4,705,6705,-1.26390318810254,2.87150630576768
4,706,6706,-1.37831910238176,1.90474608777648
4,707,6707,-1.26590466100462,1.9550137197043
4,708,6708,-1.99044944005547,2.23380556562467
4,709,6709,-1.29315570157931,2.23256818724433
4,710,6710,-1.8756147572888,2.13478651614503
4,711,6711,-2.02785491755749,1.46243813406454
4,712,6712,-2.20335539617218,2.0273393143666
4,713,6713,-1.51892703706438,1.25329717880026
4,714,6714,-2.21972523188019,2.13269427393926
4,715,6715,-1.88632302523076,2.3769886309781
4,716,6716,-1.74236947558851,2.27892239164806
4,717,6717,-1.89050343756172,1.54403557357543
4,718,6718,-2.05588102599889,1.80240317653183
4,719,6719,-1.71309730104832,1.68894852797011
4,720,6720,-2.06558822081232,1.42156042838334
4,721,6721,-1.85156144994892,1.72786692282467
4,722,6722,-2.04526081157889,1.56809307997645
4,723,6723,-1.53693010547558,1.93078479867101
4,724,6724,-1.68045934335431,1.61534966055943
4,725,6725,-0.797110234581695,1.57902883248657
4,726,6726,-2.2274598731041,1.45027641362149
4,727,6727,-2.16780799122183,1.51128643792755
4,728,6728,-1.83469943775749,1.48429744476263
4,729,6729,-2.241413319958,1.70226004248334
4,730,6730,-2.4590141565627,2.13756349146628
4,731,6731,-2.60814172884983,3.28876430579397
4,732,6732,-2.76669482325524,1.84077054169318
4,733,6733,-2.3829634225982,1.26594279652168
4,734,6734,-2.61805382369191,1.83947848775803
4,735,6735,-1.42350467883762,1.07247173385345
4,736,6736,-1.4924745003856,1.14750531550361
4,737,6737,-2.11741513836972,1.95364730904269
4,738,6738,-2.30384633555879,2.35134606261208
4,739,6739,-3.59225608574151,3.42859866933431
4,740,6740,-3.91667998676261,3.75018454819495
4,741,6741,-3.68211332947016,1.99216173401821
4,742,6742,-0.933766106352173,1.78255274990003
4,743,6743,-1.23620905210358,2.68276337427244
4,744,6744,-3.08066672622452,1.60988456445122
4,745,6745,-3.16136079434597,2.01677816770894
4,746,6746,-2.98784993537862,2.13287988139606
4,747,6747,-3.75923914059892,2.45166757059169
4,748,6748,-3.09229382744559,1.41443109235914
4,749,6749,-2.47307509406278,1.2513893030408
4,750,6750,-1.04369355796348,2.21530844539369
4,751,6751,-1.33887840234112,1.90694934486798
4,752,6752,-1.03968174978462,2.22772571900392
4,753,6753,-1.69302135246407,1.41229968380044
4,754,6754,-1.47835470582253,1.88501854965614
4,755,6755,-3.9593317816377,3.14375621697831
4,756,6756,-3.62568432320274,3.19341279620574
4,757,6757,-1.38968475720779,1.31999831020478
4,758,6758,-1.32618890780775,2.24591215889957
4,759,6759,-2.42797169775143,2.09382855075168
4,760,6760,-1.48832409059855,1.49232026482854
4,761,6761,-1.38553036506825,1.85882241731323
4,762,6762,-0.913174681959391,1.60902534491269
4,763,6763,-2.231330878168,2.4488597097521
4,764,6764,-1.1869971410571,1.21861700845689
4,765,6765,-1.70889496591437,1.79033905647387
4,766,6766,-2.21148005955977,0.94929953439243
4,767,6767,-2.85460921402181,2.13595158730861
4,768,6768,-2.66534909953184,2.73929598971024
4,769,6769,-2.49123325095025,2.81130108298065
4,770,6770,-2.29084553757721,2.52405431084077
4,771,6771,-2.15248185234085,2.0917534929152
4,772,6772,-2.2645620535811,2.27658075439466
4,773,6773,-2.53397105782296,1.69097566820362
4,774,6774,-1.47272249511758,2.13328814054852
4,775,6775,-1.31955262612758,2.36510823587246
4,776,6776,-1.21872740051214,1.39672023346155
4,777,6777,-1.64852898767457,1.22305103745489
4,778,6778,-1.67312153439896,1.21124383100269
4,779,6779,-2.36432657179137,3.22473714280657
4,780,6780,-1.69786193941542,1.57489221660812
4,781,6781,-1.13348070182779,1.45628033593253
4,782,6782,-0.417944320440009,1.61065038595828
4,783,6783,-1.90627680912528,2.24064467916543
4,784,6784,-2.22545335492341,2.12826471223737
4,785,6785,-1.9877817541279,1.0312521192882
4,786,6786,-2.25710955456006,1.47442574486392
4,787,6787,-2.19317311533625,1.38075717842335
4,788,6788,-1.03019681631946,1.87611531625397
4,789,6789,-1.20257154294375,1.59579515576211
4,790,6790,-0.483133837638558,1.12278224240165
4,791,6791,-1.5039114452594,1.94653258391556
4,792,6792,-1.72821995666196,1.89608205473803
4,793,6793,-1.62398170410905,1.85664779524773
4,794,6794,-2.0685689268857,2.05555561778283
4,795,6795,-2.63901782135273,2.69704499441024
4,796,6796,-2.5112517652779,3.5726853487831
4,797,6797,-1.76673887031049,3.07820672871737
4,798,6798,-2.71169172601198,2.53367423405642
4,799,6799,-2.70762089138093,2.2766627813594
4,800,6800,-2.35265963422397,1.97059050615671
4,801,6801,-2.29869289980447,2.16634987451422
4,802,6802,-1.38628812603826,1.14411358587235
4,803,6803,-2.66337683590441,1.6806860213109
4,804,6804,-1.02190274589475,2.11665284596336
4,805,6805,-0.823745781235079,2.03371450708669
4,806,6806,-1.39911836927945,1.70392328380753
4,807,6807,-1.520892468379,1.20432862884444
4,808,6808,-1.23700783073849,1.13909438946759
4,809,6809,-3.2315505007645,2.10302188138668
4,810,6810,-2.62105059949109,1.62845263692563
4,811,6811,-2.4725102236744,1.47896438358273
4,812,6812,-1.71371095447922,1.5659825526491
4,813,6813,-1.39712313362133,1.91768541877084
4,814,6814,-1.28023119635463,2.05586789702054
4,815,6815,-1.90313489953214,2.25070333473206
4,816,6816,-1.22337247526137,1.88731704206389
4,817,6817,-1.22530550214005,2.27670806555275
4,818,6818,-0.688502842126173,1.67049844660355
4,819,6819,-1.21118084221613,1.50114644296978
4,820,6820,-1.14027170132533,1.47866618859525
4,821,6821,-1.51462661207453,1.58769624308824
4,822,6822,-1.30923351697048,1.0949659602829
4,823,6823,-2.08100311866311,2.20390748903523
4,824,6824,-1.71556061329653,1.60574279214896
4,825,6825,-1.63750019934566,2.0496666878884
4,826,6826,-1.22042423417232,1.34720244080319
4,827,6827,-0.736019475768806,1.18992355415549
4,828,6828,-1.07130370773786,1.19933784759771
4,829,6829,-2.34505569939954,1.45670943479771
4,830,6830,-1.97401609716372,1.57476717473038
4,831,6831,-1.39989603028516,1.87939590739467
4,832,6832,-1.07921497254817,1.94755869537238
4,833,6833,-2.42857145185504,1.76612229606131
4,834,6834,-2.27997696263956,1.73249011106282
4,835,6835,-2.19819897421565,1.27060951451387
4,836,6836,-2.61277918909865,2.59837928429697
4,837,6837,-1.91833725124283,1.21468059755252
4,838,6838,-2.08875077298227,1.25309924088374
4,839,6839,-1.20812242017119,0.897765614514905
4,840,6840,-1.93777546189414,1.68802937755505
4,841,6841,-1.80372941383953,1.77182218349682
4,842,6842,-1.30472100699673,2.19273197526652
4,843,6843,-2.5116392746731,2.2517741567155
4,844,6844,-2.04575618594827,3.62481396599684
4,845,6845,-1.88680889219361,0.90832751851092
4,846,6846,-3.17243415414795,1.6927365827342
4,847,6847,-1.78831255022592,1.99484473039222
4,848,6848,-1.6455435820203,1.72155173380216
4,849,6849,-1.14657480535651,1.32340803824142
4,850,6850,-2.086804430655,2.76140411219592
4,851,6851,-2.18832459639292,2.09589986139031
4,852,6852,-2.30458474356045,2.55141308323094
4,853,6853,-3.52647591424726,1.91915019621498
4,854,6854,-2.34526175274113,1.29351453210897
4,855,6855,-1.46565952831432,1.43882266644086
4,856,6856,-1.40939706003395,1.5432525562079
4,857,6857,-2.93253681458471,1.49127498827517
4,858,6858,-0.223774210149713,1.32929250130981
4,859,6859,-0.78693365885562,1.43657428886536
4,860,6860,-0.816884833471594,1.5140319400485
4,861,6861,-2.4661645683937,1.73134432861133
4,862,6862,-2.09672170598193,2.91610176118374
4,863,6863,-2.12474752393882,3.04570619105861
4,864,6864,-2.3838559078866,3.19823590115948
4,865,6865,-1.48846291654111,1.43050952639145
4,866,6866,-2.77642747724106,1.61055029741165
4,867,6867,-3.23290015942897,1.77252939570355
4,868,6868,-0.589099007879835,1.72021414058768
4,869,6869,-2.43244335008457,2.52303974356741
4,870,6870,-1.67192779157461,2.50356404459295
4,871,6871,-2.20436810373371,2.12185434073385
4,872,6872,-2.52108832137709,1.99696817718687
4,873,6873,-2.48566454205148,2.00020394758678
4,874,6874,-2.64098089616907,1.98774574595741
4,875,6875,-2.78642165357619,2.03055359946207
4,876,6876,-2.74387847740431,1.94473142472412
4,877,6877,-2.55861394213863,1.91619506770508
4,878,6878,0.0648461415975584,2.76769939661769
4,879,6879,-2.82885571452935,1.85585781944311
4,880,6880,-2.91854440503428,1.99595107838867
4,881,6881,-0.917355729337925,2.29899848437175
4,882,6882,-0.903355897179692,2.23622869152189
4,883,6883,-0.962183625492471,2.25036612756809
4,884,6884,-0.252480834873236,2.13341195067841
4,885,6885,-0.644003202926849,2.15271466347412
4,886,6886,-1.41215449877663,2.40704407384988
4,887,6887,-1.4573603648587,2.0128090745589
4,888,6888,-1.11008546960637,2.09087422404398
4,889,6889,-2.71301727193534,2.35485803099223
4,890,6890,-2.89269182345383,2.0889777909408
4,891,6891,-2.5260307122006,2.37990888724514
4,892,6892,-2.74866808804606,1.70184999617742
4,893,6893,-3.04660142826403,2.03422358044037
4,894,6894,-1.79073601354386,1.55299398224704
4,895,6895,-3.32667328057174,2.22145177671995
4,896,6896,-3.65392225791733,2.67808655106089
4,897,6897,-3.41287170832907,2.02057344405294
4,898,6898,-3.42964620683799,1.96191408506168
4,899,6899,-2.94359183208215,1.94372469752337
4,900,6900,-2.11299677285308,3.93135926679998
4,901,6901,-2.44475260779385,1.24084073698094
4,902,6902,-2.34764225699983,1.65391876601056
4,903,6903,-0.968963530645629,2.52026522996919
4,904,6904,-0.814932366034987,2.24236637027866
4,905,6905,-0.980109232387441,2.06684859069948
4,906,6906,-1.4209197750197,2.00054360733971
4,907,6907,-0.908540205314979,1.75227786464264
4,908,6908,-2.97608306106598,2.46222160699632
4,909,6909,-2.90799393107169,2.35231596805867
4,910,6910,-2.43671634579383,3.13278150879676
4,911,6911,-0.973068345661678,2.77605980218096
4,912,6912,-1.47761427350301,3.36441801928119
4,913,6913,-1.46960868298296,3.53769803131838
4,914,6914,-2.31065137982932,3.93278392874164
4,915,6915,-2.20896179541014,2.50312746032937
4,916,6916,-2.17153531246654,1.37609862692952
4,917,6917,-2.62848040211417,1.2298815762123
4,918,6918,-2.1303274811936,1.5928707001289
4,919,6919,-2.06387201821325,1.14532781581857
4,920,6920,-1.87507615564698,1.42022138169266
4,921,6921,-2.252882912425,2.38338890438633
4,922,6922,-2.75072692700835,2.74669714884835
4,923,6923,-2.35516575409088,1.71675771055481
4,924,6924,-1.60857041933857,1.72014605781339
4,925,6925,-1.94470697368922,1.56607875432562
4,926,6926,-1.8334942213412,1.62937252691971
4,927,6927,-3.16386851589074,2.36331425846841
4,928,6928,-1.35352426483403,3.32837776307719
4,929,6929,-2.19400382607006,2.61451618187385
4,930,6930,-0.62664967631477,3.03365387064195
4,931,6931,-0.520982713315312,3.9164471592478
4,932,6932,-1.13218174723818,3.08194043375781
4,933,6933,-0.539629718277949,2.88838093471653
4,934,6934,-0.605499321511909,1.85584515833652
4,935,6935,-3.75164951420719,1.87202246587084
4,936,6936,-4.19125330039438,2.18251815086126
4,937,6937,-2.36248569287188,3.45033607640521
4,938,6938,-1.08718507570338,1.42744028391143
4,939,6939,-1.38741155581698,2.93395463519096
4,940,6940,-1.29593973375331,3.89450232633758
4,941,6941,-1.39237792163797,4.64921851430496
4,942,6942,-1.41510739319621,4.72782465861209
4,943,6943,-2.40539947140761,1.72844267419481
4,944,6944,-1.87779084389369,1.50329483215262
4,945,6945,-2.83134140392485,2.48996273598245
4,946,6946,-2.14727042316392,2.55069275125379
4,947,6947,-2.55768017474209,1.94213070272771
4,948,6948,-2.96528458367977,2.18550623068793
4,949,6949,-2.96970321544163,2.29827295239982
4,950,6950,-2.17278619342386,1.70528234521471
4,951,6951,-2.38890497521526,1.88052719692538
4,952,6952,-2.11945115786234,1.62860162704025
4,953,6953,-3.09146543628408,2.07517725790053
4,954,6954,-2.60025644162936,2.16381339731447
4,955,6955,-2.20173611370459,2.01298888978788
4,956,6956,-0.50143224222134,3.59682559485428
4,957,6957,-0.338455174830076,3.34912817266315
4,958,6958,0.170620626489062,2.52073546428616
4,959,6959,0.037114334420624,1.96034750764872
4,960,6960,-1.35676176120932,2.2364048291515
4,961,6961,-1.34231482895857,2.71184979051357
4,962,6962,-2.37839606347231,1.65740996201863
4,963,6963,-2.69212720986643,1.71969206825084
4,964,6964,-1.49989091775531,3.58401812236429
4,965,6965,-1.41997164205053,1.97296278464804
4,966,6966,-1.35440138261969,1.79743340095028
4,967,6967,-3.2162387323978,2.94839826272765
4,968,6968,-2.49930616220985,2.37602538254895
4,969,6969,-1.94060710063153,1.81956526843432
4,970,6970,-2.02615523142314,1.74223375007406
4,971,6971,-2.05051202839078,1.81172717377596
4,972,6972,-3.07211287471843,2.14026873797176
4,973,6973,-2.43853003011728,1.82989832444947
4,974,6974,-2.10402249369963,1.66906610423241
4,975,6975,-1.66869224191589,0.999882010836596
4,976,6976,-1.97141187093926,1.21633914826946
4,977,6977,-1.54416903012299,0.927339944016287
4,978,6978,-2.50676554641149,1.42505075111766
4,979,6979,-1.54766687400721,1.73545463930323
4,980,6980,-1.87959156698516,1.36747500321063
4,981,6981,-2.64120091134434,1.88461777959666
4,982,6982,-1.87101694599453,2.20863300433034
4,983,6983,-1.48741093783196,1.64732536289633
4,984,6984,-2.99102816639497,1.79476750303521
4,985,6985,-2.04884311032151,1.29071935310152
4,986,6986,-2.00393645329161,1.96783597725178
4,987,6987,-1.61841308617131,2.1420028120491
4,988,6988,-1.64146538322431,1.84431433594392
4,989,6989,-2.1775494276319,2.35285322460036
4,990,6990,-2.2433799368011,2.32526461352989
4,991,6991,-1.76277219947096,2.20565224569151
4,992,6992,-2.33111956556678,2.85911565732408
4,993,6993,-2.13831707370622,3.56240118267558
4,994,6994,-3.70705340159459,3.80561845733851
4,995,6995,-2.856037769502,2.84066133050346
4,996,6996,-3.01840328249493,1.86516955081786
4,997,6997,-3.03105792725391,1.74764301512953
4,998,6998,-2.33542260535165,2.73080077776053
4,999,6999,-2.34826554540039,2.54065288601127
4,1000,7000,-1.19534719884067,2.33397322263522
4,1001,7001,-2.04161432296891,3.14358110316609
4,1002,7002,-1.40422329615772,2.11141661229434
4,1003,7003,-2.27560352229128,3.93227771497256
4,1004,7004,-2.31654333551254,3.37788591716691
4,1005,7005,-2.08346168961887,2.89905690592092
4,1006,7006,-0.797128660090718,3.99983067392728
4,1007,7007,-0.534709783018774,2.77727932759586
4,1008,7008,0.34145670246991,3.45489917473003
4,1009,7009,0.34842964806731,4.16780139069272
4,1010,7010,0.546375880898265,2.86942849884361
4,1011,7011,0.463856716636931,2.55550128563244
4,1012,7012,0.374172970773283,2.20455272551543
4,1013,7013,0.743830258438874,2.21636506959752
4,1014,7014,0.0175828054420836,1.90722752223466
4,1015,7015,-0.544991319485273,2.66511738832607
4,1016,7016,-0.792562484217477,2.66454121386832
4,1017,7017,-0.768722766070385,3.18490261075619
4,1018,7018,-3.05521849335514,1.86719817142075
4,1019,7019,-2.20629487209162,1.67230428905906
4,1020,7020,-3.15496339250223,2.71365286496743
4,1021,7021,-1.66107151363687,1.66690660540022
4,1022,7022,-1.56310311589881,3.1475187298219
4,1023,7023,-1.63758198225216,1.82210115178243
4,1024,7024,-1.07844227918161,3.12799009157415
4,1025,7025,-0.65754651751968,2.62914220166829
4,1026,7026,-0.592741786819708,2.68835798223207
4,1027,7027,-1.58868048489058,1.48750079913413
4,1028,7028,-0.81945189635544,1.55256128794635
4,1029,7029,-2.1279961534296,2.03746282355979
4,1030,7030,-1.25779772345456,2.19214492603185
4,1031,7031,-1.39204794373105,2.5214717420175
4,1032,7032,-1.44607105146463,2.03833271298377
4,1033,7033,-2.18715869153329,2.30921177410215
4,1034,7034,-2.62932524358269,1.8012743052996
4,1035,7035,-2.31614720613681,2.37402104775737
4,1036,7036,-2.28932874699307,2.04489579680938
4,1037,7037,-2.31926102589719,1.4375517563371
4,1038,7038,-1.29685035803527,1.36117947263488
4,1039,7039,-1.27733997091399,1.35580774291256
4,1040,7040,-1.46114858777038,1.42856844503751
4,1041,7041,-2.15836556355898,1.80363434691947
4,1042,7042,-1.94863192627867,1.06469955349379
4,1043,7043,-2.882236741801,2.01965156690327
4,1044,7044,-2.89954882571316,2.01337746205653
4,1045,7045,-2.38694692644597,1.39960426373549
4,1046,7046,-2.37851174192549,2.2691731996991
4,1047,7047,-2.15129347852082,2.13374911689974
4,1048,7048,-1.31195850755548,2.03443168488088
4,1049,7049,-1.22165279049963,1.32068621817871
4,1050,7050,-1.60312296992804,1.28503049808401
4,1051,7051,-0.961028343159995,2.5042099974348
4,1052,7052,-1.13680663640914,2.7360307943093
4,1053,7053,-2.03151374019517,1.31820297279651
4,1054,7054,-2.01758515928425,1.50539561924322
4,1055,7055,-3.30755460868806,2.1416440674609
4,1056,7056,-2.83759567402714,1.77583150661919
4,1057,7057,-2.78019137449212,1.78398159578063
4,1058,7058,-2.49725583038222,1.61497747497892
4,1059,7059,-1.09548456667795,1.95543307182025
4,1060,7060,0.925324516364572,2.5887622413053
4,1061,7061,-0.393520683185482,2.82014688635354
4,1062,7062,-0.513570251364092,2.16989389945848
4,1063,7063,-1.77516589362964,1.58907813299456
4,1064,7064,-2.0704963667465,3.35000379531202
4,1065,7065,-1.66517629457724,2.62975162075126
4,1066,7066,-1.68053517743987,1.89360035412794
4,1067,7067,-1.57066042882583,2.22613608545182
4,1068,7068,-2.30694277546023,1.13353535380668
4,1069,7069,-2.20753931486519,1.87734717314279
4,1070,7070,-2.31391207674608,1.74233646952569
4,1071,7071,-0.292157151421924,1.60050390923725
4,1072,7072,-0.785529971064642,2.43266229287522
4,1073,7073,-2.4697539033604,2.50043165722604
4,1074,7074,-1.21242462265407,2.40283272911916
4,1075,7075,-1.0353517995579,2.06589083190754
4,1076,7076,-1.09397788898106,1.01354844600497
4,1077,7077,-2.39792741333222,1.30655453080792
4,1078,7078,-2.46591412970827,1.32024759122485
4,1079,7079,-2.62448558699546,1.45526398914401
4,1080,7080,-2.71787013003596,1.48327016131776
4,1081,7081,-3.15446683922677,1.48435355815349
4,1082,7082,-2.79547923047457,2.20191211287064
4,1083,7083,-3.71028516424021,2.56607440401291
4,1084,7084,-3.13883976335055,3.14322644126217
4,1085,7085,-3.18669038078353,3.06827704700773
4,1086,7086,-0.987340097538972,1.48641282797824
4,1087,7087,-1.12227795339962,2.75050584226819
4,1088,7088,-1.51206271046425,2.00668478864344
4,1089,7089,-1.51147769744875,2.13786425183418
4,1090,7090,-2.32627281564903,2.22989818571361
4,1091,7091,-1.69018710176211,1.46744492179716
4,1092,7092,-1.86006947798702,1.57856417182486
4,1093,7093,-2.92385033111095,2.18720030021559
4,1094,7094,-2.49030715780048,1.61207958090856
4,1095,7095,-0.568193606976937,1.59137147591006
4,1096,7096,-0.61325136937591,1.40798387711553
4,1097,7097,-0.84695827586554,2.76504748161797
4,1098,7098,-0.894085427913932,1.91332471043145
4,1099,7099,-0.838831204716353,3.37743298468507
4,1100,7100,-0.907150188233743,2.66309966450071
4,1101,7101,-1.80377868361023,2.21559051393486
4,1102,7102,-3.4447556238207,1.4751445152797
4,1103,7103,-2.19885995449897,1.23095392156506
4,1104,7104,-1.35445540855105,0.795728133407452
4,1105,7105,-2.85412565033993,1.80347820907734
4,1106,7106,-2.71571318541974,1.99195012687691
4,1107,7107,-1.9414735012761,2.32476334426866
4,1108,7108,-1.98145935399597,0.937771489312763
4,1109,7109,-1.67546213123025,2.06583864476741
4,1110,7110,-1.71914448548106,2.41043455695344
4,1111,7111,-1.41693376378663,1.95775381097387
4,1112,7112,-1.4872951624844,1.96080963152844
4,1113,7113,-1.01492119171052,1.64379508432212
4,1114,7114,-1.59132936428639,2.00457240248679
4,1115,7115,-0.699297809032863,1.35867987598439
4,1116,7116,-2.66686890735524,1.3102499793808
4,1117,7117,-2.38333825620537,2.00885787121907
4,1118,7118,-1.77240440172382,1.47514681077718
4,1119,7119,-2.3268061324182,2.39002754733452
4,1120,7120,-2.19948010801983,2.19255866721984
4,1121,7121,-2.03620405255804,1.6447641197434
4,1122,7122,-2.12705198566806,1.4155084602414
4,1123,7123,-1.27720064155422,1.47353720747999
4,1124,7124,-2.62857819617132,1.92567324739971
4,1125,7125,-2.7091355338555,1.88124269375532
4,1126,7126,-2.41703879475745,2.32536059370769
4,1127,7127,-2.53228428990944,2.28961505146143
4,1128,7128,-2.27243824660764,3.07312083540428
4,1129,7129,-2.98875319593162,2.99652257671041
4,1130,7130,-0.774793956791037,2.82320501775849
4,1131,7131,-0.763846155102855,3.26329865737617
4,1132,7132,-1.37740182923933,1.79570850299517
4,1133,7133,-1.35304901542922,0.913946970337472
4,1134,7134,-0.931421214598934,1.0851603331502
4,1135,7135,-1.01991317090682,1.73053172838215
4,1136,7136,-2.78911222243194,1.4338279068465
4,1137,7137,-1.06831157652385,1.23611997670527
4,1138,7138,-2.87772316117017,2.27453183864781
4,1139,7139,-2.17719336017686,2.2196455265116
4,1140,7140,-1.57544567638624,2.75994196226213
4,1141,7141,-0.432788164083068,2.85935221752878
4,1142,7142,-0.763729963900595,1.89313220133787
4,1143,7143,-0.187788389241385,2.34480070422265
4,1144,7144,-1.51823266490832,2.05738176579126
4,1145,7145,-1.49974012378972,1.95106401093446
4,1146,7146,-2.66574355005759,2.16202716771025
4,1147,7147,-3.67046289066342,2.00118458518905
4,1148,7148,-4.03407418254471,2.66184737343697
4,1149,7149,-3.75478663345732,2.59038177982417
4,1150,7150,-2.72191626992008,2.0037731002173
4,1151,7151,-1.70283225503528,1.94036985579752
4,1152,7152,-3.83059474427583,4.16349239061458
4,1153,7153,-2.21567608179331,3.15661388421837
4,1154,7154,-2.96401507418315,2.02227091010039
4,1155,7155,-2.2645360424649,1.79156921964044
4,1156,7156,-1.69698746262273,1.59607053371146
4,1157,7157,-1.43291455379511,1.63903655627562
4,1158,7158,-2.06250637019054,1.51527883694765
4,1159,7159,-0.192423385461739,1.35994929425835
4,1160,7160,-1.25544280513225,1.54372388046901
4,1161,7161,-1.47173850208272,1.97636347345987
4,1162,7162,-1.15993069009632,1.78860866479317
4,1163,7163,-1.83256143442329,1.63021565570585
4,1164,7164,-1.13595076294455,1.14581194414837
4,1165,7165,-2.34020667989416,2.3091254439328
4,1166,7166,-1.86585223754894,1.35708398583991
4,1167,7167,-3.50493458734238,1.88973223981984
4,1168,7168,-1.87885430802874,2.28401381732712
4,1169,7169,-2.04405293904942,3.2627164240487
4,1170,7170,-1.85641533953318,2.39774063192832
4,1171,7171,-2.09310354352105,3.03205210293807
4,1172,7172,-2.58869933977111,1.16044675585046
4,1173,7173,-2.12067312474245,1.3404891631421
4,1174,7174,-1.99185631968464,1.37786641769787
4,1175,7175,-2.72150480376564,2.98844952547582
4,1176,7176,-1.05359969442404,3.40946325053748
4,1177,7177,-0.944612669879839,3.27129824565614
4,1178,7178,-1.47777813506319,3.62933348747302
4,1179,7179,-1.67202697666824,2.81895422425668
4,1180,7180,-1.97298682752563,2.51701179103151
4,1181,7181,-1.99168812306761,2.87949966575856
4,1182,7182,-1.55029384227747,1.97064614437629
4,1183,7183,-3.9636033115224,2.98528938044744
4,1184,7184,-2.40001207082587,2.29432623612171
4,1185,7185,-2.84705891072308,1.64624773444203
4,1186,7186,-2.09986557291062,1.55448278696085
4,1187,7187,-2.30567748613104,1.43023109667982
4,1188,7188,-1.81467756815319,0.97301720910008
4,1189,7189,-1.86575258529461,0.961793873691234
4,1190,7190,-2.52985200710436,2.11367111463972
4,1191,7191,-1.79828873809289,1.71811239005531
4,1192,7192,-2.20918611158455,1.64111350357541
4,1193,7193,-2.40088012982911,1.93941320107216
4,1194,7194,-2.22989673612786,1.3896593912645
4,1195,7195,-2.60250748969132,1.95607085336914
4,1196,7196,-2.37263321077455,1.94705892532863
4,1197,7197,-2.48789911739753,1.75449649233126
4,1198,7198,-2.21393922734822,1.2713515774252
4,1199,7199,-2.25497493533962,2.1424755189712
4,1200,7200,-1.46064865038553,1.54131789062146
4,1201,7201,-1.86090707043967,1.0221495300714
4,1202,7202,-2.31270837092508,1.25098638240069
4,1203,7203,-1.6822119012985,1.45176083357197
4,1204,7204,-2.00487421426826,1.30882321558503
4,1205,7205,-2.40285986446288,1.85788809345408
4,1206,7206,-3.1934483796242,2.64119593590411
4,1207,7207,-3.33812682970223,3.76254648093878
4,1208,7208,-3.26237387719355,2.75218069225208
4,1209,7209,-3.84310934330221,2.67724565674693
4,1210,7210,-3.37204709257277,2.16314131801857
4,1211,7211,-0.451895692315884,2.34203984393564
4,1212,7212,-0.203833314644453,1.55469348960156
4,1213,7213,-0.533887193648089,3.46429845631368
4,1214,7214,-0.26786640738728,3.25859695206967
4,1215,7215,-0.33841102268135,3.2847193109317
4,1216,7216,-0.199695002157888,3.88239816020133
4,1217,7217,-1.54918679950471,4.83060072795449
4,1218,7218,-1.62415707982774,4.91940009934509
4,1219,7219,-1.98249840395225,2.67716908867085
4,1220,7220,-1.84756125440401,2.34287735637157
4,1221,7221,-0.849867888395661,2.56936700059451
4,1222,7222,-1.14800907848099,2.25314505424144
4,1223,7223,-1.31462411491363,1.88940984686636
4,1224,7224,-1.29964741508166,2.30996071239053
4,1225,7225,-2.09417905967711,1.37528167128741
4,1226,7226,-2.16198443147875,2.78354449959872
4,1227,7227,-2.98246103459783,1.72039198648167
4,1228,7228,-1.77952361218872,1.44009050025705
4,1229,7229,-2.15518689743063,1.7245008821122
4,1230,7230,-2.18856849371156,1.86480967652686
4,1231,7231,-2.42932345736738,1.74630367376116
4,1232,7232,-3.49934666619284,2.61662709801758
4,1233,7233,-3.77380935703336,2.67375238148199
4,1234,7234,-1.93826252967398,1.9194979147941
4,1235,7235,-2.24005930164411,2.0268896583523
4,1236,7236,-1.62842159238096,2.95518677695903
4,1237,7237,-1.33631444689294,2.96284488547055
4,1238,7238,-2.56094796494411,1.61095902599048
4,1239,7239,-1.79010481363564,1.78902190376215
4,1240,7240,-2.56725554101061,2.03807801451758
4,1241,7241,-1.37698428660422,1.31664535710117
4,1242,7242,-0.70970669546345,1.46085710684943
4,1243,7243,-2.07036661506992,1.14177077741721
4,1244,7244,-2.22208067493967,1.35965475110549
4,1245,7245,-2.34199362710192,2.55762975389275
4,1246,7246,-0.680406475152259,1.39038422943028
4,1247,7247,-0.864471005670757,1.63682277824374
4,1248,7248,-0.566845691393231,1.69204249503287
4,1249,7249,-0.881907279950052,2.62425383152566
4,1250,7250,-0.909742209136335,0.830161031588296
4,1251,7251,-0.984588625687112,0.873658986177293
4,1252,7252,-0.992714995510445,1.01630802721678
4,1253,7253,-2.14044190519342,1.55827482811847
4,1254,7254,-2.04261157600852,1.17466128827451
4,1255,7255,-2.62835522121317,1.32735012973412
4,1256,7256,-1.99029503310544,1.60139831919784
4,1257,7257,-2.41286262498895,1.97967046529696
4,1258,7258,-1.78599144082093,2.16937705018386
4,1259,7259,-2.89332878754092,1.82064646993505
4,1260,7260,-2.38941703553501,1.57657914926019
4,1261,7261,-2.40585683076936,1.54772201621618
4,1262,7262,-3.01820443735604,1.90493516809018
4,1263,7263,-2.06727738789482,1.71186145340417
4,1264,7264,-2.3962784956294,1.55989979786014
4,1265,7265,-3.29552121961528,1.8440525750636
4,1266,7266,-3.48938067004477,3.52411234882939
4,1267,7267,-2.06025098305329,1.51595023891953
4,1268,7268,-1.62744673827039,1.99290459285391
4,1269,7269,-1.77565117039982,1.83725122620805
4,1270,7270,-3.41698132906151,2.95947768401506
4,1271,7271,-2.68092347277461,1.92742101855992
4,1272,7272,-2.34052329455063,1.53851868151346
4,1273,7273,-3.38934878363362,3.07294011061025
4,1274,7274,-1.99552691467015,2.79705318005677
4,1275,7275,-1.26798522455851,2.02898019898769
4,1276,7276,-1.49452881498994,1.71021814104613
4,1277,7277,-0.989472920229848,2.72668125511744
4,1278,7278,-1.02103946406362,2.95120925911524
4,1279,7279,-1.41286535443965,3.04526590201671
4,1280,7280,-1.68415211034508,2.30176138773079
4,1281,7281,-1.16325478444462,2.8278565865799
4,1282,7282,-1.25266111032406,1.3139074544508
4,1283,7283,-1.25242448084465,1.68996659294216
4,1284,7284,-1.75064065218499,1.50538072814012
4,1285,7285,-1.97152584613352,2.93611406852088
4,1286,7286,-0.898997736098453,2.56960347997208
4,1287,7287,-0.705094848345197,2.2568708667381
4,1288,7288,-1.03195185362236,2.51821305517753
4,1289,7289,-1.09988188377919,1.94846696537433
4,1290,7290,-1.09917415967563,2.1070362035875
4,1291,7291,-0.685537276570676,3.46694716265338
4,1292,7292,-1.22886586053979,2.0265526715699
4,1293,7293,-3.15122430907536,3.58306952108697
4,1294,7294,-1.62664636383433,1.26908180974513
4,1295,7295,-1.34893803749651,2.8798799628181
4,1296,7296,-1.34866498676156,2.70595992698214
4,1297,7297,-1.31768471818787,1.72365637053375
4,1298,7298,-2.12300899732497,1.86101535256717
4,1299,7299,-2.16671439146766,1.71568691569039
4,1300,7300,-2.2445886581642,1.36431445329561
4,1301,7301,-1.4706567949792,2.06044345958847
4,1302,7302,-2.62341224881169,2.6054725041011
4,1303,7303,-2.47175401232345,3.11783280176299
4,1304,7304,-2.50156685374285,1.9633181579945
4,1305,7305,-1.98613674204452,1.55699132287104
4,1306,7306,-2.4135528509115,1.2302113335197
4,1307,7307,-3.03772180967732,1.66030773762968
4,1308,7308,-2.84013993910908,1.42093277793596
4,1309,7309,-2.32190774345514,1.49578144706391
4,1310,7310,-2.12782005211921,1.45683983000452
4,1311,7311,-0.936566711823953,2.361633122925
4,1312,7312,-0.623152147299879,2.33811723040945
4,1313,7313,-1.06234026300954,1.74836172198571
4,1314,7314,-1.29303676438324,1.19491816940801
4,1315,7315,-1.7061860032563,1.00807294330574
4,1316,7316,-1.22079481508036,1.25853015387055
4,1317,7317,-1.47178644933562,2.14463713999305
4,1318,7318,-1.39489061396044,2.13598014174358
4,1319,7319,-1.54885772890469,2.02043810122796
4,1320,7320,-2.00512943385012,1.56667107280697
4,1321,7321,-2.19955899583339,2.73316080080152
4,1322,7322,-1.52709353967352,1.41685078190072
4,1323,7323,-1.75911409464164,1.82077030644342
4,1324,7324,-0.631185586184744,1.9881925831541
4,1325,7325,-1.07348108080184,1.818182555198
4,1326,7326,-2.03266701665568,1.44964735353396
4,1327,7327,-2.39469297024222,2.22725622967606
4,1328,7328,-1.83749790964771,1.64190051412661
4,1329,7329,-2.59336095750542,0.837762734737137
4,1330,7330,-1.91236126752214,1.67133215072606
4,1331,7331,-2.32292430107619,1.81063956959324
4,1332,7332,-2.12281462364351,1.32985968704031
4,1333,7333,-1.79356321847345,2.81527862630447
4,1334,7334,-1.22616252195843,1.31107746032057
4,1335,7335,-1.47525220977821,2.15739165514137
4,1336,7336,-1.11490245319801,1.61698370054467
4,1337,7337,-1.03958978027795,1.64389824794865
4,1338,7338,-0.672295305569797,1.22298596252581
4,1339,7339,-1.50890942564694,2.12993947515483
4,1340,7340,-1.58337017029291,1.79285113054183
4,1341,7341,-2.21358655065856,2.02536568650345
4,1342,7342,-2.07245295519654,1.81989378350505
4,1343,7343,-1.36561329942133,1.71973600741724
4,1344,7344,-1.15623599604655,2.09879741703837
4,1345,7345,-3.08277448746078,2.09704629344033
4,1346,7346,-2.34773452204847,1.17730589117704
4,1347,7347,-1.63133041272405,0.872377547986104
4,1348,7348,-2.22722452516681,1.10525157057801
4,1349,7349,-2.1368909235703,2.28868180851103
4,1350,7350,-1.58856300549562,1.63636044028344
4,1351,7351,-1.1547284364637,1.36496843069765
4,1352,7352,-0.918757199371519,1.20324352607296
4,1353,7353,-1.86276574258133,1.34310167051656
4,1354,7354,-3.82123939935234,3.05914091729617
4,1355,7355,-4.03696532987596,2.77048846648761
4,1356,7356,-4.0968110118918,2.71315228538269
4,1357,7357,-4.33290899444476,2.33665512607215
4,1358,7358,-3.39557943668186,1.97551486408941
4,1359,7359,-3.80682380010686,2.20343987070089
4,1360,7360,-3.12056285768688,1.89932252105978
4,1361,7361,-1.26674554103124,0.913497009998311
4,1362,7362,-1.45180106033188,1.34612441623795
4,1363,7363,-1.18830568096144,0.735313783418311
4,1364,7364,-1.13874423300365,0.696237351524496
4,1365,7365,-2.30497570530315,1.75821583273432
4,1366,7366,-2.72133087113746,2.00192118752008
4,1367,7367,-2.65383273138712,2.34194443320183
4,1368,7368,-2.31701209053783,1.4611065802984
4,1369,7369,-2.07959127273744,1.30359783029366
4,1370,7370,-1.88248941412962,1.0965146924857
4,1371,7371,-2.03939945016497,1.2863845594881
4,1372,7372,-2.10940338635573,1.52769741709068
4,1373,7373,-2.10399622606473,1.76621465872544
4,1374,7374,-1.60765995399209,1.93432921796124
4,1375,7375,-1.77600139508213,1.32208202578812
4,1376,7376,-1.83078598737893,1.49300323338339
4,1377,7377,-2.97910313697808,1.94103999634351
4,1378,7378,-1.61796105065729,1.56440069615528
4,1379,7379,-2.34929747088077,2.0905234847013
4,1380,7380,-2.45987346316542,1.89344781086449
4,1381,7381,-2.26496470442674,2.55066353524158
4,1382,7382,-3.17118785316001,3.17297844658646
4,1383,7383,-2.06955025556211,3.55724829392033
4,1384,7384,-1.79074820369167,4.01897770617102
4,1385,7385,-0.991780811398888,1.79799974667883
4,1386,7386,-1.40179141750778,1.92531062207202
4,1387,7387,-1.64013384851805,1.62099458921247
4,1388,7388,-0.997689553660026,2.61154958142858
4,1389,7389,-1.12028681217755,1.08706272500592
4,1390,7390,-1.63226770864108,1.24807478693463
4,1391,7391,-1.83339545811218,1.77694256977178
4,1392,7392,-2.54965427892272,1.90660565248616
4,1393,7393,-1.9244400063848,2.59502613047307
4,1394,7394,-2.56450579146415,1.96011166383698
4,1395,7395,-1.82934297371459,2.52457753901629
4,1396,7396,-2.62806243743382,4.84695983834797
4,1397,7397,-1.71605662548177,2.9342402800261
4,1398,7398,-2.70836270415319,1.90018846226775
4,1399,7399,-1.58267715544172,1.47847723174625
4,1400,7400,-2.53026579684424,1.95984897079032
4,1401,7401,-1.48657067822772,2.75408003990171
4,1402,7402,-2.1518917934177,3.17994007089474
4,1403,7403,-1.74791719239369,1.50998208963087
4,1404,7404,-1.4786764130211,1.65390764069946
4,1405,7405,-1.42379122559732,1.36213939010079
4,1406,7406,-1.53163316113429,1.6570395066895
4,1407,7407,-1.36690259140179,1.43760399651688
4,1408,7408,-1.78509247615834,2.3064017479203
4,1409,7409,-1.4639841043869,1.61473645294757
4,1410,7410,-2.56657524808852,2.0531644362215
4,1411,7411,-2.40916075244518,1.57243730359825
4,1412,7412,-2.20849544917342,2.4183130600094
4,1413,7413,-1.6025830223272,1.58467910764257
4,1414,7414,-2.4839117092048,3.27437302416127
4,1415,7415,-2.925654951129,3.6077797540395
4,1416,7416,-1.0403004255531,1.85420997072892
4,1417,7417,-1.39801535684336,1.96016584497427
4,1418,7418,-1.68671340090698,2.0851026496064
4,1419,7419,-1.09917722880841,2.13630914850453
4,1420,7420,-2.00645654581148,1.8338062302068
4,1421,7421,-1.91359772019252,1.27023912292951
4,1422,7422,-1.81078625028495,1.01842350884304
4,1423,7423,-1.72272410416361,0.865716916321374
4,1424,7424,-2.56184681187271,1.81993467151998
4,1425,7425,-2.35067847335018,1.996983630071
4,1426,7426,-1.60148249126871,2.02628583452436
4,1427,7427,-1.96475007494939,3.52110028352785
4,1428,7428,-2.19908556018203,2.48611091976939
4,1429,7429,-2.00399545906729,2.47963175150901
4,1430,7430,-1.57570471363828,1.89407513440571
4,1431,7431,-1.57779956003842,1.77936806587214
4,1432,7432,-1.66723600866909,2.03259150582657
4,1433,7433,-1.04862307526503,2.12364252789953
4,1434,7434,-0.557126661407222,2.27579933921519
4,1435,7435,-1.28047889341194,2.94611211799417
4,1436,7436,-1.61184657215749,1.77572085342925
4,1437,7437,-1.98477149497706,1.3677545322918
4,1438,7438,-1.64635520751613,1.97014317075971
4,1439,7439,-2.03083458686954,1.44210950963794
4,1440,7440,-2.03172514724304,1.63323527291656
4,1441,7441,-2.73538577180506,2.08504115799557
4,1442,7442,-3.40071480571883,2.55816450394572
4,1443,7443,-1.66309015532962,1.29369214091379
4,1444,7444,-1.79575782832742,1.44515188615125
4,1445,7445,-1.68492593289064,1.54977001893073
4,1446,7446,-2.30188836721301,1.34879208658858
4,1447,7447,-2.43633187720304,1.52607178560865
4,1448,7448,-2.52670130871208,1.55970361871382
4,1449,7449,-2.00700982017185,1.3908465982274
4,1450,7450,-1.52721381817251,0.999957714045843
4,1451,7451,-3.21887307740619,2.18627146920642
4,1452,7452,-2.4366861313855,1.22677019600558
4,1453,7453,-2.41713841856756,1.26703699344369
4,1454,7454,-1.70205115707795,1.452997762504
4,1455,7455,-1.67902170985362,1.19806336367911
4,1456,7456,-2.80218494198915,1.9809754887223
4,1457,7457,-2.14559254825073,1.43543305823935
4,1458,7458,-1.78071025824775,1.45128697532759
4,1459,7459,-1.69660386559541,1.37052128317622
4,1460,7460,-3.15877764192724,1.96872843188485
4,1461,7461,-2.54598722143655,1.60194713784763
4,1462,7462,-2.62608888944137,2.05547641902836
4,1463,7463,-2.46673445372626,2.07847617076446
4,1464,7464,-2.59557890666041,1.92473913405861
4,1465,7465,-2.50176032961437,1.64860552745121
4,1466,7466,-2.24680219336859,2.22424079250927
4,1467,7467,-1.76867207904395,1.16781866006727
4,1468,7468,-1.7660295285852,2.40374425684466
4,1469,7469,-2.14245151460823,2.6883860012019
4,1470,7470,-2.25439343828178,2.38618697716946
4,1471,7471,-1.14002764802283,1.75661144847971
4,1472,7472,-1.30426413966683,2.02223374633708
4,1473,7473,-1.44543230776961,2.83017371261624
4,1474,7474,-1.65456618551233,2.67324591711042
4,1475,7475,-1.70854049581577,2.87747397324503
4,1476,7476,-1.75567067119742,3.42062944081643
4,1477,7477,-1.13304354373582,1.93565126030115
4,1478,7478,-1.80144971834869,2.1624895750555
4,1479,7479,-1.87803777002663,0.968948690917478
4,1480,7480,-2.10436007473348,1.19050995878
4,1481,7481,-1.47900994140423,2.40826078239558
4,1482,7482,-1.55332258322252,1.49208083364952
4,1483,7483,-1.81981355927095,1.29170708458251
4,1484,7484,-1.12328317421331,2.14843849391753
4,1485,7485,-2.13498238453476,2.5152145732555
4,1486,7486,-0.847240993941431,1.21342623991527
4,1487,7487,-1.64782612932862,0.94656432003628
4,1488,7488,-1.52285594313876,0.877807605796012
4,1489,7489,-1.59637557101301,0.80967750997072
4,1490,7490,-2.32643575982417,1.29152058313092
4,1491,7491,-1.75541562335857,1.28056590331279
4,1492,7492,-2.22442412520219,0.985479458794701
4,1493,7493,-1.69167278042619,0.939955494244983
4,1494,7494,-1.83652716407449,1.32927821446551
4,1495,7495,-1.55413862722697,1.16002192380474
4,1496,7496,-1.89312650700217,1.18120386558575
4,1497,7497,-1.91659450617195,1.16015353621032
4,1498,7498,-2.36982048327893,1.95517658359909
4,1499,7499,-1.41971336847949,0.957222708082134
4,1500,7500,-1.31847619533568,1.84764015965744
4,1501,7501,-1.25788531997811,1.99955060522086
4,1502,7502,-1.56055650891484,2.21110646519375
4,1503,7503,-1.88520660216272,1.32917189157921
4,1504,7504,-1.95675267216477,2.32342759354376
4,1505,7505,-2.60665006327721,1.91400378021173
4,1506,7506,-2.294709314398,1.34844008672183
4,1507,7507,-0.813452002964709,1.17213721778733
4,1508,7508,-2.05000524000372,2.00689184745868
4,1509,7509,-2.13536431261656,1.94130728128834
4,1510,7510,-1.4465618216638,1.58332258101971
4,1511,7511,-1.22184971499391,1.38190009841602
4,1512,7512,-1.78024294514193,2.0709743784466
4,1513,7513,-2.02684865067928,2.01357132910983
4,1514,7514,-2.37294474944951,1.67643138902202
4,1515,7515,-2.63602568909692,1.83148452145564
4,1516,7516,-3.30158213871553,2.27167611867278
4,1517,7517,-1.36100632756002,1.76941146739101
4,1518,7518,-3.25554137454318,2.26717914811531
4,1519,7519,-2.77327851577758,1.55553283238709
4,1520,7520,-2.56944608978407,1.80161592147923
4,1521,7521,-1.54887944231221,1.75143237766393
4,1522,7522,-1.4501820396018,1.95399755831905
4,1523,7523,-2.25749314447207,1.91576600955875
4,1524,7524,-1.20281970072884,1.0578742769587
4,1525,7525,-1.40251851216223,1.07484750198815
4,1526,7526,-2.29457099770706,3.50132646245264
4,1527,7527,-2.17535873409853,3.05255228654756
4,1528,7528,-1.80713310625436,2.13145561731018
4,1529,7529,-1.97790001236817,2.66356383532332
4,1530,7530,-0.451297134261014,3.09523539785022
4,1531,7531,-0.836774049059649,2.8834441901424
4,1532,7532,-0.815729908120772,2.88349719828997
4,1533,7533,-0.545333327237003,2.20149415975749
4,1534,7534,-3.3856183978558,2.28530586602384
4,1535,7535,-5.11088108503029,2.86553374727101
4,1536,7536,-5.0518874371273,2.95849679880122
4,1537,7537,-4.88954811285199,2.97605903653637
4,1538,7538,-0.249068949085337,1.9882711362426
4,1539,7539,-0.608319096581187,2.31748527663132
4,1540,7540,-1.35200733842257,1.85551339599359
4,1541,7541,-1.25241537448785,1.8544057841566
4,1542,7542,-2.37816687304429,1.99169087621096
4,1543,7543,-2.73732825207838,2.45311621883265
4,1544,7544,-2.53019234722853,2.12778775389981
4,1545,7545,-1.43420961727932,2.26988503940307
4,1546,7546,-3.41333557180424,1.97037737602712
4,1547,7547,-3.31835402980076,1.91873509648149
4,1548,7548,-2.358676073177,1.30475458452775
4,1549,7549,-1.88911737235724,0.895808554307563
4,1550,7550,-2.12446489861133,1.2099576374642
4,1551,7551,-2.03523266122205,1.9235496182062
4,1552,7552,-2.64087797922246,2.19792341572154
4,1553,7553,-2.6101447178225,2.97665526184899
4,1554,7554,-1.34114222747198,1.24858207738223
4,1555,7555,-2.45589051432656,1.69950138006001
4,1556,7556,-2.14956303694262,1.66613245226533
4,1557,7557,-2.24699933383477,1.86648832889104
4,1558,7558,-2.04465885172777,1.88216976994575
4,1559,7559,-1.98400126287676,1.92006651583024
4,1560,7560,-2.53797986024748,1.52757054429911
4,1561,7561,-2.44552399573071,1.52445451727417
4,1562,7562,-1.49209174507477,3.20310900685976
4,1563,7563,-1.92357602019951,2.59872077400363
4,1564,7564,-1.99755675705206,1.57984931730246
4,1565,7565,-2.06500376517875,2.22942166216705
4,1566,7566,-2.43003388450232,2.13659816569346
4,1567,7567,-2.22153258298729,2.64793416730845
4,1568,7568,-1.95691972608908,2.52636263653754
4,1569,7569,-1.71131878656579,1.77602034428715
4,1570,7570,-1.81055069077871,1.90296500711799
4,1571,7571,-1.35205361050084,2.16397229682927
4,1572,7572,-1.17809027457512,2.32033890882691
4,1573,7573,-1.84447898745758,2.86756540714916
4,1574,7574,-1.80696603332378,1.98813401006573
4,1575,7575,-2.20966661889101,2.02847010074343
4,1576,7576,-1.0991423575594,2.10244111283002
4,1577,7577,-1.34013678167264,0.945521397364095
4,1578,7578,-1.19342089087046,1.08421489205565
4,1579,7579,-1.85894641994997,2.60364139562722
4,1580,7580,-1.92111194631503,1.57055623892559
4,1581,7581,-2.13942804855589,2.18566335053889
4,1582,7582,-2.45005115661626,2.72059521110258
4,1583,7583,-1.72759661766111,1.87195531528619
4,1584,7584,-1.19937954306776,1.8693770138663
4,1585,7585,-1.10271640590612,2.13262335508598
4,1586,7586,-0.902949499462041,1.91673969086652
4,1587,7587,-0.857350913221576,1.62792124844477
4,1588,7588,-1.52650504014934,1.77373071717948
4,1589,7589,-1.8558787986682,2.3867466187266
4,1590,7590,-2.11544619749662,2.97559360208529
4,1591,7591,-2.57338015200943,1.33294924641884
4,1592,7592,-2.90991095338636,2.35919201921793
4,1593,7593,-2.44490026820198,1.86319127571579
4,1594,7594,-1.53924511520723,1.96559874059065
4,1595,7595,-2.11888331201988,2.139916678488
4,1596,7596,-2.17415430994904,2.28795934394887
4,1597,7597,-1.17883023056018,1.73646541008008
4,1598,7598,-1.16695100454433,1.55719559396597
4,1599,7599,-2.08476751905542,2.62894773981017
4,1600,7600,-0.467705121075401,2.19588649932293
4,1601,7601,-1.69673312706399,1.72890436499004
4,1602,7602,-1.34226931342901,1.49338419486775
4,1603,7603,-1.14863288026677,1.33356177572021
4,1604,7604,-2.59897617525875,1.89546213724934
4,1605,7605,-1.4092865379774,1.48135488593467
4,1606,7606,-2.50346587283486,0.8611096777775
4,1607,7607,0.197164196459585,2.51762254495953
4,1608,7608,-0.541837103667991,2.6625146935165
4,1609,7609,-0.779221851674545,2.01223044822336
4,1610,7610,-1.59815422927548,3.48405662930561
4,1611,7611,-0.212627684744142,2.27125523192839
4,1612,7612,-2.25892745544181,2.57711470698809
4,1613,7613,-2.44940372526145,3.3787733890636
4,1614,7614,-2.85664401999507,2.34658342578858
4,1615,7615,-2.57474482165128,2.16796508936124
4,1616,7616,-2.76593018182402,2.78730815287957
4,1617,7617,-2.24453239655623,2.07113627933096
4,1618,7618,-1.81570969636791,1.53214193128006
4,1619,7619,-2.38866208839764,1.62987128104814
4,1620,7620,-2.13673685387021,1.206707659637
4,1621,7621,-2.5411790822487,1.5224075094007
4,1622,7622,-1.88591454662131,1.62609111482901
4,1623,7623,-1.8124176627342,1.84944529528932
4,1624,7624,-1.89498359005747,1.68422394786532
4,1625,7625,-1.6118248842709,3.22276864354599
4,1626,7626,-1.20143479904899,1.0121054355059
4,1627,7627,-1.16537689701174,1.09570996237548
4,1628,7628,-1.22124286030781,1.35558086984059
4,1629,7629,-1.71871565885877,1.44874160671892
4,1630,7630,-2.17523863080895,2.27525544010215
4,1631,7631,-0.206853909201545,2.94980910143201
4,1632,7632,-1.83516307854088,2.47850751221142
4,1633,7633,-1.5279320705817,1.94011036013981
4,1634,7634,-1.64031576608274,2.29912037340956
4,1635,7635,-1.25463877540543,1.79143448934605
4,1636,7636,-0.335382870823362,2.03630866488971
4,1637,7637,-1.08651608199098,1.99294475994166
4,1638,7638,-1.26464285733254,1.95114080277843
4,1639,7639,-2.69163793353786,1.74778799498123
4,1640,7640,-3.12222908492189,2.6667028658673
4,1641,7641,-3.04136405909248,3.24961226311861
4,1642,7642,-1.79311388634481,1.64779309837659
4,1643,7643,-2.07994324569245,2.80678896156929
4,1644,7644,-3.20811303340344,2.76500677302425
4,1645,7645,-2.35651037728631,3.15890284855591
4,1646,7646,-2.57612417620349,3.20290683980749
4,1647,7647,-2.84015621168425,2.94978402450716
4,1648,7648,-2.55484967070894,2.17517901520832
4,1649,7649,-2.11162669652753,1.98489108641569
4,1650,7650,-1.85102698123172,1.29515839593696
4,1651,7651,-2.22141264418485,1.68292397275813
4,1652,7652,-2.23234464682131,1.46071883178271
4,1653,7653,-1.99498934576471,1.2581865296802
4,1654,7654,-1.88908116408679,1.36389776046557
4,1655,7655,-1.96089964672374,1.70136333470844
4,1656,7656,-1.91967358092835,1.66914008195807
4,1657,7657,-1.72785770615641,0.762476911487676
4,1658,7658,-1.75896064553019,0.804161773447992
4,1659,7659,-2.48833439211469,2.66389674040111
4,1660,7660,-3.50806672153055,3.25393758270288
4,1661,7661,-2.86599220902955,4.77742904732707
4,1662,7662,-2.49453089285388,4.22185329243012
4,1663,7663,-0.674024393884658,1.80201381682792
4,1664,7664,-0.893775049474856,2.14720447128373
4,1665,7665,-1.17130745697144,1.61442760462456
4,1666,7666,-1.52931456515865,2.29203144411646
4,1667,7667,-1.82855326018424,2.25939737974602
4,1668,7668,0.111648958129091,1.42646407932004
4,1669,7669,-1.09921573364061,1.28782474629075
4,1670,7670,-0.63694127971582,1.50481561973428
4,1671,7671,-0.788699086731366,1.56385017468849
4,1672,7672,-0.691167429043316,1.21189342336667
4,1673,7673,-2.01039191139104,2.39014724999859
4,1674,7674,-2.70066292664244,2.83368060768547
4,1675,7675,-1.55305064149668,1.58815496560074
4,1676,7676,-1.67275022154587,2.49629370109061
4,1677,7677,-0.139718444601859,1.99952223467265
4,1678,7678,-1.03703693414028,1.81021346990647
4,1679,7679,-2.20156698443457,2.46354195045223
4,1680,7680,-2.6669888711195,3.45902228342234
4,1681,7681,-1.55222416509864,1.24437982053281
4,1682,7682,-1.74170520923875,2.46334616308025
4,1683,7683,-2.33183900506297,1.91396842448563
4,1684,7684,-1.91495968028908,1.27986329468824
4,1685,7685,-1.91624553537554,1.870985757284
4,1686,7686,-1.75691537663237,1.63197938000548
4,1687,7687,-1.59738356323061,1.55833638950801
4,1688,7688,-1.83725152418181,1.71541810587836
4,1689,7689,-2.2464968734455,1.66985919019091
4,1690,7690,-2.83491297204146,2.47701148401237
4,1691,7691,-2.27054129404522,1.52039919296032
4,1692,7692,-2.46140177507625,2.25099270532341
4,1693,7693,-3.57818643340634,2.69525601334534
4,1694,7694,-3.05907723358631,2.23507213750183
4,1695,7695,-1.26309947724107,1.81272273489709
4,1696,7696,-1.78103316665781,1.69562702441706
4,1697,7697,-1.23566649838405,2.08690766715068
4,1698,7698,-1.73952243773594,2.22757302950471
4,1699,7699,-1.0506018694155,2.31855568718303
4,1700,7700,-1.29810821728483,2.06209744754226
4,1701,7701,-0.691984931392957,2.38763228356723
4,1702,7702,-0.23666502026341,2.92471857794955
4,1703,7703,-3.7324355565916,1.85945690800158
4,1704,7704,-3.97647118487701,2.91024595780358
4,1705,7705,-3.9401421323028,3.09681694850029
4,1706,7706,-2.85778950058558,1.97284002294974
4,1707,7707,-2.40096777705804,1.97330736843195
4,1708,7708,-2.06642347841982,2.01197115343046
4,1709,7709,-1.87144856572283,2.49897640816086
4,1710,7710,-0.259799184220893,2.03475317922094
4,1711,7711,-0.676782597977274,2.75226878355905
4,1712,7712,-0.616548089490685,2.72214677178235
4,1713,7713,0.381103598951039,2.89883175677917
4,1714,7714,-0.058962753506011,2.75202979836887
4,1715,7715,-0.079022820632013,2.74168694104532
4,1716,7716,-1.32821006218311,2.1698036919684
4,1717,7717,-1.74507213190276,1.84281177280764
4,1718,7718,-1.83027915155722,2.5026332905423
4,1719,7719,-1.72001814730174,2.20450607938199
4,1720,7720,-1.73339563686041,2.90986283868079
4,1721,7721,-2.76577664732252,1.79629928324713
4,1722,7722,-1.73168132512644,1.81575913547213
4,1723,7723,-1.98369051972481,1.53861304412958
4,1724,7724,-2.10711008683673,1.34826400683174
4,1725,7725,-1.33702720084664,1.51917964316867
4,1726,7726,-2.10437693014768,1.77876597184186
4,1727,7727,-0.993653700252417,1.87259649118448
4,1728,7728,-2.12476709202496,1.95677756888012
4,1729,7729,-2.00521870528257,0.740400945436833
4,1730,7730,-2.38851425278413,1.77267836721552
4,1731,7731,-0.623738859172845,1.09571363610672
4,1732,7732,-2.56672455872028,1.57992354925046
4,1733,7733,-3.00305034517377,2.51533291267216
4,1734,7734,-2.67144992733471,2.12428596008469
4,1735,7735,-2.912267884599,1.22097877888189
4,1736,7736,-2.03676158777068,1.69336842886996
4,1737,7737,-3.3571804672205,2.66586887795831
4,1738,7738,-3.07325949876289,2.74289460642772
4,1739,7739,-3.39691475789495,2.88575615085087
4,1740,7740,-3.20208714352013,2.66068552329796
4,1741,7741,-2.36483248911816,2.13892909069405
4,1742,7742,-0.309550401041458,3.33787748563453
4,1743,7743,-0.828123296686249,3.37915813973705
4,1744,7744,-0.999506899472065,2.35710199387704
4,1745,7745,-0.825334880176105,2.22096664475516
4,1746,7746,-0.841816200107481,2.59092587805284
4,1747,7747,-1.62599248168963,2.96581621726664
4,1748,7748,-1.04736925948709,2.94004732553963
4,1749,7749,-2.01426013926162,2.2075055540536
4,1750,7750,-1.49347688053618,1.76901749388624
4,1751,7751,-3.02467477681368,2.45437699870593
4,1752,7752,-3.10478090461092,2.16263662312893
4,1753,7753,-2.15420484957772,2.06512795975639
4,1754,7754,-2.08273315161078,2.0967431161142
4,1755,7755,-2.91179686939627,2.33757064530462
4,1756,7756,-2.63520330251972,2.19030460589937
4,1757,7757,-2.61449101864861,2.21011272369702
4,1758,7758,-2.13462073459705,1.29506323051175
4,1759,7759,-2.13172596045129,1.27141005369328
4,1760,7760,-2.25355433894851,1.21090663616804
4,1761,7761,-2.83425690255018,2.94172854756396
4,1762,7762,-1.06502093138607,0.80426782435481
4,1763,7763,-2.638187462871,2.0660706814279
4,1764,7764,-2.39045900203068,1.89564720812809
4,1765,7765,-2.08062515688308,2.22039798337021
4,1766,7766,-1.97138156410373,2.3972174221535
4,1767,7767,-1.15439314766688,1.89533145649815
4,1768,7768,-0.874309523690219,1.43838656767485
4,1769,7769,-0.81500030475302,2.35737806111236
4,1770,7770,-1.48349163102224,2.94761371231585
4,1771,7771,-3.07372056080435,1.51317706769886
4,1772,7772,-2.38444692451581,1.86645884891255
4,1773,7773,-2.77016287225916,1.35976362261185
4,1774,7774,-2.42000925535797,1.31529391131955
4,1775,7775,-2.73887457665883,1.36887564328716
4,1776,7776,-1.57260193138824,1.97059108357532
4,1777,7777,-1.69346074251651,1.97761997573676
4,1778,7778,-0.567532319306171,1.43427537465822
4,1779,7779,-1.41609268944266,3.24483322219811
4,1780,7780,-1.94959202779049,1.12042426191922
4,1781,7781,-1.76367486254717,1.03552606972259
4,1782,7782,-2.07167477119664,1.04106270526074
4,1783,7783,-2.02538453326582,1.30178860213105
4,1784,7784,-2.2360169798425,1.21066094570294
4,1785,7785,-2.22499885435378,1.39029084425584
4,1786,7786,-2.41492379613383,1.24920715242279
4,1787,7787,-2.68367409607659,1.31209151866814
4,1788,7788,-2.06366664061657,1.17524353671608
4,1789,7789,-1.65179605109244,2.12468606613903
4,1790,7790,-1.53392003052929,1.07002061727108
4,1791,7791,-2.23918639142692,1.58371993031739
4,1792,7792,-2.63135189182976,2.0322798244886
4,1793,7793,-1.07327760709518,2.11016033383632
4,1794,7794,-1.28029847372292,2.65827145714684
4,1795,7795,-1.24604827080524,2.8549134919916
4,1796,7796,-1.35822482380786,1.8010177632414
4,1797,7797,-0.89405019223435,1.24821895741054
4,1798,7798,-3.87028713676606,1.6987802508298
4,1799,7799,-3.54968695947116,1.68172880146618
4,1800,7800,-3.7877385482487,1.90687771054969
4,1801,7801,-3.08278004533648,2.24204569022982
4,1802,7802,-1.14620398726753,1.4956662471287
4,1803,7803,-2.19556459938613,1.39144721698285
4,1804,7804,-2.13472130368643,2.61011395336388
4,1805,7805,-2.00314422532614,1.12136260818074
4,1806,7806,-2.10761833808057,1.58862767334624
4,1807,7807,-1.94726239440632,1.35371438833548
4,1808,7808,-1.96133376575174,1.3746095404022
4,1809,7809,-1.09369099622482,3.29617961052501
4,1810,7810,-1.78716952182819,1.64289845946954
4,1811,7811,-1.34292831176019,1.44836906331233
4,1812,7812,-2.20458077637382,2.93528487951023
4,1813,7813,-2.30425421780099,2.21814740950572
4,1814,7814,-1.51425935616115,2.21607442354065
4,1815,7815,-2.54733607627101,2.57643895631504
4,1816,7816,-2.23389943521136,2.26415173217609
4,1817,7817,-1.12411214699583,1.87388407565004
4,1818,7818,-0.265205242675954,3.98222562297739
4,1819,7819,-0.283809004214429,3.76976850853055
4,1820,7820,-0.872266110676772,3.26520271611988
4,1821,7821,-3.22417033649308,1.52422967512813
4,1822,7822,-3.09950509244105,1.72360456827691
4,1823,7823,-3.46670539409535,1.87204277604582
4,1824,7824,-3.00341954318174,2.04785807137163
4,1825,7825,-2.83297135759932,1.65201723715304
4,1826,7826,-2.15984591672189,1.44414959707554
4,1827,7827,-0.912434325115525,2.28377117737241
4,1828,7828,-1.93695378875612,1.9710450800756
4,1829,7829,-1.64603604330496,1.59452537569662
4,1830,7830,-2.35430998442278,1.55675530093944
4,1831,7831,-2.42096908128601,1.90678771297704
4,1832,7832,-1.94189893867171,1.25107110284283
4,1833,7833,-1.06767006199334,0.848769559437372
4,1834,7834,-1.50839108981807,1.4516278763449
4,1835,7835,-1.35154292464326,1.11917327372224
4,1836,7836,-1.73173914420367,2.0246695676771
4,1837,7837,-1.09101802219853,2.88313799855286
4,1838,7838,-2.82776396925217,1.6260028013402
4,1839,7839,-3.37278392896148,2.07533369211107
4,1840,7840,-2.97521293041699,2.2959268839827
4,1841,7841,-3.28653677089057,2.0985927821501
4,1842,7842,-1.59507961691319,2.19160768627051
4,1843,7843,-1.17867879311044,2.10562265293597
4,1844,7844,-1.34356426142596,1.96471662695851
4,1845,7845,-1.2433980783176,2.70075900425968
4,1846,7846,-1.41628162652694,2.35282308281114
4,1847,7847,-1.7778266337589,1.80900123510644
4,1848,7848,-2.22995838407183,2.40025732580586
4,1849,7849,-2.11991265084113,2.00603141276704
4,1850,7850,-3.00029223472835,2.74364352501708
4,1851,7851,-1.55653437044403,1.45152502986968
4,1852,7852,-2.07052688488736,1.74165150654602
4,1853,7853,-3.04152509475143,1.86876962385347
4,1854,7854,-2.55261516865448,1.94577938285413
4,1855,7855,-1.43775997438532,1.30041335188948
4,1856,7856,-0.965969971815231,1.95119815372692
4,1857,7857,-0.757460720893358,3.45896840974805
4,1858,7858,-1.19201432172195,1.74411145166419
4,1859,7859,-1.41372423914282,4.44407571362827
4,1860,7860,-2.40248324341857,1.77966995470568
4,1861,7861,-1.94718780768041,1.81217953086604
4,1862,7862,-2.56499997331986,1.84932470060083
4,1863,7863,-2.77172939050073,1.69947815997509
4,1864,7864,-2.44820573248165,1.34970424215599
4,1865,7865,-3.2318781595998,1.59425584067974
4,1866,7866,-2.66082512619082,1.3537005926933
4,1867,7867,-2.76405385585534,1.22131981818532
4,1868,7868,-3.15830786937492,1.23163644815982
4,1869,7869,-1.94404813280173,1.48961474594256
4,1870,7870,-2.70003388959219,1.49415895912933
4,1871,7871,-2.67621342091967,1.60609358551264
4,1872,7872,-2.63255222441076,3.19321541230513
4,1873,7873,-2.89271931294174,2.87760962400513
4,1874,7874,-3.6546283875744,3.09441068014916
4,1875,7875,-2.59124314616624,1.59081162728564
4,1876,7876,-3.39763403869908,2.91038036260477
4,1877,7877,-4.75533264375416,3.23119655997623
4,1878,7878,-4.88585279764543,3.75453737056922
4,1879,7879,-4.61558855631575,3.33829930803275
4,1880,7880,-2.10444632022059,1.68987465978531
4,1881,7881,-2.06415288418696,1.64145382486792
4,1882,7882,-2.48713787447241,2.59613654813331
4,1883,7883,-2.17887244889708,2.51704796318344
4,1884,7884,-2.28458924936226,2.73868728302044
4,1885,7885,-2.22157711553644,2.15303457492056
4,1886,7886,-1.93557739137633,2.21893777152407
4,1887,7887,-2.61933418072387,1.68832227375305
4,1888,7888,-2.41908781242711,1.81568525805226
4,1889,7889,-2.42998634214561,1.20424898625664
4,1890,7890,-2.62018680748343,1.70433129534187
4,1891,7891,-1.84035129863366,1.20309418305951
4,1892,7892,-1.61666926220591,1.02355790504909
4,1893,7893,-2.07063915656028,1.90806081926624
4,1894,7894,-1.0387818726835,1.38126182275209
4,1895,7895,-1.13713561358324,1.31694814080644
4,1896,7896,-1.1152861824097,1.39870247652188
4,1897,7897,-1.00130835724376,1.48301328574165
4,1898,7898,-1.08258512358641,2.14720770901945
4,1899,7899,-2.09344096610575,2.66834499495958
4,1900,7900,-1.41115262965743,2.46279639873406
4,1901,7901,-2.79120942519002,2.31607111484237
4,1902,7902,-2.48110053944317,2.04684276288925
4,1903,7903,-3.09459351940561,2.58320779078072
4,1904,7904,-1.85824880466651,2.05784766358802
4,1905,7905,-2.31961395495877,2.40229054780071
4,1906,7906,-2.50414437854329,2.00801411833487
4,1907,7907,-1.78292556375831,1.90168153532113
4,1908,7908,-1.59921519851426,1.68640556171114
4,1909,7909,-1.63138932371302,1.73230185507233
4,1910,7910,-2.19358676446682,1.47268998456468
4,1911,7911,-2.99133995058949,2.45923695312558
4,1912,7912,-0.42292257473706,2.15662045102597
4,1913,7913,-1.94684531373521,3.61283910310824
4,1914,7914,-1.95617985232559,2.75383140971481
4,1915,7915,-1.8272447840637,2.26404508535547
4,1916,7916,-2.24134270985006,2.44492518007131
4,1917,7917,-1.44752430275898,0.961167558014811
4,1918,7918,-1.16325159215878,1.98619702165999
4,1919,7919,-1.12165361100871,1.65043709415467
4,1920,7920,-2.70868338500053,1.60130806531629
4,1921,7921,-2.87391020466394,1.67426842836899
4,1922,7922,-2.19986810310119,2.39201388854293
4,1923,7923,-0.730974524875698,1.16949423886576
4,1924,7924,-2.79510591187303,2.00735269712399
4,1925,7925,-2.51490381198591,1.3409649885119
4,1926,7926,-1.13159813359701,4.37314256624139
4,1927,7927,-2.06116105039617,1.90752624950117
4,1928,7928,-1.62554581672908,2.9971211339492
4,1929,7929,-0.912185502892743,2.90793316525217
4,1930,7930,-1.36153847127914,2.59851162621248
4,1931,7931,-0.481217885027274,2.28574249017304
4,1932,7932,-0.852915688757554,2.7364123280065
4,1933,7933,-0.958680366223266,2.66418232573636
4,1934,7934,-1.18073304104132,1.3793637562783
4,1935,7935,-3.27697719754929,1.79414718027198
4,1936,7936,-1.98999705666083,1.4022443810908
4,1937,7937,-2.25671894328973,1.34947008371527
4,1938,7938,-2.28378306786224,1.36627602124366
4,1939,7939,-2.44767847590388,1.37149057080858
4,1940,7940,-2.93708253897334,1.95362790066634
4,1941,7941,-1.61731629628048,1.28811914677386
4,1942,7942,-2.06245500129369,1.77508593715936
4,1943,7943,-2.41304176499409,2.48571462507108
4,1944,7944,-3.70802457166151,2.65825405509178
4,1945,7945,-2.8578560304619,2.34116058954027
4,1946,7946,-2.37572752264678,1.68980532431305
4,1947,7947,-2.47802584863821,1.9913175762896
4,1948,7948,-1.90501267255182,1.76537377881948
4,1949,7949,-2.12234531572943,1.64201175017848
4,1950,7950,-2.25023343841976,2.47014333593937
4,1951,7951,-2.73595774651611,2.98186349995304
4,1952,7952,-1.94154118710164,2.02687793271546
4,1953,7953,-1.27887738815457,2.47946957717963
4,1954,7954,-0.814367698869877,2.32395080739853
4,1955,7955,-2.44010026818314,2.30050792221272
4,1956,7956,-1.16700509753655,2.21431264216753
4,1957,7957,-1.19362982397873,2.32013225275783
4,1958,7958,-0.804155473965709,1.56070837643061
4,1959,7959,-1.30106348116642,2.33322651273926
4,1960,7960,-0.775431428962903,2.0436300019678
4,1961,7961,-2.21180450006431,2.53035863176276
4,1962,7962,-2.46627245747479,2.23958180979207
4,1963,7963,-2.04594009728892,1.31552510798863
4,1964,7964,-1.37234992564174,3.88978626263199
4,1965,7965,-1.07171791496368,2.58242196498141
4,1966,7966,-2.0789761389135,1.30416845983371
4,1967,7967,-2.30951831653228,1.66572866150051
4,1968,7968,-1.43163409726023,1.22210057207597
4,1969,7969,-1.38444211206691,1.69720175604116
4,1970,7970,-2.28082922688013,2.76757994306436
4,1971,7971,-1.86298090245288,1.84270892177595
4,1972,7972,-2.40328223254865,2.37906982797998
4,1973,7973,-2.99843442589999,3.04161187157913
4,1974,7974,-2.73052674129502,3.40872495786979
4,1975,7975,-2.36507216819451,1.74159151189182
4,1976,7976,-1.125710842687,1.31906339414712
4,1977,7977,-0.672513887688598,1.11199562673856
4,1978,7978,-0.956553269764201,1.20229991196484
4,1979,7979,-0.997188281930982,1.51328367255865
4,1980,7980,-0.754390901353985,1.87976469317038
4,1981,7981,-1.26514781722537,1.99905403208941
4,1982,7982,-0.929168056465811,2.19467557189839
4,1983,7983,-1.10009388569703,1.61104177904639
4,1984,7984,-0.856007779997572,2.38526821298561
4,1985,7985,-1.25185117774738,3.04337096832386
4,1986,7986,-3.41404772451446,2.1812396975259
4,1987,7987,-3.25527011899969,2.486161349963
4,1988,7988,-2.53483886882405,3.61992860511595
4,1989,7989,-2.34907915613357,2.08097522603143
4,1990,7990,-2.14215044578542,1.76804095645461
4,1991,7991,-2.19732837864453,1.82348902900994
4,1992,7992,-3.13289060095949,1.94435925614719
4,1993,7993,-2.1709513001449,1.58933812553019
4,1994,7994,-1.8932915678012,1.98216312551485
4,1995,7995,-2.0170822001907,1.98873277872006
4,1996,7996,-1.92534738982464,1.91296719472386
4,1997,7997,-1.62267102694932,1.90253148352023
4,1998,7998,-2.58146334068973,2.31931639360427
4,1999,7999,-2.85729876805571,2.43274662349035
4,2000,8000,-3.25723778851201,2.11426736262571
