".chain",".iteration",".draw","b_Intercept","sd_author_year__Intercept"
1,1,1,-3.32446287819712,1.60209866058767
1,2,2,-2.71002413400296,1.40334109905462
1,3,3,-2.75436005532318,1.36902710399753
1,4,4,-2.29500483221892,1.29518559601705
1,5,5,-4.45955269771866,3.61365927762773
1,6,6,-3.80774979600687,3.99553101616503
1,7,7,-3.7155742110901,2.9436148895696
1,8,8,-2.27446281086162,2.44153674186608
1,9,9,-2.28748006761761,2.58264914997911
1,10,10,-1.78467162511226,1.95372707100415
1,11,11,-1.62575392843878,1.67041315247425
1,12,12,-1.62960803858102,1.99923751339622
1,13,13,-2.02904414859807,2.11194627937447
1,14,14,-2.61497537438235,1.71049333279702
1,15,15,-2.19619220509599,1.27097261202724
1,16,16,-2.21148880831462,1.7799920629304
1,17,17,-3.36089705850733,2.17494097569212
1,18,18,-3.53819743936893,2.97527182353705
1,19,19,-3.96492697702702,3.28682802952454
1,20,20,-3.6779447345226,2.94432241768318
1,21,21,-1.85057479501979,2.49011541462884
1,22,22,-2.36051183416166,3.28663658938302
1,23,23,-2.11641568501254,2.89859176675814
1,24,24,-2.45593548373387,2.75679629587143
1,25,25,-1.31443702317918,2.24532842284835
1,26,26,-1.05988029089062,2.2901668775189
1,27,27,-2.66892147071479,1.32515177918156
1,28,28,-2.99351806637229,1.21345673828072
1,29,29,-2.89227339139181,1.43546301875956
1,30,30,-2.14357639761185,1.34005013654912
1,31,31,-2.43488147674948,1.49894495354264
1,32,32,-1.7377939942938,1.53723289077194
1,33,33,-1.83024709125696,2.59601432517148
1,34,34,-1.90453151709824,2.24524965935108
1,35,35,-2.50775263791307,1.8571684944967
1,36,36,-2.25496170581454,1.23657863214649
1,37,37,-2.26702442095486,1.31680401445227
1,38,38,-2.33356523484958,1.03690496704275
1,39,39,-2.6325625344136,1.28151688500838
1,40,40,-2.57675895465294,1.32621892570684
1,41,41,-2.59411493912078,1.44968885847143
1,42,42,-2.9487164958998,1.49343768363017
1,43,43,-2.94247218250731,1.8998068087317
1,44,44,-3.06449358775097,2.27005625015266
1,45,45,-2.65803060665897,2.45602434743125
1,46,46,-2.6089139366465,3.19392990567224
1,47,47,-2.47252454813256,2.70018683758229
1,48,48,-1.84287834842834,1.93971894136064
1,49,49,-2.36476586460623,2.31814636044778
1,50,50,-2.37105538828147,2.36118638353652
1,51,51,-2.41398631649548,2.60082718715067
1,52,52,-2.73242351903713,2.49815155500545
1,53,53,-3.1207367010708,2.63465777566414
1,54,54,-2.31948569952451,1.61670254781136
1,55,55,-2.81804227316836,2.9348665030832
1,56,56,-2.34948071656905,2.5524262291315
1,57,57,-2.69836122956404,1.96728752600474
1,58,58,-2.08611379268068,1.6187627067242
1,59,59,-3.22899956573379,3.15542657680784
1,60,60,-2.74127390901424,1.86068017280739
1,61,61,-2.940688009248,1.27458798690931
1,62,62,-1.95266482875886,1.09367769676505
1,63,63,-1.99488713107773,1.28042894963381
1,64,64,-3.13343975383832,1.79296561508927
1,65,65,-2.90318385528213,1.04957653027411
1,66,66,-2.47537277578046,0.998831072499251
1,67,67,-3.04762240371935,2.65024161755912
1,68,68,-2.45442228501254,1.81451214662377
1,69,69,-1.72983745080385,1.74307787113319
1,70,70,-2.34541949218936,1.49753987530677
1,71,71,-1.70184239734538,1.38534971002031
1,72,72,-2.04738527923019,1.35537610732693
1,73,73,-1.92190886342317,1.02639614005276
1,74,74,-3.1350861456132,1.5137805001595
1,75,75,-2.4387823415146,1.53943851597048
1,76,76,-2.81031503253513,1.88605142472808
1,77,77,-3.02152983412451,1.71933212514691
1,78,78,-3.3769544228583,1.7982478749153
1,79,79,-3.19730416649284,1.93686460048219
1,80,80,-4.20931627010928,2.09215550603469
1,81,81,-3.86958732435902,2.99517139838592
1,82,82,-2.65225395501784,1.33155949473461
1,83,83,-2.63268981868557,1.40160384605008
1,84,84,-2.97761961575833,1.93993493470377
1,85,85,-3.23742179608777,1.44803577439221
1,86,86,-3.36348630997787,1.68455673717406
1,87,87,-3.21935838176604,1.69055212360176
1,88,88,-2.92805153650972,1.5305765117375
1,89,89,-3.23772839627877,1.79824480036267
1,90,90,-3.41494408454194,2.36145196036973
1,91,91,-1.3079997258709,0.74423407683525
1,92,92,-2.99991104725801,1.3643834374921
1,93,93,-1.4476463935756,0.953133850675235
1,94,94,-2.7680735562481,1.2121777852191
1,95,95,-3.0629765588822,1.15790752722155
1,96,96,-3.22031056141234,1.37526322828735
1,97,97,-1.03240096624161,2.52766741262116
1,98,98,-0.735053256590792,1.86643031534209
1,99,99,-1.22535581444542,2.5009046254808
1,100,100,-3.55396019608995,3.08573514593404
1,101,101,-3.22546144291696,3.1499117418285
1,102,102,-3.14861033994867,2.85181005409593
1,103,103,-1.68178331727535,2.27929145593171
1,104,104,-1.92781702121832,2.31018319316025
1,105,105,-1.53725491887676,2.5690145074318
1,106,106,-2.10049668357221,2.13829424822176
1,107,107,-1.35655564294937,1.63999876129671
1,108,108,-2.59806925534915,2.57604122001141
1,109,109,-1.80490224243136,2.55619144327748
1,110,110,-3.03792726380475,2.57153590492046
1,111,111,-2.38897323681217,2.63551988449584
1,112,112,-2.58356749180936,2.59926029398594
1,113,113,-2.10276865211586,2.41031150759448
1,114,114,-1.97923520917925,2.89919799119869
1,115,115,-2.17357796462574,1.49301205451563
1,116,116,-1.58297506062885,2.01613116101945
1,117,117,-1.64984134712569,1.86680257549436
1,118,118,-1.78517542599502,2.09387806494069
1,119,119,-2.97727004053073,1.78541417876299
1,120,120,-3.01925235714678,1.6548134663948
1,121,121,-2.58217836142357,1.2495475773351
1,122,122,-2.73544267759616,1.57354590555564
1,123,123,-2.6477381252856,1.43630345932117
1,124,124,-2.98420113543725,1.49901143190381
1,125,125,-3.3964878984432,1.75504380586586
1,126,126,-0.972837425976055,1.00598092944673
1,127,127,-1.91502090414878,0.974547057560539
1,128,128,-1.38063509145698,1.01669813662689
1,129,129,-1.63565093102079,1.92301065848413
1,130,130,-3.026264798707,2.13221487050698
1,131,131,-3.06585849743176,2.19843114212352
1,132,132,-3.59825490363627,2.12706453604051
1,133,133,-2.05115910609216,1.05681418236543
1,134,134,-2.02391143297619,1.23654923867508
1,135,135,-1.69385474965328,1.17072430872747
1,136,136,-2.30830457281842,1.33592721396744
1,137,137,-2.73675381493873,1.4233174605009
1,138,138,-1.86190715677235,1.2365935304466
1,139,139,-2.49202463855312,1.47952991138358
1,140,140,-1.99752583482034,2.08949530313223
1,141,141,-1.71369968773487,1.42346673972403
1,142,142,-1.87015141451621,1.97614742449146
1,143,143,-2.01656370289099,1.84782874016161
1,144,144,-1.41811735915218,1.5623766550009
1,145,145,-2.12008616445865,1.95262465353878
1,146,146,-2.26385549139084,1.88810244904651
1,147,147,-1.97075245663699,1.69916006757356
1,148,148,-2.25846025647172,1.22154576351609
1,149,149,-2.21197994277081,1.15943669769457
1,150,150,-1.97204315836322,1.20603094091435
1,151,151,-2.04714534325485,2.70472363690114
1,152,152,-1.75182850909259,2.8576479775862
1,153,153,-1.98582474671725,1.92502414303053
1,154,154,-2.29727603924822,2.08639351787493
1,155,155,-2.72430932396385,3.0066624317407
1,156,156,-3.21043600819293,2.85683956469581
1,157,157,-3.17873595690748,2.86751935201452
1,158,158,-3.62565705916305,2.52965647856779
1,159,159,-3.13349807903431,2.20331444648174
1,160,160,-2.40480598949022,1.69154028923076
1,161,161,-2.53762539766227,1.79087635661585
1,162,162,-0.916736071027902,1.70463163749384
1,163,163,-0.811858830744829,1.8080257757535
1,164,164,-1.08468945955122,1.31844765549373
1,165,165,-1.02109375499832,1.43641678806054
1,166,166,-1.50087016944373,2.40113442102537
1,167,167,-0.753541507749818,1.13718535410215
1,168,168,-2.46637284336691,1.78852938098752
1,169,169,-2.21193757816578,1.33389781056486
1,170,170,-2.50385078481973,1.39295931830989
1,171,171,-1.47279854040905,0.811314591075385
1,172,172,-2.1495418277854,1.64482524936972
1,173,173,-2.86996634309656,1.66863331554207
1,174,174,-2.29083679356532,1.39372689234922
1,175,175,-2.27638267986208,1.37118871959298
1,176,176,-2.64821193850494,1.07332211508636
1,177,177,-2.30073184910316,1.33573889953404
1,178,178,-2.00508467194346,1.33448665693919
1,179,179,-2.2470080774825,1.40529146451154
1,180,180,-2.50834629927801,1.58974884712023
1,181,181,-2.96343832304038,1.84018071698914
1,182,182,-2.8457591550041,1.97445147451324
1,183,183,-1.99670057221561,2.37858857862016
1,184,184,-2.23653328610983,2.0555202838689
1,185,185,-2.44630457688673,2.30873460783184
1,186,186,-2.26041847964543,2.50411598791515
1,187,187,-1.92941483031644,1.70071108807899
1,188,188,-1.85534333773657,1.53720984318208
1,189,189,-2.44614490320324,1.55129532994731
1,190,190,-1.79734090984681,1.87669658651234
1,191,191,-2.53723305827597,1.92789703340595
1,192,192,-1.87332890574775,2.39436646423515
1,193,193,-2.01889368746556,3.37642196086457
1,194,194,-1.72002330557696,2.12953153920568
1,195,195,-1.59578488442307,2.45547585343132
1,196,196,-1.09400008708244,2.95275877747037
1,197,197,-1.82899036753514,1.78494410298796
1,198,198,-2.25300904362972,1.18088347009568
1,199,199,-1.68625437252692,2.52331480411132
1,200,200,-1.36548056980899,2.72761265156523
1,201,201,-1.59978120181972,2.57365526011534
1,202,202,-1.53676862653504,2.67457830811282
1,203,203,-1.88454920986428,1.94117042274877
1,204,204,-1.67321974766705,1.7141345908401
1,205,205,-2.24285555124126,1.82319688638844
1,206,206,-1.9377083317642,2.05750745713728
1,207,207,-2.82726450793899,2.58528830031027
1,208,208,-2.3925265210393,1.89454335554969
1,209,209,-2.3201010692426,1.63321645547462
1,210,210,-3.38214463821279,1.44397379631518
1,211,211,-2.67932348272629,1.76367291421688
1,212,212,-2.94201189418287,1.80775303883023
1,213,213,-2.88784920505522,1.39549513824619
1,214,214,-2.9093202965116,1.30889777168586
1,215,215,-2.31479729453993,1.39191376249574
1,216,216,-1.91175662452043,2.07488365701012
1,217,217,-2.62448114149596,2.41737087706935
1,218,218,-1.7134283036038,0.948456710724472
1,219,219,-2.07485372080209,1.19567685013014
1,220,220,-3.6590705985782,1.52893104592337
1,221,221,-4.03761354897108,2.76048568383296
1,222,222,-1.65109101011529,1.47677421335894
1,223,223,-2.77480705540862,1.25212805737786
1,224,224,-1.58547219435681,1.15855465418455
1,225,225,-2.33793830616608,1.32092164796258
1,226,226,-1.96180085851408,1.30715330039707
1,227,227,-2.16951050581029,1.44845335566021
1,228,228,-3.32747193239015,1.801910178924
1,229,229,-1.76658834497511,1.23911094479414
1,230,230,-2.49861640734441,1.58553567641009
1,231,231,-2.15115889171516,1.45203611507499
1,232,232,-2.16191892028258,1.9991859850576
1,233,233,-2.03011806155837,2.96334140125534
1,234,234,-1.3147423465887,2.23171354661487
1,235,235,-1.8690414422027,2.13168224524307
1,236,236,-1.960507566742,2.0619703340866
1,237,237,-1.65985543070726,1.27357010703566
1,238,238,-1.860698939021,1.62703746587738
1,239,239,-1.55658931704854,1.35258315879889
1,240,240,-1.60692616445497,2.07188776176078
1,241,241,-1.36733141713237,1.62848277093142
1,242,242,-2.60139437771092,1.09993463660572
1,243,243,-2.32173256368183,1.2516033828892
1,244,244,-2.95557382855298,2.03123935138663
1,245,245,-1.95148836691969,1.62660964311871
1,246,246,-2.03488247725556,1.56717938770655
1,247,247,-1.38580889279998,0.864401578274912
1,248,248,-2.28279990356757,2.48367508302737
1,249,249,-2.80759826231844,1.84138882090455
1,250,250,-1.53066044382581,1.22664312383664
1,251,251,-2.13559873915306,1.31222072491115
1,252,252,-1.83184361603344,1.41703407324001
1,253,253,-1.42902754884055,1.25628865909003
1,254,254,-1.68616110441981,1.64673713741326
1,255,255,-2.01326461734228,1.27350836547014
1,256,256,-2.22973403396426,2.51666610921325
1,257,257,-2.14605104219875,1.86187326670845
1,258,258,-2.28419101852075,2.3382279182152
1,259,259,-2.22453342396085,1.88271563114579
1,260,260,-2.63829491512224,2.10346269851626
1,261,261,-3.00041328622502,1.92581861965316
1,262,262,-2.09639940619464,1.63196136296188
1,263,263,-2.30518579480735,1.3045715492366
1,264,264,-2.80941686838609,1.28717217166073
1,265,265,-1.19688729489238,2.97393044003572
1,266,266,-3.00294924720466,1.89028614636915
1,267,267,-1.96403666575129,1.62843463984442
1,268,268,-2.38559770920782,1.92214492979194
1,269,269,-3.11234531663293,1.51958978621954
1,270,270,-3.16680439478715,1.64381402167922
1,271,271,-3.19900545894434,1.68253089549664
1,272,272,-1.47110839816959,1.42989195898746
1,273,273,-1.86102666826625,1.11258270254043
1,274,274,-2.98346219147517,1.44859068413808
1,275,275,-2.84136664472129,1.38206515316645
1,276,276,-2.37230499718279,1.53872029783641
1,277,277,-2.46545666002347,1.84880970703749
1,278,278,-1.46104226899504,1.40233389895412
1,279,279,-2.60855021580008,1.90747362597991
1,280,280,-1.79670010240307,1.85247833029453
1,281,281,-1.75423791978417,1.87633160883726
1,282,282,-2.30748507246879,1.20648404548959
1,283,283,-2.23462076383355,1.12710084667824
1,284,284,-2.3957566250899,1.14643557041458
1,285,285,-2.12261200900434,1.04218311026978
1,286,286,-2.22482705093199,1.74545336254208
1,287,287,-2.43999753581368,1.77938543147775
1,288,288,-2.39100857575175,1.7630904358059
1,289,289,-2.30801714446736,1.68590553888069
1,290,290,-2.5920013154354,1.03821948545339
1,291,291,-2.6403969935538,2.42958099948842
1,292,292,-1.68801472245165,1.55840932582032
1,293,293,-1.51134762800064,3.37698537611008
1,294,294,-1.43691303188967,3.2416756030999
1,295,295,-1.87307462629785,1.93453481760328
1,296,296,-1.43802138780769,2.16554591760019
1,297,297,-1.44620074667689,2.02589190876555
1,298,298,-1.06117876549074,2.82529248875105
1,299,299,-2.2681798267812,1.78249732501272
1,300,300,-2.81469733802586,3.07238080061364
1,301,301,-3.07452258907983,2.86069602518451
1,302,302,-3.26801925607236,2.69072154905331
1,303,303,-3.12382869376744,2.13066449332872
1,304,304,-3.2970112554795,2.69037180377003
1,305,305,-2.62059814186708,1.77035000224441
1,306,306,-2.88729409910983,1.8101961152381
1,307,307,-2.13207674650174,1.98992623106781
1,308,308,-1.99152760203978,2.12570477501418
1,309,309,-2.08906138189515,1.96291384112473
1,310,310,-2.37909167853041,2.29855833260215
1,311,311,-1.81589880246451,1.79364584692147
1,312,312,-1.76418913415007,2.55072788571627
1,313,313,-1.64060520173299,3.15007689630026
1,314,314,-1.65888574967638,2.97932932280754
1,315,315,-1.37830326705099,3.04898533176797
1,316,316,-2.07704081846951,2.81611212757239
1,317,317,-1.02930769292171,1.99475912705483
1,318,318,-1.75986035417929,2.1959298344605
1,319,319,-1.15703001255269,1.21359693937566
1,320,320,-1.32843759862198,1.45580816353476
1,321,321,-1.81061426682038,2.17821411911127
1,322,322,-1.95649808424659,1.37669558438905
1,323,323,-1.80344975375912,2.44762179601302
1,324,324,-1.3474709460125,1.91052577726088
1,325,325,-1.60693795690228,1.81440215591799
1,326,326,-1.68303338499589,1.75857731795372
1,327,327,-1.95100710453875,1.93819637403888
1,328,328,-3.18902238842937,1.94592526238999
1,329,329,-3.70328821174464,2.26552524382503
1,330,330,-2.54127145439642,1.35800279362499
1,331,331,-2.42091823049355,1.39258472624031
1,332,332,-2.9947768166719,1.20881406198645
1,333,333,-2.94344333575972,2.06064919141359
1,334,334,-0.972805703327677,1.69975194575093
1,335,335,-0.392039221149315,2.63670086448918
1,336,336,-1.5235571365328,1.48645171490353
1,337,337,-2.15454326205822,2.41918177359839
1,338,338,-2.39137957270054,1.80130681008714
1,339,339,-2.45349454071144,1.46583022355812
1,340,340,-1.80598264011615,1.11805408332995
1,341,341,-2.22976885435101,1.22275489462762
1,342,342,-1.24345719391531,1.33145252966371
1,343,343,-1.19989241192974,1.27169036284326
1,344,344,-1.24757865316486,1.76129811509326
1,345,345,-1.22836757980043,1.3100886457321
1,346,346,-1.16428987688245,1.33253706618477
1,347,347,-0.997932396842241,1.50982846862549
1,348,348,-1.54404311358254,1.68678641446346
1,349,349,-1.50317466007574,1.85030402567736
1,350,350,-2.08747871162087,1.86682433179919
1,351,351,-2.21408619431825,1.97839426304224
1,352,352,-2.30982165931669,2.14339066478936
1,353,353,-2.15993817537087,2.27592017591789
1,354,354,-1.99275885180074,2.05149712542951
1,355,355,-2.01379629485375,1.74927641798492
1,356,356,-1.91854640484367,2.0338298234505
1,357,357,-1.90654251969077,1.91714914371749
1,358,358,-2.28015033332516,2.12217798043101
1,359,359,-2.83095632208358,1.76603106152956
1,360,360,-2.0495987026695,1.15354000375487
1,361,361,-1.67982524868739,2.14146433026136
1,362,362,-1.32378340871434,1.8632763304524
1,363,363,-3.435822194738,2.13805937840415
1,364,364,-3.07975238786879,2.09201678183996
1,365,365,-1.96074447547357,1.711868200511
1,366,366,-2.00355774963252,2.15045338780371
1,367,367,-2.80513202233023,1.98560977314963
1,368,368,-2.05066430470234,2.16584236544032
1,369,369,-1.82041006848423,1.95919938799233
1,370,370,-2.17690388883481,1.95245788951903
1,371,371,-2.97906971808293,1.4935220399955
1,372,372,-3.19850921297003,1.74580554016624
1,373,373,-3.16274907737969,1.088058755985
1,374,374,-1.72267580025439,2.83845909382302
1,375,375,-0.347606968972094,2.54502719042144
1,376,376,-1.77706508479862,1.53484990835308
1,377,377,-1.55518944169984,1.2593227745644
1,378,378,-2.17545024180891,1.31170492031492
1,379,379,-1.32655369124395,1.16405785330458
1,380,380,-2.65668099931742,1.01558990728463
1,381,381,-2.23696954986169,1.43779449339994
1,382,382,-3.03098366134497,1.57343563105165
1,383,383,-2.94785761287907,1.12995549661665
1,384,384,-3.38093389958263,1.73756353884424
1,385,385,-2.77894792683741,1.75444396970842
1,386,386,-3.27834905415499,1.80336740715049
1,387,387,-2.18794272419569,1.18391778154845
1,388,388,-2.44939881544318,1.76199604485341
1,389,389,-2.54510939746622,2.23214493431472
1,390,390,-2.32752519258095,1.91688589856534
1,391,391,-2.52274046436575,1.4464962669991
1,392,392,-2.53682336331701,1.38082600690723
1,393,393,-3.21727023082715,2.94705884633414
1,394,394,-2.48559262615592,2.06678451019751
1,395,395,-2.84811982094178,2.62184318657178
1,396,396,-1.73023425778593,1.25172795633294
1,397,397,-1.94227074425329,1.16169954463652
1,398,398,-2.18751895512386,1.46692888449891
1,399,399,-2.01991288019402,2.01423575721754
1,400,400,-1.81719456852705,1.62404252393882
1,401,401,-1.82328259749876,2.15033826188888
1,402,402,-2.99163246840387,2.30464485991755
1,403,403,-2.724627983105,1.79206560029061
1,404,404,-2.4940598778146,1.75097613693535
1,405,405,-3.15989576862866,1.91579245908857
1,406,406,-2.66135024086404,1.82758673787363
1,407,407,-2.4596589991589,1.73076013836321
1,408,408,-2.47851976188508,1.52473978219829
1,409,409,-2.33550437252977,1.25093054647887
1,410,410,-2.10424992383774,1.483425670887
1,411,411,-1.9862224322771,1.59821502622617
1,412,412,-1.68658449925355,1.72499415394472
1,413,413,-2.18748226622629,1.55430414620727
1,414,414,-1.79561945231822,1.32751144887609
1,415,415,-2.44611732283911,1.73367543098564
1,416,416,-1.52617977077059,2.22228350280975
1,417,417,-2.64104933590729,2.0801848468533
1,418,418,-1.41371499007297,2.65664939218023
1,419,419,-1.70723395450371,2.36609989389518
1,420,420,-2.54558042037464,1.66821846743834
1,421,421,-2.42142350311852,1.73977025740532
1,422,422,-2.20599314697926,1.59534208276114
1,423,423,-2.73944224665086,1.59222758723135
1,424,424,-1.8055541898756,2.23557685542378
1,425,425,-1.82814539816861,1.80654256125712
1,426,426,-1.98103069564585,2.43142345800176
1,427,427,-1.87351854115821,2.25190975578192
1,428,428,-1.35971952439276,1.72609715337994
1,429,429,-1.9245190982506,1.37971585828678
1,430,430,-1.89203142524562,2.07439932349351
1,431,431,-2.73849094797879,2.38083822292949
1,432,432,-1.75437922632841,1.2201775353871
1,433,433,-1.88970299238506,1.32568819315793
1,434,434,-2.3012302354216,1.60294216927173
1,435,435,-1.49191017148152,1.420851106804
1,436,436,-2.76971069432739,1.11715208885741
1,437,437,-1.49620567938675,0.769121157358219
1,438,438,-1.12960892300227,0.616440420335506
1,439,439,-1.07571238893671,1.08140005200595
1,440,440,-1.03894029943665,1.13828020339521
1,441,441,-2.13129319007976,1.39126643912065
1,442,442,-1.74361752285923,1.34587526750826
1,443,443,-2.35938410819038,1.4301453418904
1,444,444,-1.38925922081757,0.984733705236249
1,445,445,-2.78159106444918,1.79493590167781
1,446,446,-1.2600709662477,1.24921599294113
1,447,447,-2.86012331665242,2.31889578606999
1,448,448,-2.01048948608803,1.35735882430415
1,449,449,-3.34174786344508,2.05609047342433
1,450,450,-2.59113710357086,2.26013114331985
1,451,451,-1.89645921742075,1.8653174002587
1,452,452,-2.60240832723364,1.69181981626919
1,453,453,-4.02106540621658,2.31367939927584
1,454,454,-1.04614377134812,2.48570865684215
1,455,455,-2.56902558607063,1.57347806809133
1,456,456,-2.25593600189813,2.09479523013335
1,457,457,-1.49545010408413,1.7321046120668
1,458,458,-1.41205147385829,1.56682628273068
1,459,459,-1.32391934596628,1.48844478812739
1,460,460,-1.34423890822293,1.5065034099076
1,461,461,-1.299612619892,1.44971287249169
1,462,462,-1.20326975907498,1.40608173131535
1,463,463,-2.12788917382524,2.50032761722541
1,464,464,-1.69487477814032,2.22187703059791
1,465,465,-2.03211289046392,2.36503076126321
1,466,466,-2.19422510383966,1.40986373979255
1,467,467,-2.01728450723593,1.31482739731397
1,468,468,-2.66419509702333,2.14430673626783
1,469,469,-1.74757244771544,2.03017434911085
1,470,470,-2.33307754562041,2.01158531001073
1,471,471,-2.51644287497696,1.85774568640305
1,472,472,-1.50395277692633,1.2802434583429
1,473,473,-2.55006066294687,1.47146492340059
1,474,474,-1.69335115397666,1.76119764503368
1,475,475,-1.7945396255435,1.71406536492823
1,476,476,-2.22574083442438,1.39619645485098
1,477,477,-1.68607857526557,1.15810384203294
1,478,478,-1.92383712552772,1.31599753484855
1,479,479,-1.31022333335799,1.25937868637456
1,480,480,-1.63141142235419,1.26320948406776
1,481,481,-2.74127092791214,2.85102971337663
1,482,482,-3.03018106975786,3.14643346879076
1,483,483,-2.62400311230667,1.84174122599244
1,484,484,-3.57973236294203,3.10753314449868
1,485,485,-3.75714413848806,2.47354280289233
1,486,486,-3.86445264603913,2.30298356569086
1,487,487,-3.53405974111318,1.5372493365254
1,488,488,-2.7478940249787,1.39162760490849
1,489,489,-2.62520618215334,1.22704751334982
1,490,490,-2.73100979460918,1.41531182459886
1,491,491,-2.59503662021709,1.12454071272979
1,492,492,-2.55748987081175,0.912023346018538
1,493,493,-2.28563774893151,0.908714568981013
1,494,494,-3.69691079975756,1.761384464778
1,495,495,-3.12262100209003,1.75471643812065
1,496,496,-2.53999615791322,1.60148160800067
1,497,497,-1.33242061917019,2.46326823944178
1,498,498,-1.46210096569611,2.14331967715381
1,499,499,-2.33295217448548,1.95069862410477
1,500,500,-3.08784704404404,2.71679829340815
1,501,501,-2.05696561975705,1.16387753528459
1,502,502,-2.17428017421961,1.43322333093075
1,503,503,-2.66774439441842,2.0710877871817
1,504,504,-2.05728242463453,1.49303952007083
1,505,505,-1.85241478771975,1.71176209089485
1,506,506,-1.97109739356266,1.63112147477317
1,507,507,-2.5264951409334,1.76975124085798
1,508,508,-3.39628460798727,2.35300300809991
1,509,509,-3.21340016913167,1.81769542631946
1,510,510,-2.20346762103231,2.47157091475569
1,511,511,-1.49219880911482,1.98489662841284
1,512,512,-2.72753457199037,2.70266958658442
1,513,513,-1.50337105208138,3.3255455109008
1,514,514,-2.20038162364601,2.44178891555365
1,515,515,-2.48797015307707,1.71242816839412
1,516,516,-2.76764431383881,1.56404511531007
1,517,517,-2.2253873342785,2.27295280776944
1,518,518,-2.17533346006784,2.07395702867737
1,519,519,-2.0722131723029,1.80096702742095
1,520,520,-2.50604044874318,2.14279859029483
1,521,521,-2.02809806150738,1.7942897075009
1,522,522,-2.13903714217048,1.65942203718711
1,523,523,-1.64639957652652,1.52989106381757
1,524,524,-1.58629428281094,1.54231649858991
1,525,525,-2.89557032077469,2.14131487754456
1,526,526,-1.9680197755614,2.06561693936751
1,527,527,-2.98151782350348,1.43631456904935
1,528,528,-2.24029710944057,3.44883481076296
1,529,529,-2.41658682841173,1.99578292985123
1,530,530,-2.88083230286474,1.78346733198892
1,531,531,-2.01542912937093,1.14373807266244
1,532,532,-2.26120208537618,1.35755608947803
1,533,533,-0.791719853749649,2.05930955191298
1,534,534,-0.759348445243434,1.53382316715098
1,535,535,-1.93633265656481,1.85009918032588
1,536,536,-2.31465033639967,1.59116466175786
1,537,537,-2.04746557196992,2.12103281025875
1,538,538,-2.29852553959356,2.80918918149158
1,539,539,-1.52752451063324,0.765271311289099
1,540,540,-1.79844946264035,1.06199290575166
1,541,541,-1.26986341874725,0.818401002300103
1,542,542,-1.41398752673053,1.07028343389622
1,543,543,-2.66847439749546,1.73736246192788
1,544,544,-2.9880568858973,1.63328162430781
1,545,545,-2.61146058675435,2.17215826903293
1,546,546,-2.22487792336243,1.22348280926794
1,547,547,-2.71044948670227,1.38995611853837
1,548,548,-2.55215690841332,1.42370954505002
1,549,549,-2.33813158050578,1.19375404887021
1,550,550,-1.83700692477705,2.30510304611537
1,551,551,-1.98284671212306,1.52838607501826
1,552,552,-1.91860452100497,1.70559907164266
1,553,553,-2.22165534777633,1.89829240124227
1,554,554,-1.33197635606659,0.98179243999904
1,555,555,-3.82262674338741,2.39543218545741
1,556,556,-3.55485291695683,2.35323889827517
1,557,557,-1.22669291660302,1.69522696496037
1,558,558,-0.880372482681824,1.88933065987818
1,559,559,-1.67599181244211,3.48928048951496
1,560,560,-1.91563606145868,3.07095484766679
1,561,561,-1.87740407793998,3.06857015020705
1,562,562,-1.5636150162059,1.86162942702798
1,563,563,-1.6213441019183,1.99651412096045
1,564,564,-1.60117121105394,1.71213587507803
1,565,565,-2.41219076302673,2.08074967576613
1,566,566,-2.88941351234988,2.57334839133344
1,567,567,-3.18918138183015,2.24505487078671
1,568,568,-2.89725836719934,1.84423346509901
1,569,569,-3.0653135150309,1.64281852367258
1,570,570,-2.71173175797331,1.46877620884836
1,571,571,-2.58236788396379,1.42255897643934
1,572,572,-2.95111362985044,1.40509964473132
1,573,573,-2.99793857523299,2.03678775271827
1,574,574,-2.57395838488286,1.4862629516232
1,575,575,-2.64219342569159,1.32746478588278
1,576,576,-3.1998875559414,1.84071152548169
1,577,577,-2.78117071268618,1.80856070087389
1,578,578,-3.13843642623915,1.8076254839727
1,579,579,-2.90453593065681,1.6569227695825
1,580,580,-1.60028400231319,1.21941938850457
1,581,581,-1.41494130541851,1.06572499748966
1,582,582,-1.78708950304147,1.43772936238244
1,583,583,-1.66512656370025,1.44044770657279
1,584,584,-1.26371795529855,1.62353510887848
1,585,585,-1.46570679771462,1.52390813026421
1,586,586,-2.63435817393035,3.92776888730907
1,587,587,-2.35435898799496,2.67618865610376
1,588,588,-2.29857683145724,2.44987228417676
1,589,589,-1.49299598353165,2.47396911809389
1,590,590,-1.95362949567097,2.49464700565737
1,591,591,-2.26214958059579,2.15850646424677
1,592,592,-2.95026353275951,2.08771606355235
1,593,593,-2.49487581767305,2.19520525396705
1,594,594,-2.49209966700578,1.19260822933136
1,595,595,-1.96448079821684,0.943578574083398
1,596,596,-2.20542972655269,1.11335367896829
1,597,597,-1.80932884599518,2.45797736150597
1,598,598,-2.24959241186317,2.41273317873382
1,599,599,-1.20736924165654,2.08223257960525
1,600,600,-1.41531388822009,1.62545891143007
1,601,601,-1.53903976538173,1.5340273671922
1,602,602,-0.46877639692666,3.14591024248395
1,603,603,-1.20689247256293,2.35718099411852
1,604,604,-1.07031724360507,2.51909683534709
1,605,605,-1.32373114947072,2.3993236461474
1,606,606,-2.50377371523686,2.09132309886938
1,607,607,-2.114086438919,2.1499927368664
1,608,608,-1.29389401497469,1.69181537356882
1,609,609,-1.82929323712084,1.18889634323589
1,610,610,-1.5210295754263,1.16579657168831
1,611,611,-1.58909527772269,1.14701696823917
1,612,612,-1.6554395728333,1.5497758287701
1,613,613,-1.50406161453122,1.77446128506047
1,614,614,-1.50826690509862,1.22822119229249
1,615,615,-2.05666184340493,2.60810778770497
1,616,616,-2.27029608061592,1.26502796369298
1,617,617,-2.58408766509574,1.1645043848342
1,618,618,-2.42755604234091,1.07650438818365
1,619,619,-0.660911376270191,1.68795449148905
1,620,620,-2.26808840642651,1.27227977706548
1,621,621,-1.8724131328834,1.08615252237402
1,622,622,-1.97055149387746,1.15342163537236
1,623,623,-2.02006320765375,2.43367880827158
1,624,624,-1.9471702300005,2.3718308923272
1,625,625,-2.21371099548016,1.40702093653461
1,626,626,-2.414218417258,1.63111384973569
1,627,627,-1.58245826971527,3.63046847730683
1,628,628,-1.74770882572932,2.7071161146837
1,629,629,-1.65150295875609,2.11290982821069
1,630,630,-1.89839899351687,1.81580646813289
1,631,631,-1.94743510234373,2.41571604178786
1,632,632,-2.01170151717862,1.98757275558351
1,633,633,-1.95978378638992,1.71982758863987
1,634,634,-2.19894576714476,1.44779955300327
1,635,635,-2.70826560976665,1.75999281654873
1,636,636,-2.84758343505846,1.78526376069106
1,637,637,-2.01818325912751,1.41596753110481
1,638,638,-2.39643599011831,2.04642268531074
1,639,639,-3.06062364512414,1.90163403345895
1,640,640,-3.04146602535994,2.14308721869016
1,641,641,-3.06795383052382,2.11269126692668
1,642,642,-2.7384100180479,2.33635286107122
1,643,643,-1.54284693270203,0.925462511264676
1,644,644,-2.74350694158874,1.91087562319512
1,645,645,-2.17074091189938,1.51164208218656
1,646,646,-1.73118256838773,1.68422254021167
1,647,647,-1.94385394911428,1.22700081672743
1,648,648,-1.96662320098143,1.19468417324264
1,649,649,-2.25483061210971,1.51609456833287
1,650,650,-2.2146381934572,1.06771235887359
1,651,651,-2.79785104204798,1.70855735443962
1,652,652,-2.28129190764615,1.20398875670664
1,653,653,-3.48401376976682,1.66580473830521
1,654,654,-2.38366612944938,1.82388863753225
1,655,655,-2.37037204677858,1.43936996449908
1,656,656,-1.99057314518018,1.76848985560596
1,657,657,-2.20211599958207,1.62506903787428
1,658,658,-2.22431089424323,1.69103978604893
1,659,659,-2.49697769082435,1.51685863493578
1,660,660,-3.45494944007187,2.17397730880681
1,661,661,-2.96547258497612,2.05231300214387
1,662,662,-2.30626888619177,2.18952679765799
1,663,663,-2.62538245279658,1.95768232595989
1,664,664,-2.96591041415036,2.04097660651223
1,665,665,-3.23845112807297,1.83559337597241
1,666,666,-2.08224330333275,1.22501621404305
1,667,667,-1.96682223546013,1.43481497176581
1,668,668,-1.97427324868446,1.72130184150211
1,669,669,-1.73499989116721,1.37381731051484
1,670,670,-2.20791503784714,1.93089762229897
1,671,671,-2.04997094392804,1.44391575590864
1,672,672,-2.22738428492593,1.54067617532816
1,673,673,-1.87906900740474,2.04608049908525
1,674,674,-3.41553376407025,3.17496365380647
1,675,675,-3.196925543976,1.72709167186904
1,676,676,-3.69118025029112,1.59914344657826
1,677,677,-2.26966232078845,1.80618923456045
1,678,678,-1.7693019192243,2.06139851593397
1,679,679,-2.97653892497081,1.50184138166245
1,680,680,-1.39032623993637,1.31120976917899
1,681,681,-2.5522115515456,1.47426749681047
1,682,682,-2.48971589996325,1.90125934484201
1,683,683,-1.7760857721181,1.34298702921861
1,684,684,-1.89355242222863,1.54939431946851
1,685,685,-2.18097040785329,2.02170777095237
1,686,686,-2.10036648382641,1.82103881548306
1,687,687,-1.99598661582067,1.62898167602957
1,688,688,-1.92644818628054,1.71162331546561
1,689,689,-2.64108058978172,1.04584399799769
1,690,690,-1.9014389682697,1.52365719734208
1,691,691,-2.00691681790276,1.51544669110503
1,692,692,-1.06439458743293,1.36165608146252
1,693,693,-1.08293414349054,1.51967738258839
1,694,694,-2.6245120382753,1.44929045028704
1,695,695,-2.58103066803819,1.43058086438362
1,696,696,-2.63539391567408,1.62672825609419
1,697,697,-3.42855354810747,1.38926633755647
1,698,698,-3.12958909428565,2.56023978166325
1,699,699,-2.03637758823811,1.08396489660267
1,700,700,-2.32175519426977,2.16620606171418
1,701,701,-2.21019245818953,1.24810545848059
1,702,702,-1.81132461106294,1.67670582349817
1,703,703,-2.13465398043744,1.868086323008
1,704,704,-1.37567300253805,1.38859420163299
1,705,705,-1.31787956129596,1.80306847930601
1,706,706,-1.70384138919246,1.60398790668537
1,707,707,-2.34483568354159,2.11155161215556
1,708,708,-2.64303809709664,1.63244781091675
1,709,709,-2.79761932087181,1.62200828424344
1,710,710,-2.98570991490032,1.70312751630667
1,711,711,-1.94400211877193,1.95680113415417
1,712,712,-2.94684342456241,1.65800030584332
1,713,713,-2.49528151881161,2.15496398479261
1,714,714,-3.12432189171691,2.55315963589773
1,715,715,-2.24318935522711,1.43325387811985
1,716,716,-2.7492538496447,1.41908203844345
1,717,717,-2.23402789333114,1.5673040976375
1,718,718,-2.08792689743146,1.90746366686968
1,719,719,-1.99410986423049,1.76747920563486
1,720,720,-1.88373370975633,1.49475570528388
1,721,721,-2.24466749681465,2.01375954776466
1,722,722,-1.77625230613321,1.59120905952446
1,723,723,-3.25667916740113,2.49715916467867
1,724,724,-3.7039354483791,2.53157290115073
1,725,725,-2.78252241535627,1.75874970785352
1,726,726,-3.70637918839106,2.97031632850388
1,727,727,-3.90754851768997,3.13156967822618
1,728,728,-3.92067907254105,3.07317149216943
1,729,729,-2.83541542425514,2.05879303779821
1,730,730,-1.29912957267622,1.86797714397481
1,731,731,-2.24652235778163,1.68321651193606
1,732,732,-2.34948868128357,2.88332897554807
1,733,733,-2.6725262877192,1.71420274659647
1,734,734,-2.74509086779513,2.19077380120503
1,735,735,-3.18153344719475,2.36012275492259
1,736,736,-3.32011574470265,2.87437314123854
1,737,737,-2.45325078379206,1.61296102769732
1,738,738,-3.04350480620498,1.92086110813685
1,739,739,-2.15048490070872,1.21599303341232
1,740,740,-2.34826751969944,1.45695916821765
1,741,741,-1.85956930040924,1.30175721078246
1,742,742,-2.09040935481949,1.24065178302
1,743,743,-1.84669135357819,1.24856258145258
1,744,744,-1.7909175427778,1.32248756099498
1,745,745,-1.68476197691742,1.62850344297451
1,746,746,-1.72760856430877,1.42294623978675
1,747,747,-1.68745783514116,1.49406646784992
1,748,748,-1.97520507660356,1.65014621890197
1,749,749,-1.28617924872322,1.74657663979665
1,750,750,-1.55618208717724,2.53274695843114
1,751,751,-2.03421855133186,2.03132282401579
1,752,752,-2.21310872857086,2.1550986886247
1,753,753,-1.83383106804738,1.60784343267716
1,754,754,-2.02863139972411,1.84372429094379
1,755,755,-2.08821387373997,1.6196022537101
1,756,756,-1.57038640639875,2.00626381945488
1,757,757,-2.13084572621158,1.44817294291772
1,758,758,-2.48436339692558,1.12975939282023
1,759,759,-2.76245404203818,1.47924078602529
1,760,760,-3.05440885624488,1.74461417289344
1,761,761,-2.89659401930225,1.63948378513831
1,762,762,-2.49324653091449,1.40922469486389
1,763,763,-3.38564095061326,2.46968744390067
1,764,764,-3.39877276071887,2.29137783965904
1,765,765,-2.49714964170973,1.49293709803356
1,766,766,-1.92081811398246,1.63434208392029
1,767,767,-1.87544322350685,1.76538495673139
1,768,768,-2.2086603802193,1.83851919460238
1,769,769,-2.21095986876354,1.47201243842192
1,770,770,-2.53723453411367,2.11112260336897
1,771,771,-1.79510260255673,1.44934336580102
1,772,772,-1.94626883401864,1.54207376166692
1,773,773,-2.8345980229839,1.98143964938307
1,774,774,-1.75401014098044,1.71956372195008
1,775,775,-1.55375686788806,1.69713886074618
1,776,776,-1.950285426128,1.65065717978182
1,777,777,-1.86754428124061,2.00418064731433
1,778,778,-1.60550317817785,1.95765083573759
1,779,779,-2.71551831858925,3.0881091762315
1,780,780,-0.883116749840164,1.15706650172168
1,781,781,-2.09185080749889,1.7251569788324
1,782,782,-2.09246472721592,1.46612593349743
1,783,783,-1.55731651126739,1.57697360565563
1,784,784,-2.05028120351766,1.74521547745358
1,785,785,-1.48190877765494,1.35955784180188
1,786,786,-2.34702090286493,1.77363317703934
1,787,787,-2.22147998900885,1.5343412189448
1,788,788,-2.67781498967115,1.74410030095045
1,789,789,-3.31514224350758,1.96400732974809
1,790,790,-3.63058226456866,2.28909867323696
1,791,791,-3.26134491282787,1.8605719788722
1,792,792,-2.48944561974917,2.11870843173067
1,793,793,-2.87939593302631,1.64076404113499
1,794,794,-2.47079592702212,1.44237933002391
1,795,795,-2.84642047006184,3.55163416009238
1,796,796,-2.73958296257617,3.01980226894417
1,797,797,-2.13936483359987,1.43209936356907
1,798,798,-2.59323876817243,3.2543016019649
1,799,799,-2.20519079404036,2.14114326394886
1,800,800,-2.23302573759652,2.01449378466482
1,801,801,-1.95725537925219,1.84440712933745
1,802,802,-1.20044247392005,1.65431813567742
1,803,803,-1.92638847751336,1.42649751989494
1,804,804,-1.6506807959636,1.63079918585733
1,805,805,-1.58651549555391,1.65645872253371
1,806,806,-2.04894241075351,1.92280264227747
1,807,807,-2.76542597044946,1.72521925080077
1,808,808,-2.84076090286348,1.98445647849689
1,809,809,-2.40518047401626,1.33676009301742
1,810,810,-2.88127779771244,1.67878973257789
1,811,811,-2.78341352088486,1.80010641042472
1,812,812,-2.82415156227387,1.01222633120274
1,813,813,-2.21545447485179,1.25126403298617
1,814,814,-2.07638126099848,1.40903561431853
1,815,815,-2.7060106346856,0.870952477489441
1,816,816,-1.68507494032733,2.7433110041346
1,817,817,-1.96555671881174,2.82499925337892
1,818,818,-1.90471322890787,1.93161379378064
1,819,819,-2.69560023104167,2.7877550956046
1,820,820,-2.60472395550813,2.12858228868917
1,821,821,-2.45616529174898,1.82835075386243
1,822,822,-1.85075503695328,1.61994294164501
1,823,823,-1.62728434879423,3.38319627720447
1,824,824,-1.20218399529196,1.69590055044956
1,825,825,-3.15078232541178,1.638799053129
1,826,826,-1.70337509963688,1.81174744911334
1,827,827,-1.69750143802292,1.42550080634404
1,828,828,-1.272411404656,1.25920286115058
1,829,829,-2.62712622728968,1.84943353057986
1,830,830,-1.87240503252528,1.21378140300133
1,831,831,-2.13826779961354,1.42788008505688
1,832,832,-1.75452847863746,1.33450957236701
1,833,833,-2.66993099095397,1.60848934373139
1,834,834,-1.86753049319206,1.04782926719412
1,835,835,-2.0247465292142,1.40706404595093
1,836,836,-1.84257500768462,0.941339893641152
1,837,837,-1.51724288434692,1.14518375369062
1,838,838,-2.64018165694679,1.33213718783711
1,839,839,-2.47594361000482,1.19663492655047
1,840,840,-2.22159734137553,1.9048400543126
1,841,841,-2.09582631915147,1.9588552261614
1,842,842,-2.72447835569787,1.89056144276193
1,843,843,-1.83833905669086,1.6177238428154
1,844,844,-2.12598316143825,1.85676223350388
1,845,845,-2.44278680379323,2.14459995478215
1,846,846,-3.52060563918044,2.9462328836976
1,847,847,-2.9018068291408,1.75353126159395
1,848,848,-2.83584671434989,2.11998600812812
1,849,849,-2.81977426351968,2.43184677395857
1,850,850,-2.22426701285956,2.40110709442626
1,851,851,-1.82346098870495,2.37780437307944
1,852,852,-3.21386713455067,2.70573858067365
1,853,853,-3.3331196650884,2.90721462922032
1,854,854,-3.06498029243687,2.14963820136946
1,855,855,-3.27893564330104,1.9726408623039
1,856,856,-4.25006534376234,2.57496430432715
1,857,857,-3.71824599305419,2.48277265995953
1,858,858,-4.65540844985688,2.10743328279045
1,859,859,-2.78554847905595,1.43640385697073
1,860,860,-2.80803667917904,1.98891343726627
1,861,861,-3.02170293006955,2.11325581121519
1,862,862,-3.26215295443647,1.91932914834373
1,863,863,-3.21532258341549,2.03238214729192
1,864,864,-2.8002971069116,1.90706968428762
1,865,865,-1.58775673854088,1.82618787781395
1,866,866,-2.43309028987474,1.17632022105062
1,867,867,-2.755411853211,1.64768739567748
1,868,868,-1.40077657396992,2.07786223527046
1,869,869,-1.27035962141633,1.67026201401206
1,870,870,-1.7347625606017,2.03231425641031
1,871,871,-2.01827492628858,2.17506371007796
1,872,872,-1.90282579008233,2.53309146054726
1,873,873,-1.79271410162947,1.63994836016333
1,874,874,-2.01973641882645,1.77959694728346
1,875,875,-2.38205352095791,1.70817228679441
1,876,876,-2.14802034919126,1.72576075488006
1,877,877,-3.76517338419596,2.43615321297141
1,878,878,-3.74653216429509,3.21255705467471
1,879,879,-2.26937178542721,1.69408817406029
1,880,880,-2.91104570682527,1.60029568087375
1,881,881,-2.62185417896374,2.54612978471204
1,882,882,-2.69046553399629,2.07796438248032
1,883,883,-2.8109675839463,2.41714385056061
1,884,884,-2.89685263482522,1.55330500195008
1,885,885,-1.10680895812859,1.77977145738878
1,886,886,-1.41838686805301,2.69245552348541
1,887,887,-1.59475829461593,2.25010665707529
1,888,888,-2.83283399543738,3.20518324826754
1,889,889,-2.72258767657893,2.3835564293835
1,890,890,-2.84834495897395,1.63445886308634
1,891,891,-1.44089134788063,2.00831395999188
1,892,892,-2.04144135906302,1.16130492181628
1,893,893,-2.67721058304817,1.60986442456688
1,894,894,-1.6892925409575,0.817933101812293
1,895,895,-2.36183415258223,1.23653174816775
1,896,896,-2.34301133833854,1.10161814591489
1,897,897,-1.63919891770272,0.845365627971583
1,898,898,-1.96129024623083,0.852027752831099
1,899,899,-2.07070094207877,0.882578062983517
1,900,900,-1.75975138516176,1.23868868527019
1,901,901,-1.87417480830991,1.23566432306458
1,902,902,-2.71717099409202,2.12307814767211
1,903,903,-2.56969695819643,1.84789253147079
1,904,904,-1.95031790677276,1.62970056571015
1,905,905,-2.35248555220726,1.4610771079048
1,906,906,-4.08680236840002,1.64036007774324
1,907,907,-2.96873662886458,1.45541001158867
1,908,908,-3.05095691182168,1.52437036314739
1,909,909,-3.02746293926099,1.64138080017154
1,910,910,-2.85510743263606,1.3491639873918
1,911,911,-2.40233781711703,1.40082948997929
1,912,912,-1.70154792758712,0.895547327788904
1,913,913,-1.63686843006455,1.50369286885542
1,914,914,-2.24357003177753,1.82834739234728
1,915,915,-2.47003600132029,1.35201366256278
1,916,916,-2.07928080153593,1.22844803983846
1,917,917,-2.12207674174116,1.66215184461262
1,918,918,-1.82838703009991,1.12479693952641
1,919,919,-2.52990715424437,2.04097417334665
1,920,920,-2.4561723518293,2.34127148180863
1,921,921,-2.5651789959236,1.81399024337044
1,922,922,-2.30534920512425,1.52565035157523
1,923,923,-2.82656724129197,1.1983525785024
1,924,924,-1.9056538596029,1.64450185674306
1,925,925,-2.62644155399924,1.87025208862242
1,926,926,-2.41833220187362,1.96856411638321
1,927,927,-2.82586338888504,1.43342242645348
1,928,928,-1.16484257248555,1.48125216927154
1,929,929,-1.89436752391692,1.11945984293144
1,930,930,-2.41697909331714,1.65084345865814
1,931,931,-2.56417038259824,1.68983950848789
1,932,932,-1.72917641531255,1.06888570056276
1,933,933,-3.22453104155313,1.65195489901206
1,934,934,-1.70283368874528,1.46635296839646
1,935,935,-2.24676834057625,1.95108801796376
1,936,936,-2.17947881714977,1.2836237455335
1,937,937,-1.79066690208945,1.41764247934966
1,938,938,-1.45144967294021,1.79550736420797
1,939,939,-1.92124337346181,1.53655040614577
1,940,940,-1.84672871691682,1.35654445600593
1,941,941,-1.43150499420284,2.32125069703305
1,942,942,-2.07410809664387,2.00570659800954
1,943,943,-1.745457122304,1.52885787443714
1,944,944,-2.08336100338921,2.61205990385503
1,945,945,-1.87438989495294,2.2963186122962
1,946,946,-2.48040712760057,3.10685238880596
1,947,947,-1.51468590808091,2.78168817677689
1,948,948,-3.27497013500234,1.88651923408012
1,949,949,-3.32722219339993,2.5549824342091
1,950,950,-2.75563341371773,1.31245331742176
1,951,951,-2.6343814224648,1.48255302980188
1,952,952,-2.48938956000594,1.31072171748426
1,953,953,-3.56062753408053,1.98403101477927
1,954,954,-3.38049090348046,2.66605081710034
1,955,955,-2.23111137124195,1.23333233016582
1,956,956,-2.51022527150215,1.16964228286324
1,957,957,-1.80342203472935,1.45237947168181
1,958,958,-2.10442685044782,0.793594819737749
1,959,959,-2.33934093639331,0.861396436618659
1,960,960,-2.13462995391987,0.895380307196828
1,961,961,-2.96820053921553,1.37301053215717
1,962,962,-2.21013784087007,1.55306677407752
1,963,963,-2.09972864102798,1.84994670088084
1,964,964,-2.69326400031675,1.23473742229831
1,965,965,-1.93560172332331,1.0207026143701
1,966,966,-2.40123251651956,1.38345522177203
1,967,967,-2.01832438397391,1.29786501061967
1,968,968,-2.46674890718576,1.37341035698051
1,969,969,-2.19508400774795,1.67273150090478
1,970,970,-2.07744358769013,1.85304563390665
1,971,971,-3.2558635970202,3.05309409894189
1,972,972,-3.7652723563612,3.22485279784363
1,973,973,-2.88794661125382,2.07573258594981
1,974,974,-3.5450493883546,1.87175098023344
1,975,975,-3.0117607758467,1.66533239129865
1,976,976,-3.90215437421514,2.01814633193741
1,977,977,-3.70157736153424,2.49586394698164
1,978,978,-3.06222169494503,1.99966945545925
1,979,979,-2.83507209725349,2.15154403481459
1,980,980,-2.86058808025366,1.3250224935356
1,981,981,-3.67056983044931,2.31942023588504
1,982,982,-3.04084693447243,2.79474918565997
1,983,983,-2.82964284059738,3.00196674836107
1,984,984,-3.14263685215626,2.22977451053062
1,985,985,-1.53057397983036,1.50358392208852
1,986,986,-1.8753941661736,1.6591055435999
1,987,987,-1.7178591151869,1.48841939771099
1,988,988,-1.56705387264402,1.4896508220533
1,989,989,-2.27857459855819,2.22949570842422
1,990,990,-1.56701566396404,2.08057120098178
1,991,991,-1.27427610113044,2.13203820233016
1,992,992,-2.85002032283358,1.40803661918077
1,993,993,-3.25454748787034,1.42712315599264
1,994,994,-2.04708069064498,1.7457033970662
1,995,995,-1.4875353770384,1.14681645194476
1,996,996,-2.64485562423045,2.72617082076662
1,997,997,-1.28783370816791,1.52140278760495
1,998,998,-0.794901673554282,2.71193041238841
1,999,999,-2.6468458576802,2.07398724462553
1,1000,1000,-2.73344723152322,2.65566633803437
1,1001,1001,-2.92808274145672,1.43690820465871
1,1002,1002,-2.60374587702728,1.80428581082881
1,1003,1003,-2.48564291385151,1.94787285417345
1,1004,1004,-3.59434042650553,1.74035584883286
1,1005,1005,-1.62906644793456,1.18791627182685
1,1006,1006,-3.44210310577492,1.89712984490952
1,1007,1007,-2.00746818352215,1.01426017961483
1,1008,1008,-2.76845090502595,1.21620097717805
1,1009,1009,-2.76045126938882,1.25363337845868
1,1010,1010,-2.36142274757553,1.26422822903442
1,1011,1011,-3.6056968857765,1.37965842423126
1,1012,1012,-3.11946862017853,1.83030396744513
1,1013,1013,-3.69117572317433,1.55828753980986
1,1014,1014,-3.06871894095689,1.67410250067117
1,1015,1015,-2.36863129976953,1.09968854352295
1,1016,1016,-2.31374504933812,1.39673631033941
1,1017,1017,-2.5089277798541,1.4010314851613
1,1018,1018,-2.1194614936848,1.15045112435722
1,1019,1019,-2.32198807142233,1.31140475739712
1,1020,1020,-2.29523282441886,1.27722391415643
1,1021,1021,-2.40871274003209,1.52665986582352
1,1022,1022,-2.44232562675161,3.26989315245753
1,1023,1023,-2.50441699337054,2.47600629322794
1,1024,1024,-2.89130138251599,1.8951827162543
1,1025,1025,-2.99225380997139,1.70013109848419
1,1026,1026,-2.83603567569624,1.69384862759581
1,1027,1027,-3.14320717847651,2.43790212800937
1,1028,1028,-2.72750257481633,2.44252710766997
1,1029,1029,-2.7104146619945,1.90828481303209
1,1030,1030,-2.45418939772139,1.45139513107005
1,1031,1031,-3.43006818249401,2.02315132865937
1,1032,1032,-2.59795387020781,2.13269472453213
1,1033,1033,-2.23379109134706,2.16865299686648
1,1034,1034,-1.92925975369506,1.89773303322958
1,1035,1035,-2.33612618947648,2.71974710425178
1,1036,1036,-2.49548324096113,1.93853628780229
1,1037,1037,-2.83730405157695,1.58930105943035
1,1038,1038,-3.18884033500335,1.78003801970702
1,1039,1039,-3.22600445758134,1.52477573980521
1,1040,1040,-3.70222829290028,1.77764246553993
1,1041,1041,-3.52271062168962,1.61995983695201
1,1042,1042,-2.95231664440645,1.67558120519767
1,1043,1043,-2.86508630821692,1.81392847405419
1,1044,1044,-1.80083841169283,2.38381008213009
1,1045,1045,-1.7124479050247,2.20560707297968
1,1046,1046,-2.2114402492886,1.81567574793079
1,1047,1047,-2.73771425124604,1.97054494335521
1,1048,1048,-3.15873156790992,2.24260151233711
1,1049,1049,-3.79078840256112,1.84700185291172
1,1050,1050,-2.49976235440638,3.82833752109346
1,1051,1051,-2.58186592210564,1.67881044371082
1,1052,1052,-3.05441533714839,1.65283833992204
1,1053,1053,-2.70321819284341,1.50120050519004
1,1054,1054,-3.57095080093654,2.88013704052462
1,1055,1055,-3.02611862396593,2.51665053119497
1,1056,1056,-2.6776452223008,2.75824078640367
1,1057,1057,-2.92405928590882,2.4611673745134
1,1058,1058,-2.91972205681879,2.52222877848343
1,1059,1059,-2.85976017823976,2.04644250685273
1,1060,1060,-1.96676678366976,2.14749061679469
1,1061,1061,-1.85200358128843,1.8734394111877
1,1062,1062,-2.07359392518249,2.51309442457739
1,1063,1063,-2.38977961922328,1.82873297130984
1,1064,1064,-2.17871079932568,2.28150109752924
1,1065,1065,-2.43582307259978,2.33569553388838
1,1066,1066,-2.54179734837065,2.10262639558737
1,1067,1067,-1.72526844191443,2.36029203427319
1,1068,1068,-1.54794804992304,2.03992175762473
1,1069,1069,-0.791040200185825,2.23981566295943
1,1070,1070,-1.76293720180541,1.04611190244957
1,1071,1071,-1.82960167251334,1.10816608435288
1,1072,1072,-1.65221614089757,1.73387298836855
1,1073,1073,-1.98821664871493,1.31217646569784
1,1074,1074,-2.48570678895753,1.99517020684326
1,1075,1075,-2.04484783764608,2.37726409400823
1,1076,1076,-1.02619588216592,1.45474263688507
1,1077,1077,-0.309846242038315,3.17911734291615
1,1078,1078,-0.400356266192322,3.09227732668322
1,1079,1079,-0.421524333741943,2.0682026477999
1,1080,1080,0.347229944251181,2.69686678962452
1,1081,1081,0.167827873667234,3.79847288624968
1,1082,1082,0.0612212321491955,3.83363331636061
1,1083,1083,-0.362630950620471,2.94174831042267
1,1084,1084,-0.763664750116105,2.70048463522047
1,1085,1085,-0.51978589964663,2.69262312186855
1,1086,1086,-1.22715280795087,2.73890381153885
1,1087,1087,-1.21316012967437,3.18532193999949
1,1088,1088,-1.29467912554203,2.98800353037022
1,1089,1089,-1.36426743783267,2.40278751612808
1,1090,1090,-1.70643866713761,2.78971461007582
1,1091,1091,-1.82673156263441,2.10232770606091
1,1092,1092,-2.57032630921159,1.87227193210752
1,1093,1093,-2.40616825995975,1.47510182368879
1,1094,1094,-2.61141644202953,1.81450228148421
1,1095,1095,-1.45176576410894,2.01138980125846
1,1096,1096,-1.17403411369088,1.88961766792715
1,1097,1097,-1.15606684940247,1.64545225717583
1,1098,1098,-1.41727629116747,2.15461692942228
1,1099,1099,-1.59709410210005,2.02208572418706
1,1100,1100,-1.68068916037295,2.96324822925321
1,1101,1101,-1.84808497154327,2.48995397803907
1,1102,1102,-2.15561553199681,2.61657037494862
1,1103,1103,-1.95600748369965,2.57678982644153
1,1104,1104,-2.25575082294757,2.84456013478974
1,1105,1105,-2.39178117089634,2.80914230266955
1,1106,1106,-2.32641985912179,2.64620297542108
1,1107,1107,-2.93047478641752,2.29343949201785
1,1108,1108,-2.24233478668189,1.92839197131268
1,1109,1109,-2.05781286695283,3.03892250607981
1,1110,1110,-2.15243366848783,3.00870397248603
1,1111,1111,-2.35132115036524,2.76154813166221
1,1112,1112,-1.78297481888999,1.90566505408014
1,1113,1113,-2.48071920387652,2.24422243423842
1,1114,1114,-2.32235012347999,2.16015218331376
1,1115,1115,-1.68109944126151,2.3425447806889
1,1116,1116,-2.30706663590818,1.8246157938039
1,1117,1117,-2.89845515376253,2.27506420505822
1,1118,1118,-2.08232407538468,1.57802192731753
1,1119,1119,-2.2440313236956,1.56104034662284
1,1120,1120,-2.44492986380252,2.30563345682901
1,1121,1121,-2.53207452184161,2.35935425556349
1,1122,1122,-2.09679822916348,2.48152088683575
1,1123,1123,-2.33330502228629,1.38203319237362
1,1124,1124,-1.90884241628176,1.72932621004379
1,1125,1125,-2.15292067123261,1.07123264953371
1,1126,1126,-1.47376681665272,1.63424662642695
1,1127,1127,-1.92784158097903,2.30052851467654
1,1128,1128,-2.81425602115737,1.74022768470532
1,1129,1129,-3.28241274395815,1.76466214814373
1,1130,1130,-3.182173288601,1.92030820336875
1,1131,1131,-3.04864737705191,1.70815235488067
1,1132,1132,-2.83605990451149,2.00395665933536
1,1133,1133,-2.80817006925522,1.4656743191819
1,1134,1134,-1.96939975904609,2.86995046546523
1,1135,1135,-2.23973520361911,1.64288690965061
1,1136,1136,-2.45113007658328,1.47313861775361
1,1137,1137,-2.50199339806456,1.6803505139354
1,1138,1138,-2.10048284017864,1.37652966438417
1,1139,1139,-1.94070768859896,1.74384212174377
1,1140,1140,-4.21651369926885,2.07294659764453
1,1141,1141,-3.45024644085329,1.45034709870885
1,1142,1142,-3.74076293943814,1.53228524508125
1,1143,1143,-2.40041210095529,1.57197922803783
1,1144,1144,-2.76845219544948,1.72338696145622
1,1145,1145,-3.89697403659904,2.29487988426788
1,1146,1146,-3.01598712649749,1.80075412318183
1,1147,1147,-1.82544174608586,1.69733621199605
1,1148,1148,-2.16607272611206,1.15126161366316
1,1149,1149,-1.87604771150331,1.07792978139728
1,1150,1150,-1.86092289081441,1.08107997721072
1,1151,1151,-2.25731157595136,1.81413866135176
1,1152,1152,-2.28853836775841,1.79326938804089
1,1153,1153,-2.15698882613875,1.50352479406836
1,1154,1154,-2.6203541767312,1.86387541716644
1,1155,1155,-2.13642130246788,2.38605041485804
1,1156,1156,-1.94603177748683,2.22030311621235
1,1157,1157,-2.69733389127859,2.8704239082284
1,1158,1158,-1.78526178992424,1.90318386795503
1,1159,1159,-1.66519935084145,1.45398488739838
1,1160,1160,-2.61665555767324,2.12144556920536
1,1161,1161,-3.18098535501893,2.35297249298703
1,1162,1162,-1.63459541057109,1.44709779133607
1,1163,1163,-2.47495162175475,1.91128174338493
1,1164,1164,-2.37041176667311,1.81470918878032
1,1165,1165,-2.24384514448135,2.05459523178737
1,1166,1166,-2.13907053878862,2.49396823699941
1,1167,1167,-2.46671339479169,2.45498345831286
1,1168,1168,-2.55298113205363,2.17379045257002
1,1169,1169,-2.25230468691785,1.65286579047849
1,1170,1170,-2.58966976221581,1.86137890902616
1,1171,1171,-2.49370522563465,1.26805253392502
1,1172,1172,-2.35916957117373,1.04864688085517
1,1173,1173,-2.12382946357775,0.945114876918252
1,1174,1174,-2.65048759412304,1.81479514922608
1,1175,1175,-2.71831230281666,1.70284492450979
1,1176,1176,-1.81352652302382,1.45420234638541
1,1177,1177,-2.98712298710582,1.44422640824693
1,1178,1178,-2.58675035512634,1.4401837349707
1,1179,1179,-2.2800037709102,1.46158925280723
1,1180,1180,-2.55063118764283,1.50829087464868
1,1181,1181,-2.68817677630843,1.9583887645159
1,1182,1182,-2.28199832541544,0.85159674787054
1,1183,1183,-2.72656389558918,1.24692316601132
1,1184,1184,-2.40575277941143,1.00137853909519
1,1185,1185,-3.22230650998109,1.59152166674665
1,1186,1186,-2.93092281966988,1.53744660615479
1,1187,1187,-3.19934872553528,1.88062949946222
1,1188,1188,-3.26279581804827,2.04319658879384
1,1189,1189,-1.95555456981114,2.00277945961818
1,1190,1190,-1.55631390487472,2.48619230358013
1,1191,1191,-1.47725382404783,2.30765906420011
1,1192,1192,-2.34698102504102,2.06499271751463
1,1193,1193,-1.33602527413572,2.04895590804448
1,1194,1194,-2.38026261535923,1.97694734591657
1,1195,1195,-1.81180374796921,1.32992244394584
1,1196,1196,-2.95486569786093,2.16845781478397
1,1197,1197,-2.45608336438535,1.62551071426661
1,1198,1198,-2.57553082102726,1.72946843279479
1,1199,1199,-3.04557639870718,1.97490737885014
1,1200,1200,-2.93496376078119,2.18687551289219
1,1201,1201,-2.5140171375039,1.45418928218655
1,1202,1202,-2.64449940625033,1.59573895289755
1,1203,1203,-2.44828067641211,1.95765823440229
1,1204,1204,-2.51187687647698,1.46500161546829
1,1205,1205,-2.3635328690852,1.42537795236766
1,1206,1206,-2.77548342383208,1.61361609025293
1,1207,1207,-2.86355578151435,2.09223055443395
1,1208,1208,-2.50003910753967,2.20918563653791
1,1209,1209,-2.30748888826851,2.92830732279634
1,1210,1210,-2.18048238050377,2.37640078091149
1,1211,1211,-1.87555481020774,3.11414153236564
1,1212,1212,-1.80382723146316,2.80231415579644
1,1213,1213,-1.77635408484502,2.582884926271
1,1214,1214,-1.9532546884855,2.6686346427012
1,1215,1215,-1.87784257190368,2.08645979949275
1,1216,1216,-2.51044154736241,2.39266395235488
1,1217,1217,-3.28178884849589,2.61107664701256
1,1218,1218,-3.26870580201256,1.93681892522216
1,1219,1219,-2.75285171485123,1.59002689971093
1,1220,1220,-2.05705823408762,2.1878558984925
1,1221,1221,-2.53934457953715,1.62531372682042
1,1222,1222,-3.3068649101438,1.80694276366379
1,1223,1223,-2.14522529380285,1.4471808006779
1,1224,1224,-2.15402671061779,2.86837676189785
1,1225,1225,-2.76006323403306,2.27646381229838
1,1226,1226,-2.21321070450246,3.08431601583778
1,1227,1227,-2.67735725854463,2.34386324471828
1,1228,1228,-2.27815817029969,2.23048373996121
1,1229,1229,-2.60287903143122,2.35265319419474
1,1230,1230,-1.24384195362233,1.24064630953833
1,1231,1231,-2.1027690095057,1.67940882816046
1,1232,1232,-1.98224245572746,1.73801197456027
1,1233,1233,-2.2216854993169,2.18494503406452
1,1234,1234,-2.03020860888446,1.98269964357659
1,1235,1235,-1.37797066900421,2.10096061610123
1,1236,1236,-2.04838390733686,1.99455017937468
1,1237,1237,-1.8713165122254,2.59763092961254
1,1238,1238,-2.00046093332422,1.99341273845918
1,1239,1239,-2.12735155911408,2.02304212250135
1,1240,1240,-2.15899128480011,2.0990902328698
1,1241,1241,-1.73462192137486,2.17613250949835
1,1242,1242,-2.33665171952175,2.51231378637456
1,1243,1243,-1.74450133902709,2.06275430686551
1,1244,1244,-1.55026345903108,2.04058379519562
1,1245,1245,-1.57768331614998,1.46442317679908
1,1246,1246,-1.25118447673425,1.47570849314954
1,1247,1247,-1.34572632109712,2.14397034267452
1,1248,1248,-2.37373555823019,0.9470261140262
1,1249,1249,-2.23536435653907,2.10060378944986
1,1250,1250,-2.59404080394376,1.42306847386408
1,1251,1251,-1.42952203079045,1.87097602223393
1,1252,1252,-2.24909510756065,1.94488514611577
1,1253,1253,-2.54134464336183,1.50880739547051
1,1254,1254,-2.57561527193617,1.23711049751444
1,1255,1255,-2.04164322382075,1.38990714101031
1,1256,1256,-1.89314774386657,1.43763342425563
1,1257,1257,-0.887364958394076,3.11590840072174
1,1258,1258,-0.535757403794345,3.1112343778242
1,1259,1259,-0.918480344029788,2.51226572751255
1,1260,1260,-0.656795870816964,2.86686143543034
1,1261,1261,-0.265051379404318,2.46626857163742
1,1262,1262,-0.441871405374807,2.59655976648017
1,1263,1263,-0.491081909460359,1.91312113030337
1,1264,1264,-0.820539517054945,2.74273970713659
1,1265,1265,-1.22172886009971,1.40435979958284
1,1266,1266,-1.40047307621162,1.81343406503248
1,1267,1267,-1.41940125110312,1.5645045060664
1,1268,1268,-3.13823635078292,2.01282746567192
1,1269,1269,-2.9691503704003,1.69465116259897
1,1270,1270,-2.39649197838834,1.9657881822011
1,1271,1271,-1.67757138389391,1.52809728410595
1,1272,1272,-1.34308359556841,1.07664488966663
1,1273,1273,-1.22042444491066,0.893887575127043
1,1274,1274,-1.98979386597424,1.10918673196543
1,1275,1275,-1.56329796711818,1.40619201086113
1,1276,1276,-1.84751379273351,1.36520904304597
1,1277,1277,-1.25103223229723,2.05769249336833
1,1278,1278,-1.13070553876473,1.99179897493468
1,1279,1279,-1.96623439711159,1.67714652063953
1,1280,1280,-2.23949639722783,2.08143246526645
1,1281,1281,-3.00216409264257,1.9484593046654
1,1282,1282,-2.82949356763006,1.67053191594242
1,1283,1283,-3.30028221750782,1.55269415173132
1,1284,1284,-1.84034123236344,1.66731408332083
1,1285,1285,-1.81888871150971,1.54808426970223
1,1286,1286,-2.06073807917104,1.2046578488595
1,1287,1287,-2.11328110420371,1.6884887783952
1,1288,1288,-2.89687853088129,1.27943184883769
1,1289,1289,-1.25262789064271,1.6685076209692
1,1290,1290,-1.74596049015656,1.68032398070784
1,1291,1291,-1.76281937285262,1.45920534660981
1,1292,1292,-2.38521597819239,2.64805177203863
1,1293,1293,-2.75996183903764,1.38438410898826
1,1294,1294,-2.58721592315929,1.85333391995194
1,1295,1295,-3.13579022315924,1.15918128741446
1,1296,1296,-3.16654699201318,1.34689939955274
1,1297,1297,-2.50870808424056,2.12470180488962
1,1298,1298,-2.49656193471612,1.8309219303732
1,1299,1299,-3.05267572111072,2.17391139453755
1,1300,1300,-3.31848839806292,2.30613481259063
1,1301,1301,-1.98838851922991,1.71849327428524
1,1302,1302,-2.11391158280061,1.53001531793382
1,1303,1303,-3.11937887617821,1.39629917519527
1,1304,1304,-3.26424706806199,1.31770183541242
1,1305,1305,-3.22733879109522,1.35364660073983
1,1306,1306,-2.71531568563079,2.19047941904091
1,1307,1307,-2.70416216118765,2.02939097272065
1,1308,1308,-2.58706359212974,2.59516071755009
1,1309,1309,-2.20343858176589,1.56576705281225
1,1310,1310,-2.10524984585774,2.29849671710074
1,1311,1311,-1.8720759698669,2.46365903875881
1,1312,1312,-3.440013445198,2.12163412750532
1,1313,1313,-2.37306047234939,1.25223280170502
1,1314,1314,-2.3007599810064,1.43143512640933
1,1315,1315,-2.26729998580945,1.4415700033478
1,1316,1316,-2.91047854671567,1.93202693604683
1,1317,1317,-2.85853934733043,1.82597617261252
1,1318,1318,-3.194899956563,1.82171583696059
1,1319,1319,-2.8541571874844,1.85487153938058
1,1320,1320,-2.39760666969964,1.81328956871303
1,1321,1321,-2.40739696291892,1.87375448365989
1,1322,1322,-2.82343004240401,1.86470461844633
1,1323,1323,-3.45580256334914,1.69468070956907
1,1324,1324,-2.11774887767053,1.40213961999347
1,1325,1325,-2.50961163468589,1.9434395487193
1,1326,1326,-1.86230755939001,0.918053660296552
1,1327,1327,-1.49681015636262,2.60053997851666
1,1328,1328,-1.47968180418782,1.98205509534542
1,1329,1329,-1.8135828324219,1.63239455377033
1,1330,1330,-2.88892839466003,2.64290890838565
1,1331,1331,-2.63303464313707,1.50560220777578
1,1332,1332,-1.89826703433375,1.72168102194364
1,1333,1333,-1.73310534187468,1.24945947852994
1,1334,1334,-1.37519003127701,1.67183277337174
1,1335,1335,-2.69608311313735,1.84422291220246
1,1336,1336,-2.24649289929748,1.13255729740769
1,1337,1337,-2.70545915802776,1.10850350073947
1,1338,1338,-2.86617937777,1.39867761740518
1,1339,1339,-2.85596832581556,1.43562740915905
1,1340,1340,-2.49570621764445,1.44423226258348
1,1341,1341,-2.29833895280244,1.50131110224819
1,1342,1342,-2.52663836481263,2.19953942633992
1,1343,1343,-2.61882833915649,1.81523373628221
1,1344,1344,-2.4343781310648,1.36925898110726
1,1345,1345,-3.3906204660382,1.5939638221133
1,1346,1346,-3.07585347534428,2.56037613576466
1,1347,1347,-2.54368275279122,2.02504643495669
1,1348,1348,-1.61482341996861,1.98657214993926
1,1349,1349,-2.20385390104215,2.05402676759084
1,1350,1350,-2.16421716914925,1.59742112599441
1,1351,1351,-2.06743430426626,2.32238995125683
1,1352,1352,-1.86113546804321,2.01680768881447
1,1353,1353,-1.59574398585611,1.69600437619789
1,1354,1354,-2.01329830185208,2.09369252558375
1,1355,1355,-1.31930663810009,3.03903120893507
1,1356,1356,-1.07470846053137,2.56077204314754
1,1357,1357,-1.0749413441855,2.94337671735972
1,1358,1358,-2.92848654611843,2.62846307240691
1,1359,1359,-2.48939931495265,2.37460984944744
1,1360,1360,-1.83690439914914,1.03016408981606
1,1361,1361,-1.86423021444113,1.70824485441041
1,1362,1362,-1.82731100296359,1.72133293077719
1,1363,1363,-1.59451724231619,1.32405581310966
1,1364,1364,-1.76683903323702,1.73245566496174
1,1365,1365,-2.64003928231465,2.31011662840654
1,1366,1366,-2.87636529147448,2.1647816383905
1,1367,1367,-2.55055740521562,2.54970737723524
1,1368,1368,-1.7534873652465,1.49008457227422
1,1369,1369,-1.90459410107763,2.52942885775858
1,1370,1370,-1.85809310268718,2.02969528888243
1,1371,1371,-1.42997029952497,2.35397560733393
1,1372,1372,-1.76079252070551,3.99079823233126
1,1373,1373,-2.23776591045069,2.15113747459172
1,1374,1374,-2.20344189545582,1.46684611639594
1,1375,1375,-2.49928942510394,3.03900947157284
1,1376,1376,-2.54697033512353,2.82392760017951
1,1377,1377,-2.36694955827758,1.80067522814423
1,1378,1378,-2.59123202008702,1.36416031472489
1,1379,1379,-2.73809647737884,1.36111689485016
1,1380,1380,-2.66337326914424,1.57901734831827
1,1381,1381,-1.62415448433905,1.29416978598798
1,1382,1382,-2.36597100819692,1.27686244932265
1,1383,1383,-2.15248335440063,1.99230982321589
1,1384,1384,-3.21516372128871,1.64691039345181
1,1385,1385,-2.48750947982484,1.41803632104237
1,1386,1386,-2.59738306901062,1.42177382121773
1,1387,1387,-3.44376810530297,2.03312527810324
1,1388,1388,-3.25507974279654,1.94147778386373
1,1389,1389,-3.29961918992658,1.59919131328041
1,1390,1390,-2.71558306036217,1.79334293763364
1,1391,1391,-2.14807094052265,1.67995861775377
1,1392,1392,-2.37204155954417,0.8999085680816
1,1393,1393,-2.5108870230926,1.20142438447792
1,1394,1394,-3.0619415036084,0.829913099884523
1,1395,1395,-3.16685344487991,1.21007039487264
1,1396,1396,-2.97493953287424,1.26197843473872
1,1397,1397,-3.09195616372438,1.19150893221533
1,1398,1398,-3.36696270174195,1.72399259540336
1,1399,1399,-3.24284891341474,1.77533424025445
1,1400,1400,-2.78660747577329,1.24613281772162
1,1401,1401,-2.73907122745539,1.1080348227124
1,1402,1402,-2.94867971363266,1.54980647330298
1,1403,1403,-3.40334195743125,2.23240419477926
1,1404,1404,-2.70974523280265,1.34805822742132
1,1405,1405,-2.75019882446587,2.07393554562912
1,1406,1406,-2.15522720493179,1.56744164930236
1,1407,1407,-2.97363323011172,2.16736025615821
1,1408,1408,-2.61194462279395,1.66889689999233
1,1409,1409,-1.52827642442568,1.76873160849799
1,1410,1410,-1.60879335121281,1.7010686660338
1,1411,1411,-2.28267071575801,2.10549320039156
1,1412,1412,-2.30516518042395,2.7134299819949
1,1413,1413,-1.82976088803851,1.62720020194665
1,1414,1414,-2.01712881737137,1.74760253235209
1,1415,1415,-2.08974835051345,2.93533677208799
1,1416,1416,-2.21422789160825,4.32994038883143
1,1417,1417,-2.61139446256003,1.45502799935141
1,1418,1418,-3.04132678306445,1.52778343544291
1,1419,1419,-2.15403345865144,2.77820111466069
1,1420,1420,-2.46122491959021,2.46057729874522
1,1421,1421,-2.87724341507115,2.18859217645764
1,1422,1422,-2.91504830766692,2.13319261872937
1,1423,1423,-2.50619757411484,2.00395765092045
1,1424,1424,-2.45249519397212,1.44678372628884
1,1425,1425,-2.68418868845757,1.47982410315552
1,1426,1426,-2.74101028475456,1.42280950318438
1,1427,1427,-1.27301928155393,1.42976206485566
1,1428,1428,-1.54666368076525,1.51452579239434
1,1429,1429,-1.79837383804609,1.34500082897971
1,1430,1430,-2.14576836802635,1.3355258177133
1,1431,1431,-1.48493428604586,1.90272813320003
1,1432,1432,-1.54706838472591,1.85495889667585
1,1433,1433,-2.08655919275381,1.4742332012047
1,1434,1434,-2.94900975918493,2.26489185141204
1,1435,1435,-2.14165794296666,1.66211661463578
1,1436,1436,-2.46624058433034,2.09214422560688
1,1437,1437,-2.12354965850532,2.07214581592537
1,1438,1438,-2.62647985984275,2.41410227191006
1,1439,1439,-2.28589001411091,1.46754031226037
1,1440,1440,-2.0224096972948,1.74411438186126
1,1441,1441,-3.07310915625027,2.63821098662363
1,1442,1442,-2.51174934163718,2.25498558116815
1,1443,1443,-2.42608359852545,2.02128836595355
1,1444,1444,-2.40401100068893,1.43434218489399
1,1445,1445,-2.06510123228138,2.27525175663966
1,1446,1446,-2.21496172701435,1.85629524897379
1,1447,1447,-2.79394815324193,1.6069964172406
1,1448,1448,-2.21267206288317,1.89869374676727
1,1449,1449,-3.22403151185526,2.81385875225919
1,1450,1450,-2.55326308581656,2.06459333722419
1,1451,1451,-2.76678904662465,2.16809888525122
1,1452,1452,-2.53645574485393,2.47595588155109
1,1453,1453,-2.71655958776559,1.21268145637149
1,1454,1454,-2.59691335973449,2.13388611656426
1,1455,1455,-2.06923355301918,1.53788728388942
1,1456,1456,-2.33757639593355,1.98655707905717
1,1457,1457,-2.27032385521661,1.39312492038275
1,1458,1458,-3.12282227012112,1.75128199756029
1,1459,1459,-3.10682381101894,1.61011286197736
1,1460,1460,-1.8180283026265,1.47686558453836
1,1461,1461,-3.09098064432842,1.57583131837876
1,1462,1462,-2.94258663262512,1.82184182318706
1,1463,1463,-2.75838640587931,1.68095688618058
1,1464,1464,-2.73432304528471,1.50938958689989
1,1465,1465,-3.13707380252318,1.98239776498596
1,1466,1466,-2.86882380926575,0.910242241337263
1,1467,1467,-2.33802559957215,1.10477463777567
1,1468,1468,-2.18606470564005,1.15919889208944
1,1469,1469,-2.15424666438015,1.73170290859605
1,1470,1470,-2.43367834322324,1.77538196136607
1,1471,1471,-2.23129594926095,1.78060241933439
1,1472,1472,-2.34518270631657,1.89635709461456
1,1473,1473,-2.01127697415357,2.11749107905207
1,1474,1474,-2.93110953560012,1.93278264452239
1,1475,1475,-2.81055748041613,2.50242497440848
1,1476,1476,-2.82747934989066,2.18931090590069
1,1477,1477,-2.62204932301976,1.64597193703404
1,1478,1478,-3.19980174511314,2.43107571378183
1,1479,1479,-2.71822933652709,2.6934816370031
1,1480,1480,-1.35103631329747,1.57045259774518
1,1481,1481,-2.48683112167465,1.43269353347932
1,1482,1482,-1.70980696482994,1.1774378252551
1,1483,1483,-1.97762756688314,1.57964907956429
1,1484,1484,-1.86209877700108,1.76892514336662
1,1485,1485,-2.2034561349732,2.57044646545184
1,1486,1486,-3.23773556453711,1.40737522818876
1,1487,1487,-3.22127238279786,1.22817314825303
1,1488,1488,-2.73373886272353,2.2684344718862
1,1489,1489,-3.77776484532594,2.84019214398439
1,1490,1490,-2.67812605791419,2.8006431474601
1,1491,1491,-2.24242471363161,1.32942383345081
1,1492,1492,-2.91703321816122,1.76210576067147
1,1493,1493,-2.90015435143639,2.11662145944697
1,1494,1494,-3.93355012732335,2.21946217698697
1,1495,1495,-3.18140888930439,1.76960423470879
1,1496,1496,-3.22581534431543,2.04958295906468
1,1497,1497,-2.37648520188406,2.29225323743713
1,1498,1498,-2.56477608466173,1.67003856443827
1,1499,1499,-3.15716884294223,2.33324639685814
1,1500,1500,-3.43129878809513,2.63654033888503
1,1501,1501,-3.29259737363983,2.27814658128993
1,1502,1502,-2.71099972994486,2.32928414321263
1,1503,1503,-2.15845143151627,2.3817899977028
1,1504,1504,-2.47881478794258,1.88414450762509
1,1505,1505,-1.84562035753672,1.63806545226825
1,1506,1506,-1.77621879161799,1.46790269096182
1,1507,1507,-2.75057481252877,1.15987408475638
1,1508,1508,-1.83188233333592,1.05706666529702
1,1509,1509,-1.83840841848593,1.34929294217517
1,1510,1510,-2.25530682623947,1.12815739773245
1,1511,1511,-2.76865181090159,1.22530199161488
1,1512,1512,-3.28472676693171,1.79429482931815
1,1513,1513,-4.76059200773366,1.84330386669086
1,1514,1514,-2.62834486713169,1.76800793761693
1,1515,1515,-2.47592292774504,1.44765206774995
1,1516,1516,-2.96397487443504,1.73299850524508
1,1517,1517,-2.13996234305773,1.04696628185135
1,1518,1518,-2.04587402111284,0.724945580431828
1,1519,1519,-2.56854700147491,1.05045733946377
1,1520,1520,-1.68152910292733,1.56116194775422
1,1521,1521,-1.36928408042569,1.89211519460942
1,1522,1522,-2.88325066070786,1.75404192012641
1,1523,1523,-1.76046188333469,1.42086878538517
1,1524,1524,-1.86466238984562,1.41849804646359
1,1525,1525,-2.13614783764191,1.80579971181018
1,1526,1526,-3.27819612263001,1.62351867632682
1,1527,1527,-2.05658804922879,1.57429831625997
1,1528,1528,-2.62070315955602,1.70780656257908
1,1529,1529,-2.62806759564741,1.81259021837921
1,1530,1530,-2.72414685362651,1.76252984439303
1,1531,1531,-1.77483652622989,1.48661943104683
1,1532,1532,-1.69333150998088,1.46893768471573
1,1533,1533,-1.93869916492711,1.65329409786385
1,1534,1534,-2.6966862332468,1.58905089227363
1,1535,1535,-2.73212375045333,2.55353068283574
1,1536,1536,-2.44586449543072,2.26756545390915
1,1537,1537,-2.23533141726187,1.49353515305254
1,1538,1538,-1.96012506675696,1.46077538410129
1,1539,1539,-2.12776842709423,1.58123824735706
1,1540,1540,-1.40974133450785,1.73857633272151
1,1541,1541,-1.70047883711102,1.79004415203048
1,1542,1542,-1.55230720318612,1.61289742343038
1,1543,1543,-3.44381259323573,2.29797838674758
1,1544,1544,-3.20861838745694,1.66066927461241
1,1545,1545,-3.27734946496626,1.52991203316202
1,1546,1546,-2.18954772819744,1.84182195501489
1,1547,1547,-1.41188691720829,1.34770843506306
1,1548,1548,-1.53409896628003,1.52535594639793
1,1549,1549,-1.39510772428219,2.26095728876683
1,1550,1550,-1.56113805826443,2.3464698936913
1,1551,1551,-1.86463937047854,1.97568971236139
1,1552,1552,-2.47597204185728,2.31181035467568
1,1553,1553,-2.3971076201234,2.53038839781313
1,1554,1554,-1.86006048530193,1.26969881339645
1,1555,1555,-2.55636847158096,1.65531934674794
1,1556,1556,-1.75572076653879,1.23971307901472
1,1557,1557,-1.5495653450851,1.05912618029273
1,1558,1558,-2.00869770012031,2.07972590630936
1,1559,1559,-2.09226565927186,1.59966878011244
1,1560,1560,-2.39937556418404,2.37004821959456
1,1561,1561,-2.32567515909816,1.8514934152855
1,1562,1562,-2.48456893372835,2.12214350059263
1,1563,1563,-2.22626925039276,1.86144841573117
1,1564,1564,-2.8742262278312,2.90466559948966
1,1565,1565,-2.14908940423086,2.23952330646617
1,1566,1566,-3.04860344159013,2.43833569866179
1,1567,1567,-2.63799515003794,3.37551853342205
1,1568,1568,-1.83463460806697,3.12459413656282
1,1569,1569,-1.89743211392599,3.45022088366122
1,1570,1570,-2.01354559525109,3.33284769573084
1,1571,1571,-2.05651032797947,2.19501387400298
1,1572,1572,-2.54470725373641,1.76981610823938
1,1573,1573,-1.01756615925078,2.67446585908353
1,1574,1574,-1.56689685449039,1.91900638074203
1,1575,1575,-1.65342960657275,2.73073629651909
1,1576,1576,-2.01738342685759,1.65400826342977
1,1577,1577,-1.81096808695651,2.23396630824585
1,1578,1578,-1.50150756425123,2.59993376822025
1,1579,1579,-1.81611043747551,2.91860394462913
1,1580,1580,-2.52506808594251,2.34511870216762
1,1581,1581,-2.45708816932818,2.45261046965286
1,1582,1582,-2.76241973955435,2.15235105501827
1,1583,1583,-3.1667581719218,2.5430710987271
1,1584,1584,-2.456201507771,2.11566085436504
1,1585,1585,-2.50912479306907,2.11490150830534
1,1586,1586,-3.20265500790119,2.26944180615979
1,1587,1587,-2.85351751853675,2.2929722626007
1,1588,1588,-3.06295867263987,2.37640223081793
1,1589,1589,-3.00485477005302,1.16547349624131
1,1590,1590,-3.00961824093626,1.73044816657024
1,1591,1591,-3.17627249548906,1.98349577461786
1,1592,1592,-2.11819671619772,1.91694447063602
1,1593,1593,-2.77016812024814,3.07017893939837
1,1594,1594,-2.47072520554652,2.47306801068197
1,1595,1595,-2.52156170193008,1.92616306094244
1,1596,1596,-2.42536318059614,1.68437045893712
1,1597,1597,-3.3602918673757,2.38804862185621
1,1598,1598,-1.33483507094947,2.05628921089321
1,1599,1599,-2.12714418227991,2.2798935266744
1,1600,1600,-2.65422375579065,2.30202227253139
1,1601,1601,-2.56970767592933,1.84910416307134
1,1602,1602,-2.78034561234787,1.52458490470926
1,1603,1603,-2.41760897209367,1.51083263903039
1,1604,1604,-2.98699029034869,1.78958367310068
1,1605,1605,-2.80804107193872,1.7790554525377
1,1606,1606,-2.69488178221897,2.1872341683943
1,1607,1607,-2.92068089898155,2.15229336616761
1,1608,1608,-2.00765861827287,2.44914051397346
1,1609,1609,-2.20787793884236,2.361825107446
1,1610,1610,-2.37741289535272,2.11817921496641
1,1611,1611,-2.50526921203609,2.28608321906881
1,1612,1612,-2.58442192985436,1.66584063596384
1,1613,1613,-2.60444256857967,1.97211859275729
1,1614,1614,-2.92360059686529,2.05821235736741
1,1615,1615,-2.1022656938316,1.12185566013437
1,1616,1616,-3.08675319848396,1.65384563697859
1,1617,1617,-2.42752283736366,2.03089739434439
1,1618,1618,-3.87250198301087,1.68263414225563
1,1619,1619,-3.40048166741449,1.66077717156834
1,1620,1620,-2.06600595817412,1.26349070692461
1,1621,1621,-2.10239938556199,1.12358149786787
1,1622,1622,-2.2346569761255,1.26329893786294
1,1623,1623,-3.68642435228501,2.24080258254308
1,1624,1624,-3.79912783180576,2.16266951087144
1,1625,1625,-4.00625124904631,2.16110977014439
1,1626,1626,-3.52599580459644,2.31141306418954
1,1627,1627,-2.93494317618056,1.7965008456932
1,1628,1628,-3.02575640277484,2.88523187709627
1,1629,1629,-2.90949809079772,2.41942354785615
1,1630,1630,-3.2100924363738,2.82370148595738
1,1631,1631,-3.15549212988782,2.28113584415965
1,1632,1632,-2.93775344577076,2.02272887821802
1,1633,1633,-3.34838018794892,2.8282399783547
1,1634,1634,-3.11731761435554,2.50956565270873
1,1635,1635,-1.52980301453051,1.5938481654075
1,1636,1636,-1.37292397044548,2.2164662779349
1,1637,1637,-1.14947055643641,2.35527784003356
1,1638,1638,-1.70132477061256,2.40020430991023
1,1639,1639,-1.56643380970758,2.36323830757645
1,1640,1640,-2.55385786211629,1.62710170400943
1,1641,1641,-2.47323460077482,1.76457518739622
1,1642,1642,-3.1603459727958,1.8112363562372
1,1643,1643,-2.2132389724436,1.78740203843835
1,1644,1644,-2.25163976202237,1.43895870815393
1,1645,1645,-1.34163047650054,2.20360149147093
1,1646,1646,-2.49191361197304,1.59771169623632
1,1647,1647,-1.47140439104588,2.56139311528128
1,1648,1648,-1.14017360424779,1.92970080742257
1,1649,1649,-1.27544559765271,1.60265722481215
1,1650,1650,-1.32390313989867,1.93343537259744
1,1651,1651,-1.62664830460011,1.86911067792735
1,1652,1652,-1.48859549456134,2.23186457717655
1,1653,1653,-1.84588005505366,2.41169146766856
1,1654,1654,-1.67930796304522,3.37207488628557
1,1655,1655,-2.36873929435669,1.67850995714248
1,1656,1656,-2.26854633242586,1.73918622650115
1,1657,1657,-2.75738866320442,1.78355734804373
1,1658,1658,-1.67628591817227,1.67697683008042
1,1659,1659,-2.14851811510834,1.90229322393539
1,1660,1660,-1.68381259074662,1.66391179425731
1,1661,1661,-1.80060355326131,1.69610373608492
1,1662,1662,-2.22494445050512,1.94534617273158
1,1663,1663,-1.26581718753587,1.61800997711116
1,1664,1664,-3.13408102505324,2.11135872009445
1,1665,1665,-3.46847283721977,2.29144895768346
1,1666,1666,-3.52198225453836,2.14433896575071
1,1667,1667,-2.80416027004068,1.80245459777791
1,1668,1668,-2.4492419481067,2.07912046807161
1,1669,1669,-2.71187645932712,1.89989986364438
1,1670,1670,-2.85717755855892,1.92981867709324
1,1671,1671,-2.78866552037812,2.17213397295816
1,1672,1672,-2.58356028925954,2.16375141758872
1,1673,1673,-2.63146999241278,2.17260842029626
1,1674,1674,-2.47204819561303,1.93909018482081
1,1675,1675,-2.12827243341258,1.29235841324749
1,1676,1676,-2.55030000735327,1.50492662861601
1,1677,1677,-2.79244607568725,0.90493728341266
1,1678,1678,-2.8700326210455,1.4843488212952
1,1679,1679,-2.99411917429206,1.64016313351604
1,1680,1680,-2.78894449732606,1.65053769516529
1,1681,1681,-2.48212949132838,2.29330220466377
1,1682,1682,-2.06397961503876,1.85013783833949
1,1683,1683,-2.14573581869493,1.49463384264397
1,1684,1684,-2.01901483923954,2.07281678743562
1,1685,1685,-1.31433221994185,1.83702466836994
1,1686,1686,-1.01302474572786,1.85271381137135
1,1687,1687,-1.79114524553035,2.16293116946964
1,1688,1688,-1.85865709144933,1.60579974855803
1,1689,1689,-2.64077401481135,3.41402053413317
1,1690,1690,-2.71610028706485,2.85405750531204
1,1691,1691,-2.25630578957188,3.1330021472999
1,1692,1692,-2.16880769783286,2.07704289966925
1,1693,1693,-2.49025479035486,1.75760247922087
1,1694,1694,-1.19636499667846,2.40483445383346
1,1695,1695,-1.42071760250823,3.00928281573158
1,1696,1696,-1.19996147408958,3.26237946502271
1,1697,1697,-0.244201036114232,2.60914080555561
1,1698,1698,-1.04303833228106,2.58744471341328
1,1699,1699,-0.427075248810402,2.91343608716585
1,1700,1700,-2.10547181060031,2.16168295820343
1,1701,1701,-1.9832012977015,2.35565789350487
1,1702,1702,-2.2006915371835,2.52169495091632
1,1703,1703,-1.78428234155218,2.32030545400672
1,1704,1704,-1.85613166453039,2.24468019070935
1,1705,1705,-2.27164565112947,2.085289909148
1,1706,1706,-2.47173950638244,2.26044757706299
1,1707,1707,-1.98848819127391,1.64633934965342
1,1708,1708,-1.90325385135341,1.39403934320564
1,1709,1709,-2.65772559192982,1.83470561388985
1,1710,1710,-2.44036543755395,1.81091487383259
1,1711,1711,-2.26295498637355,1.76053801309752
1,1712,1712,-1.99320031528628,1.09664256768761
1,1713,1713,-2.75195049675356,1.43011795105695
1,1714,1714,-2.8877472814621,1.45775462959647
1,1715,1715,-2.57582975252948,1.27596706153012
1,1716,1716,-2.95059749307519,1.48727722655101
1,1717,1717,-2.61926389730022,1.40915041063386
1,1718,1718,-2.54804176854393,1.40833738131518
1,1719,1719,-2.77212276957395,1.83981356272603
1,1720,1720,-2.83417555470334,2.15982486491642
1,1721,1721,-2.59011032851385,2.19865640662671
1,1722,1722,-2.70692974366509,1.87853418163091
1,1723,1723,-2.38286669557114,1.83136503256198
1,1724,1724,-3.21167571405953,1.4773254648252
1,1725,1725,-2.97037231236101,1.61600956389631
1,1726,1726,-2.46752511284609,1.73193830935333
1,1727,1727,-2.4073142820638,1.63090804209621
1,1728,1728,-3.04731359613451,2.02479057279795
1,1729,1729,-2.60800155970543,1.58019522800113
1,1730,1730,-3.05798925255967,2.73643799528398
1,1731,1731,-3.2734276641782,1.96683482381159
1,1732,1732,-1.98988617659243,1.49304825032404
1,1733,1733,-2.24265111439036,1.70000310338749
1,1734,1734,-2.05673018850582,1.43344803337173
1,1735,1735,-2.48613493731142,1.44758612870076
1,1736,1736,-2.10848156073774,1.3147885977281
1,1737,1737,-2.48936283956388,1.54534362956775
1,1738,1738,-2.4872319097373,1.60224879462735
1,1739,1739,-1.95438323291202,1.68745913099742
1,1740,1740,-1.88354416725483,1.27952713005155
1,1741,1741,-1.08363121167247,1.06304636048641
1,1742,1742,-1.37197703608245,1.54076266372549
1,1743,1743,-1.74647488958957,1.94341675279266
1,1744,1744,-1.5208306305849,1.220417151107
1,1745,1745,-1.61322044092346,1.17528963034986
1,1746,1746,-1.91073867623525,1.00139823224403
1,1747,1747,-1.81434675873612,1.67556769668574
1,1748,1748,-2.06228198423792,1.7471771972397
1,1749,1749,-3.26765501809424,1.60668393513313
1,1750,1750,-2.86433986205344,1.45927517297233
1,1751,1751,-2.94493634292099,1.53506656247178
1,1752,1752,-2.9417224312882,1.50430206202145
1,1753,1753,-3.02649444019528,1.44299362926658
1,1754,1754,-3.07384046227191,1.97420096703704
1,1755,1755,-2.51166784174662,2.34412156028038
1,1756,1756,-2.34459695234879,2.0087309064774
1,1757,1757,-2.06375333170077,1.59573238415581
1,1758,1758,-2.55578385238053,2.03502817329704
1,1759,1759,-2.19878696368956,2.11762604992147
1,1760,1760,-1.61927301000336,1.69332371186703
1,1761,1761,-2.54756309740231,2.21566005085162
1,1762,1762,-1.84893791147083,1.49797471741215
1,1763,1763,-2.50592373152412,1.24051262778547
1,1764,1764,-3.00277112728992,1.91748810347737
1,1765,1765,-3.48541050474216,2.00370231524258
1,1766,1766,-3.04358416400165,2.61774876407112
1,1767,1767,-3.39884177575119,2.03345194706387
1,1768,1768,-2.07085848911414,0.888235923264247
1,1769,1769,-2.76371912106479,1.20354894447265
1,1770,1770,-3.15379270878434,1.62432844187975
1,1771,1771,-3.1052844909205,2.34419463331404
1,1772,1772,-2.16908282051221,1.43278071018665
1,1773,1773,-2.1417868194657,1.4217860305866
1,1774,1774,-2.70794942401299,1.46312812963987
1,1775,1775,-1.92522350615463,1.20364994536791
1,1776,1776,-3.10106278455047,1.29445365479543
1,1777,1777,-2.00747764761646,0.839070203092423
1,1778,1778,-2.44620432367176,1.55202852865095
1,1779,1779,-2.17266836522728,1.6167212480289
1,1780,1780,-1.46776991868909,2.18486462478256
1,1781,1781,-1.33014853179009,2.1241927026621
1,1782,1782,-1.08674684465573,1.45432347535059
1,1783,1783,-0.942957394086904,1.96958973107514
1,1784,1784,-0.873877386661204,1.99954650613551
1,1785,1785,-1.5076749009173,2.22611764208661
1,1786,1786,-1.28985691243712,1.28587648934003
1,1787,1787,-1.92403427645977,1.77641365029932
1,1788,1788,-1.67326042537776,1.05302579721505
1,1789,1789,-1.78335684013933,1.09182518916573
1,1790,1790,-1.96232071919105,1.24640342982399
1,1791,1791,-1.4376055914849,1.63680144614156
1,1792,1792,-1.46156197406773,1.49811043426411
1,1793,1793,-2.73337279360413,1.170480964291
1,1794,1794,-2.77379141110208,1.12130741756765
1,1795,1795,-2.40700896223954,1.22321559262058
1,1796,1796,-2.51373335252501,1.21178917229665
1,1797,1797,-2.33146084108891,0.71755417502078
1,1798,1798,-2.92131649945494,0.897335614439579
1,1799,1799,-1.8513286604153,1.3573119989985
1,1800,1800,-1.76739826099787,1.51665151689718
1,1801,1801,-1.70205315760845,1.84411097025116
1,1802,1802,-1.37942541276351,1.20241877848427
1,1803,1803,-1.46633530861786,2.13018200502052
1,1804,1804,-2.71235739369844,2.05327068318561
1,1805,1805,-2.98362622741728,1.52105177872827
1,1806,1806,-2.20314270057033,1.8869101683326
1,1807,1807,-2.86596464797236,1.64330331839851
1,1808,1808,-3.30531569296857,1.75818920402209
1,1809,1809,-3.41473994511722,1.68846310495654
1,1810,1810,-3.82856159733282,2.01215596387049
1,1811,1811,-3.64153922977334,2.12181993812982
1,1812,1812,-2.67113191275212,1.58154072990919
1,1813,1813,-3.53337146770904,2.2464730625247
1,1814,1814,-2.81640522411236,2.86730334522182
1,1815,1815,-2.356924925023,1.51191612590885
1,1816,1816,-1.70962557784849,1.57776546165858
1,1817,1817,-1.50151699421964,1.07703416547341
1,1818,1818,-1.31083036092016,1.29755472437203
1,1819,1819,-0.903142610555005,1.9766616397001
1,1820,1820,-0.798529385184905,1.42796357439886
1,1821,1821,-2.35104403358117,1.34389832295281
1,1822,1822,-1.54734078444813,1.44273176924385
1,1823,1823,-1.33990886553742,1.08003791277915
1,1824,1824,-0.998981529018851,0.98510709422323
1,1825,1825,-2.85926304443699,1.56238802628013
1,1826,1826,-2.76591623236185,1.74607932814896
1,1827,1827,-1.6966657365397,2.1698732273146
1,1828,1828,-2.10477770301794,1.57477593814769
1,1829,1829,-2.86416681524701,1.96576871702945
1,1830,1830,-2.51216547979113,1.87724643615741
1,1831,1831,-2.68292225898314,1.93142090938259
1,1832,1832,-1.84108288548149,1.76286468167039
1,1833,1833,-2.60815766696237,2.01579844938931
1,1834,1834,-2.35183410110565,1.55026405079646
1,1835,1835,-2.00666794391768,1.44784571845574
1,1836,1836,-3.29699749155246,2.05633473492689
1,1837,1837,-3.26652042751469,1.91860738246953
1,1838,1838,-3.90054221533656,2.54083583567982
1,1839,1839,-3.94830818410958,2.92853739178309
1,1840,1840,-2.48190504465625,1.5174284405992
1,1841,1841,-3.36511456994426,1.98904220822152
1,1842,1842,-2.08626572297412,2.60196424737475
1,1843,1843,-2.24787283093993,2.3436878821689
1,1844,1844,-2.8770007642671,2.6314937124578
1,1845,1845,-2.46253525698625,1.82334465530821
1,1846,1846,-2.87230783378582,1.9796826448633
1,1847,1847,-2.31083363488993,1.25066043681496
1,1848,1848,-1.74552581181311,1.24890915421188
1,1849,1849,-3.20120040916554,2.11803522398887
1,1850,1850,-2.81983714861654,1.71877695174969
1,1851,1851,-1.97284477390546,1.70283490690889
1,1852,1852,-1.53716419791953,1.21551030671752
1,1853,1853,-1.50451753296785,1.25967163392802
1,1854,1854,-2.21133723818732,1.68911839406237
1,1855,1855,-1.37839219594615,1.75730417080893
1,1856,1856,-1.84283108610073,1.38005122826323
1,1857,1857,-1.79700767519037,1.43544826537091
1,1858,1858,-1.8849921613712,1.51810580624799
1,1859,1859,-1.66033983269755,1.38836675428535
1,1860,1860,-1.60574909774962,3.50551070838463
1,1861,1861,-1.24674837476296,3.31430503220439
1,1862,1862,-1.47459789256105,2.4329078432675
1,1863,1863,-1.50756983125638,2.02269663910363
1,1864,1864,-1.30493500421581,1.99564376695414
1,1865,1865,-1.14849830643679,2.00536909223653
1,1866,1866,-0.631728409346342,1.55280472193575
1,1867,1867,-0.616701798498733,2.06855291663425
1,1868,1868,-0.336705404890256,2.62182324877168
1,1869,1869,-0.534141857343547,2.35431315975582
1,1870,1870,-1.17823973515477,2.00275814878955
1,1871,1871,-2.30111830213183,2.30892308056648
1,1872,1872,-2.167788412417,2.76075854697131
1,1873,1873,-3.17228675915875,3.31434902826039
1,1874,1874,-3.79844702805764,2.67007997672414
1,1875,1875,-3.18728810921535,2.36703329758255
1,1876,1876,-2.90547708049405,2.67303463005579
1,1877,1877,-3.32970748433246,2.32194083782789
1,1878,1878,-2.66610219534925,1.52387232006199
1,1879,1879,-2.11518530288044,3.00799264718139
1,1880,1880,-2.00618378681595,2.06767211046543
1,1881,1881,-2.37587425098108,1.64721207923852
1,1882,1882,-2.1257851943775,1.61548208164759
1,1883,1883,-2.37243333642104,1.26638392105542
1,1884,1884,-1.5111645687217,1.98924071118649
1,1885,1885,-1.78150130674096,2.19491323750356
1,1886,1886,-1.3080122818977,2.61453682753421
1,1887,1887,-1.26636166596409,2.29606554696934
1,1888,1888,-1.74466677396035,2.48676089001775
1,1889,1889,-1.91050286695628,2.74652660276669
1,1890,1890,-2.10890636513306,2.55550654178116
1,1891,1891,-1.3979036532601,1.8819173606941
1,1892,1892,-1.3680046111299,2.01026225723092
1,1893,1893,-1.70895742007976,1.85078962569807
1,1894,1894,-1.6741064170031,1.67964111670153
1,1895,1895,-1.5310855815459,1.72158433420733
1,1896,1896,-2.46226851567625,1.13577138156503
1,1897,1897,-2.16459892262804,1.10861491872696
1,1898,1898,-2.03522104130555,2.49524278771593
1,1899,1899,-2.12601003342277,2.74230116217688
1,1900,1900,-2.88040536953663,2.96657478705675
1,1901,1901,-2.30156118196807,2.46472672588524
1,1902,1902,-1.88691960914269,1.85866618176159
1,1903,1903,-2.07740239319887,1.87350633786613
1,1904,1904,-1.94840697479188,1.58045016879746
1,1905,1905,-1.66461574981641,1.34734492758324
1,1906,1906,-2.22186643630624,2.14849771847898
1,1907,1907,-2.56364946825185,1.47421673840718
1,1908,1908,-2.96239107502085,2.4617357012121
1,1909,1909,-2.71041723131491,2.39930559107406
1,1910,1910,-3.49694313479956,1.78504801818065
1,1911,1911,-3.14553134623523,1.55659886792245
1,1912,1912,-2.68279961467297,1.43713888817687
1,1913,1913,-2.46709757349458,1.55642585833305
1,1914,1914,-2.44835876372917,1.16176354409413
1,1915,1915,-2.6633862747332,1.26969712102813
1,1916,1916,-2.38516236465597,1.14938746751194
1,1917,1917,-2.5837271928949,1.39290045209846
1,1918,1918,-2.71211614918352,1.37714687947729
1,1919,1919,-2.0988539680761,1.26257062165035
1,1920,1920,-1.94693100113179,1.39867511803505
1,1921,1921,-1.96307315012705,1.46399195633487
1,1922,1922,-2.26858314806395,1.80057769451542
1,1923,1923,-2.54031507733094,2.12790441625806
1,1924,1924,-2.18684469460476,1.74151401573116
1,1925,1925,-2.87852804073868,2.60887965570491
1,1926,1926,-2.83891547213104,2.18002894262095
1,1927,1927,-2.417756585048,1.80651744411318
1,1928,1928,-2.31402812368213,1.83438928642659
1,1929,1929,-2.94878468515206,1.69176401016116
1,1930,1930,-2.2358670394862,1.76407745644101
1,1931,1931,-2.17299133730864,1.91963473883998
1,1932,1932,-2.76532838141324,1.83320001650382
1,1933,1933,-2.75207399481053,1.7115047489839
1,1934,1934,-1.8060174964542,1.78318659901249
1,1935,1935,-1.96516725319327,1.24662977995435
1,1936,1936,-2.33737884421698,1.12282070663004
1,1937,1937,-1.78143399809102,0.909357851600413
1,1938,1938,-2.41969061750941,1.8198942122663
1,1939,1939,-1.35066481814056,1.05903983966717
1,1940,1940,-1.80705617665422,1.74914662283568
1,1941,1941,-2.00705107748782,1.11604249306416
1,1942,1942,-1.88451784427517,1.16217870833021
1,1943,1943,-2.18181958642732,2.11039076910927
1,1944,1944,-1.37382761434679,1.23978230578045
1,1945,1945,-1.81102099777007,1.51313770131485
1,1946,1946,-0.970721018372564,1.19579971737027
1,1947,1947,-1.32666601294074,1.57652027395348
1,1948,1948,-1.08712127154958,2.16558423713371
1,1949,1949,-2.18342262305142,2.25488436195165
1,1950,1950,-2.49299604031943,2.034015301875
1,1951,1951,-2.70157290610262,3.24333600087738
1,1952,1952,-3.06507800385334,2.46479771560553
1,1953,1953,-2.72921605638017,2.28574180170361
1,1954,1954,-2.25394066281916,1.80084458241458
1,1955,1955,-2.40722021580571,2.21117124686851
1,1956,1956,-2.01939405410826,2.02685852712191
1,1957,1957,-2.28938862545194,1.59325903045832
1,1958,1958,-2.49436199192601,1.89683048304878
1,1959,1959,-2.40118311304742,1.87694844484265
1,1960,1960,-2.82050098604295,1.50991932460826
1,1961,1961,-3.01162513776984,2.08419795076007
1,1962,1962,-2.77490448034425,2.17701943869721
1,1963,1963,-1.91233140467402,1.89014296836568
1,1964,1964,-2.10602556404113,1.85029650886475
1,1965,1965,-2.6410431500391,2.42397235481814
1,1966,1966,-2.76195766857799,2.26648032631033
1,1967,1967,-2.90233974567465,1.73660891252493
1,1968,1968,-2.71758950236818,1.82994444978239
1,1969,1969,-2.99744074202077,2.47481855636103
1,1970,1970,-1.75234202060288,1.83682929900752
1,1971,1971,-1.4571375265202,2.154397609124
1,1972,1972,-1.35526104060672,1.50862417504632
1,1973,1973,-1.97863773947349,2.23418368789138
1,1974,1974,-1.60954803729098,2.7538792708611
1,1975,1975,-2.00992906123725,1.72718321040893
1,1976,1976,-2.24972593251533,2.22023915454702
1,1977,1977,-2.58362670065751,1.29713660153208
1,1978,1978,-2.58660401191628,1.58711747425751
1,1979,1979,-2.59148736481662,1.57697073918005
1,1980,1980,-2.52476016478414,1.3513208967364
1,1981,1981,-1.74834626446426,1.66925799252317
1,1982,1982,-3.01027567987116,1.55420686212293
1,1983,1983,-2.47550078594629,2.03378431792576
1,1984,1984,-1.49258113612289,1.31589985607453
1,1985,1985,-2.08185907429536,1.65566128872134
1,1986,1986,-2.11993852263815,1.62133492124241
1,1987,1987,-1.98278366252904,1.88782520256756
1,1988,1988,-1.53531839930349,1.68658284817458
1,1989,1989,-1.86224373178748,2.24748461308713
1,1990,1990,-2.15310158975143,2.09670100295884
1,1991,1991,-2.49928857797534,2.59463067602486
1,1992,1992,-2.49076131817447,2.1770687858891
1,1993,1993,-2.6344836076935,2.42885844584875
1,1994,1994,-3.18107004847005,2.6362254724337
1,1995,1995,-2.60618513872518,2.32859007263655
1,1996,1996,-2.98332001368386,2.3198939643944
1,1997,1997,-2.889285506594,2.4747975442403
1,1998,1998,-2.26206094050714,1.83447686276276
1,1999,1999,-2.60691606102345,2.133429141415
1,2000,2000,-2.58541984272144,2.40816169355837
2,1,2001,-2.9676423833221,3.33796126706295
2,2,2002,-3.04992809645828,3.4346518571354
2,3,2003,-3.10209495260846,3.60790154764481
2,4,2004,-2.55456135804919,2.08511034301131
2,5,2005,-2.2879199385954,1.95984253188715
2,6,2006,-2.15031107999756,1.51418210266801
2,7,2007,-2.10043573134731,1.7862754513538
2,8,2008,-2.9919054947649,1.36631479533227
2,9,2009,-2.57065115920914,1.3682605468275
2,10,2010,-2.53283749733531,1.24987889431331
2,11,2011,-2.18327344871076,1.38612301129523
2,12,2012,-3.25549334210096,1.67778045010864
2,13,2013,-2.99646546951024,1.75791087138489
2,14,2014,-2.47899254216076,1.58296162559868
2,15,2015,-3.59798657341541,1.51420275377528
2,16,2016,-2.89842158070405,1.46137101207615
2,17,2017,-2.81659496256724,1.03593201477636
2,18,2018,-2.96320305072302,2.41040706855086
2,19,2019,-2.79527013835648,2.36055760908636
2,20,2020,-2.39905755519399,2.33806932713551
2,21,2021,-3.07045483102277,3.43873300508874
2,22,2022,-3.18104822188609,3.62591027453741
2,23,2023,-2.76471555351327,1.88950625032584
2,24,2024,-3.02733360866672,2.21478232400412
2,25,2025,-2.15678820837096,1.57598439350543
2,26,2026,-3.16293174875884,2.44554586781065
2,27,2027,-2.78864128354962,2.13030424594571
2,28,2028,-3.23020353167747,1.77012037410546
2,29,2029,-3.6121046515599,1.97179330101086
2,30,2030,-3.39739145510021,1.55585580121407
2,31,2031,-2.23196748684462,1.83431713616792
2,32,2032,-1.63046107517982,1.3093975032569
2,33,2033,-2.44353852875102,1.57129827115793
2,34,2034,-2.57919934574817,1.7040027157173
2,35,2035,-3.10090663511205,1.88825058364885
2,36,2036,-2.27608026423467,1.38815402184478
2,37,2037,-3.44975415005794,1.52561704223604
2,38,2038,-2.40823773148765,1.20522568112446
2,39,2039,-1.56632115326391,1.46845535028496
2,40,2040,-2.96680891024135,1.13159587143872
2,41,2041,-2.44222437717046,1.78576940038319
2,42,2042,-1.68046890299798,1.18850170712289
2,43,2043,-2.94141523393101,1.87013076931572
2,44,2044,-2.85317298855894,1.86283928292587
2,45,2045,-2.84339534341189,1.82146707811365
2,46,2046,-1.95425163916318,1.21782121246913
2,47,2047,-2.30671423144687,1.37825561056691
2,48,2048,-1.82442392521835,1.15261962445574
2,49,2049,-2.51071775724339,1.33550922463649
2,50,2050,-1.88506534605956,0.93624494962768
2,51,2051,-3.26562429304759,1.5246473939789
2,52,2052,-2.68159470628772,1.3742853146841
2,53,2053,-3.50914284618651,2.42121989852282
2,54,2054,-1.64973462713437,1.36202519139804
2,55,2055,-0.530115520038314,2.67483511804123
2,56,2056,-0.837226373254267,2.43279891031678
2,57,2057,-2.22379727582727,1.63735402868392
2,58,2058,-1.09329100674094,1.52278066549587
2,59,2059,-1.58083285204185,1.68502627793132
2,60,2060,-2.03033503382393,2.20134301692465
2,61,2061,-1.91721892971708,1.73224332608247
2,62,2062,-1.65856473175056,1.90286948156985
2,63,2063,-1.6299085786404,1.27953799091721
2,64,2064,-2.73227504304903,1.47118990418299
2,65,2065,-2.58726752857662,1.01077274677841
2,66,2066,-3.28137111187754,1.61685112997116
2,67,2067,-2.91618287398875,1.5149534288149
2,68,2068,-3.17248216104595,1.87027265998959
2,69,2069,-2.76672704261748,2.2390576790914
2,70,2070,-1.77865925265207,2.3779178826701
2,71,2071,-2.2117269891921,2.51759610469013
2,72,2072,-1.81937037280148,1.7254840804446
2,73,2073,-2.61776507018503,1.87785784597221
2,74,2074,-2.44069678751042,2.0421216006914
2,75,2075,-1.38089570752758,2.35837187995338
2,76,2076,-2.22962827623105,2.36761439754407
2,77,2077,-2.20345602550988,2.36092698742888
2,78,2078,-2.20421840467288,2.38342770643684
2,79,2079,-2.69093991463612,2.3039526148823
2,80,2080,-2.47571631821859,3.0498324002965
2,81,2081,-2.1541153158831,1.93811923448618
2,82,2082,-1.78937757068586,1.87902070531767
2,83,2083,-1.3988288882928,1.96758249770741
2,84,2084,-2.12335492128167,1.70153791237162
2,85,2085,-0.743764862947061,3.00141606740067
2,86,2086,-0.480692207159565,3.20916927325824
2,87,2087,-1.29764101867536,3.87353205089724
2,88,2088,-1.2346045634752,3.99429630386315
2,89,2089,-2.37348066951731,1.86192541518427
2,90,2090,-1.88526317311181,1.51220144316833
2,91,2091,-2.15897979686795,2.28240647547463
2,92,2092,-2.84996834067479,2.05232741848444
2,93,2093,-2.19600409178403,1.67889784425812
2,94,2094,-2.76949378171509,1.78616763831246
2,95,2095,-2.09701898216359,1.70748376573425
2,96,2096,-1.85616516293486,1.85254204148314
2,97,2097,-1.74242040556881,1.9949651735039
2,98,2098,-1.8741453429132,1.55901654017695
2,99,2099,-1.76517877874617,1.33598744635157
2,100,2100,-2.61749759764463,1.43636394990234
2,101,2101,-2.27396880275634,1.26281143608152
2,102,2102,-2.85345931084636,1.06961291943272
2,103,2103,-2.54655390905976,1.28626914088324
2,104,2104,-2.81211662614127,1.77525811058599
2,105,2105,-2.74720173981984,1.96792328835733
2,106,2106,-2.60404873929919,1.67801158461005
2,107,2107,-2.915772431848,2.25824771299059
2,108,2108,-2.35167253367837,1.85125315985707
2,109,2109,-3.62676715254623,2.00170697706661
2,110,2110,-2.53591347248291,2.15031316347233
2,111,2111,-2.53091104230061,2.18209235560354
2,112,2112,-1.15586337488275,1.74607922274431
2,113,2113,-2.1800948911392,2.94015270199284
2,114,2114,-2.43902122236276,2.70293918998357
2,115,2115,-2.35278779826015,1.18834934612985
2,116,2116,-2.9425484772822,1.07526805286621
2,117,2117,-3.02859820132747,3.08690321737137
2,118,2118,-2.47419226745154,2.34230777394462
2,119,2119,-2.84046125752736,2.1460914718493
2,120,2120,-2.50599151397906,1.46760487936124
2,121,2121,-3.51433840408961,2.02822377204302
2,122,2122,-3.23691429366833,1.48402814502908
2,123,2123,-3.42160215987133,2.10201042169277
2,124,2124,-2.61152211195159,1.47267281968484
2,125,2125,-1.23468843426927,2.51951830327296
2,126,2126,-1.59575197824813,1.99807159615145
2,127,2127,-1.68408481649553,1.8481002017518
2,128,2128,-2.30635752270438,2.10424644777873
2,129,2129,-1.81272114983751,1.68431750176143
2,130,2130,-2.18384888342148,1.95140273074624
2,131,2131,-2.65351536685239,2.41140894205689
2,132,2132,-2.67561394597421,1.80528191595083
2,133,2133,-2.37239600052986,1.85756259531422
2,134,2134,-2.77217798103829,1.82491313479756
2,135,2135,-2.53562067039825,1.59303920411333
2,136,2136,-2.3087197101389,1.48376195062946
2,137,2137,-2.64355391516487,1.28741188508087
2,138,2138,-1.61610866679755,1.36713529280872
2,139,2139,-1.72392492271614,1.53722363264596
2,140,2140,-2.23150625375804,1.50507299618465
2,141,2141,-2.15016572030545,1.57073274877786
2,142,2142,-2.36492922016492,1.3890033113589
2,143,2143,-1.63918020966571,1.08190107615343
2,144,2144,-1.57784743527444,0.937029767043147
2,145,2145,-1.58244810966645,0.898791804422836
2,146,2146,-0.615570336764566,1.84355817163831
2,147,2147,-0.935352833317632,0.890403537048994
2,148,2148,-1.34069250430893,1.60415570697657
2,149,2149,-2.61746037996863,1.85271819755723
2,150,2150,-1.94089668322061,1.32822004445467
2,151,2151,-2.37358272967895,1.32014163717147
2,152,2152,-2.95045411158854,1.27667681561347
2,153,2153,-1.67309176302017,1.65297762592828
2,154,2154,-2.7828599480452,1.57086830972133
2,155,2155,-2.79785996529687,1.60622393010678
2,156,2156,-2.04763679517819,1.64050482484958
2,157,2157,-2.99117894008788,2.13027058250715
2,158,2158,-2.58842399313429,1.69969067360668
2,159,2159,-2.82296819984913,1.53328137757958
2,160,2160,-2.87114810833845,2.15728379036324
2,161,2161,-2.61782701424476,1.51757164963691
2,162,2162,-2.64754949004535,1.36302119309606
2,163,2163,-2.40104269721755,1.83268980789608
2,164,2164,-2.96639157672983,2.12753618330524
2,165,2165,-2.8385774139095,2.38077289399331
2,166,2166,-0.985880511873043,2.50340914286972
2,167,2167,-1.18495307940309,2.17494112524129
2,168,2168,-1.36569943451878,2.236732073
2,169,2169,-1.21284640292458,2.02443920563894
2,170,2170,-1.2911789099978,1.72938111370876
2,171,2171,-1.71820894017696,2.22541388033556
2,172,2172,-2.07756038393212,1.30523188152562
2,173,2173,-2.81092605076605,1.32671107549654
2,174,2174,-2.1979157792953,1.74612394492913
2,175,2175,-3.1283524987466,1.77850860421329
2,176,2176,-2.38141375363194,2.04377284468738
2,177,2177,-2.33262168412434,1.45979723651623
2,178,2178,-2.96113174217051,2.60265042719158
2,179,2179,-2.00046108292677,2.11651489453876
2,180,2180,-2.57215893594571,2.84610742969095
2,181,2181,-2.8396741974783,2.79211024535222
2,182,2182,-2.71158190619801,2.0565276431983
2,183,2183,-2.78211330146446,1.88021081302154
2,184,2184,-2.75221257254762,1.69956449835621
2,185,2185,-2.851714795401,1.83513104667162
2,186,2186,-2.91015987130445,1.84947355858419
2,187,2187,-2.84719118949213,1.93399471595086
2,188,2188,-2.70603518357594,2.4824847905481
2,189,2189,-2.13451503702135,1.80366177094218
2,190,2190,-2.5972673692286,2.15268453788843
2,191,2191,-2.31716372589823,2.0234237158789
2,192,2192,-2.04813244368642,2.59904350780695
2,193,2193,-2.59829807406291,2.44573634729172
2,194,2194,-3.13719496325176,3.06150643666932
2,195,2195,-1.94486460171032,2.55962602596417
2,196,2196,-0.98293361765037,3.00709765939309
2,197,2197,-1.28358395016313,2.15519761531069
2,198,2198,-1.79764072454273,1.88625147330641
2,199,2199,-1.8675122301708,1.92182176440133
2,200,2200,-1.71118982570391,2.48538700206534
2,201,2201,-2.22202526521302,1.63797676292997
2,202,2202,-2.41192325991487,1.97424858796051
2,203,2203,-3.02003246708102,1.78905338951984
2,204,2204,-1.87115161040894,1.74964929529274
2,205,2205,-2.67586403873758,1.90049950056806
2,206,2206,-1.15224085445489,1.42261914221465
2,207,2207,-2.93924938735908,2.11639659273099
2,208,2208,-3.39158405156335,1.4145114896176
2,209,2209,-2.08896277649012,1.38680626451768
2,210,2210,-2.59846724608843,1.68256512677315
2,211,2211,-2.69884418109163,2.09008132132937
2,212,2212,-2.53244645137164,2.27160797188092
2,213,2213,-2.09787142660822,2.1746225789973
2,214,2214,-2.32383283235694,2.67320815759144
2,215,2215,-3.12267474988963,1.16105648777126
2,216,2216,-2.15632052289482,2.23404164636449
2,217,2217,-2.7639642733205,2.65981112822473
2,218,2218,-1.77629935060468,1.86598790672581
2,219,2219,-1.81386763287195,1.54414779986405
2,220,2220,-2.80290374860882,2.48378126565978
2,221,2221,-2.8980179464766,1.43717134769529
2,222,2222,-3.75279545731144,2.12943652178221
2,223,2223,-3.6266434850908,2.66030436016027
2,224,2224,-3.30199421577751,2.96324601642056
2,225,2225,-2.96017598281342,1.74498508011428
2,226,2226,-3.82549270581582,2.16914937187639
2,227,2227,-4.62007162302786,2.76503331662027
2,228,2228,-2.26983179472278,2.63294974738817
2,229,2229,-2.23375528672778,2.17634063962959
2,230,2230,-3.29844236240661,2.59055910931913
2,231,2231,-2.8926957277811,2.69011341915238
2,232,2232,-2.4575450139325,1.29037823555901
2,233,2233,-2.48363285341656,1.29351505925733
2,234,2234,-2.1579492012667,1.7754679512152
2,235,2235,-2.90701806972148,1.50504951419507
2,236,2236,-3.4417229838316,2.63257447220152
2,237,2237,-3.0525182674452,1.88253805446803
2,238,2238,-3.55856489749564,2.28289231301675
2,239,2239,-3.11048968534766,1.64271854884364
2,240,2240,-2.81938048181067,1.57871430777676
2,241,2241,-2.80076870042038,1.27153221755608
2,242,2242,-2.51860133836152,1.32603929013442
2,243,2243,-2.78456654824472,1.30429126043534
2,244,2244,-1.32404579781879,1.46016400651626
2,245,2245,-1.24425723893697,1.20171417695415
2,246,2246,-1.60368008956983,1.14521120156756
2,247,2247,-1.36780624208645,0.882507567649738
2,248,2248,-2.22801841285185,2.19566312499915
2,249,2249,-1.44196014972543,0.870245093929178
2,250,2250,-2.10111092180076,1.11310005238632
2,251,2251,-2.12504697786879,1.0354569923098
2,252,2252,-1.25821298017207,0.762147090231652
2,253,2253,-1.10451041678489,0.777462997219163
2,254,2254,-2.56327756574226,1.07982715690719
2,255,2255,-2.09008600284257,1.34126203745402
2,256,2256,-2.90258467290114,2.63733755292559
2,257,2257,-2.98717240127906,1.5850296664396
2,258,2258,-1.98641759558107,1.13822662071996
2,259,2259,-2.99455250883281,2.20994040420545
2,260,2260,-1.62055484161367,1.18575484792261
2,261,2261,-2.2435856813798,1.65358769771246
2,262,2262,-1.81057256221254,1.49671331448023
2,263,2263,-2.35013006070455,1.63535274678142
2,264,2264,-2.55068838993583,1.5823426974748
2,265,2265,-2.86535667921108,1.74059631265522
2,266,2266,-1.72309506474115,1.71489129512849
2,267,2267,-0.979591095510609,1.55134156508165
2,268,2268,-2.23357891047473,1.31102748946581
2,269,2269,-2.19370175902852,1.21686993966655
2,270,2270,-2.30698462177458,1.2716724545481
2,271,2271,-3.10992669788384,2.31804298583258
2,272,2272,-3.2249497525187,1.90336252768839
2,273,2273,-2.726126307672,1.43196004661223
2,274,2274,-2.97710198300446,1.95882849822852
2,275,2275,-2.8265983420303,1.77391923809463
2,276,2276,-2.84584679343402,2.03904645330433
2,277,2277,-3.11239446411438,1.90273100496566
2,278,2278,-1.94626015171673,1.86987099962069
2,279,2279,-1.6871032321621,1.49426129349199
2,280,2280,-2.6754031551426,2.19192410716597
2,281,2281,-2.48028587300635,2.09642072474285
2,282,2282,-2.07050938343818,1.3935788790751
2,283,2283,-1.82843822379505,1.77287969025796
2,284,2284,-1.67671595828062,2.23377347279448
2,285,2285,-1.82275373565944,1.91256229258359
2,286,2286,-1.79650689007091,2.65675170656538
2,287,2287,-1.85349029458916,2.20139824994265
2,288,2288,-2.18019724153383,2.25320149044903
2,289,2289,-2.37075611325874,1.52178307754304
2,290,2290,-2.52170753598379,1.38438814829392
2,291,2291,-2.03815111074431,1.37071114818555
2,292,2292,-1.71664532056134,1.30976793731708
2,293,2293,-2.83713040563645,1.83305321210962
2,294,2294,-2.16182728000875,1.89252102546066
2,295,2295,-2.09687260040882,1.18784184677032
2,296,2296,-2.2608280725259,1.08827480043229
2,297,2297,-2.47064681752058,1.72273953667459
2,298,2298,-2.64637770472088,1.75772472887825
2,299,2299,-2.14098088129761,1.77593954766604
2,300,2300,-3.03255025307205,2.54192845849471
2,301,2301,-2.65360995030101,1.8833613544647
2,302,2302,-3.67511824457968,2.21336120549152
2,303,2303,-3.31893641071424,2.24989217680494
2,304,2304,-3.58534497222224,2.36580928735946
2,305,2305,-3.56292070801845,2.36721125770414
2,306,2306,-3.21485424061716,2.21496687771001
2,307,2307,-2.65861286410811,2.67156608903628
2,308,2308,-1.36232445549311,1.84733946170815
2,309,2309,-1.95976996234833,1.4840134177864
2,310,2310,-2.4923320570971,1.59984295632187
2,311,2311,-2.52553422978831,1.65630879362648
2,312,2312,-3.50921735454505,2.92793392930425
2,313,2313,-1.3834296762919,1.3861217984293
2,314,2314,-1.92523027260853,1.07724927523744
2,315,2315,-2.13222641279698,1.15553921208739
2,316,2316,-2.68846511193777,1.07013194154864
2,317,2317,-2.7849027116533,1.18226108506653
2,318,2318,-2.57326359525173,1.25262701078028
2,319,2319,-2.06932215469298,1.80131235966805
2,320,2320,-2.39972139778436,2.14587279822457
2,321,2321,-1.73957289574148,1.53346431370538
2,322,2322,-2.43426013592238,1.79234882220194
2,323,2323,-2.93072794331785,2.3128080375732
2,324,2324,-2.25628838213165,1.48050080587733
2,325,2325,-1.68933623244674,1.41599886484146
2,326,2326,-1.91554738864126,1.39942380314983
2,327,2327,-2.04713053201185,1.4847556263991
2,328,2328,-1.99439444244714,1.51947252979443
2,329,2329,-2.36738697369135,2.32092053618675
2,330,2330,-2.31702577719291,2.55622294399439
2,331,2331,-2.32562520696229,2.36217074941246
2,332,2332,-1.74719280439541,1.65213538993654
2,333,2333,-1.93677453057262,1.93574965056499
2,334,2334,-2.65994815647319,2.08551773577849
2,335,2335,-2.85736447552361,2.16867227911078
2,336,2336,-3.00244875339501,2.83734537481187
2,337,2337,-2.26323298226349,2.55827573273021
2,338,2338,-2.23089335100315,2.24255507544707
2,339,2339,-2.06867964031243,1.78977837331319
2,340,2340,-2.09740369132864,2.16966167688696
2,341,2341,-2.35718477502601,2.53926106632638
2,342,2342,-1.6446448227495,1.83162223209691
2,343,2343,-2.1740093914327,1.50893472785601
2,344,2344,-3.47384483442083,1.8741805554121
2,345,2345,-2.61980560284861,1.59883054332787
2,346,2346,-2.96148902500211,2.03116335186168
2,347,2347,-2.34177893425572,1.47592164728939
2,348,2348,-2.00954295184973,1.22877106066715
2,349,2349,-2.08722097376486,1.1143348558269
2,350,2350,-2.41641225676126,1.31901165614805
2,351,2351,-2.13812340428514,1.04033978293957
2,352,2352,-2.09045631732745,1.25536577065683
2,353,2353,-1.658138987576,1.1252872001052
2,354,2354,-1.951678398912,1.44844879605283
2,355,2355,-2.26312650935294,2.02015293852302
2,356,2356,-2.30283121963717,1.53639491998749
2,357,2357,-1.93275361034586,1.9472720601226
2,358,2358,-2.75748255720497,2.04115194110948
2,359,2359,-2.64497576775277,2.06375006915566
2,360,2360,-2.06375851777915,2.11416428855026
2,361,2361,-2.26148885734009,2.07372676134062
2,362,2362,-2.44668342254347,2.16334464321293
2,363,2363,-2.56914227544899,2.03772238054793
2,364,2364,-2.64031930308211,2.06452416580369
2,365,2365,-1.63946792464195,1.88345350837311
2,366,2366,-1.48376895072663,1.26543162685243
2,367,2367,-1.45808297153233,1.59594260951035
2,368,2368,-2.22589555618917,1.97934030792918
2,369,2369,-2.10449712538894,1.96508148921752
2,370,2370,-2.00067041528584,1.81239482293056
2,371,2371,-3.07978763359531,2.08130154512134
2,372,2372,-2.01088174480631,2.30472883879134
2,373,2373,-2.04253636540735,2.36664814352345
2,374,2374,-2.40030602492256,2.29515458244609
2,375,2375,-2.73249503171847,2.51842723956064
2,376,2376,-2.815515254138,2.09259870778956
2,377,2377,-2.44815389115736,2.91501271043113
2,378,2378,-1.52208065025939,1.52663958702926
2,379,2379,-2.54958235151924,2.39580042108396
2,380,2380,-2.08140905339422,1.6993421548323
2,381,2381,-2.51769608825475,1.24219047903035
2,382,2382,-1.03329867447033,1.19839286161963
2,383,2383,-1.18396391622163,1.11794955616417
2,384,2384,-1.57989153976384,1.57495499850804
2,385,2385,-2.04639236223819,1.35516852387357
2,386,2386,-1.6129349413957,1.58060073195127
2,387,2387,-2.19782584623427,2.03099751857795
2,388,2388,-1.57053379475317,2.06515245884303
2,389,2389,-2.65150935886787,2.12137572221372
2,390,2390,-2.23628661915735,1.9687200516367
2,391,2391,-1.57691936944149,1.74417768787
2,392,2392,-2.64056269933558,1.44800380603305
2,393,2393,-2.5101646920134,1.01775725808287
2,394,2394,-1.50984727347592,1.1819672073725
2,395,2395,-2.47237764152519,1.60905612175918
2,396,2396,-2.35478211517035,2.28534188471947
2,397,2397,-1.99325735192079,2.33258919957782
2,398,2398,-1.97575218930436,1.71394945702357
2,399,2399,-2.05789782900399,1.55275471642269
2,400,2400,-2.66927549390846,1.791527913805
2,401,2401,-2.65989043631612,2.03233517083073
2,402,2402,-2.98494538886346,2.15423549426147
2,403,2403,-3.09763079292017,1.74099110937448
2,404,2404,-3.00067439526754,2.16240349550686
2,405,2405,-2.39271126385839,1.94718855002756
2,406,2406,-2.20357771654141,2.663515887345
2,407,2407,-2.04104138406095,3.00901592805685
2,408,2408,-2.52578025121832,3.2771373082499
2,409,2409,-2.42532095852444,3.05300453034786
2,410,2410,-2.67154045284323,2.31872341443408
2,411,2411,-3.20311909350826,2.22317866464185
2,412,2412,-3.09906284503157,2.04289348393528
2,413,2413,-2.40991476075995,1.86999691144766
2,414,2414,-3.41167645583207,2.51568524786651
2,415,2415,-3.67181050925954,2.47218409346421
2,416,2416,-2.8195196760642,2.47378083481186
2,417,2417,-1.94654139050056,2.97409705829619
2,418,2418,-1.75583001482079,4.16120592522555
2,419,2419,-1.80935124824078,3.16514586401546
2,420,2420,-1.8675258083604,2.14725467903114
2,421,2421,-1.82210136326365,1.96913558287056
2,422,2422,-1.28161646153474,1.75666193550398
2,423,2423,-1.28765101812944,1.51047645646405
2,424,2424,-1.30264837138583,1.68634435758302
2,425,2425,-1.82751821347962,2.06807551087272
2,426,2426,-1.64632880357454,3.18010876025016
2,427,2427,-1.96545997806355,3.21756542589823
2,428,2428,-3.05215611345743,1.33725366278198
2,429,2429,-3.11291659732583,1.88089131436541
2,430,2430,-3.07083498047417,2.06924702585997
2,431,2431,-1.92632036305346,2.23559238847371
2,432,2432,-1.90412497355621,1.77344230422173
2,433,2433,-1.87984943029118,2.967872936497
2,434,2434,-1.85735541102137,2.82471860977502
2,435,2435,-1.20418635173072,2.35925691559071
2,436,2436,-2.78772209974909,1.50100520893791
2,437,2437,-2.60447466722389,1.67426844858887
2,438,2438,-3.2522223758839,1.69054876493193
2,439,2439,-4.04557493268177,1.99617403416915
2,440,2440,-2.94951353712492,1.70690938047395
2,441,2441,-2.38256814623303,1.53150787395232
2,442,2442,-2.31588894694207,1.82588830745947
2,443,2443,-2.21083817326081,1.41181167465703
2,444,2444,-2.15827063210203,1.27119566887426
2,445,2445,-2.10156090476634,1.42921346702518
2,446,2446,-2.22833295253093,2.44827050387036
2,447,2447,-2.44091042022333,2.19038310568174
2,448,2448,-2.80789167308771,1.83439284432667
2,449,2449,-2.05190342299239,1.71261828754899
2,450,2450,-2.82386065990264,1.85282912884685
2,451,2451,-2.96978548189709,1.57628000653689
2,452,2452,-3.45741472200494,2.15505368394603
2,453,2453,-3.47175738413753,2.6847283664112
2,454,2454,-3.69587548685956,2.43177121240385
2,455,2455,-3.14189175241625,2.78517978902767
2,456,2456,-2.02124251397699,1.67662416053803
2,457,2457,-2.70592367284268,2.04077654851796
2,458,2458,-1.97231706266377,1.36597444269741
2,459,2459,-2.5140132158452,1.45472714644207
2,460,2460,-2.64470501646975,1.70900990313991
2,461,2461,-2.67991258573043,2.19040487282644
2,462,2462,-2.2596884766632,2.45111873315864
2,463,2463,-2.35411401758792,1.81880708565378
2,464,2464,-2.20123589991781,1.35988887906418
2,465,2465,-2.91726673561582,1.34264230410126
2,466,2466,-2.00598846276313,1.17428411503288
2,467,2467,-2.85960521188413,2.62864012751899
2,468,2468,-2.5597113046124,1.87534549382439
2,469,2469,-2.95887157425475,2.53224649170535
2,470,2470,-2.92439790432259,1.47565201385148
2,471,2471,-3.66175621083938,1.90126354291031
2,472,2472,-2.46192868293995,1.51303277654907
2,473,2473,-1.58485466872736,0.970402105787813
2,474,2474,-1.66550592045902,1.06391249946425
2,475,2475,-1.85435410231472,1.36456072099434
2,476,2476,-1.91533994941384,2.34360113612456
2,477,2477,-1.93846193259494,2.37039429571998
2,478,2478,-2.27605444792371,2.12342441419098
2,479,2479,-2.63859149854236,1.84769193588768
2,480,2480,-2.69202930039918,1.64188275768508
2,481,2481,-2.48870626203098,1.59390787047046
2,482,2482,-2.27697434607642,1.79753714200263
2,483,2483,-2.02565371185983,2.15513809077406
2,484,2484,-2.95705356249635,2.45249562162146
2,485,2485,-2.20304353358511,1.23480542242005
2,486,2486,-3.01194978749143,1.42122720904196
2,487,2487,-1.2283562982227,1.5486466326012
2,488,2488,-2.11526268242067,2.02184201340153
2,489,2489,-2.0246396450231,1.73329007092955
2,490,2490,-2.8360724256582,1.58351727020955
2,491,2491,-2.20121775863505,1.54706027286213
2,492,2492,-2.03158552295297,1.35354721509172
2,493,2493,-2.05265742101383,1.94998983299749
2,494,2494,-2.83501813160546,2.57223343268434
2,495,2495,-2.71219418616863,3.11300974248859
2,496,2496,-2.48089986647822,2.4873860235942
2,497,2497,-3.27947275265181,2.04329111710532
2,498,2498,-2.87842562986118,1.4703113591205
2,499,2499,-2.80089579173398,1.81481632438022
2,500,2500,-2.59847853761369,1.88495951093706
2,501,2501,-3.40534540810913,2.00824904244617
2,502,2502,-3.40935491605833,1.52818576198541
2,503,2503,-2.2899599546261,1.38214543227151
2,504,2504,-2.84222212166035,1.39913464554627
2,505,2505,-2.96215616329665,1.69282835632717
2,506,2506,-3.65423765997537,1.90736258482169
2,507,2507,-3.94149019165819,2.00564822449711
2,508,2508,-2.55867714412147,1.4347577179915
2,509,2509,-2.61277487859398,1.64514718355687
2,510,2510,-3.31617731594967,2.0745219042754
2,511,2511,-2.86464745662595,1.49068953059335
2,512,2512,-2.66620171597594,1.49489481056494
2,513,2513,-2.16067440413242,1.2639154588149
2,514,2514,-2.69561013480882,1.80254015725266
2,515,2515,-2.66550895747637,1.44141138135128
2,516,2516,-2.27000727328722,2.26750791747184
2,517,2517,-1.51768886063221,1.41231848379351
2,518,2518,-1.76146221466323,1.58653696843308
2,519,2519,-1.85738967728076,2.26045653880848
2,520,2520,-1.90729100198702,1.6044166100605
2,521,2521,-2.39908140982741,2.50457432081497
2,522,2522,-2.95660347988408,2.64415805475963
2,523,2523,-2.53952405530452,1.43128082944725
2,524,2524,-2.37241661650988,2.43492625058244
2,525,2525,-2.18248016521317,2.43746842763585
2,526,2526,-1.36387560305015,2.22311962415502
2,527,2527,-2.54362253717754,2.08643156258597
2,528,2528,-2.4381969542094,2.61058881365742
2,529,2529,-3.23806186938119,2.40802573866237
2,530,2530,-3.79263221788633,2.43863458900075
2,531,2531,-2.61639143245161,1.42408870245488
2,532,2532,-2.34672341278857,3.07598244159782
2,533,2533,-2.65179309388625,1.63573119685125
2,534,2534,-2.81238473032833,1.73667551255742
2,535,2535,-3.20497681239674,2.41498874542681
2,536,2536,-3.11747667655196,2.45507496147677
2,537,2537,-3.49536024893747,2.70566214644866
2,538,2538,-3.03798763692743,3.38873126662802
2,539,2539,-2.81013332543628,3.59999088448147
2,540,2540,-2.74443174997469,2.58405317370554
2,541,2541,-1.81179414867035,1.78974438492428
2,542,2542,-2.25581515620619,1.53186341854966
2,543,2543,-1.63617092157671,1.71195707945733
2,544,2544,-2.34665761715172,1.65989612526965
2,545,2545,-2.46940589078305,2.03570678297811
2,546,2546,-2.29861398459722,2.56624752946759
2,547,2547,-2.45157637507486,0.955247837138698
2,548,2548,-2.75270216570316,1.04228937089189
2,549,2549,-1.80175759336314,1.2152207145384
2,550,2550,-2.45393046353189,1.29161188382472
2,551,2551,-1.76014690504908,1.84757449111333
2,552,2552,-2.04251894860614,1.34633450543715
2,553,2553,-1.85290104727764,1.54564926860404
2,554,2554,-2.02616775692345,1.49124920786546
2,555,2555,-1.49361599320233,1.58784144556561
2,556,2556,-1.80885406703529,1.85406244657009
2,557,2557,-1.21602925684603,1.67471208598119
2,558,2558,-2.09220420167136,2.00191286375189
2,559,2559,-2.36492660671365,2.85350623946999
2,560,2560,-2.10730336486488,2.05601658426567
2,561,2561,-2.40028083919886,2.13252117143106
2,562,2562,-2.9151099039235,2.03237457102389
2,563,2563,-3.02061230569386,2.50663937693534
2,564,2564,-2.08103313704482,1.68559479177939
2,565,2565,-2.3639101811638,1.52006069139209
2,566,2566,-2.65044431775078,1.76998871964767
2,567,2567,-2.2438391110839,1.34931129680939
2,568,2568,-1.78677444948131,1.96291611622785
2,569,2569,-2.43932001077167,1.5640672160827
2,570,2570,-1.77879485930289,1.41406561003544
2,571,2571,-2.35791680538831,1.30252122421011
2,572,2572,-2.99317726290738,1.79486321981919
2,573,2573,-1.93393709880112,1.93564201282154
2,574,2574,-2.39025408536047,1.30544297378569
2,575,2575,-2.42115499796404,2.5589111236567
2,576,2576,-1.74679646503885,1.4675628124952
2,577,2577,-1.1684471821834,1.5537024870699
2,578,2578,-2.26747150057902,1.09570822505569
2,579,2579,-1.55381622208168,1.82152499705554
2,580,2580,-2.30896460990876,1.43446368702706
2,581,2581,-2.7532470812708,1.77207286070284
2,582,2582,-2.82348464084151,1.47825778723363
2,583,2583,-2.09895555342095,1.43766562860303
2,584,2584,-2.02947745018383,1.94266965356622
2,585,2585,-2.10106326243134,1.87738898019014
2,586,2586,-2.51205281292258,1.88311647674491
2,587,2587,-2.67275545759713,1.89060774939036
2,588,2588,-2.20077834822429,1.27318050351317
2,589,2589,-2.47200451436877,1.59771294321227
2,590,2590,-2.03841101527324,1.84069926915841
2,591,2591,-2.42662617738426,1.84665661063102
2,592,2592,-1.7961180801997,1.79281417626874
2,593,2593,-2.52081424304846,1.1292533337114
2,594,2594,-1.81385424807687,2.21983549370694
2,595,2595,-1.88374046814192,2.10935927195393
2,596,2596,-2.02111684102282,2.54208462533303
2,597,2597,-2.46701903190725,2.84116290639776
2,598,2598,-3.03782019073874,2.05819567939928
2,599,2599,-2.37153954215126,1.71746247649499
2,600,2600,-2.82220729055198,1.62301992877814
2,601,2601,-2.37318212898678,1.27325629940778
2,602,2602,-1.78460709940771,1.50217888906366
2,603,2603,-1.01429473234994,1.33033377141614
2,604,2604,-3.20398758686929,2.73099184444328
2,605,2605,-2.60433927104122,2.42020489163023
2,606,2606,-2.28502303910139,2.24865137320344
2,607,2607,-1.29503514274391,3.48756576030778
2,608,2608,-2.24866573840403,2.54773850533476
2,609,2609,-2.11059348505034,2.29304128231538
2,610,2610,-2.35345979627068,2.78085728999502
2,611,2611,-2.34516269686436,1.77177938098945
2,612,2612,-2.39873831124677,1.96424056664069
2,613,2613,-2.20629397120597,2.27915669423866
2,614,2614,-2.08308996487424,2.02211166405261
2,615,2615,-2.04604887047023,1.9469548195678
2,616,2616,-3.36623451366477,1.21835497253851
2,617,2617,-3.3810200701023,1.54025435003367
2,618,2618,-2.96945377547891,1.78055998452263
2,619,2619,-3.24707260501853,1.56345895160479
2,620,2620,-2.37515165228864,1.33495700979557
2,621,2621,-2.99706897528694,1.79407042684097
2,622,2622,-2.52910962029505,1.67543931001319
2,623,2623,-2.45069100923673,1.58520238019505
2,624,2624,-2.21789053834434,1.90586877187321
2,625,2625,-1.60691809485553,2.66937428985566
2,626,2626,-3.21880178499125,1.85844032730354
2,627,2627,-3.0897750271133,1.80337122967725
2,628,2628,-2.77051869270218,2.11289434067569
2,629,2629,-2.98123240250258,2.59849101176224
2,630,2630,-3.73987116140104,2.67575267266851
2,631,2631,-4.26119543397915,2.76364429033675
2,632,2632,-3.96057592277812,2.331351418023
2,633,2633,-3.84689598487557,2.07746240065407
2,634,2634,-2.67188133489562,1.79621925905275
2,635,2635,-2.75035196531478,1.92495397939519
2,636,2636,-2.62361824290928,1.89725506823023
2,637,2637,-2.54955886806302,2.07846977281935
2,638,2638,-2.18433028278592,1.72940562655958
2,639,2639,-2.32744175543142,1.89130607736244
2,640,2640,-2.62281645193428,1.92246074856322
2,641,2641,-2.82630332442301,1.9542153413762
2,642,2642,-1.84708954326181,1.72913165792632
2,643,2643,-2.79654693361569,1.71306243426175
2,644,2644,-1.7145154532617,1.4319479350645
2,645,2645,-1.86089663813238,1.11323499572551
2,646,2646,-1.36627403938588,2.41115779017985
2,647,2647,-3.0839850102729,1.78232828260311
2,648,2648,-2.86436409267557,1.63803044497047
2,649,2649,-2.69596994583932,1.87535983853102
2,650,2650,-2.6357087758249,1.41145978744207
2,651,2651,-2.129027217042,1.31115157352943
2,652,2652,-3.33315336228013,2.80701941495705
2,653,2653,-3.14677353259064,2.20135825307563
2,654,2654,-2.14714620898805,1.11198019758282
2,655,2655,-1.7902143686319,1.09215692039678
2,656,2656,-2.5927000182669,2.47416657910852
2,657,2657,-2.08001485798456,1.4753382003937
2,658,2658,-2.09753305243941,1.49358036934455
2,659,2659,-2.85560351608844,2.18534870076058
2,660,2660,-2.34091233772415,1.96842017062508
2,661,2661,-2.44572013459153,1.72865440441011
2,662,2662,-3.06357082151853,1.83781499078422
2,663,2663,-2.88448639144539,1.91093557669215
2,664,2664,-2.27599222390743,2.06860707675871
2,665,2665,-2.99864605101559,1.83073642776397
2,666,2666,-3.21126129141062,2.30636064660686
2,667,2667,-1.87334666396679,1.44304284681038
2,668,2668,-1.83155145212344,1.91713723003497
2,669,2669,-2.14727012354308,2.75948226836069
2,670,2670,-2.19132808209173,1.75504941732692
2,671,2671,-2.69588024075572,2.37532080981037
2,672,2672,-3.61224458112447,2.07139675686206
2,673,2673,-3.42535934811617,2.07834486382418
2,674,2674,-2.3124266832433,1.67954395906427
2,675,2675,-2.5093283271463,1.38694127328515
2,676,2676,-2.38365320467872,1.55815843850697
2,677,2677,-2.2983348437087,1.71539788724729
2,678,2678,-2.49283260962994,1.34398093493384
2,679,2679,-2.37176828037087,1.24407512658143
2,680,2680,-3.20190149149109,1.84150283565596
2,681,2681,-2.66898808596395,1.64488168352161
2,682,2682,-1.90194352540848,1.88108588539413
2,683,2683,-1.70830895909991,1.39833171735154
2,684,2684,-1.65144477561283,1.44786782716848
2,685,2685,-1.79368233038519,1.54797266744093
2,686,2686,-1.22824662763508,1.44775336347203
2,687,2687,-1.6482324262335,2.99186067821018
2,688,2688,-1.89519977016596,2.46272029616225
2,689,2689,-2.09739623388888,2.14633097947503
2,690,2690,-3.51795914311442,2.15973819325488
2,691,2691,-2.32397566765721,2.45152649410541
2,692,2692,-2.69637063478215,2.26812764200467
2,693,2693,-2.61755375182173,1.62657459479579
2,694,2694,-2.0709906943196,2.19016282384565
2,695,2695,-1.73355973714229,1.63680293356113
2,696,2696,-1.66872033905611,1.9326308213455
2,697,2697,-0.901037312201617,2.24156162672902
2,698,2698,-0.868747108980803,2.93777829090922
2,699,2699,-1.10615239813627,2.05302376407397
2,700,2700,-1.78050537598287,2.39336610602089
2,701,2701,-1.37517788622464,0.992026796906117
2,702,2702,-1.79817266231421,1.45560780368325
2,703,2703,-1.38359869458525,1.1089765398493
2,704,2704,-2.17804010338371,1.37091962205192
2,705,2705,-2.09325970227473,1.04924059552935
2,706,2706,-1.92298835241277,1.20981796423852
2,707,2707,-1.73885488169936,1.16125518435248
2,708,2708,-1.69042077837567,1.12539222341548
2,709,2709,-1.75256086441791,1.15962520080664
2,710,2710,-3.27811210035475,1.6029111160217
2,711,2711,-2.21202068456444,1.34225571633559
2,712,2712,-2.72895322685135,1.30941273688786
2,713,2713,-2.78004002226419,1.45668665101781
2,714,2714,-2.15254077466036,2.56588864452887
2,715,2715,-1.96784817612792,2.48668979406953
2,716,2716,-2.1421568430852,1.72019174943056
2,717,2717,-2.62989613245379,1.9623889355722
2,718,2718,-2.61458030864529,2.79374914721451
2,719,2719,-2.71231715504988,1.63334254824208
2,720,2720,-2.26429221914338,1.13543146551815
2,721,2721,-2.74689158961397,1.9122812318537
2,722,2722,-2.97317358785136,1.7371861056231
2,723,2723,-3.14198857567231,1.61646237284437
2,724,2724,-2.31101057381026,1.64179171748804
2,725,2725,-2.87639530513434,2.66894172626198
2,726,2726,-1.97942002675917,1.33062680207672
2,727,2727,-1.54165891562711,1.52451646084405
2,728,2728,-1.47711665225234,1.58958781616495
2,729,2729,-1.59589049430988,2.08465519269532
2,730,2730,-2.38092976443848,1.18663168630689
2,731,2731,-2.3844722211017,1.25322381749292
2,732,2732,-2.18797899404207,1.29389413079303
2,733,2733,-3.18241620401031,1.95941302451436
2,734,2734,-3.01874894363663,1.64160893166911
2,735,2735,-2.7790993191864,1.98374540231917
2,736,2736,-3.10204027908899,1.60554478324399
2,737,2737,-2.61993891568051,1.9150725745325
2,738,2738,-3.03867561942944,1.94343138455513
2,739,2739,-3.3317133107705,2.26284908647942
2,740,2740,-2.92878135171797,1.67903587707725
2,741,2741,-1.91980837719542,2.29033944177917
2,742,2742,-2.28961088883129,2.12961935629476
2,743,2743,-2.47659024622343,2.37648433551538
2,744,2744,-3.04408100994431,2.12652781839018
2,745,2745,-2.36979946702898,2.1238273045695
2,746,2746,-2.79501189116362,2.08923416736216
2,747,2747,-2.15359177495741,1.55878931283507
2,748,2748,-2.24100271667101,1.36644909478167
2,749,2749,-1.4811441725392,2.50868190927631
2,750,2750,-1.39102822618764,2.91829250353784
2,751,2751,-1.55923574115105,3.27706190464571
2,752,2752,-1.71190174251433,1.80263778297332
2,753,2753,-3.06639234304589,1.84292623236182
2,754,2754,-2.75401954239742,2.47018854286035
2,755,2755,-3.41874125653214,2.85396388743735
2,756,2756,-3.00645585451873,2.6190086460974
2,757,2757,-3.52635522383037,2.16514986545935
2,758,2758,-2.96223220239777,1.47452243024003
2,759,2759,-2.08999626280618,1.18863191079018
2,760,2760,-2.2315181533549,1.41416323956681
2,761,2761,-2.76170492269688,1.46994617093973
2,762,2762,-2.58806711618938,1.43836766478576
2,763,2763,-2.68745666935675,1.12786164112057
2,764,2764,-2.4770458868177,1.74784840341982
2,765,2765,-1.80684417865971,1.55006825581156
2,766,2766,-1.871698404367,1.3964041230278
2,767,2767,-2.2204467598855,2.48404611482938
2,768,2768,-1.76497569089962,1.9699662245731
2,769,2769,-2.00656423565879,1.71575224211476
2,770,2770,-2.21746595017392,1.29913657641349
2,771,2771,-2.18827879321823,2.29806464108294
2,772,2772,-1.68226828570645,2.0110015133423
2,773,2773,-2.75462191844043,1.45918901410823
2,774,2774,-2.06910999671784,1.20125887038884
2,775,2775,-1.42677591928368,1.05047970670019
2,776,2776,-2.47310565964198,1.08644832228484
2,777,2777,-1.9217076058763,1.43003542210556
2,778,2778,-2.84634648441445,1.54793613916282
2,779,2779,-1.58203880251622,1.29434364972114
2,780,2780,-2.59512454843957,1.55003858821018
2,781,2781,-1.97788654658031,1.45786441242689
2,782,2782,-2.18615272940336,2.37202253494279
2,783,2783,-2.21918301866895,2.45734307555003
2,784,2784,-2.0533977603569,2.15992176671882
2,785,2785,-1.42639916757304,2.46310200973328
2,786,2786,-3.03676306194705,3.35660585199261
2,787,2787,-3.08420381214698,3.08975690632292
2,788,2788,-3.0178604164498,2.99805593913266
2,789,2789,-3.13412036918162,2.39777791154431
2,790,2790,-1.67101877596401,1.25205756148067
2,791,2791,-2.38496193339568,1.71119019717404
2,792,2792,-1.80161296629676,1.41841449402947
2,793,2793,-1.94106928181061,1.48453067626345
2,794,2794,-1.28780315769081,1.71807118965115
2,795,2795,-2.10392694816302,1.57556385159195
2,796,2796,-2.39110867078739,1.50951595220121
2,797,2797,-3.14547151574999,1.62395666257115
2,798,2798,-2.69180392155721,1.66335263689021
2,799,2799,-2.59138790229207,1.71962900657948
2,800,2800,-2.48534776135369,1.59820659703955
2,801,2801,-2.3183228093652,1.75885741278463
2,802,2802,-1.74463025262512,2.66245784155855
2,803,2803,-1.94597759038931,2.773594218733
2,804,2804,-2.6072906655384,1.64302945917484
2,805,2805,-2.32853461161245,1.73705691028067
2,806,2806,-2.78405506590587,1.83854903198764
2,807,2807,-2.73908219536926,1.52061778167732
2,808,2808,-3.36017873399069,2.66180682959985
2,809,2809,-3.17643674297372,2.54198527728272
2,810,2810,-2.58440506165561,1.90772270599954
2,811,2811,-2.0184767123682,1.61161413502648
2,812,2812,-2.3985189482776,2.45853304237175
2,813,2813,-1.50942023453664,2.5077467448269
2,814,2814,-2.37752892714084,1.27710636265008
2,815,2815,-2.57048252646828,1.3098542410888
2,816,2816,-2.04311848451106,1.21736995754902
2,817,2817,-2.29948892150943,1.44025548455727
2,818,2818,-2.47250882489761,1.24514474966893
2,819,2819,-2.34659129469324,1.14983413362729
2,820,2820,-1.69897933929297,1.07114771719792
2,821,2821,-1.33190261032119,2.55301611388108
2,822,2822,-0.97037668726665,1.8856850956885
2,823,2823,-0.205933214097639,2.27018334067252
2,824,2824,-1.91083429940355,2.0263182438635
2,825,2825,-1.35795630560875,2.18878604552634
2,826,2826,-1.54885348393664,1.91542940909142
2,827,2827,-2.21741464891535,2.45605249791755
2,828,2828,-1.65330158391108,1.72437465057819
2,829,2829,-2.01282186312417,1.32745571585215
2,830,2830,-2.45129198622444,2.00954195653323
2,831,2831,-1.60341957783011,1.94825935155544
2,832,2832,-1.87621756186526,1.51818880106662
2,833,2833,-1.63573195264167,2.00327916983829
2,834,2834,-1.48486133762811,1.74547662886614
2,835,2835,-2.15912405260693,2.44189568516568
2,836,2836,-1.96857498266661,2.43222341262645
2,837,2837,-1.98950080188039,2.43829522184882
2,838,2838,-2.01985359203872,2.32436461665313
2,839,2839,-1.59100414132552,2.25315994577613
2,840,2840,-1.4525258671315,2.53881039225655
2,841,2841,-2.7920011048197,1.13169366460159
2,842,2842,-1.76475718278603,1.70482753680042
2,843,2843,-2.22856488952482,1.45782749427173
2,844,2844,-2.03997239232723,1.76598951890516
2,845,2845,-1.8080260505097,2.10413529525899
2,846,2846,-2.19826591365918,2.24144454340612
2,847,2847,-1.97483695890726,1.59471666428538
2,848,2848,-2.51224455479738,1.52909814624378
2,849,2849,-2.62584236947031,2.31579604951844
2,850,2850,-2.40887173129082,2.37044472164599
2,851,2851,-2.47769580302407,1.32819853370747
2,852,2852,-2.50025296903647,1.37123922335045
2,853,2853,-2.2267284757567,1.31499887918709
2,854,2854,-3.24389189148907,2.59604846372557
2,855,2855,-3.86462234592957,2.40565300296128
2,856,2856,-3.81319583329923,2.06153281137187
2,857,2857,-4.0644097955257,1.90891788357561
2,858,2858,-2.92584103484408,2.07231115588419
2,859,2859,-2.98793722223537,1.91945606764324
2,860,2860,-2.487385560092,1.75806248970318
2,861,2861,-1.36526788623846,1.83697692394144
2,862,2862,-2.28772991049349,1.78808093387566
2,863,2863,-2.58154962958083,2.2015431578311
2,864,2864,-2.20438667591809,1.87892804837095
2,865,2865,-3.72088285090914,3.0278165122223
2,866,2866,-3.55497614031401,1.82503789093657
2,867,2867,-2.40457964854956,1.13359275079983
2,868,2868,-1.96318436313878,1.38511817968241
2,869,2869,-2.42498256796589,1.45427743399936
2,870,2870,-1.74237118347213,2.01795015493497
2,871,2871,-1.28926638367551,0.974793825214377
2,872,2872,-2.85496072839237,1.83548006213351
2,873,2873,-3.10386968510793,1.80419460004811
2,874,2874,-1.69888326882237,2.1096423206717
2,875,2875,-1.55237536567111,2.76705146325217
2,876,2876,-1.09697388536549,2.13798207872497
2,877,2877,-2.61585425766018,2.38664249069026
2,878,2878,-1.90712626202114,2.22920501425065
2,879,2879,-2.00275105471005,1.86691447361817
2,880,2880,-1.47659811063724,1.45574795602127
2,881,2881,-2.31594032869831,1.98751594280721
2,882,2882,-2.3655928100703,2.04865233611713
2,883,2883,-1.97224265144088,1.12361433282755
2,884,2884,-2.96118997168947,1.8012858848367
2,885,2885,-1.66787893169475,0.906136565482157
2,886,2886,-1.83222116064194,1.6388709063277
2,887,2887,-1.85891759391498,1.5544954109993
2,888,2888,-1.88189926128023,0.76809109551024
2,889,2889,-1.77248362903457,1.21930039337998
2,890,2890,-1.87482294728577,1.30524266221419
2,891,2891,-1.7644045713344,2.29239098321195
2,892,2892,-1.67900290713002,1.41735438973346
2,893,2893,-4.12696986468576,2.54699796570114
2,894,2894,-3.90582246949458,2.64216248655257
2,895,2895,-3.24264004498656,1.73128062590027
2,896,2896,-1.44214848351725,1.60424852118122
2,897,2897,-2.85829770110303,2.20326789469071
2,898,2898,-2.7607539098638,2.08325968562466
2,899,2899,-2.59393149991797,1.53071283551206
2,900,2900,-2.34742103925171,1.83346359596391
2,901,2901,-0.978505852652718,4.13812534182592
2,902,2902,-1.21579730833721,2.82720148000145
2,903,2903,-2.1465968906101,2.64094915369588
2,904,2904,-2.69914505642886,2.66083509456741
2,905,2905,-2.11651908687744,2.57071914723983
2,906,2906,-2.44275058619174,2.15069939965204
2,907,2907,-1.49417427910653,1.80237003297101
2,908,2908,-1.44218260616164,2.4782151052029
2,909,2909,-1.07234150989788,2.43141667053119
2,910,2910,-1.06544388933553,3.02664373742233
2,911,2911,-1.09272115700676,2.52289659335689
2,912,2912,-1.89751888106163,2.39549115636185
2,913,2913,-2.62932305475909,1.79060103231241
2,914,2914,-2.57199837209726,2.26602890405819
2,915,2915,-2.55817424113004,2.14219470957467
2,916,2916,-2.20790294659157,1.41430713283127
2,917,2917,-2.01861093337779,1.33797102908724
2,918,2918,-2.13476586736048,1.02273151937351
2,919,2919,-2.53514830763823,1.21086360723238
2,920,2920,-3.27648129191934,1.89522136296715
2,921,2921,-2.78372933131053,1.74031149739456
2,922,2922,-2.66959671000869,1.76578516231525
2,923,2923,-2.92685379243024,1.81691622796272
2,924,2924,-2.7609168913983,1.59533441478456
2,925,2925,-2.52630249693472,1.47297970717097
2,926,2926,-2.49902224948214,1.75866379033616
2,927,2927,-2.18860356002088,1.16308509391246
2,928,2928,-3.32234768349005,1.72065897194615
2,929,2929,-3.63761880254127,1.41380839331526
2,930,2930,-2.37880505512083,1.75710084599931
2,931,2931,-2.01039941844979,1.58978959507706
2,932,2932,-2.10267695469603,1.2672242064181
2,933,2933,-1.81862123286509,1.61600592197747
2,934,2934,-1.58565106521786,2.01901105724642
2,935,2935,-1.80547952292056,1.79591618769085
2,936,2936,-2.77748099602584,1.82666808049888
2,937,2937,-1.97691022874636,1.6881619746578
2,938,2938,-2.57901636080267,1.94112250445653
2,939,2939,-1.92855032455483,1.45545911195086
2,940,2940,-1.79399919325864,1.94598626452306
2,941,2941,-1.83574995497588,1.68407147999299
2,942,2942,-1.89646420351763,2.10648811538449
2,943,2943,-2.43546477630547,2.23637805519615
2,944,2944,-1.60336398077081,1.59515805394197
2,945,2945,-1.95743060714101,1.07758375101398
2,946,2946,-2.67048310469311,1.21316176099664
2,947,2947,-1.46270883456976,1.37296401664203
2,948,2948,-1.00155216808047,1.42865535460595
2,949,2949,-1.75985398421204,1.9197723124019
2,950,2950,-1.89301424917195,1.82912444509599
2,951,2951,-3.28123310403825,1.93050747253642
2,952,2952,-3.82835271884207,2.60913361549457
2,953,2953,-1.29582748413809,1.75899145787753
2,954,2954,-1.17775300945884,2.50597061256205
2,955,2955,-0.708082812569826,2.1277819966887
2,956,2956,-1.00375179685849,2.68656075781797
2,957,2957,-0.874738688198184,1.67160879128158
2,958,2958,-2.09015305559884,0.866222803801003
2,959,2959,-2.33061173146525,1.17745132608915
2,960,2960,-2.60947219129692,1.26035068097192
2,961,2961,-3.15429548645864,1.01524670021598
2,962,2962,-1.67984374343947,2.34992247509672
2,963,2963,-1.69813970070544,1.28416717200006
2,964,2964,-1.4421880817153,1.59889857317743
2,965,2965,-2.16682593824403,0.9970543277241
2,966,2966,-1.71093341613388,1.02691840830569
2,967,2967,-2.78432964780506,1.82815353413145
2,968,2968,-1.62671838051761,1.83269543385632
2,969,2969,-2.00485952173916,1.33303762803722
2,970,2970,-2.84427850514207,1.53226710053428
2,971,2971,-2.73850132379614,1.48099254013587
2,972,2972,-2.42254874154594,1.11658189977628
2,973,2973,-2.34907476560478,2.1941764345267
2,974,2974,-1.79633630318285,1.01803193948697
2,975,2975,-1.53371311041859,1.13635340332903
2,976,2976,-2.02902893148512,2.08863542689522
2,977,2977,-1.07827993748262,1.87009858176476
2,978,2978,-1.6572488190102,2.75538658701306
2,979,2979,-1.28159720090211,2.66805439594087
2,980,2980,-1.31561234499226,2.83595573755515
2,981,2981,-0.78946711953128,2.01386183030678
2,982,2982,-1.72100194394037,1.70763527163168
2,983,2983,-1.64298060930501,1.74811301511985
2,984,2984,-1.72794215778766,1.49887214719056
2,985,2985,-1.36954533679126,2.37227224914692
2,986,2986,-1.72948608989426,2.12892685682767
2,987,2987,-1.2765004440834,1.84167002189025
2,988,2988,-1.1159243530682,1.75955093148847
2,989,2989,-1.84818792680271,1.96063366584558
2,990,2990,-2.12890630590645,1.40971158193933
2,991,2991,-1.99556037129076,1.29438532428038
2,992,2992,-2.10553968775847,1.85658703265306
2,993,2993,-2.42372167767267,1.76669111681781
2,994,2994,-1.71487805702267,2.02917227786964
2,995,2995,-1.69245988817113,1.8840519809487
2,996,2996,-1.53481795198575,1.79543826038512
2,997,2997,-2.08173973629251,1.57923966162542
2,998,2998,-2.13490684066309,1.69966119793042
2,999,2999,-2.2796414613559,1.41070877136348
2,1000,3000,-1.31395248873054,2.7710202936392
2,1001,3001,-2.17700440758855,1.84103466220203
2,1002,3002,-2.45309185705745,1.4787541797158
2,1003,3003,-2.24432585627627,1.22936658405963
2,1004,3004,-2.88928397947725,2.06256603473355
2,1005,3005,-2.80545063514923,1.91464638806244
2,1006,3006,-2.94961685931668,2.01523903468865
2,1007,3007,-3.53299224939365,2.05004652974778
2,1008,3008,-2.35658802981595,2.23627296083792
2,1009,3009,-2.04244946147998,2.45755217352336
2,1010,3010,-1.69151359407103,2.60502934532476
2,1011,3011,-2.63131124095935,1.80376631361817
2,1012,3012,-2.06807270790535,1.45029391073947
2,1013,3013,-2.95518061402365,2.23523251761988
2,1014,3014,-2.23771665721434,1.87612885184912
2,1015,3015,-2.0852775764255,1.82794776693062
2,1016,3016,-2.06515712650469,1.63589562188765
2,1017,3017,-1.74425644104373,2.39049255201243
2,1018,3018,-1.41863225677019,2.20612703439619
2,1019,3019,-1.72700871924653,1.57115833651143
2,1020,3020,-1.76503660400392,1.17483280262596
2,1021,3021,-2.77550852639224,2.09420245650725
2,1022,3022,-2.2481075154459,2.28117033376924
2,1023,3023,-2.47200784262169,1.35761406807002
2,1024,3024,-2.40930520128415,1.40980078624469
2,1025,3025,-2.74077175269189,2.84491012498931
2,1026,3026,-3.03924418202575,2.2138123436196
2,1027,3027,-2.52205740652648,2.27315682824905
2,1028,3028,-2.35880132800106,1.91043702123572
2,1029,3029,-1.34759624196355,1.36179503206861
2,1030,3030,-1.47870870419636,1.55172241006744
2,1031,3031,-1.18375541491446,2.15772095898954
2,1032,3032,-1.13332948877719,2.00152919996761
2,1033,3033,-0.880391178070317,1.93291820089499
2,1034,3034,-1.93160083179095,1.16743491057861
2,1035,3035,-1.46467068048692,1.17909981040841
2,1036,3036,-1.64080394351803,1.8762896256032
2,1037,3037,-2.05642169894272,1.32847345750683
2,1038,3038,-2.23985270393698,1.91020946794599
2,1039,3039,-2.64863003820373,2.42021252279271
2,1040,3040,-2.11440240019683,1.81140004636682
2,1041,3041,-2.40006203832531,2.49093640873784
2,1042,3042,-1.0050066090583,2.51422286330561
2,1043,3043,-1.57551379456825,2.07378466783059
2,1044,3044,-1.25433189549881,2.09042063627726
2,1045,3045,-2.08450069898053,2.18777691302661
2,1046,3046,-2.14674041347245,2.12201026855825
2,1047,3047,-2.85294046490932,1.95889850096907
2,1048,3048,-1.96565230806896,1.5360987862921
2,1049,3049,-1.71814343380995,1.76336210974935
2,1050,3050,-1.90085673955874,1.99910857530517
2,1051,3051,-1.71550773844734,1.68891840013146
2,1052,3052,-1.58969273967319,1.74256722945029
2,1053,3053,-2.08936500571268,1.36309992087879
2,1054,3054,-2.3976925452583,1.09098492653762
2,1055,3055,-3.04571391093965,2.02937547767003
2,1056,3056,-2.10374201110445,1.25730257375582
2,1057,3057,-2.10026470512923,1.96219501483484
2,1058,3058,-2.14479780529796,2.32827442292958
2,1059,3059,-1.4656619685356,1.88419354883034
2,1060,3060,-1.84253177157817,1.63505298981305
2,1061,3061,-2.33133034701236,1.7418961588146
2,1062,3062,-2.20388977728159,1.51946200088725
2,1063,3063,-2.40772648173447,1.53568430931133
2,1064,3064,-2.05650627560392,1.40761627322923
2,1065,3065,-2.45548975782996,2.06573344907433
2,1066,3066,-2.53992747854487,1.62557533335178
2,1067,3067,-2.43808341638412,2.12503215657767
2,1068,3068,-2.80206183769049,2.25260493375767
2,1069,3069,-2.77563661704022,3.02371210473529
2,1070,3070,-2.16036988041657,3.37156859229731
2,1071,3071,-2.04335235470148,2.34578547379055
2,1072,3072,-2.43697618391978,3.0569717560983
2,1073,3073,-2.16989153019108,2.3420315526932
2,1074,3074,-2.50325848856982,2.63505988183009
2,1075,3075,-2.46682035958639,2.63720234065335
2,1076,3076,-0.931394565216772,1.70623869391666
2,1077,3077,-0.44411422983367,1.80858585287092
2,1078,3078,-0.628913692117601,1.96904844201623
2,1079,3079,-1.19726171851165,2.6825689071425
2,1080,3080,-1.20881121073764,2.60825455424696
2,1081,3081,-1.4259713697998,2.2134721426188
2,1082,3082,-1.47423432724864,2.49468180917751
2,1083,3083,0.22400740711128,2.90710124629446
2,1084,3084,-0.831302365448309,2.32933360635491
2,1085,3085,-0.92892535377456,1.90586275821675
2,1086,3086,-1.37133317544307,2.50584223485582
2,1087,3087,-1.2543414547858,1.62524858668163
2,1088,3088,-1.74340480356523,1.30526853081965
2,1089,3089,-2.07670636911764,1.68193496618384
2,1090,3090,-2.19520997169646,1.46211840797387
2,1091,3091,-1.8142349762535,1.03950933016623
2,1092,3092,-2.4697743189584,2.25167040036325
2,1093,3093,-1.831129829479,1.86215954968312
2,1094,3094,-2.02538954506171,2.34013580659239
2,1095,3095,-1.94973196999649,3.65492421619638
2,1096,3096,-2.06445510478299,1.75134155988437
2,1097,3097,-2.05661718651197,1.59316174331637
2,1098,3098,-2.46856172914752,1.8411471990589
2,1099,3099,-2.6830144943608,1.90563106013664
2,1100,3100,-3.10829305494884,2.04601587423183
2,1101,3101,-2.9959155344346,1.90913634568885
2,1102,3102,-2.89704052530892,2.42610320149011
2,1103,3103,-3.42934417768076,1.47822054540404
2,1104,3104,-3.42934409163351,1.83765275199833
2,1105,3105,-2.60510139475345,2.3493841943619
2,1106,3106,-2.78270760451568,2.27343107089244
2,1107,3107,-3.84349055276411,2.22803604496069
2,1108,3108,-2.90061376874829,1.34959323239296
2,1109,3109,-2.7936551599184,1.71087341708256
2,1110,3110,-3.21092270835523,1.73309977974177
2,1111,3111,-2.75243724054771,1.71071432340817
2,1112,3112,-2.53716186710269,1.53542567918977
2,1113,3113,-2.66796170313407,1.40447629871929
2,1114,3114,-2.63261814854678,1.73727407141148
2,1115,3115,-2.3768567402494,1.86878961278324
2,1116,3116,-2.87276651267095,1.95864951801571
2,1117,3117,-2.87507598889717,1.94534212833698
2,1118,3118,-2.76852555595957,1.99700752503235
2,1119,3119,-2.73804738579051,2.35854901426257
2,1120,3120,-2.95171827951597,2.45664466561307
2,1121,3121,-2.57113234589585,2.47905100546459
2,1122,3122,-2.02647429609262,1.90490001444815
2,1123,3123,-2.31964884118262,2.07621679571562
2,1124,3124,-2.07412595617543,1.77278881864067
2,1125,3125,-2.1800592083428,1.07337007244616
2,1126,3126,-2.5175260859867,1.98990634678971
2,1127,3127,-2.89687957734826,1.91520452573642
2,1128,3128,-3.00691333127192,1.61803177511302
2,1129,3129,-2.69889681821313,1.85914230065073
2,1130,3130,-2.53282793777162,1.60152201243987
2,1131,3131,-2.17512827871492,1.46189359090883
2,1132,3132,-2.21940058252181,1.40063654410687
2,1133,3133,-2.38998796902138,1.55417068298891
2,1134,3134,-2.37358231244618,1.53817099144455
2,1135,3135,-2.08161021294319,1.47071798475761
2,1136,3136,-1.41963180606637,1.01929476895799
2,1137,3137,-2.12418628309501,1.96749858935755
2,1138,3138,-1.58919817441525,1.9870782498481
2,1139,3139,-1.57962584230959,1.73828491614244
2,1140,3140,-1.73585839324065,1.96459398384237
2,1141,3141,-2.20349897532255,1.45966111734181
2,1142,3142,-1.78945815165263,2.42336057502616
2,1143,3143,-2.03122131475712,1.58865758879037
2,1144,3144,-1.90699558777497,1.10145564604184
2,1145,3145,-1.93641070563212,1.52351315476064
2,1146,3146,-1.16922792409269,1.02069308749035
2,1147,3147,-1.88387768610448,1.69920830510843
2,1148,3148,-1.44117435445496,1.38884505275994
2,1149,3149,-2.22134186628299,1.56278694499913
2,1150,3150,-2.36968318449514,1.63465685627951
2,1151,3151,-2.78336097017843,1.76921591069325
2,1152,3152,-2.98286994571039,1.55136316000896
2,1153,3153,-2.7284318497781,2.19554255585608
2,1154,3154,-1.97613314212546,1.35964069320337
2,1155,3155,-1.59465173673896,1.49082693838138
2,1156,3156,-1.31368565623437,2.0979350793404
2,1157,3157,-1.74334571033886,2.65481626655408
2,1158,3158,-1.82899936875842,2.6522055827048
2,1159,3159,-2.08080933393476,2.80037023856966
2,1160,3160,-1.68169106194306,2.2247335336035
2,1161,3161,-2.54242489443845,3.0236965130659
2,1162,3162,-2.53105467858806,1.77317933275375
2,1163,3163,-3.44859078179789,1.80621627132001
2,1164,3164,-2.44320080524625,1.70683788388303
2,1165,3165,-3.30159988914478,2.27803011890253
2,1166,3166,-2.13827796190256,1.6645736102799
2,1167,3167,-4.0889668219564,2.75835823225932
2,1168,3168,-4.04133622096753,2.65778368361633
2,1169,3169,-2.90791553261093,1.75959021914302
2,1170,3170,-2.99522893210122,1.77474797201634
2,1171,3171,-2.78600797008366,1.52630886056401
2,1172,3172,-2.83688003332685,1.68230086262922
2,1173,3173,-2.82880513236889,1.4991709355048
2,1174,3174,-2.90652822455603,1.68595310044468
2,1175,3175,-2.85749237835662,1.64321169972582
2,1176,3176,-2.43668886964585,1.58670537796524
2,1177,3177,-2.49737217168282,1.94733698605262
2,1178,3178,-2.59225063304105,1.84537840164009
2,1179,3179,-2.52612484852661,1.47031627171607
2,1180,3180,-3.01408639492243,1.76936689923903
2,1181,3181,-3.11931733912024,2.36290979708714
2,1182,3182,-1.71260618491674,1.31833566876427
2,1183,3183,-1.61835901891918,1.40213558499269
2,1184,3184,-1.53397047371247,1.3832577006212
2,1185,3185,-1.834825238334,2.15030882686147
2,1186,3186,-1.80657936385131,2.16778593011
2,1187,3187,-1.76452591186511,2.58590781903227
2,1188,3188,-1.83370749830427,2.44332394668299
2,1189,3189,-2.21986276974545,1.75524382866987
2,1190,3190,-2.61456922155241,1.67958462306911
2,1191,3191,-2.82372581272773,2.21225328283791
2,1192,3192,-3.08713420674553,2.25510075962359
2,1193,3193,-2.5185330766143,2.01041405275313
2,1194,3194,-2.95402887195139,2.03612944295264
2,1195,3195,-2.24861487071667,1.33773228635727
2,1196,3196,-3.71300694463777,2.78672380384978
2,1197,3197,-3.56857722257875,2.27892875755386
2,1198,3198,-2.07989105955061,1.50251962757815
2,1199,3199,-2.56946585851824,2.09323451666408
2,1200,3200,-2.46438234090709,1.78978500062552
2,1201,3201,-1.83966282805232,2.08271215995432
2,1202,3202,-2.21845609261213,1.46670601452876
2,1203,3203,-1.93390839148535,1.91578360272109
2,1204,3204,-1.94473116942053,1.25694979169665
2,1205,3205,-1.67026159252888,1.40794194972194
2,1206,3206,-2.15429496654023,1.47632576952319
2,1207,3207,-1.46889584102482,1.37676898185337
2,1208,3208,-1.29828044407837,1.02534071643281
2,1209,3209,-1.72361079176241,2.05303630051872
2,1210,3210,-1.64877689712626,1.01806837830195
2,1211,3211,-1.35217137389759,0.974664355949136
2,1212,3212,-1.05924377588663,1.54980972566557
2,1213,3213,-1.54107661640438,1.47393209081286
2,1214,3214,-2.05738277902901,1.35159125275776
2,1215,3215,-2.27937343619735,1.34911218121973
2,1216,3216,-2.66008434462335,2.1715704863952
2,1217,3217,-2.91254259148081,1.7865120078245
2,1218,3218,-2.92408237487792,2.1761010219969
2,1219,3219,-3.66121918428247,2.17201341408306
2,1220,3220,-3.56054780164311,2.53490774874012
2,1221,3221,-2.97173781278388,2.58181196210396
2,1222,3222,-3.62314508794982,1.86513827774885
2,1223,3223,-2.23361167279682,1.344913497946
2,1224,3224,-1.63195705241896,0.877323808611076
2,1225,3225,-1.89092415455802,1.15474047011248
2,1226,3226,-1.21970288477009,1.16291589628089
2,1227,3227,-1.21523904998648,1.25596540987461
2,1228,3228,-1.5209167571303,1.54950510669997
2,1229,3229,-1.333080949695,2.3081097382528
2,1230,3230,-1.71066822640066,2.11581499143717
2,1231,3231,-1.12444648828019,3.06661566844622
2,1232,3232,-1.1214132277598,2.16145915516943
2,1233,3233,-2.44835685881662,1.48392492955478
2,1234,3234,-2.56293309899298,3.01942131453862
2,1235,3235,-2.65720973895129,2.36726460628697
2,1236,3236,-2.35784311423453,2.43503045188189
2,1237,3237,-2.53854841888672,2.39130233296673
2,1238,3238,-2.29333106665557,1.93885900028857
2,1239,3239,-2.41818308155767,1.71388580338763
2,1240,3240,-2.40795764007549,1.8450920194258
2,1241,3241,-2.41580102050852,3.02578193549177
2,1242,3242,-2.46104715062787,2.2203382130864
2,1243,3243,-2.5609280001368,2.11992089204787
2,1244,3244,-1.85664116041497,2.71852314768578
2,1245,3245,-1.9925470092546,2.31511133377463
2,1246,3246,-2.39399812699136,2.57246709328077
2,1247,3247,-2.40002238974422,2.14797165740314
2,1248,3248,-2.04943081086372,1.95418180790885
2,1249,3249,-3.640875761213,1.63467672957796
2,1250,3250,-2.20899599877081,1.20075469477327
2,1251,3251,-2.10864427950301,1.65860171990082
2,1252,3252,-2.90874623708358,1.92263773572365
2,1253,3253,-1.84784010748626,1.6544107795213
2,1254,3254,-2.32747978558551,1.188257492717
2,1255,3255,-2.04850544904564,1.50534862095891
2,1256,3256,-2.01916733122632,1.3443180594188
2,1257,3257,-2.21154582717321,1.47165460006409
2,1258,3258,-1.7431168741745,1.14915804177587
2,1259,3259,-1.41730144154293,1.80868111014162
2,1260,3260,-1.73216190055503,1.69630618826843
2,1261,3261,-1.86801487541449,2.02846272871145
2,1262,3262,-1.43300557955417,1.4596817928329
2,1263,3263,-1.84842770850029,1.49524482718351
2,1264,3264,-2.12659467911568,1.64226217556626
2,1265,3265,-2.67371253114947,1.29222472959859
2,1266,3266,-2.48697638036749,1.52326389294404
2,1267,3267,-2.97724505572792,1.69501602958502
2,1268,3268,-2.15278867636917,1.18475326519769
2,1269,3269,-3.49921940123444,1.64658544360125
2,1270,3270,-2.94664059925913,1.72791211477188
2,1271,3271,-3.21821397771311,1.60051938143861
2,1272,3272,-3.02621980119401,2.13969167780904
2,1273,3273,-3.03083503051289,2.18553389804834
2,1274,3274,-2.76467423192882,1.25382451845873
2,1275,3275,-3.54720666210317,2.62250024360747
2,1276,3276,-1.98021789157128,1.50780516499551
2,1277,3277,-2.05392521237485,1.07511218552551
2,1278,3278,-2.26115271894331,1.08672518551113
2,1279,3279,-1.84418119583978,1.06054312551292
2,1280,3280,-1.89340940979222,1.15789432114977
2,1281,3281,-1.80335862405413,1.35573974613975
2,1282,3282,-1.76449671636236,1.75631054912207
2,1283,3283,-1.13973196255425,1.91576681880485
2,1284,3284,-1.69996537433598,1.55608934376985
2,1285,3285,-1.06701744017371,1.62060761571411
2,1286,3286,-1.7825837723908,2.17636007312815
2,1287,3287,-1.88221960012282,1.80086736408065
2,1288,3288,-1.49592333053596,1.45070123439368
2,1289,3289,-1.42913830656736,1.98877639434959
2,1290,3290,-1.25156214678114,1.9347441904559
2,1291,3291,-1.27686014672226,1.74626548415022
2,1292,3292,-2.17792162070402,1.78520491521888
2,1293,3293,-1.43379277437854,1.49867315492392
2,1294,3294,-2.64696775089358,1.45504035342847
2,1295,3295,-2.17328075721011,1.42516925583173
2,1296,3296,-3.04826262889753,1.7565811389635
2,1297,3297,-3.3114736304388,1.89070197607852
2,1298,3298,-1.88096658533189,1.38687438973561
2,1299,3299,-2.31172237591427,1.69162687135145
2,1300,3300,-2.911648119941,1.83785402133154
2,1301,3301,-2.17277627721435,1.00655538863714
2,1302,3302,-2.34526412469985,1.64753851011459
2,1303,3303,-2.58006876901484,1.65668380490217
2,1304,3304,-2.9721350164996,2.41150512522831
2,1305,3305,-2.13676149129372,2.54659951274284
2,1306,3306,-2.54089954125791,2.5182153980274
2,1307,3307,-3.26502439817999,2.4958209903763
2,1308,3308,-2.97065272603325,2.04986781305521
2,1309,3309,-1.69689935532726,1.73238732891677
2,1310,3310,-2.88951488639488,2.14371394226974
2,1311,3311,-2.26525838563099,1.98798074706097
2,1312,3312,-1.79159873582425,2.77707536312174
2,1313,3313,-2.93971183465264,1.75852702537402
2,1314,3314,-2.77178556993314,2.43997464874736
2,1315,3315,-2.61905629470768,1.89153151222268
2,1316,3316,-2.27238378745797,2.16723256003376
2,1317,3317,-1.57186234592609,1.79866691777222
2,1318,3318,-1.8583509440332,2.47297614540792
2,1319,3319,-1.59745858237351,3.36100422520602
2,1320,3320,-1.55212668868697,3.68209436633899
2,1321,3321,-2.01804013594555,1.86420820364348
2,1322,3322,-2.76134214951814,1.61032669796304
2,1323,3323,-1.77295608921893,1.53157246998337
2,1324,3324,-2.24752094419506,1.51165378464986
2,1325,3325,-2.18460121491737,1.29769382444733
2,1326,3326,-2.14182101927989,1.40381642808263
2,1327,3327,-1.86609049219049,1.82129425311236
2,1328,3328,-2.31760283392473,1.99812466584809
2,1329,3329,-2.14938185740711,2.08097488774358
2,1330,3330,-2.10939717900955,2.10003121264279
2,1331,3331,-1.83575787942685,2.04428905755587
2,1332,3332,-2.18436481994625,1.62943794719118
2,1333,3333,-2.19735243831387,1.9156479710557
2,1334,3334,-2.30680273608937,2.05380340536349
2,1335,3335,-2.24133886386999,2.00646585847635
2,1336,3336,-2.04547259862963,1.90004909805286
2,1337,3337,-2.33939413868714,1.68721466954976
2,1338,3338,-2.51434660158429,1.3106459090652
2,1339,3339,-3.19072461357121,1.35199418939347
2,1340,3340,-2.89283844845391,2.01145295487975
2,1341,3341,-3.43680298140512,2.32679460303336
2,1342,3342,-2.97095431007811,1.96732414356781
2,1343,3343,-3.7572987576382,2.64877540966204
2,1344,3344,-2.5836023266289,2.4406794785436
2,1345,3345,-1.41040663406219,1.90600371126322
2,1346,3346,-2.11023600975081,2.0441914472838
2,1347,3347,-2.07353666427768,1.61902390814591
2,1348,3348,-2.35524249428479,2.45908388113077
2,1349,3349,-1.64480563573128,2.88623544650232
2,1350,3350,-2.16505326721728,3.24803149819814
2,1351,3351,-2.46541205883307,1.84715649489327
2,1352,3352,-2.17744676872253,2.36640596112657
2,1353,3353,-2.2988874280429,1.1816043860985
2,1354,3354,-2.41707820161493,1.3390476341751
2,1355,3355,-1.5116724650968,1.54734945422326
2,1356,3356,-2.26489500092736,1.81681821887927
2,1357,3357,-1.5293100089224,1.82665783026379
2,1358,3358,-1.53034610972847,1.89027347726122
2,1359,3359,-1.77455223064886,2.46368436240235
2,1360,3360,-1.72908225281918,2.17668474360981
2,1361,3361,-2.58288079358003,2.54487534245685
2,1362,3362,-1.74861745030202,1.9521950029201
2,1363,3363,-3.73743562284703,2.18251458492245
2,1364,3364,-1.9691563947963,3.02109658755614
2,1365,3365,-1.85272026475163,3.0178331663132
2,1366,3366,-1.91185123528683,2.32101933211728
2,1367,3367,-2.03742865474689,2.32906221640103
2,1368,3368,-2.12832364162633,2.87756254674485
2,1369,3369,-3.31399904865275,3.04733944682669
2,1370,3370,-2.64785184993056,1.94584645359489
2,1371,3371,-4.46946835482896,2.93167054958464
2,1372,3372,-3.46871756866359,3.70781868538429
2,1373,3373,-3.10903672791896,2.86697405348285
2,1374,3374,-3.70204282234344,3.15280928396474
2,1375,3375,-2.53083588482993,1.84679080678899
2,1376,3376,-2.6393328367518,1.94230191671334
2,1377,3377,-3.06919988108264,2.71028925845943
2,1378,3378,-2.99634964102098,2.75080357834161
2,1379,3379,-2.42514688840141,2.21915263993955
2,1380,3380,-3.12548831553322,2.40520841713302
2,1381,3381,-2.83979257156082,2.13301643895187
2,1382,3382,-3.56800080119315,2.06919827555269
2,1383,3383,-3.91188097462735,3.04389127198154
2,1384,3384,-3.43970065597238,2.65938172705264
2,1385,3385,-3.49217962181108,2.01314811179024
2,1386,3386,-2.69947419289744,1.90632175721487
2,1387,3387,-2.82716879038014,2.18686199572962
2,1388,3388,-2.26732929007712,1.24695280888011
2,1389,3389,-3.24198848644323,1.35517175435617
2,1390,3390,-2.39090535276619,1.38093056764628
2,1391,3391,-2.35643882107761,1.20149991030078
2,1392,3392,-2.45053726038968,1.39963438224225
2,1393,3393,-3.28147771250617,1.73264519518113
2,1394,3394,-2.96136436248845,1.45792017507759
2,1395,3395,-2.31164655435237,1.64168102750802
2,1396,3396,-2.28350517448754,1.60393331490443
2,1397,3397,-2.17155336512922,1.85304760822511
2,1398,3398,-2.90595910264578,2.00014108113962
2,1399,3399,-2.99434403848517,1.6490750472914
2,1400,3400,-3.08258219581922,1.96765141121363
2,1401,3401,-3.01269360155954,2.42707196939592
2,1402,3402,-2.38826304244623,2.99925328038952
2,1403,3403,-1.3849053358209,2.58183622979986
2,1404,3404,-1.1809702849147,2.34272776275635
2,1405,3405,-1.13034569380559,2.2988829303503
2,1406,3406,-1.8463755840001,2.10726975226656
2,1407,3407,-2.03228347449677,2.4164912107064
2,1408,3408,-1.74798299573776,1.49692125914606
2,1409,3409,-1.36273972721643,1.12402882675139
2,1410,3410,-2.31264884531521,1.09479104760472
2,1411,3411,-2.41270054930314,1.28700561769663
2,1412,3412,-3.34015249054814,2.06179601955376
2,1413,3413,-2.64753014393118,1.77321085018893
2,1414,3414,-2.6479556024863,1.77290315187098
2,1415,3415,-3.29688169147532,1.54668561659869
2,1416,3416,-3.01042002410779,1.780068670049
2,1417,3417,-4.31087868831779,1.42574552157363
2,1418,3418,-2.91464242440627,1.27136227168089
2,1419,3419,-3.87693987352371,1.64368071659513
2,1420,3420,-4.37189224861439,2.22178904934068
2,1421,3421,-2.60777906538598,1.25635402881247
2,1422,3422,-3.01705367176812,1.56213170709984
2,1423,3423,-3.0146605196542,1.79241443075176
2,1424,3424,-2.53265526507741,1.4158250199914
2,1425,3425,-2.84184763442737,1.40983041557422
2,1426,3426,-1.85885809549324,1.57366175394792
2,1427,3427,-2.60318852283457,1.37352151678789
2,1428,3428,-2.16429613017477,1.50638030589038
2,1429,3429,-2.25054444894101,1.9168043952256
2,1430,3430,-1.61275781060158,1.62765797508931
2,1431,3431,-0.900667158659117,1.69683375142016
2,1432,3432,-1.95650374428023,1.92234078116932
2,1433,3433,-1.97736673347961,2.50856890626001
2,1434,3434,-2.25306247620389,2.3526891293329
2,1435,3435,-0.908514197912286,1.70783232906227
2,1436,3436,-1.66865587781383,1.72426237087123
2,1437,3437,-2.3491589721519,1.8611560723523
2,1438,3438,-2.07278865056463,2.41630372330845
2,1439,3439,-2.07292768283835,2.4619271081055
2,1440,3440,-2.03190703576254,2.57645873593906
2,1441,3441,-1.75749176744348,2.01728899231645
2,1442,3442,-1.43245178398087,2.37534125443511
2,1443,3443,-1.3424815785226,1.89032801274766
2,1444,3444,-0.863694617041098,2.44768955649626
2,1445,3445,-0.860009918969063,2.31433990870759
2,1446,3446,-1.47674104512305,1.42183561535471
2,1447,3447,-2.20950521562603,1.63203341772273
2,1448,3448,-1.95961126574875,0.928605335924961
2,1449,3449,-2.18028403130468,1.17648112732517
2,1450,3450,-2.14478515726432,1.5477475964203
2,1451,3451,-2.87085279401321,2.37879045833596
2,1452,3452,-3.49800656073631,2.35791769966837
2,1453,3453,-3.11800166774465,1.88982106809824
2,1454,3454,-3.76277712248352,1.83628414954106
2,1455,3455,-3.63284226726541,2.4050673254083
2,1456,3456,-3.29985798583384,2.42425802237134
2,1457,3457,-3.85883532886082,2.10220047291082
2,1458,3458,-2.4167707977683,1.3290038811121
2,1459,3459,-3.41334872827865,1.76151210893456
2,1460,3460,-3.65519800842334,1.96365620602871
2,1461,3461,-2.21597236333737,1.74531863615251
2,1462,3462,-2.49108262772436,1.28483172886481
2,1463,3463,-2.12474390505352,1.58302814195629
2,1464,3464,-2.05298741665088,1.4172205499418
2,1465,3465,-2.27089748467804,1.83390170816689
2,1466,3466,-2.12143897915126,1.58571040731166
2,1467,3467,-1.26650858795776,2.96900191933744
2,1468,3468,-2.25968628600302,2.90593145607341
2,1469,3469,-2.35413583722034,3.15009150186477
2,1470,3470,-3.18339225276465,2.35708058791281
2,1471,3471,-1.48037332737456,2.67844334950105
2,1472,3472,-1.57059043114704,1.5131176731179
2,1473,3473,-1.78193269966341,2.46321343996075
2,1474,3474,-1.49808544545764,2.29598661673408
2,1475,3475,-2.22600450555964,1.98449370712002
2,1476,3476,-2.06556303861068,1.67327022124047
2,1477,3477,-2.21269773883028,1.56153778280404
2,1478,3478,-1.63910813995745,1.14402837404384
2,1479,3479,-1.97436383856903,1.44413279054811
2,1480,3480,-1.82151843444072,1.39103208749301
2,1481,3481,-2.32297643887776,1.28422894610828
2,1482,3482,-2.34083333370451,1.4933687774645
2,1483,3483,-2.8403688561061,1.11818903128054
2,1484,3484,-2.63459816499525,1.02137366473649
2,1485,3485,-2.8126614330167,1.12541645968277
2,1486,3486,-2.53169587987219,1.44533435426483
2,1487,3487,-2.22473535414125,1.21226539017184
2,1488,3488,-2.45848929957511,1.63628981062939
2,1489,3489,-1.9514184166507,1.78009297696402
2,1490,3490,-2.73480355971747,1.74565709875803
2,1491,3491,-2.26472520345107,1.93081970101709
2,1492,3492,-2.26441871276439,1.29814933777741
2,1493,3493,-2.43263048752902,1.61952063274252
2,1494,3494,-2.25676567180493,0.900735817956805
2,1495,3495,-2.36150234057569,2.04583875735884
2,1496,3496,-2.73123052993555,1.71736567728473
2,1497,3497,-2.38185648794321,2.01200006249684
2,1498,3498,-1.86468345406355,1.83482848250082
2,1499,3499,-3.21679365948732,1.49072741784544
2,1500,3500,-3.3828803720293,1.578126616053
2,1501,3501,-2.53327118873595,2.08787744276068
2,1502,3502,-2.69858805425592,1.83499487309459
2,1503,3503,-2.50282246440636,1.93422886431812
2,1504,3504,-2.002531608204,2.36352060456372
2,1505,3505,-1.2986985852028,2.01079979932458
2,1506,3506,-1.00311440357864,1.94698130902066
2,1507,3507,-2.10593117087083,2.13618999782785
2,1508,3508,-2.54832068296626,1.7750913741029
2,1509,3509,-2.47643607285614,2.07325885087505
2,1510,3510,-2.53268498449075,1.594094342101
2,1511,3511,-2.13424327061435,2.022297839245
2,1512,3512,-1.28342486184956,2.30063101290114
2,1513,3513,-0.715051728241109,1.91831457130831
2,1514,3514,-0.458715388312729,2.35802373468485
2,1515,3515,-0.739388197144127,2.03382135388341
2,1516,3516,-1.16538403644765,3.01236843546026
2,1517,3517,-2.98392079772877,1.59445343975741
2,1518,3518,-2.57679591786566,1.63908836455578
2,1519,3519,-2.2869198824216,3.02741055941053
2,1520,3520,-2.72021034180192,2.13248024729838
2,1521,3521,-2.64704118669389,2.10785218426716
2,1522,3522,-2.36281892191284,2.25247491830663
2,1523,3523,-2.34863902741356,1.76052297060295
2,1524,3524,-3.05358902035908,3.4543029089418
2,1525,3525,-3.77409652204119,3.06090149500341
2,1526,3526,-3.07057203255887,1.98617307645368
2,1527,3527,-2.55741005006264,1.71622846147918
2,1528,3528,-2.98857155919069,1.56298481666266
2,1529,3529,-2.47974874135569,1.75512716839848
2,1530,3530,-2.00261372998756,1.42958082238722
2,1531,3531,-2.56946434432346,2.63456016933793
2,1532,3532,-1.98198718100391,2.07836498260882
2,1533,3533,-1.84149045043528,2.01921561788446
2,1534,3534,-2.6364709113814,1.48326245947203
2,1535,3535,-3.04273609752406,1.95407250452806
2,1536,3536,-2.79131861696657,1.89428186640827
2,1537,3537,-2.70681332552165,1.93293472123089
2,1538,3538,-2.67772613423902,1.91281078293833
2,1539,3539,-2.2995164581872,2.72677306280396
2,1540,3540,-1.66567261531493,2.026265131937
2,1541,3541,-2.75238406230384,2.35130066643962
2,1542,3542,-1.90110269003977,1.4108579402783
2,1543,3543,-2.26707433568341,1.95739326967002
2,1544,3544,-2.27482156378498,2.00693326143556
2,1545,3545,-3.21192949764092,2.43706969476115
2,1546,3546,-3.67842684512952,1.53389033977223
2,1547,3547,-1.56539562400163,1.82821404673262
2,1548,3548,-2.4459158592172,1.66758955668327
2,1549,3549,-2.42566550134078,1.24465251596084
2,1550,3550,-2.08831266930135,2.10429132187889
2,1551,3551,-2.12943421545423,1.49590093396215
2,1552,3552,-1.95919384374233,1.22298491879371
2,1553,3553,-1.91055626857684,1.09585492300876
2,1554,3554,-1.6644059931453,1.20276199194031
2,1555,3555,-2.02876924225406,1.96926315453075
2,1556,3556,-2.56243291253171,1.9683501679252
2,1557,3557,-2.66721174152239,2.06797786074859
2,1558,3558,-2.72050345910478,1.52591995396294
2,1559,3559,-2.75921603173101,1.60624779105657
2,1560,3560,-2.7491274802098,1.99877191389774
2,1561,3561,-2.61718321402677,1.48078811077318
2,1562,3562,-3.06070723779802,1.88748850252269
2,1563,3563,-2.48876822579097,1.9994474675635
2,1564,3564,-2.38809337656485,3.04488013207891
2,1565,3565,-1.3537444273404,1.61956688594823
2,1566,3566,-1.06013735978895,1.8872809660059
2,1567,3567,-1.02107383970311,1.69025364264036
2,1568,3568,-1.066828782956,1.88987731918066
2,1569,3569,-1.2307322467586,2.7624331264592
2,1570,3570,-1.18882226429246,3.19799720461948
2,1571,3571,-0.635580419911171,3.61179830255102
2,1572,3572,-0.476818927235979,2.92031004988107
2,1573,3573,-0.551855107524834,3.45582329327211
2,1574,3574,-0.665305109045812,3.25448254323259
2,1575,3575,-0.183061588838959,3.37134870767056
2,1576,3576,0.0134438748567952,2.58517872785556
2,1577,3577,-0.643037370876065,2.70362443798786
2,1578,3578,-1.35894292352153,3.90929697098196
2,1579,3579,-2.97146467605507,1.65363135771694
2,1580,3580,-1.72366788862296,0.989777044395368
2,1581,3581,-1.85860274568502,0.975303125301688
2,1582,3582,-1.97356764323257,1.00161964157161
2,1583,3583,-2.15659532748935,1.01520755540061
2,1584,3584,-1.86926603471581,1.65626334487304
2,1585,3585,-1.96068569357918,1.70246421833529
2,1586,3586,-1.96881047670647,2.13124778811894
2,1587,3587,-1.88309595428221,1.73672381636569
2,1588,3588,-2.36054444187977,1.74279603306678
2,1589,3589,-2.67874357948614,1.29520325271253
2,1590,3590,-2.76139874744319,1.42672367363547
2,1591,3591,-2.49126464860735,1.87508625155591
2,1592,3592,-2.20258357599635,1.73570450083395
2,1593,3593,-2.13056277046357,1.4361065978251
2,1594,3594,-2.46716141706205,2.11544255899169
2,1595,3595,-1.90979520168749,1.66639702563647
2,1596,3596,-1.82446526317948,1.45489024032516
2,1597,3597,-1.90389530562381,1.64726209845888
2,1598,3598,-2.61054664758682,2.1431770002751
2,1599,3599,-1.84019459949549,1.84874788528808
2,1600,3600,-2.33039434631428,2.25373550508115
2,1601,3601,-2.90114879328295,1.75554699255519
2,1602,3602,-2.13300415030246,1.3925885218035
2,1603,3603,-2.02615657405693,2.72175958953321
2,1604,3604,-0.787987522175151,1.79995548396785
2,1605,3605,-0.655786377864806,2.09120238597658
2,1606,3606,-2.7781631030355,2.12842878753646
2,1607,3607,-2.85998344216393,2.22683341139716
2,1608,3608,-1.87813766428824,1.75134935564375
2,1609,3609,-2.18506715041696,2.30476058981857
2,1610,3610,-2.57028491954794,2.02043514774256
2,1611,3611,-2.8067954589586,1.14503231204587
2,1612,3612,-2.16224934588793,0.849916613565532
2,1613,3613,-2.25229428308737,0.848971685695674
2,1614,3614,-1.64558060322496,0.891851435700922
2,1615,3615,-2.10208863950377,1.09082829629086
2,1616,3616,-2.79828111100127,1.03099621488494
2,1617,3617,-2.75082251796506,1.98911367688747
2,1618,3618,-2.35838910180633,1.71071246647298
2,1619,3619,-1.81247873442459,1.05244095722232
2,1620,3620,-2.19928017966775,1.49072597317441
2,1621,3621,-2.09375680683605,1.62983169331851
2,1622,3622,-1.6868661186748,1.66187112003023
2,1623,3623,-2.04420510465105,1.3869606072751
2,1624,3624,-1.11467205956032,1.03799847175725
2,1625,3625,-3.51123485168922,1.9455303486285
2,1626,3626,-2.54708909439275,2.06769377569
2,1627,3627,-2.63673835402187,1.78224768724238
2,1628,3628,-3.18302922240571,2.40413610580372
2,1629,3629,-2.33530242279691,2.04515370346743
2,1630,3630,-2.56966998576662,1.98027789821363
2,1631,3631,-1.85532093596567,2.07302367568881
2,1632,3632,-2.83753735070191,1.4298399270047
2,1633,3633,-3.02259786643825,1.42830739472277
2,1634,3634,-2.68137441552492,2.45691928796227
2,1635,3635,-2.53101749155351,2.45543889004321
2,1636,3636,-1.14945181342896,2.31881622511109
2,1637,3637,-1.79739349349147,2.79730775818599
2,1638,3638,-2.04084757382245,2.66163609914213
2,1639,3639,-2.03937118692194,2.19102807780475
2,1640,3640,-2.14905344263575,2.73300319239367
2,1641,3641,-2.94446335716504,2.90518043356266
2,1642,3642,-2.3232150442743,1.41447141756991
2,1643,3643,-3.07702623225757,1.70860242480915
2,1644,3644,-4.64668597292195,2.18341959487276
2,1645,3645,-2.96352960963664,2.2420412362567
2,1646,3646,-2.80057851231969,1.75008730889785
2,1647,3647,-1.89747170375052,1.94000725502979
2,1648,3648,-1.87234937617874,1.40370204883916
2,1649,3649,-3.10862004567116,1.22431519408442
2,1650,3650,-2.35817898270524,1.98107430282049
2,1651,3651,-2.65176982713648,1.52955447462123
2,1652,3652,-2.2854928904642,2.21416220506279
2,1653,3653,-1.78202754187992,1.78328778779746
2,1654,3654,-2.11708034858294,1.54320561859951
2,1655,3655,-2.38903641029505,1.94811023960308
2,1656,3656,-2.15952172151336,1.57614232309928
2,1657,3657,-2.8575555207649,1.94511521688206
2,1658,3658,-2.84150942660311,1.83834426645971
2,1659,3659,-2.87878564354,2.17521335611018
2,1660,3660,-2.51111559359433,2.11352733184942
2,1661,3661,-2.76283028072324,1.94240078418008
2,1662,3662,-3.27154380248819,2.15630528014863
2,1663,3663,-3.04913565968066,1.86642106483047
2,1664,3664,-3.26467363064478,1.67087769469692
2,1665,3665,-3.20032557321938,1.76108326819349
2,1666,3666,-2.75276920891814,1.3040522648346
2,1667,3667,-1.60005628835711,1.72763987060096
2,1668,3668,-0.985071029308439,1.32125200321387
2,1669,3669,-0.617252592751363,1.61504353341445
2,1670,3670,-1.24886842277063,1.29518655386241
2,1671,3671,-2.48923240494106,1.80593240908918
2,1672,3672,-3.04956029836153,1.88718689429796
2,1673,3673,-2.63898271308493,1.39252789393393
2,1674,3674,-3.4037120197417,2.10062486891133
2,1675,3675,-2.89575091034581,2.71495976015787
2,1676,3676,-3.62588118281177,2.04828635366382
2,1677,3677,-3.02539364984659,2.1096235673582
2,1678,3678,-2.46639490044497,1.88642504376855
2,1679,3679,-2.48325886756626,1.26310536135528
2,1680,3680,-2.57903008060282,1.42095832406981
2,1681,3681,-2.57723874156262,1.53145757617813
2,1682,3682,-2.1421638353518,1.2283128133197
2,1683,3683,-1.76200082318134,1.33923084808268
2,1684,3684,-2.07993663395825,0.953040743282772
2,1685,3685,-1.7939689822095,1.04674151744494
2,1686,3686,-1.66117342767942,1.08903243446772
2,1687,3687,-2.17565431547813,1.19996609898016
2,1688,3688,-1.52933586313948,0.956883275511234
2,1689,3689,-1.95825672991242,1.50459495634333
2,1690,3690,-1.29762259054514,1.18707517833487
2,1691,3691,-2.36872098992862,0.981392862029094
2,1692,3692,-2.11606698736285,1.49707165125187
2,1693,3693,-2.32303141176339,1.68603812572292
2,1694,3694,-2.06038914457544,1.84120986323399
2,1695,3695,-2.34392411292716,1.84521329207817
2,1696,3696,-2.29171133328432,1.82457552290902
2,1697,3697,-2.95478318470835,2.03864702183732
2,1698,3698,-2.78720000890437,2.10887342936898
2,1699,3699,-2.95576044515354,1.29952986980287
2,1700,3700,-2.72057108477534,1.30995139867427
2,1701,3701,-2.85494687833192,1.70953242170659
2,1702,3702,-3.05810884223745,1.56373671155978
2,1703,3703,-3.40087804967528,2.19946287068485
2,1704,3704,-2.47855613185623,1.68561474007887
2,1705,3705,-2.01995114096291,1.5484052718536
2,1706,3706,-2.36601913215597,1.6324223592556
2,1707,3707,-1.40103506936576,1.2608200476433
2,1708,3708,-2.71507931447692,2.19520562107765
2,1709,3709,-2.59323073156607,1.67635633280017
2,1710,3710,-1.77864662160537,1.69986570635561
2,1711,3711,-2.9501911029564,2.14593393037961
2,1712,3712,-1.55073123817853,2.21853272772977
2,1713,3713,-1.62780954432173,2.06200571898447
2,1714,3714,-1.50585999751057,2.03197535535208
2,1715,3715,-1.34579072107946,1.88744868555715
2,1716,3716,-1.8192021884997,2.4123991545963
2,1717,3717,-1.18304089746764,1.61786120720901
2,1718,3718,-1.23199547168853,1.59539548836842
2,1719,3719,-2.37843447595495,1.80304324468772
2,1720,3720,-2.44758479896936,1.38871748390908
2,1721,3721,-2.28151774094416,1.29882669338366
2,1722,3722,-2.27520156910858,1.34196173662005
2,1723,3723,-2.49315554990686,1.85046863249685
2,1724,3724,-2.23927700497109,3.78937575668681
2,1725,3725,-2.29525345369323,1.18915099428976
2,1726,3726,-1.74697793654423,1.57722085574835
2,1727,3727,-1.79288295636505,1.3541878986541
2,1728,3728,-1.57049738650401,1.72023986116223
2,1729,3729,-1.84083600126217,1.22700540506101
2,1730,3730,-1.85929605654621,1.34094889574269
2,1731,3731,-1.56845575086695,1.22548499786556
2,1732,3732,-1.30219030916591,1.11943350081856
2,1733,3733,-2.65203826615792,1.66775595386
2,1734,3734,-1.89650202643938,1.51959157567745
2,1735,3735,-2.60182076776438,1.82069268699617
2,1736,3736,-2.66774297771575,1.77816581572137
2,1737,3737,-2.41173961911021,1.71410556324195
2,1738,3738,-2.59104842705869,1.73624366929626
2,1739,3739,-2.62812879396838,2.02226709342231
2,1740,3740,-1.16379223271147,1.31758523999302
2,1741,3741,-2.1607815704406,1.63552092828139
2,1742,3742,-2.02629725367453,1.49797128593442
2,1743,3743,-2.08096716332925,1.73980393636093
2,1744,3744,-1.41171489425487,1.5744570299663
2,1745,3745,-1.2902314499066,2.01409325926839
2,1746,3746,-1.31572451542036,2.085731704805
2,1747,3747,-1.69722040251188,1.14935178934342
2,1748,3748,-1.7572655852736,1.55472671329855
2,1749,3749,-1.74836544578218,1.78492632041063
2,1750,3750,-3.52635797953956,2.16342078372877
2,1751,3751,-2.65905575630471,2.14776116262141
2,1752,3752,-3.01258422075474,2.74535382281129
2,1753,3753,-2.48857335536708,2.23480403437163
2,1754,3754,-1.77794485062023,1.3051875850493
2,1755,3755,-1.4586337181904,1.14957346231534
2,1756,3756,-1.93951968911989,1.7388891979221
2,1757,3757,-2.38168343040037,1.02722652310505
2,1758,3758,-2.38710784745934,1.65408417255173
2,1759,3759,-2.00941324899934,1.59883719550862
2,1760,3760,-2.8781797148412,2.12882173699081
2,1761,3761,-2.63252800982382,1.73433698028568
2,1762,3762,-2.22082324134533,1.81061797711491
2,1763,3763,-2.28861424933299,1.31665102678599
2,1764,3764,-3.85999640091543,1.65032658935992
2,1765,3765,-2.28561348984383,0.98316037435813
2,1766,3766,-2.42366094523383,1.05623548066889
2,1767,3767,-2.01912754550117,1.01927719318097
2,1768,3768,-2.36758712400057,0.957581285205574
2,1769,3769,-2.73424837142298,1.79863803430605
2,1770,3770,-2.30185303751669,1.37684529709969
2,1771,3771,-2.28985357500696,1.16925023961647
2,1772,3772,-2.33253029811714,2.04697521394392
2,1773,3773,-1.88519845820837,2.13214422198405
2,1774,3774,-2.58232875069623,1.43020444281139
2,1775,3775,-1.68656658949428,2.04720238512139
2,1776,3776,-1.92283209468957,1.82302526710844
2,1777,3777,-1.9077073003411,2.33607445939916
2,1778,3778,-2.03362897650741,3.36352376146982
2,1779,3779,-2.09925173282872,2.90975058426447
2,1780,3780,-2.94436689330558,2.0232470096723
2,1781,3781,-2.80748443170115,2.05278904838538
2,1782,3782,-3.56398666794716,1.58202350458697
2,1783,3783,-3.28045814326624,1.67195729401734
2,1784,3784,-3.08555547943639,1.27748070965066
2,1785,3785,-2.96300778588956,1.37495116252246
2,1786,3786,-2.03163865164149,1.15359697695043
2,1787,3787,-2.54875120980021,2.23932026850359
2,1788,3788,-1.7523655878875,1.47862729640985
2,1789,3789,-2.81579970769714,1.18107138128853
2,1790,3790,-2.64743026837587,1.15467354756807
2,1791,3791,-2.58889594223869,1.46842376128983
2,1792,3792,-2.60301800828768,1.89686785150752
2,1793,3793,-2.68526594331952,1.89025663738737
2,1794,3794,-3.31656490973862,2.92940331012569
2,1795,3795,-2.67717612103408,2.80649861038345
2,1796,3796,-2.75733322347201,2.81159124295676
2,1797,3797,-2.41017694636939,2.0141671824307
2,1798,3798,-2.60983626264691,2.10146903054389
2,1799,3799,-2.72221531244263,2.36023139334982
2,1800,3800,-2.24405689344178,1.94310403106648
2,1801,3801,-1.86173653185339,1.83494667670532
2,1802,3802,-1.80993321243753,1.55457229492854
2,1803,3803,-2.05310164080164,1.85834414682158
2,1804,3804,-2.39199832563362,2.17753240847824
2,1805,3805,-2.5701336985026,2.5198858848248
2,1806,3806,-2.78466918118307,2.64452953645525
2,1807,3807,-1.33734481590893,1.72679363055976
2,1808,3808,-2.11488320353325,1.64200933153641
2,1809,3809,-1.46563241951651,1.66020431425776
2,1810,3810,-1.67845096329427,1.7543794295344
2,1811,3811,-1.27272303671092,1.50227563375297
2,1812,3812,-1.80202050095743,1.00950618158245
2,1813,3813,-1.63004817662499,1.15101588218759
2,1814,3814,-2.05841470163804,1.268077640739
2,1815,3815,-1.73399330921716,1.55338686734608
2,1816,3816,-2.63444301069521,1.54794347513763
2,1817,3817,-2.01348356628774,1.24423990487345
2,1818,3818,-2.20158267040443,1.03715013106863
2,1819,3819,-2.55498276141407,2.03947343806109
2,1820,3820,-2.52824507709787,2.40291972316696
2,1821,3821,-1.5996375014296,1.74386594823365
2,1822,3822,-2.25974099330527,0.987470475421631
2,1823,3823,-1.88356568568481,0.952967814240915
2,1824,3824,-1.87520867217294,1.26973365442784
2,1825,3825,-2.22170414424549,1.04121962173586
2,1826,3826,-2.45970744213259,1.34010835325492
2,1827,3827,-1.84153014235029,1.08119500877767
2,1828,3828,-3.09895696367088,1.60183447095549
2,1829,3829,-3.01296925060114,1.62979555052995
2,1830,3830,-1.92948275839436,1.93524169263177
2,1831,3831,-1.99053837747796,2.13136846727027
2,1832,3832,-1.38968676662275,1.66555296323291
2,1833,3833,-2.00589128995407,1.72633987921779
2,1834,3834,-2.40009496661253,2.4548062383934
2,1835,3835,-1.34918502576411,1.8182510053679
2,1836,3836,-1.7105341655585,1.20944402895001
2,1837,3837,-2.25652339463253,1.29264214331252
2,1838,3838,-2.24170226872289,1.36280700167589
2,1839,3839,-2.15015675686531,1.44004016889357
2,1840,3840,-1.95239137116329,1.49509934115285
2,1841,3841,-2.41846529353726,1.25199568301314
2,1842,3842,-1.65517801048086,2.11977102736856
2,1843,3843,-1.73204514496914,1.18741989079312
2,1844,3844,-2.80153859004804,1.73232062556232
2,1845,3845,-2.07780270882139,1.77275076840878
2,1846,3846,-3.09106608682818,1.8916722619655
2,1847,3847,-2.15626348796532,1.57225792848436
2,1848,3848,-1.68628519067194,1.61358151037985
2,1849,3849,-2.3197609771448,1.89803720820838
2,1850,3850,-2.07548400968799,1.65475564655676
2,1851,3851,-2.91692529670774,2.85227464426344
2,1852,3852,-2.86824550005409,2.91217005041388
2,1853,3853,-2.0640474371191,1.12765066498385
2,1854,3854,-2.2220869510452,1.4539160097497
2,1855,3855,-1.99436897194137,1.60417673443714
2,1856,3856,-2.40761272540385,1.4579545270657
2,1857,3857,-1.86445496215448,1.3571295087831
2,1858,3858,-1.95684353962412,1.43606856963292
2,1859,3859,-1.91149589046272,2.26424896285419
2,1860,3860,-2.48865762283876,2.68667363640442
2,1861,3861,-2.81128244011007,2.03959803030283
2,1862,3862,-3.63920640396778,1.99086970511939
2,1863,3863,-2.48637882687881,2.59406557902952
2,1864,3864,-3.13507529338192,1.61066443108722
2,1865,3865,-2.36285808085533,1.58931934960709
2,1866,3866,-1.95008416304082,1.4551102940551
2,1867,3867,-2.03038848826862,1.67785021611786
2,1868,3868,-3.23230860126451,2.18645973229207
2,1869,3869,-2.66944180586338,1.54608663922342
2,1870,3870,-1.93638404500304,1.32975238469342
2,1871,3871,-2.09778024249547,2.04778813307912
2,1872,3872,-2.09486494351789,2.2694178769528
2,1873,3873,-1.19001329149317,2.32729886729395
2,1874,3874,-2.76145336416807,2.2827566214383
2,1875,3875,-1.84441979919696,1.30684206434983
2,1876,3876,-3.425299603589,2.25506684326424
2,1877,3877,-3.01313949175564,1.80012895348291
2,1878,3878,-3.16345038979879,2.54818704707308
2,1879,3879,-1.66531194764243,1.62769842583454
2,1880,3880,-1.86473790329123,1.72952851575226
2,1881,3881,-2.28699032659166,2.09377304202754
2,1882,3882,-1.53871804167443,1.43270715226224
2,1883,3883,-1.61950888391615,1.73616761685437
2,1884,3884,-2.54859704982278,2.0367604495382
2,1885,3885,-2.26726137325797,1.20320269191161
2,1886,3886,-2.61305340673191,1.33730745956472
2,1887,3887,-2.44411599398378,1.79250152346022
2,1888,3888,-3.28367876376431,1.60703828701985
2,1889,3889,-2.70346968217694,1.5988448984068
2,1890,3890,-1.6667288072108,1.05505169106494
2,1891,3891,-2.31007799335246,0.842442211618521
2,1892,3892,-2.42028053787548,1.21373431884537
2,1893,3893,-2.08552957001691,1.57356030444955
2,1894,3894,-2.18820091821219,1.48248423522477
2,1895,3895,-1.92595907319454,1.32227952156964
2,1896,3896,-1.70286023498536,1.66445776966517
2,1897,3897,-2.0857729402049,1.26915675066462
2,1898,3898,-2.32679098847949,1.47638338319449
2,1899,3899,-2.35364494726272,1.90774030725917
2,1900,3900,-2.87390299267954,1.32009319562133
2,1901,3901,-2.86765653127135,1.09448009941535
2,1902,3902,-3.1025129289843,1.34251677625127
2,1903,3903,-2.86329450666132,1.71274716577779
2,1904,3904,-2.44796590425711,1.62033340216273
2,1905,3905,-1.6884310480859,1.9757636958502
2,1906,3906,-1.87880210171859,1.72504868153956
2,1907,3907,-0.875825022984163,2.38079701482024
2,1908,3908,-0.817085294103481,2.0755294401552
2,1909,3909,-1.83247396013014,1.63699085068777
2,1910,3910,-1.6791831863141,1.6886204620064
2,1911,3911,-2.79618693617829,1.51736314112961
2,1912,3912,-3.20514755302671,1.58246452540852
2,1913,3913,-3.57493676659404,2.38674384668782
2,1914,3914,-3.68499675060218,2.55189198075643
2,1915,3915,-2.26922934864348,1.84128224844542
2,1916,3916,-2.85406894401629,2.09703623135123
2,1917,3917,-3.36598909068046,2.45089648392724
2,1918,3918,-2.95810231500465,2.98043432302879
2,1919,3919,-4.41818283770828,3.03962962176437
2,1920,3920,-4.31286829971103,3.645502367316
2,1921,3921,-3.95965357629831,2.97242136364771
2,1922,3922,-3.33861547060581,3.74029081025273
2,1923,3923,-2.02487653647363,1.24155090857192
2,1924,3924,-2.45179711195719,1.88087595197725
2,1925,3925,-2.83995299287058,1.81016850871325
2,1926,3926,-1.77478379836388,1.80642323049629
2,1927,3927,-1.95439579815793,1.50150818847437
2,1928,3928,-1.91549519871063,1.32617083684475
2,1929,3929,-2.51582845061893,1.34380132065426
2,1930,3930,-1.47316577270069,1.30279774245764
2,1931,3931,-2.66659580438472,1.32134052727972
2,1932,3932,-1.9806263422101,1.30126824109303
2,1933,3933,-2.64355997133742,1.44059845171332
2,1934,3934,-2.5701081691123,1.48175491118908
2,1935,3935,-2.48461773958953,1.42105049600362
2,1936,3936,-2.98763133440212,1.6571313015203
2,1937,3937,-2.0411164295869,1.52666884135375
2,1938,3938,-2.69382133095263,1.32972283162211
2,1939,3939,-3.13790544598472,2.33386587889961
2,1940,3940,-3.08778673972804,2.18161026141636
2,1941,3941,-3.95209100136791,2.21057278438782
2,1942,3942,-3.28278373654055,1.34011562750436
2,1943,3943,-2.91291292750273,1.80532557236181
2,1944,3944,-3.39995456568024,1.75814854059866
2,1945,3945,-2.62453248223614,2.3717194189338
2,1946,3946,-2.02061327451944,1.8258011648563
2,1947,3947,-2.89106591611316,2.04507365366733
2,1948,3948,-1.80099598891447,2.59941257145285
2,1949,3949,-2.13834256222008,2.2701952595512
2,1950,3950,-2.16245711184571,2.1295463901938
2,1951,3951,-2.05437612459638,2.23446292495657
2,1952,3952,-2.530602136274,1.44948252069744
2,1953,3953,-2.67176091156135,1.26822690110478
2,1954,3954,-2.65825081489193,1.6284970261444
2,1955,3955,-2.46276365822843,1.42454106802157
2,1956,3956,-2.92899323479682,1.30951679391958
2,1957,3957,-2.383607188708,1.91736122922222
2,1958,3958,-2.54633373676723,1.8979213591245
2,1959,3959,-2.06365464172889,1.55872694406024
2,1960,3960,-2.59244513894702,2.26869014008362
2,1961,3961,-2.02145135481794,2.05671984004717
2,1962,3962,-2.50676116048083,2.53530210256366
2,1963,3963,-2.09752445995018,2.43290109946141
2,1964,3964,-2.08090047460268,2.4708639851486
2,1965,3965,-1.54791089885315,3.37355772730976
2,1966,3966,-1.61046168652138,2.39034912890005
2,1967,3967,-1.88701691403622,1.86859563765809
2,1968,3968,-2.20698915633086,1.88293861406012
2,1969,3969,-2.11847827442323,1.78835888646157
2,1970,3970,-3.06565107122459,1.4341782541487
2,1971,3971,-3.04916915625933,1.02000463814253
2,1972,3972,-2.59109045198389,3.00101801827056
2,1973,3973,-3.6216463322392,3.23831073272149
2,1974,3974,-1.92910474589724,1.30702410080066
2,1975,3975,-2.56343241599505,1.95495149532394
2,1976,3976,-2.33480224515145,1.9276755727529
2,1977,3977,-2.22927177473108,1.93911484726755
2,1978,3978,-1.87377676876469,1.27281921400414
2,1979,3979,-2.68697013539503,1.60877558732696
2,1980,3980,-2.96683165168247,1.48731350549583
2,1981,3981,-2.03032224797306,1.19458912186034
2,1982,3982,-2.60232311798287,1.50271798563132
2,1983,3983,-1.95812278791945,1.8861613479591
2,1984,3984,-1.31770966286485,2.17241345547897
2,1985,3985,-2.30525336330041,3.0017185687606
2,1986,3986,-2.18730881730178,1.30824340128887
2,1987,3987,-2.59763561836076,2.03199938128044
2,1988,3988,-2.65772755217527,1.59861713970601
2,1989,3989,-3.37038406589507,2.2975669338492
2,1990,3990,-3.50517011727877,2.59156012900109
2,1991,3991,-3.67879548588092,2.69825805384033
2,1992,3992,-3.28902943421107,1.58759071091141
2,1993,3993,-2.9501975697492,1.64462257818549
2,1994,3994,-2.51340424355818,2.22951922154296
2,1995,3995,-1.90766463518185,3.18891222418201
2,1996,3996,-1.94071076026184,2.77612737816729
2,1997,3997,-2.5590943481721,3.14709288041758
2,1998,3998,-2.24276865295739,3.05243581021242
2,1999,3999,-1.94884539259056,2.4727333596491
2,2000,4000,-2.54035368404038,2.71247189673253
3,1,4001,-3.5898429443071,2.48684000396795
3,2,4002,-2.65114823440236,2.22900702330184
3,3,4003,-3.00880719841759,2.13564243314808
3,4,4004,-1.88452796197352,1.11995558171695
3,5,4005,-1.89873799471943,2.12411221941787
3,6,4006,-2.19776748570749,1.34433335156132
3,7,4007,-3.75651725871792,1.6902961335816
3,8,4008,-2.23895249886573,2.32119917556763
3,9,4009,-2.0585118345156,1.2458474160102
3,10,4010,-2.75062642745217,1.45444241249149
3,11,4011,-2.79945539095164,2.15741231769556
3,12,4012,-2.55719526830367,0.982380547329143
3,13,4013,-2.3311919964273,1.27418390883167
3,14,4014,-2.64219993663127,1.64570652293689
3,15,4015,-2.32862925970945,1.93682302680401
3,16,4016,-2.39220827032422,1.86488865623481
3,17,4017,-1.76829146913759,1.85824863724288
3,18,4018,-1.33282801857445,3.06719170129137
3,19,4019,-1.7382694496696,1.89056662247354
3,20,4020,-0.561118713700609,2.64473069901388
3,21,4021,-1.6173150344322,1.72009449467374
3,22,4022,-2.44371512586251,2.70345712407653
3,23,4023,-1.96527931497064,2.31221757304582
3,24,4024,-2.43407695218392,2.4569962991251
3,25,4025,-1.39606042692366,2.13695695164582
3,26,4026,-1.548088081844,2.53993657885558
3,27,4027,-1.27010701610455,1.66254408575792
3,28,4028,-1.27169255306858,2.08410403151016
3,29,4029,-1.17212462782627,2.15035706709106
3,30,4030,-1.37810027476163,2.06556614903088
3,31,4031,-2.45446483122864,1.79764039937739
3,32,4032,-2.18514980200647,2.26358465341682
3,33,4033,-3.48450487945288,1.79070212248146
3,34,4034,-2.15927972934421,1.46237403796339
3,35,4035,-2.32733792733265,1.58122530471539
3,36,4036,-1.53820100109836,0.960453925512041
3,37,4037,-1.78038667960682,0.935986026529407
3,38,4038,-2.28389977050001,1.75917172566524
3,39,4039,-0.959098291453553,2.2380232843129
3,40,4040,-1.03216050368933,1.79235091887832
3,41,4041,-1.27762550022188,0.948000965948746
3,42,4042,-1.19467013141791,2.45562563747513
3,43,4043,-2.53503470160733,2.14560876789938
3,44,4044,-1.79365699570244,1.63077891505531
3,45,4045,-1.80467633907837,1.58140568605548
3,46,4046,-3.38316268604801,1.93550182507767
3,47,4047,-1.9478158948848,2.81938103202411
3,48,4048,-1.84420152119102,3.43548788969881
3,49,4049,-1.91925093061214,3.23824200826412
3,50,4050,-0.711755230814965,2.87287761521836
3,51,4051,-0.693970821942348,1.55711295634898
3,52,4052,-1.58282885121846,3.06911838708977
3,53,4053,-0.915247727363632,2.19692838766203
3,54,4054,-2.74043195745136,2.21890109093156
3,55,4055,-3.32258384114756,2.16886688481966
3,56,4056,-1.79118337932718,1.01772862330156
3,57,4057,-1.91898973247606,1.43291388206476
3,58,4058,-2.85848762141943,2.25437567520562
3,59,4059,-2.05612882961642,1.05677260781193
3,60,4060,-1.56977048853731,2.01818296480231
3,61,4061,-2.80558398149048,1.60543498635112
3,62,4062,-2.4773774752211,1.55145647276364
3,63,4063,-2.27297969556993,1.7825963974309
3,64,4064,-2.23395651051156,1.55991415476893
3,65,4065,-2.44313508215654,2.1115514671574
3,66,4066,-3.0945726713634,2.20940595828238
3,67,4067,-2.74543250547464,1.96961363172609
3,68,4068,-2.41323914260233,1.83993498367232
3,69,4069,-2.30127532678897,2.17848051219156
3,70,4070,-2.59385859194773,1.81090297080421
3,71,4071,-2.12720998820531,1.07202971771874
3,72,4072,-3.49665041215934,3.06695471715297
3,73,4073,-2.93582261986792,2.4577546453691
3,74,4074,-3.54545632654625,2.26609388904912
3,75,4075,-2.857793465078,2.178806582072
3,76,4076,-3.11992299874532,2.20133978511973
3,77,4077,-3.42682421064752,2.06573527926093
3,78,4078,-2.83690711654889,1.36220229137912
3,79,4079,-2.05440225507793,0.779453126260781
3,80,4080,-2.51079647622294,1.63530419259086
3,81,4081,-2.18914727019426,2.04727327572172
3,82,4082,-2.1727581730489,1.21304215771172
3,83,4083,-2.29697735481402,1.57511500993687
3,84,4084,-1.79097499425499,1.55304093527006
3,85,4085,-1.91827650153298,1.64824809259996
3,86,4086,-2.01904327106292,1.31966831574576
3,87,4087,-2.90122814614524,2.15078137032972
3,88,4088,-2.62082823096631,1.74185211940334
3,89,4089,-1.76362830956634,1.81724704120031
3,90,4090,-1.82167145013308,3.02799435940262
3,91,4091,-1.49199478412678,2.22689747860151
3,92,4092,-1.93700314207337,1.35764087249317
3,93,4093,-1.72043677394718,1.60657380493008
3,94,4094,-1.90505205310465,2.14765940519392
3,95,4095,-0.954743685267123,2.57594161122712
3,96,4096,-0.689155468722618,2.17662243260617
3,97,4097,-1.96841438540976,1.27846900115071
3,98,4098,-2.06615953900019,1.95678439533841
3,99,4099,-2.02160220958766,1.50074076835091
3,100,4100,-1.79911372335371,1.47987618758906
3,101,4101,-1.88493256640727,1.47474010337893
3,102,4102,-1.47921314249622,2.38688148445075
3,103,4103,-1.27691913306844,2.36210539025205
3,104,4104,-1.25283652768714,2.30520382013163
3,105,4105,-1.31542296565558,2.30466923567564
3,106,4106,-1.64815643998511,1.17111566035813
3,107,4107,-1.45713410056428,2.58397687227779
3,108,4108,-2.54280503994386,1.93374912315875
3,109,4109,-2.91494549999231,2.43423904018742
3,110,4110,-3.14707351183917,1.89744947514838
3,111,4111,-2.53561698417627,1.4526310369692
3,112,4112,-3.09507056937717,1.58352199825659
3,113,4113,-2.56801364924954,1.69957009637386
3,114,4114,-1.50345383380607,0.954141445148148
3,115,4115,-1.77237708675037,1.42609177114451
3,116,4116,-1.85781918533991,1.96953948408549
3,117,4117,-1.84461417467586,1.72118538369598
3,118,4118,-1.85566961850492,1.88266032966407
3,119,4119,-2.26272547786058,1.57401368159047
3,120,4120,-1.97541758496196,1.99963405920099
3,121,4121,-2.50227604170538,2.03220490115932
3,122,4122,-2.57824487449839,1.86982128647278
3,123,4123,-1.98003061989138,3.05646410289857
3,124,4124,-1.94220886384489,1.59698812503472
3,125,4125,-2.23979964242677,1.42937858760078
3,126,4126,-0.735824953022497,2.73383232632648
3,127,4127,-0.535741615782794,2.13389462954761
3,128,4128,-0.92330235961053,2.49617753152647
3,129,4129,-0.900040712991442,2.00289261689639
3,130,4130,-1.61202491678598,2.53623382259715
3,131,4131,-1.83277593555503,2.90977747156707
3,132,4132,-1.733435802448,2.05491086292247
3,133,4133,-1.83274193227222,2.0991571380679
3,134,4134,-1.64106600879075,2.92328471139446
3,135,4135,-1.48562099123155,2.32055070874348
3,136,4136,-1.44387517581103,2.4266773400983
3,137,4137,-3.98426595734682,1.92400591104567
3,138,4138,-3.35736679725009,1.54738724449244
3,139,4139,-2.21572614059362,1.68190433114121
3,140,4140,-2.60196484808621,1.51807612276431
3,141,4141,-2.92824481672818,1.70855041541078
3,142,4142,-2.81098642062655,1.66065876740266
3,143,4143,-3.00476527025201,1.74277816809129
3,144,4144,-2.93236816321489,1.69129323721576
3,145,4145,-2.29665138534999,2.39507101863932
3,146,4146,-3.15124135844214,1.99883811021762
3,147,4147,-2.8384596731438,1.82483643581432
3,148,4148,-2.66458726861641,1.56757093289938
3,149,4149,-3.2936483914244,2.13021767976005
3,150,4150,-2.26230204141617,1.49764210992061
3,151,4151,-2.40109459902361,3.49357288703311
3,152,4152,-1.37252698434345,1.85313926958698
3,153,4153,-1.6502503823714,2.4685527374076
3,154,4154,-1.73815404563572,2.05645392923539
3,155,4155,-2.01243332594882,1.91754675829476
3,156,4156,-2.36918507979667,2.19404253630123
3,157,4157,-2.53517626919062,1.80955298988961
3,158,4158,-0.833507009871414,1.61986978801278
3,159,4159,-2.07264894726925,1.89097697487335
3,160,4160,-2.46337937042407,2.16885522559272
3,161,4161,-2.86441098104942,1.99776471653345
3,162,4162,-2.83688456355017,2.38781698016524
3,163,4163,-2.69588160227332,2.36450534326752
3,164,4164,-2.45370297396361,2.31409131033598
3,165,4165,-1.65861262221651,0.827302851033605
3,166,4166,-2.2186838727803,1.49456722873378
3,167,4167,-2.2978407579057,1.43744243083172
3,168,4168,-2.86064253805097,1.26945355205728
3,169,4169,-3.07725103664767,2.05659544089946
3,170,4170,-2.8871452919564,1.66594573675718
3,171,4171,-2.09849390577493,2.45852477504728
3,172,4172,-1.94790624542535,1.43551259430833
3,173,4173,-1.66493691393511,1.6955655741085
3,174,4174,-0.932762727490746,2.17439782209652
3,175,4175,-1.37106152975445,1.68628797472241
3,176,4176,-1.38747524680241,1.77650442689435
3,177,4177,-3.24188930705772,2.35801440630231
3,178,4178,-2.22284420839322,1.41646700729751
3,179,4179,-2.92130921546679,1.55659498081373
3,180,4180,-2.1205478509398,3.05474266196527
3,181,4181,-2.26211091540536,2.205590029173
3,182,4182,-2.33341022852894,2.75966009302123
3,183,4183,-1.97633226777837,3.34533979327505
3,184,4184,-1.90472744383112,3.93286224195644
3,185,4185,-1.90400292581938,4.38639400806365
3,186,4186,-1.46819221990346,2.01665654459903
3,187,4187,-1.13436317276086,1.93858361331175
3,188,4188,-1.10053272803295,1.38925918393197
3,189,4189,-1.3653845241342,1.89516831095025
3,190,4190,-1.63265540566959,2.0586202757588
3,191,4191,-1.5345906903186,2.17252690655251
3,192,4192,-1.50294625523527,2.46057285728429
3,193,4193,-0.579687672033224,1.80567171450428
3,194,4194,-1.7705083537031,2.465358977266
3,195,4195,-2.02591388995252,2.67032714718916
3,196,4196,-2.83439726283039,1.57242945679434
3,197,4197,-3.31648080947139,1.80795734437239
3,198,4198,-3.03706492019296,1.81016094385718
3,199,4199,-2.86963662654059,2.11611853394713
3,200,4200,-2.63785521894551,1.18878925690973
3,201,4201,-2.69769664921743,1.6430169809445
3,202,4202,-3.07523448866739,2.19777415814222
3,203,4203,-3.03182205139337,2.25745287995047
3,204,4204,-2.49091353276656,2.02940524543457
3,205,4205,-2.03057781507092,2.01579079267334
3,206,4206,-2.71087341114471,1.65688255851863
3,207,4207,-1.97283042425127,1.65022325771316
3,208,4208,-2.9515747171836,1.61376748358164
3,209,4209,-2.27631588023704,1.23226762828732
3,210,4210,-3.16943841204382,2.18884992459362
3,211,4211,-1.9335186436076,1.85688932714404
3,212,4212,-2.32444055532598,2.05728946062964
3,213,4213,-2.19283911381752,2.11402902345284
3,214,4214,-2.46303109698477,1.50543472824349
3,215,4215,-2.33072103824557,1.32640709325933
3,216,4216,-2.58665054124439,1.16379240105825
3,217,4217,-1.88548182642196,1.52409740845768
3,218,4218,-2.61824630609112,1.58507108684744
3,219,4219,-2.41352292149664,1.15338454759364
3,220,4220,-1.38237011285777,1.0183297807991
3,221,4221,-2.11949034048669,1.12536777597335
3,222,4222,-1.88387461100948,1.02766662482655
3,223,4223,-2.62323520801315,1.44165673536307
3,224,4224,-2.26409762879539,1.52962829590529
3,225,4225,-2.33000640784799,2.27050408537141
3,226,4226,-2.44917236830838,1.96445819489599
3,227,4227,-1.87986006990101,2.45048940242567
3,228,4228,-1.96297652660059,2.23246630460856
3,229,4229,-1.98129444110789,2.33049747632092
3,230,4230,-1.97161602827998,2.39248422589442
3,231,4231,-1.95474436067112,3.27417529018463
3,232,4232,-1.88381755469894,3.05230048880926
3,233,4233,-1.29650161653794,2.65038721642204
3,234,4234,-1.24390307351188,1.956815689351
3,235,4235,-1.7370315252463,2.21709587744523
3,236,4236,-1.81754624811459,2.87172996658185
3,237,4237,-1.52245173620743,3.21114984350623
3,238,4238,-2.35024971686245,2.44267116360785
3,239,4239,-1.58611539768178,1.60976375483976
3,240,4240,-1.48697261563732,1.56617438805797
3,241,4241,-1.56915023887186,1.89875453178454
3,242,4242,-3.35422078719511,1.97766723694189
3,243,4243,-3.8324695415456,2.18554447451983
3,244,4244,-2.28064339851535,1.54440284935083
3,245,4245,-1.54190932601001,2.5204922850762
3,246,4246,-1.79636999499826,2.62692016652341
3,247,4247,-1.47010195924289,1.59802294454248
3,248,4248,-1.6753891946216,1.43489331309279
3,249,4249,-1.66592678564133,2.31766826690793
3,250,4250,-2.1100647399952,1.64971082581376
3,251,4251,-2.05158052009733,1.50782482081523
3,252,4252,-1.98366125733827,1.35761963027325
3,253,4253,-1.85601957392578,1.11499978961414
3,254,4254,-1.99546438832183,1.48908574871961
3,255,4255,-2.12534305895595,1.49164638478536
3,256,4256,-3.35106235150416,1.63099309372044
3,257,4257,-2.74564132516134,1.4484955570097
3,258,4258,-2.29868278721136,1.30034829677905
3,259,4259,-2.85810212964744,1.43677183534865
3,260,4260,-2.66095469247578,1.66580055293719
3,261,4261,-2.74944953819195,2.41524569859447
3,262,4262,-3.06894100931898,1.4251221195157
3,263,4263,-2.38676187985825,1.57068757684866
3,264,4264,-2.41669042770045,0.979289711204622
3,265,4265,-1.6595904607503,0.977291222191275
3,266,4266,-1.91896112385906,1.05015864683447
3,267,4267,-1.7139665400459,1.5428963600288
3,268,4268,-2.70144607717603,1.52891405152501
3,269,4269,-1.27710371200388,2.47284339262944
3,270,4270,-2.63029456934062,1.83823957459806
3,271,4271,-3.00355607142163,1.2561403909914
3,272,4272,-3.07993629366705,1.78989577970794
3,273,4273,-1.66247269483004,1.52601729149514
3,274,4274,-2.44139099196436,1.46692189641832
3,275,4275,-2.5133189037121,1.48711053474031
3,276,4276,-2.4309408528161,1.45720534323421
3,277,4277,-2.19967953970039,2.07728402141195
3,278,4278,-2.72435181967086,1.73880374461656
3,279,4279,-2.05539970929657,1.5771917723979
3,280,4280,-2.40048932574671,1.64105005064012
3,281,4281,-2.98507890725501,1.42882410636483
3,282,4282,-3.42100056891327,1.68379560273357
3,283,4283,-2.46175393215697,2.02388300663551
3,284,4284,-2.35256335028427,1.89360415678511
3,285,4285,-1.88192655275798,1.78788799992381
3,286,4286,-2.32859577181057,1.68702236158384
3,287,4287,-1.7684327531425,1.84012016450393
3,288,4288,-1.80992226897501,1.77671681665794
3,289,4289,-2.40891753229881,2.39522024695996
3,290,4290,-1.58764198006328,1.30393546924449
3,291,4291,-1.87988068297271,1.14705103020476
3,292,4292,-1.72297400962605,1.72893047571593
3,293,4293,-1.59088605958244,2.06751691159803
3,294,4294,-1.45278438826958,1.58869512280305
3,295,4295,-1.03705860044936,1.04567113336135
3,296,4296,-1.65816795992777,1.25335356893456
3,297,4297,-1.27719625567662,1.15855285916519
3,298,4298,-1.47148777370105,0.980719764364381
3,299,4299,-1.77571914185838,1.34057924655456
3,300,4300,-2.48353075281602,1.6482113735085
3,301,4301,-2.4380132260159,1.61012788781425
3,302,4302,-3.08079105259777,1.63504712177037
3,303,4303,-3.44561695343994,1.8432524701042
3,304,4304,-2.56036008276234,1.63229096074827
3,305,4305,-3.06718944281812,2.05519514044667
3,306,4306,-2.5990570298749,2.17191421346913
3,307,4307,-3.28001655663968,2.07162277514217
3,308,4308,-2.20643114065382,2.0537655393326
3,309,4309,-2.46673104789921,2.86469027945615
3,310,4310,-2.91689942627414,2.96512611415054
3,311,4311,-2.85935264664626,3.52074822420123
3,312,4312,-3.26933877243219,2.41264527273794
3,313,4313,-2.17783356119795,1.94203101724855
3,314,4314,-3.04487951951112,1.4577238522084
3,315,4315,-3.05680048113629,1.4632243631255
3,316,4316,-2.30749496585906,1.65035774221839
3,317,4317,-2.35996748306856,1.3940479651602
3,318,4318,-1.44488635870668,2.37190590238053
3,319,4319,-2.06707385243653,1.46193447242389
3,320,4320,-2.68522478849918,1.86556340276521
3,321,4321,-3.16362112856215,1.45413607655489
3,322,4322,-2.0528347486538,1.95871270414012
3,323,4323,-2.2394999265285,1.58514535970602
3,324,4324,-2.97821106762965,2.44052307639289
3,325,4325,-2.48813278966519,2.14420887196254
3,326,4326,-3.07727277064918,2.59935132108371
3,327,4327,-3.04882171369513,2.78366760325081
3,328,4328,-2.42318217095925,1.73461574689698
3,329,4329,-2.68881093075074,1.67936015135523
3,330,4330,-2.64658523236135,1.62247721539585
3,331,4331,-2.37754478708078,1.89552839736441
3,332,4332,-1.9761230984234,1.7192411107631
3,333,4333,-2.25565983518785,2.05689090497953
3,334,4334,-2.18559054870361,2.66159630589099
3,335,4335,-2.50468521851986,2.63110935394816
3,336,4336,-2.25224584547607,1.62254457044695
3,337,4337,-2.81587218673225,1.37702097568351
3,338,4338,-1.6463147070193,2.07088426696933
3,339,4339,-1.28780369123606,1.32785249499809
3,340,4340,-1.9005139734133,1.35877128136559
3,341,4341,-1.90981358318879,1.2529565427987
3,342,4342,-2.15048630896934,1.30541235922168
3,343,4343,-1.89545625892261,1.73153790868802
3,344,4344,-1.69658487141684,1.80492803714289
3,345,4345,-1.6309466110415,1.70357171774917
3,346,4346,-1.71398514339377,1.17007763412069
3,347,4347,-1.6504357480759,2.36117626511641
3,348,4348,-1.21211325772412,2.84304204953189
3,349,4349,-1.09246168701874,2.08077762879043
3,350,4350,-1.29092095564341,1.55525486191873
3,351,4351,-2.20027463449603,2.15731376569439
3,352,4352,-2.14145016575586,1.39289406723315
3,353,4353,-2.64516974202012,2.17817317813461
3,354,4354,-2.64951913686493,2.06503521367585
3,355,4355,-2.24066940129299,1.76016718846028
3,356,4356,-2.20447255444755,1.97292206028329
3,357,4357,-2.61213515033204,1.43609572813529
3,358,4358,-1.88768909979702,2.50209370430517
3,359,4359,-1.10624490938474,1.405485825734
3,360,4360,-1.5667295660681,1.60132573502636
3,361,4361,-1.59127113337702,1.31623577992911
3,362,4362,-2.92810709736126,1.6317577821891
3,363,4363,-2.82415930964647,1.75842990330411
3,364,4364,-2.63846529180877,1.68211849985018
3,365,4365,-2.30404945743371,1.3607756179843
3,366,4366,-1.93232762423511,1.92648821057147
3,367,4367,-2.58752673143401,1.97766171185362
3,368,4368,-1.91103036478725,1.94391417452503
3,369,4369,-2.58580099848802,2.55576335223825
3,370,4370,-2.28960081520788,1.47285098606992
3,371,4371,-2.53256258188153,1.58144217489546
3,372,4372,-1.71446538422495,1.92545569338161
3,373,4373,-2.66529189485911,2.69563886545263
3,374,4374,-1.34066891327,2.74581229726582
3,375,4375,-1.23798996346839,3.26408538962525
3,376,4376,-2.40931181468905,1.73825465258225
3,377,4377,-2.12780101407785,2.66686163819859
3,378,4378,-2.41718760981187,1.48967507474751
3,379,4379,-1.31691207082075,2.6514835848572
3,380,4380,-2.22569838326057,1.80534676520706
3,381,4381,-1.94710212079052,1.98346438677893
3,382,4382,-1.78192884780313,1.92692336638867
3,383,4383,-2.69126195809129,2.28524256650023
3,384,4384,-2.60782764974523,2.50758173343111
3,385,4385,-1.79069424779698,2.07402011764734
3,386,4386,-1.79126745529419,1.39892411594294
3,387,4387,-1.54018902677934,2.76675333568921
3,388,4388,-2.04026648289204,0.898881545356857
3,389,4389,-1.86138863143916,1.05654277005362
3,390,4390,-2.33743131249002,2.27339241591146
3,391,4391,-2.22345302632885,1.5188991277342
3,392,4392,-1.23402895638475,1.31871713639936
3,393,4393,-1.50859739167106,2.15060246590329
3,394,4394,-1.56249849811208,2.15943310469694
3,395,4395,-2.03101472539186,1.70833789837616
3,396,4396,-2.45690625817602,3.1195635963361
3,397,4397,-2.15403189808615,1.67154115322888
3,398,4398,-2.73801412040032,1.68522701529951
3,399,4399,-2.36140580614887,1.94520080351406
3,400,4400,-2.00613459575584,0.983269653597647
3,401,4401,-3.00730114761891,1.25362435017871
3,402,4402,-2.0797673560112,1.96914862342774
3,403,4403,-2.19909591247237,1.67037062115842
3,404,4404,-2.24909241508059,1.75162793089078
3,405,4405,-2.5645318292951,1.71630924083283
3,406,4406,-1.97866912218116,1.63324540087568
3,407,4407,-2.83197359700324,2.14550745285805
3,408,4408,-2.7659777107761,2.60402829249921
3,409,4409,-2.71906337082197,1.86544448951832
3,410,4410,-1.91675615910289,2.00422250597395
3,411,4411,-1.85230523138313,2.04543842827628
3,412,4412,-1.77471012910462,1.78597717533244
3,413,4413,-1.62239752647577,1.43546343762225
3,414,4414,-2.21619478917567,2.56365257725989
3,415,4415,-2.89691710788686,1.53378984555159
3,416,4416,-2.66250764380237,1.89873015090202
3,417,4417,-2.18642239823705,1.80409883282515
3,418,4418,-2.29929556803523,1.78934840329082
3,419,4419,-1.98261659304451,2.6141635959208
3,420,4420,-0.922509899203758,2.45988691849344
3,421,4421,-1.87744769669006,1.91493290336884
3,422,4422,-1.5227294123774,1.89704527009564
3,423,4423,-1.38117547604552,1.96575957092673
3,424,4424,-1.71178461321258,2.01992066366618
3,425,4425,-1.89349244445313,1.90049756774617
3,426,4426,-3.65716698611456,2.04221725868131
3,427,4427,-2.23403674562347,1.70850280668619
3,428,4428,-3.07714070352389,1.75400388335399
3,429,4429,-1.99926407760004,1.37608082081754
3,430,4430,-2.51973334742832,1.72463556421223
3,431,4431,-2.28153598678528,1.41950500085287
3,432,4432,-1.88072637453286,1.42532921711194
3,433,4433,-2.07268659805298,1.64958914053892
3,434,4434,-2.4257097868746,2.07649162740095
3,435,4435,-2.13698809348685,1.62514372090432
3,436,4436,-2.72438462998411,2.00729725463467
3,437,4437,-3.20197454350776,2.02552687560703
3,438,4438,-3.20339901285654,2.14374028469222
3,439,4439,-3.08608816106663,2.01077974705598
3,440,4440,-2.46058756810504,2.10986686136285
3,441,4441,-2.54081778135785,2.32104197073915
3,442,4442,-3.14326987342608,1.6996698357204
3,443,4443,-2.40285363961403,1.31046195197597
3,444,4444,-3.21415625562567,2.17895177096731
3,445,4445,-1.72132544293411,2.60096200649355
3,446,4446,-2.03234220644788,2.558308425114
3,447,4447,-3.12864104291124,1.3453884479464
3,448,4448,-2.16572259469141,1.74930724462996
3,449,4449,-2.03450630229964,2.05431462702973
3,450,4450,-1.66900956348968,1.99900093995137
3,451,4451,-1.79524519677328,1.97183368253486
3,452,4452,-2.0535643915707,1.325968258278
3,453,4453,-1.68613353791359,1.84928386995464
3,454,4454,-2.31256417719092,1.84167552496514
3,455,4455,-2.16864551656765,2.2141171660329
3,456,4456,-2.12438773245739,2.1310170382583
3,457,4457,-2.76875407779934,1.54150980811089
3,458,4458,-2.1091597670815,1.31112621167494
3,459,4459,-1.65931664253165,1.45944204267743
3,460,4460,-1.68469819588374,2.11030821864499
3,461,4461,-2.2309352304264,2.62969747695283
3,462,4462,-2.01817934983615,2.00286814190173
3,463,4463,-2.57542550080489,1.8100272960507
3,464,4464,-1.15394538985105,1.69647518124245
3,465,4465,-2.05656933729465,1.91827012123202
3,466,4466,-1.89012522980849,1.49920554934398
3,467,4467,-1.96230606578848,1.93092005572143
3,468,4468,-1.5904578229901,1.60612612711983
3,469,4469,-2.49010296076055,1.77297256957739
3,470,4470,-2.28451318365296,1.47168345646864
3,471,4471,-2.63758663781987,3.15813427560223
3,472,4472,-3.41771025594277,2.33439637895459
3,473,4473,-3.20364384328108,1.72426934786957
3,474,4474,-2.76845843508209,1.39158085590439
3,475,4475,-2.3625668687502,1.04878381911723
3,476,4476,-2.4027840298922,1.12728848920774
3,477,4477,-1.98283049770997,1.50592240274416
3,478,4478,-1.9430721299135,2.48543584375642
3,479,4479,-1.91462738523239,2.61931772004167
3,480,4480,-1.65044964313998,1.70295791470825
3,481,4481,-1.49593573541174,1.50651268904799
3,482,4482,-3.07881483929189,1.53910422676526
3,483,4483,-1.54755737029881,1.36286210029884
3,484,4484,-1.80575630115982,1.49807395893924
3,485,4485,-1.97275517360787,1.51766281194737
3,486,4486,-2.08982785919662,2.30818279297365
3,487,4487,-2.85587030017264,1.57085397608981
3,488,4488,-2.44413001973421,1.46302080029748
3,489,4489,-2.9639339190606,1.32387454192907
3,490,4490,-1.45329779610409,1.73569338543491
3,491,4491,-1.90248361533497,1.76742462399595
3,492,4492,-2.30730029361464,2.18234672253073
3,493,4493,-2.18458120494268,2.08384262478937
3,494,4494,-2.66871653015276,2.15176682645276
3,495,4495,-2.23043420890558,1.47272376016306
3,496,4496,-3.09433901172896,1.33382283905239
3,497,4497,-2.38795255271526,1.26285396198827
3,498,4498,-2.54124153421692,2.76327939710024
3,499,4499,-2.77816858992098,2.41935925805099
3,500,4500,-2.44314661114577,1.70672588556129
3,501,4501,-2.44713527873406,1.65626124176962
3,502,4502,-3.3125892479421,1.12357343591147
3,503,4503,-3.3076963464359,1.84319783268626
3,504,4504,-3.38652511547341,1.98664920625365
3,505,4505,-2.08886137484829,1.28009572699261
3,506,4506,-2.97513769457204,1.28307024253067
3,507,4507,-3.01001777875535,1.91918392185989
3,508,4508,-2.57477005515756,1.52694319711236
3,509,4509,-2.71797005980376,2.36244124659229
3,510,4510,-2.97892552686715,2.41428701857689
3,511,4511,-2.84170607398956,2.44467360161996
3,512,4512,-1.46620034601912,2.3771184960451
3,513,4513,-2.27380016390823,2.39574239108463
3,514,4514,-2.09638734482978,2.11270281427559
3,515,4515,-2.235066689246,2.05858806990735
3,516,4516,-1.44492789287082,1.52084641870738
3,517,4517,-1.51571876731455,1.66757081287136
3,518,4518,-1.7727115354409,1.51452150060606
3,519,4519,-1.88584666325371,1.49049773226248
3,520,4520,-2.43749178600064,1.74157801068164
3,521,4521,-2.56128740859053,1.52864634209432
3,522,4522,-2.5034639392847,1.42177106066689
3,523,4523,-2.703704898246,1.32698958551147
3,524,4524,-2.03432429980575,1.21713845298599
3,525,4525,-1.89382276982194,1.65680115000466
3,526,4526,-1.57551676349747,1.29570925430358
3,527,4527,-1.25572758389223,1.2600498082839
3,528,4528,-1.94129894593346,1.71231490880799
3,529,4529,-1.43310133443739,2.19333108762788
3,530,4530,-2.64288742893281,2.85134058444412
3,531,4531,-1.51181523336369,1.31876369475226
3,532,4532,-1.39058487899293,1.7191127925789
3,533,4533,-1.57441707588053,1.7278286924475
3,534,4534,-1.77965529888373,1.98016136803181
3,535,4535,-1.91178165039764,1.6400068481096
3,536,4536,-2.89509516049228,1.94979043873166
3,537,4537,-2.17613210521533,1.42008611030109
3,538,4538,-1.87468402279403,1.54103778724861
3,539,4539,-2.00175778142531,1.83469583517442
3,540,4540,-1.86974630352157,1.7677664857065
3,541,4541,-1.86909380137668,1.81708824235415
3,542,4542,-1.59636103269538,2.33243103753473
3,543,4543,-2.02099050316739,1.45047939204466
3,544,4544,-2.33224510797476,1.62772633854467
3,545,4545,-2.34279568718173,1.74799066303439
3,546,4546,-2.27332023354134,1.46179975149097
3,547,4547,-2.36932977844304,1.30530038170942
3,548,4548,-3.01545968025063,2.54073273639309
3,549,4549,-2.83251710230968,2.42226225524169
3,550,4550,-1.9244581799402,2.87526652336411
3,551,4551,-1.85879580194039,2.36896547124199
3,552,4552,-2.07284592284741,2.34009508777285
3,553,4553,-2.22345213879207,2.62943992681837
3,554,4554,-1.69256887779441,2.51905981233442
3,555,4555,-1.23067809106246,1.48752423489534
3,556,4556,-1.37706612612817,1.83088993953276
3,557,4557,-2.20973825276192,1.68057691143534
3,558,4558,-1.9466888908076,1.48569456316865
3,559,4559,-2.571094601109,2.00149790430864
3,560,4560,-1.84663123460108,1.75998908898661
3,561,4561,-2.5049688864619,2.52735405465944
3,562,4562,-2.52849184334506,1.75048314810343
3,563,4563,-2.20338498369143,2.15935453825499
3,564,4564,-1.68030564886498,1.73062448748131
3,565,4565,-1.93953099558888,1.63269031369792
3,566,4566,-1.31926797761531,1.48185128770964
3,567,4567,-1.36340645984988,1.39685856316737
3,568,4568,-0.584264044918184,1.69028083241935
3,569,4569,-1.73536128853507,1.37923089978769
3,570,4570,-2.20108108070542,1.67946270471797
3,571,4571,-2.81256393435577,1.91888469947889
3,572,4572,-2.23425749784564,1.77619144249828
3,573,4573,-2.58865315529988,2.04990479576532
3,574,4574,-2.64033224146081,2.08511991071346
3,575,4575,-0.767997078540522,1.76647461060129
3,576,4576,-1.18760623206516,2.00711937967569
3,577,4577,-1.17576035004243,2.17693348481378
3,578,4578,-1.35842057376679,2.69823556465095
3,579,4579,-1.1222289486792,1.49594935064299
3,580,4580,-0.917230658707749,1.34341464697011
3,581,4581,-1.63483447335426,2.31672834799713
3,582,4582,-1.47262852522245,1.67274415532858
3,583,4583,-1.9001347268712,1.96146320820799
3,584,4584,-3.29200929354492,1.51500063294091
3,585,4585,-2.29031347143572,1.56093792093085
3,586,4586,-2.62209281653199,1.91897176762647
3,587,4587,-3.40651928440169,1.64907771941646
3,588,4588,-2.14897738074832,1.6276217801672
3,589,4589,-2.99288901953354,1.288039808859
3,590,4590,-2.62649761400133,1.80919093155885
3,591,4591,-2.94952661950316,1.80140563846967
3,592,4592,-1.46290967344344,1.13686725008666
3,593,4593,-1.79996914534761,2.09714094973025
3,594,4594,-2.30636497361912,2.93705881868928
3,595,4595,-1.77162125038821,2.34881267545014
3,596,4596,-2.52776266493396,2.84128280082021
3,597,4597,-3.17445907722337,2.26895526898609
3,598,4598,-2.94501793843101,2.89925322841724
3,599,4599,-2.93466933781245,2.01947958330663
3,600,4600,-1.58852841801489,1.54510965591447
3,601,4601,-1.53985066248332,1.99881309248893
3,602,4602,-1.2526563428467,1.74132656443433
3,603,4603,-1.71837701422839,1.5498678965379
3,604,4604,-1.90417555936708,1.32759026664772
3,605,4605,-2.32362195211349,2.50571452617937
3,606,4606,-2.99906238573726,2.08170730390197
3,607,4607,-2.39537740120637,1.69428315920284
3,608,4608,-2.47388883126391,1.65115549246523
3,609,4609,-2.38193208501056,2.32779911241683
3,610,4610,-1.6687486736585,1.17817196678632
3,611,4611,-1.9848917564725,1.54776066106424
3,612,4612,-1.86726129144833,1.49632744364914
3,613,4613,-2.20854914894124,1.59991506787219
3,614,4614,-2.03344494677985,1.42779749975136
3,615,4615,-1.45291116029675,1.90604704337006
3,616,4616,-1.91124070051658,1.45162260084169
3,617,4617,-1.24654411251509,1.17529465229894
3,618,4618,-2.03593896634711,1.4464824917901
3,619,4619,-2.55685641715609,2.05698346026804
3,620,4620,-1.94361947161633,1.31740748064768
3,621,4621,-3.23002211411825,2.23401443633209
3,622,4622,-2.7547828387793,1.94429869545298
3,623,4623,-2.86232913045394,2.21643665054843
3,624,4624,-2.63042053762279,1.75076657340041
3,625,4625,-2.10318759504178,1.34004469390533
3,626,4626,-2.0787724848971,1.33096483177244
3,627,4627,-2.14803523441673,1.26747026610186
3,628,4628,-2.10798615971084,1.30314763910404
3,629,4629,-1.95456575387616,1.15188170330107
3,630,4630,-2.74000694912025,1.6281416698909
3,631,4631,-2.21793677826195,1.41401021962775
3,632,4632,-2.19762453302301,1.24111198221703
3,633,4633,-2.0554634608814,1.02490802314105
3,634,4634,-1.59634381532454,0.961763190913396
3,635,4635,-1.44672641440542,0.747304858857639
3,636,4636,-0.92254384882127,1.43744674990136
3,637,4637,-1.61897966030543,1.70061730581944
3,638,4638,-1.57764018160216,1.75729213131079
3,639,4639,-1.84891770976846,2.08438924678698
3,640,4640,-1.78992552872889,2.18319059787105
3,641,4641,-0.595632504265154,2.08789648168876
3,642,4642,-2.52155503555005,2.05030132393975
3,643,4643,-2.83515903007677,1.75160421697342
3,644,4644,-2.6921400365605,1.64026341915678
3,645,4645,-2.4658183425674,1.67705575832868
3,646,4646,-2.65801385666368,1.49839644633207
3,647,4647,-2.85135710690265,1.7622569081274
3,648,4648,-3.38359159710054,1.11349090307461
3,649,4649,-2.34939419594442,1.4496727526794
3,650,4650,-2.26246978375441,1.54019746278475
3,651,4651,-2.69082769489926,2.42898981510285
3,652,4652,-1.91887693681232,1.76245493515638
3,653,4653,-2.12844639972048,1.58714118958391
3,654,4654,-1.86765485242361,1.58333360656041
3,655,4655,-2.75774370018306,2.02888108551411
3,656,4656,-2.13330281602527,1.55157686002232
3,657,4657,-2.97828610436026,1.90941276374029
3,658,4658,-4.21549860926144,2.19524964801649
3,659,4659,-3.63487345830838,1.83541081182955
3,660,4660,-2.71485376565927,1.60561304732496
3,661,4661,-2.72561402306394,1.9998644955966
3,662,4662,-2.36449040755344,2.1569393059957
3,663,4663,-1.82607493313221,2.25844128432676
3,664,4664,-1.98617387266535,1.76589691970564
3,665,4665,-1.98760607641976,1.75169658051774
3,666,4666,-2.88812545572031,1.90303817495816
3,667,4667,-2.59694752572495,1.61223052100274
3,668,4668,-2.62482733629386,1.7722517250408
3,669,4669,-1.80157386124764,1.03714611301272
3,670,4670,-2.49346709128175,0.837983984574175
3,671,4671,-2.09505244521426,2.34121291756567
3,672,4672,-1.76776950284756,1.0225543784239
3,673,4673,-1.41748309134763,1.51124258439953
3,674,4674,-1.25080200879734,1.64217368474432
3,675,4675,-1.73293069383949,2.15982163906534
3,676,4676,-2.58158161650014,1.68835137006496
3,677,4677,-2.82373502431577,2.42087632044898
3,678,4678,-2.40854544852663,1.79848523248419
3,679,4679,-2.31438020361661,2.4402179840836
3,680,4680,-2.93248820159381,1.75604655360872
3,681,4681,-2.28899248270517,1.28603719026255
3,682,4682,-3.29521762158576,1.61921819604373
3,683,4683,-2.32015165874018,1.24460357717064
3,684,4684,-3.03853319331132,1.64683037153167
3,685,4685,-2.60507627044475,2.37214038477374
3,686,4686,-1.71876089291217,1.6403812889523
3,687,4687,-2.45693087225276,1.91156393635866
3,688,4688,-3.11977387937608,2.32282214872652
3,689,4689,-2.5940886502673,1.90842829225039
3,690,4690,-2.67918266571021,2.01955578394272
3,691,4691,-1.84526282641691,1.31575338227127
3,692,4692,-2.31431332329987,1.9493596264472
3,693,4693,-2.13448168824827,2.17691318498325
3,694,4694,-1.02808840069088,2.75647638802953
3,695,4695,0.17725898759543,3.1836207303919
3,696,4696,-1.19507487638386,1.80953207359666
3,697,4697,-1.28678886783338,2.37429287195153
3,698,4698,-1.65592452186474,2.72488821864794
3,699,4699,-2.12642773738038,2.03424245974588
3,700,4700,-2.27441599318787,1.70750644283839
3,701,4701,-2.48591803446182,1.86968835140236
3,702,4702,-2.15976926494384,2.21775749736727
3,703,4703,-2.30267907491588,1.50115625219783
3,704,4704,-2.67390251949174,2.0326894024154
3,705,4705,-2.91804313162195,2.9982777466915
3,706,4706,-2.35396732236672,1.73042543159242
3,707,4707,-2.47003182761823,1.93060491260309
3,708,4708,-2.85983466756127,1.94832311434399
3,709,4709,-1.44445068251895,1.49251385536163
3,710,4710,-1.46984869526893,1.65206517569779
3,711,4711,-1.58932946301703,1.89910079319578
3,712,4712,-2.01590926885049,2.06946176746931
3,713,4713,-1.62776175410859,2.03399097040896
3,714,4714,-1.43792700999688,2.04321145429602
3,715,4715,-1.53862519088302,1.56639480504559
3,716,4716,-1.8696707646298,1.40540462401202
3,717,4717,-1.93633962567762,1.60584348062604
3,718,4718,-2.32446034547659,2.2664152048751
3,719,4719,-1.73888044342025,2.21775466559234
3,720,4720,-2.5721987487694,2.30437130619587
3,721,4721,-1.69134620258973,1.70705054966919
3,722,4722,-2.94189826314894,3.03774923733069
3,723,4723,-1.74785375704304,1.74372981221982
3,724,4724,-2.53670577626388,1.31845467444271
3,725,4725,-2.19293846864419,2.12776492412688
3,726,4726,-1.30930977938197,1.80333586526959
3,727,4727,-2.36499512697368,2.33782148258848
3,728,4728,-2.00176746878339,1.1588102655969
3,729,4729,-2.02280028617521,1.97840130213487
3,730,4730,-2.30507739537635,1.38178532672747
3,731,4731,-3.51594749238916,2.71072359011478
3,732,4732,-3.46032077768853,2.61669283548155
3,733,4733,-3.09311624748704,2.35215842285866
3,734,4734,-2.55715433520503,2.03713796421162
3,735,4735,-2.50178908951107,2.00672416531658
3,736,4736,-2.82160076470447,1.58572845825125
3,737,4737,-2.74739213142258,1.78283370338178
3,738,4738,-2.4882011673949,1.5447485279639
3,739,4739,-2.74109277304032,2.05208033464029
3,740,4740,-3.05101938755812,2.62743531263132
3,741,4741,-2.23586360672283,1.61168706347969
3,742,4742,-1.96381472502509,1.83929072351603
3,743,4743,-1.65269085559416,1.66014341720111
3,744,4744,-1.59705657279183,1.82788335264651
3,745,4745,-1.74238056313965,2.10998803764596
3,746,4746,-1.64093989389065,1.73234956095371
3,747,4747,-1.89320100539686,1.73823006586152
3,748,4748,-2.07125430851466,1.7617094435952
3,749,4749,-2.11990905349954,2.28327572852654
3,750,4750,-2.23526845332706,1.99331111409385
3,751,4751,-2.77420240946822,1.82826292641863
3,752,4752,-1.86898985528977,2.04561019315578
3,753,4753,-2.50132149422826,1.66007181880899
3,754,4754,-1.92664735353356,1.38507334360473
3,755,4755,-2.09500059665273,1.67827016387638
3,756,4756,-2.25300131158526,1.94287393882852
3,757,4757,-1.36886685904246,2.20719780969774
3,758,4758,-0.648450264001442,1.73579615876756
3,759,4759,-0.72896842441802,2.3330553737072
3,760,4760,-1.43713453624076,2.22449461181459
3,761,4761,-1.30801505134385,2.15176783024115
3,762,4762,-0.501275556066444,2.47913848574121
3,763,4763,-2.09099259836203,1.39104893953248
3,764,4764,-2.04285566452995,1.99443253087437
3,765,4765,-2.78348740305423,2.31953414514336
3,766,4766,-2.26349449905509,1.74037007254377
3,767,4767,-3.39560015695653,1.76818745001335
3,768,4768,-2.57295911832798,1.59127198785268
3,769,4769,-3.21175811256586,2.1543760919691
3,770,4770,-2.40128069981685,1.5921391528208
3,771,4771,-2.68361750429621,2.11046188193171
3,772,4772,-2.85035348563563,2.55578675607635
3,773,4773,-1.88821597427123,1.23875628157701
3,774,4774,-2.46502379801595,1.2081648060988
3,775,4775,-2.09006542003871,1.5651119080518
3,776,4776,-2.16263198382566,1.72105140457724
3,777,4777,-2.24237535705637,2.56200934423742
3,778,4778,-1.67948329724624,2.23499475008321
3,779,4779,-1.40308039381767,1.18897740350972
3,780,4780,-1.53795641118664,1.22253834516959
3,781,4781,-2.02331411217832,1.48512188279836
3,782,4782,-2.50445019613965,1.69158337476741
3,783,4783,-1.75453791376317,2.12262100320153
3,784,4784,-1.56395079853038,1.52373716088243
3,785,4785,-1.70295660848624,1.45710197507133
3,786,4786,-2.79695333934341,1.51034836945948
3,787,4787,-2.44694174829272,1.20272625325303
3,788,4788,-2.25222473530373,2.64491568703309
3,789,4789,-1.85673831381155,2.16045669476086
3,790,4790,-2.20201928940868,1.30763238024482
3,791,4791,-3.06366919143259,1.95707347063681
3,792,4792,-2.80522143458464,1.96164992268519
3,793,4793,-2.04880327557227,1.19993440168243
3,794,4794,-1.76102243055095,1.99326966848951
3,795,4795,-1.46526189391409,2.21720696401649
3,796,4796,-2.11067568090311,1.68538502877909
3,797,4797,-2.55232353077671,1.89161627312829
3,798,4798,-3.03325573593333,1.68484949010573
3,799,4799,-2.5233317782154,1.52889455265161
3,800,4800,-2.48942885366198,1.57458291955299
3,801,4801,-1.94211437749917,1.53843853106543
3,802,4802,-1.94299363311772,2.02914081495845
3,803,4803,-2.52328132174674,2.99880118035407
3,804,4804,-1.88422974696874,1.72537928009363
3,805,4805,-2.29508591467131,1.56603041695726
3,806,4806,-2.14579838505225,1.27009969108782
3,807,4807,-2.19945567827524,1.38978008739089
3,808,4808,-1.98612108739893,2.29236196243187
3,809,4809,-2.8626343056735,2.11969806428795
3,810,4810,-1.98532846007258,1.27954850360374
3,811,4811,-2.20333936870606,1.51894489136847
3,812,4812,-2.0807120492124,1.60994824159775
3,813,4813,-1.90446366341884,1.924467456033
3,814,4814,-1.82543847104276,1.88933083832587
3,815,4815,-2.00434236992943,1.55763158272
3,816,4816,-2.75595489190242,2.10010365310245
3,817,4817,-2.39811816817077,1.35310177597092
3,818,4818,-1.51827060439425,1.37577524703213
3,819,4819,-2.37139068544182,1.22375691663587
3,820,4820,-2.3179534624348,1.71610236095072
3,821,4821,-2.44946693067732,1.41060544813021
3,822,4822,-1.35790469262834,2.61535984105268
3,823,4823,-1.95812086653011,1.30551386633153
3,824,4824,-1.51491813495921,1.18621951447138
3,825,4825,-1.72152923442894,1.65204410035135
3,826,4826,-2.91100169836365,2.02898214868459
3,827,4827,-1.99841147737414,1.96483019058893
3,828,4828,-2.45179464679932,1.4743972022263
3,829,4829,-2.15385648026783,1.72094830239027
3,830,4830,-2.58787083042159,1.69713279247822
3,831,4831,-1.43224346759234,2.35224817847908
3,832,4832,-0.985181737892658,1.74803697123767
3,833,4833,-1.00026783289132,1.76591944363864
3,834,4834,-1.24846880125657,3.0261209606194
3,835,4835,-2.8868256766466,1.73486535567463
3,836,4836,-2.08697978115586,1.72020492622615
3,837,4837,-3.05472269621196,2.29203247796824
3,838,4838,-1.76574825565517,2.50624595896042
3,839,4839,-1.88048134596491,2.1714573144198
3,840,4840,-2.48167332044168,2.04378760668715
3,841,4841,-2.21762654096735,1.56556930549406
3,842,4842,-2.12979852810141,1.49300636078561
3,843,4843,-1.80122624827445,1.42368651839932
3,844,4844,-1.65590244819292,1.48191138944142
3,845,4845,-1.64412932028296,1.43391090432852
3,846,4846,-2.05564677389127,1.21107298022155
3,847,4847,-1.86732079129572,2.11785580449065
3,848,4848,-2.43563319761394,0.971635203077594
3,849,4849,-2.55760219380793,1.37555947051372
3,850,4850,-2.7388721680654,1.80842142514394
3,851,4851,-2.81659293441881,1.40192086526938
3,852,4852,-2.95165427743398,1.29594190746281
3,853,4853,-2.59273126100715,1.87192785294939
3,854,4854,-2.09372822380209,1.37778032605921
3,855,4855,-1.56882471322155,1.53700078400183
3,856,4856,-3.30191948840919,2.10789755132395
3,857,4857,-2.18825508106568,2.29853747558805
3,858,4858,-2.93223946890943,1.96938027585104
3,859,4859,-2.90502827780124,1.63099239248296
3,860,4860,-3.74538246022877,2.51368074022401
3,861,4861,-2.94506972775327,1.42068755384188
3,862,4862,-1.79691873194774,2.39143953451478
3,863,4863,-1.82811488407569,2.15582913814366
3,864,4864,-2.79727897634912,2.76282290002923
3,865,4865,-2.63577945981849,2.95555539905467
3,866,4866,-3.27461251636333,1.52678144273671
3,867,4867,-2.38981052029353,1.78088497737406
3,868,4868,-2.26923757288314,1.63633810686475
3,869,4869,-1.68619883470867,1.34155097033691
3,870,4870,-2.39941741357091,1.88467851658543
3,871,4871,-2.75839560486637,1.9025981738592
3,872,4872,-3.55626181191101,1.89589136835455
3,873,4873,-2.52101412328796,1.47815936647139
3,874,4874,-1.95076266744595,1.64386849896191
3,875,4875,-1.58444363965352,1.79655877626541
3,876,4876,-2.61398820584302,2.14463676563585
3,877,4877,-3.04555191389221,2.32394847631421
3,878,4878,-2.16010330648127,1.24027662329948
3,879,4879,-2.46063469489008,2.00490591181216
3,880,4880,-2.07603040207077,1.13304978882708
3,881,4881,-1.3724336152148,0.995943778237771
3,882,4882,-1.78999888959302,0.907317586988957
3,883,4883,-3.118926128647,1.43524069540462
3,884,4884,-3.0882165092965,1.36180540475196
3,885,4885,-3.36113586751324,1.60845769123257
3,886,4886,-2.46373359790686,1.36116776173611
3,887,4887,-1.64961703487668,0.86186097488382
3,888,4888,-2.03612066351593,3.27691326419034
3,889,4889,-2.25775932884761,2.0088254561875
3,890,4890,-1.92521593495242,1.76551571910403
3,891,4891,-2.23099545844064,2.3564086719667
3,892,4892,-2.30381329483969,2.78449418720922
3,893,4893,-3.03942270974193,3.12046405660698
3,894,4894,-2.61680314507816,2.10648427222062
3,895,4895,-2.80520006595009,2.35820418371303
3,896,4896,-2.51747903393595,2.23041452102894
3,897,4897,-3.01221896934538,2.25271755868045
3,898,4898,-2.7101839645071,2.124214945429
3,899,4899,-3.0749095293093,2.23864944099775
3,900,4900,-3.54480466868681,2.36874779276949
3,901,4901,-2.67511534135606,1.70249373714738
3,902,4902,-3.34659096105859,2.30757001206053
3,903,4903,-2.88188818710397,1.44345516515639
3,904,4904,-2.60125286362605,1.46785256177974
3,905,4905,-2.3876739942538,2.84651038501665
3,906,4906,-2.38347777437577,1.85132930771525
3,907,4907,-2.85598392047527,2.76034613947876
3,908,4908,-2.39053784703313,1.30289879927223
3,909,4909,-2.27560517356692,1.27238747147938
3,910,4910,-1.96858994008913,1.80047755989119
3,911,4911,-2.1594567355479,1.85506184038944
3,912,4912,-1.86483885918425,1.92442076143865
3,913,4913,-2.66558036864044,2.44251519345082
3,914,4914,-1.42777155058447,0.793855058794921
3,915,4915,-2.67008512058812,1.27208214663724
3,916,4916,-2.48986505276609,1.14434922751331
3,917,4917,-1.7297404180643,1.12610972956595
3,918,4918,-1.69279584609561,1.42180443571743
3,919,4919,-1.46604238178627,1.58062289931894
3,920,4920,-1.86084200561399,1.78367727260281
3,921,4921,-1.52189906375449,1.76452898804843
3,922,4922,-2.05569314610502,1.67071548731808
3,923,4923,-1.20763864939187,1.37557845740625
3,924,4924,-2.01931108617882,1.35273085176894
3,925,4925,-1.92025401234007,1.64198258749567
3,926,4926,-2.04218653519011,1.70659409790727
3,927,4927,-1.23885966810573,1.59054030397249
3,928,4928,-1.61787073160826,1.89908643347666
3,929,4929,-3.09263682928482,1.71554040667983
3,930,4930,-2.52828586435764,1.36386908457162
3,931,4931,-3.17349260423149,1.46199494464856
3,932,4932,-3.28764044668479,1.7128449927333
3,933,4933,-2.4245397089993,1.86184415277739
3,934,4934,-2.32087104598531,1.74973484780101
3,935,4935,-2.17892705742987,1.3656113737522
3,936,4936,-2.67685704614522,2.05006295530586
3,937,4937,-2.83907156626789,1.29692007171863
3,938,4938,-1.69214125282256,2.45253380978428
3,939,4939,-3.33496990582564,1.73431339829754
3,940,4940,-3.16877065005181,1.8999181848021
3,941,4941,-3.34306041643599,1.92119418511884
3,942,4942,-3.96263974264904,2.53568323694808
3,943,4943,-4.00048531001924,2.40256567334546
3,944,4944,-3.63246865081503,2.4639839244215
3,945,4945,-2.19547392979994,1.87935957655692
3,946,4946,-1.91485552208992,1.6636254356854
3,947,4947,-2.78066870273412,2.19015977242864
3,948,4948,-1.95796285301638,1.92597846391726
3,949,4949,-1.86307526977435,1.87895186073247
3,950,4950,-2.24445754130995,1.22726083574605
3,951,4951,-2.55307552868948,1.48538185796435
3,952,4952,-2.11115672976747,1.19850618113677
3,953,4953,-2.56250566264222,1.71352015769914
3,954,4954,-2.88536074578061,2.16360395583637
3,955,4955,-2.01707946944701,1.55742225893908
3,956,4956,-1.95654650017688,1.32776917669016
3,957,4957,-3.62607119612781,2.22477111710922
3,958,4958,-2.495379750556,2.45208414222578
3,959,4959,-2.51771133565748,2.21764883912242
3,960,4960,-2.16147353443034,1.51774367596035
3,961,4961,-2.1801774629512,1.5917932002163
3,962,4962,-2.59858399774043,1.46100997835757
3,963,4963,-2.27639277020786,1.37264289801793
3,964,4964,-3.46811613282642,1.57875659250433
3,965,4965,-1.81735826504321,1.08364089115247
3,966,4966,-1.94227257487309,2.07056720782032
3,967,4967,-1.47434836517451,2.44403770675493
3,968,4968,-2.72955013514279,1.82842178463944
3,969,4969,-3.04755830437019,2.64830002309352
3,970,4970,-3.20034811310543,2.64193358047086
3,971,4971,-2.63142602713671,1.27558546233432
3,972,4972,-2.54103835856297,1.92270047601144
3,973,4973,-2.9566419629193,2.15928911324175
3,974,4974,-2.50153229983456,1.95084657255893
3,975,4975,-2.24653929384146,2.37458676042849
3,976,4976,-1.9062793476834,2.38152100233952
3,977,4977,-2.26997337379215,2.52644530749962
3,978,4978,-1.2177956818834,1.70564792914686
3,979,4979,-2.63720699427609,1.82951189908003
3,980,4980,-1.37088716520106,0.820920581587009
3,981,4981,-2.65506767625554,2.10564402771219
3,982,4982,-1.547167646467,0.791389651002007
3,983,4983,-2.25545334045917,1.08492076415613
3,984,4984,-2.53558291514009,1.73441988100475
3,985,4985,-2.88992713875309,2.6171528988323
3,986,4986,-4.48361963608584,3.1567376558653
3,987,4987,-4.62251619561758,3.17237397836814
3,988,4988,-4.40127998591283,3.00108880653552
3,989,4989,-3.71748610645325,2.38422234614417
3,990,4990,-2.01153886870702,1.49647079581991
3,991,4991,-1.79047684500096,1.9601945442584
3,992,4992,-2.05657782403715,1.84574209491117
3,993,4993,-1.84074461284113,2.02543808209049
3,994,4994,-1.91166238642557,2.60993451871759
3,995,4995,-1.9431611586928,1.72400950648473
3,996,4996,-1.87976604834192,2.16563243181608
3,997,4997,-2.52872172574565,2.2774620264876
3,998,4998,-2.61505425740297,1.61308067592246
3,999,4999,-2.4057514848758,2.07021721724651
3,1000,5000,-2.2042120987055,0.951880247076784
3,1001,5001,-2.91378069323706,1.77737629534049
3,1002,5002,-3.19387864299631,1.74124118585947
3,1003,5003,-3.43716800356387,2.15739553304451
3,1004,5004,-3.24370196854753,1.56921813861202
3,1005,5005,-2.37331340857743,1.82066747402047
3,1006,5006,-2.08790523560097,1.89553038190076
3,1007,5007,-1.9171704012397,1.61241242360581
3,1008,5008,-1.87884381690246,1.17065124151633
3,1009,5009,-2.05312151971659,1.10578542578578
3,1010,5010,-2.13420488623745,1.52840020748053
3,1011,5011,-2.68965910327755,1.29307459493209
3,1012,5012,-3.22413390972313,1.55556124382558
3,1013,5013,-3.57442923440823,2.53136336345424
3,1014,5014,-2.3821685876695,1.61157105915801
3,1015,5015,-3.15995025704254,2.57161529259114
3,1016,5016,-2.77717548922463,2.53821229001292
3,1017,5017,-1.81399688793135,1.78958462618076
3,1018,5018,-0.521991925442188,2.87988515839446
3,1019,5019,-0.759067232221472,2.32029732686752
3,1020,5020,-0.87752670054521,2.21915316473245
3,1021,5021,-1.2853813404792,2.37895494844711
3,1022,5022,-2.67655848532874,2.43633952094707
3,1023,5023,-1.92089388796174,1.94405241969776
3,1024,5024,-3.31462580126432,3.32439140772467
3,1025,5025,-2.84521859532433,2.09560415793499
3,1026,5026,-2.50805506164373,1.61450006031802
3,1027,5027,-2.70863988619443,2.91805195938185
3,1028,5028,-2.11229516598484,1.87287796125854
3,1029,5029,-2.91059614238282,1.71536254279917
3,1030,5030,-1.54351980108347,1.6500172802387
3,1031,5031,-3.1138293474949,2.6990005889605
3,1032,5032,-2.85945077833547,1.90506453305533
3,1033,5033,-3.46608225232433,2.58008312965314
3,1034,5034,-2.72525873953698,1.17219114565112
3,1035,5035,-1.98949257355418,1.95842367099975
3,1036,5036,-2.40344588587904,2.10498560301044
3,1037,5037,-2.65417812342172,2.04455659535421
3,1038,5038,-3.31086939068122,2.41123879646594
3,1039,5039,-2.60205851774291,1.50249912333611
3,1040,5040,-2.02921923881435,1.48039358972285
3,1041,5041,-2.85411181823819,1.39678847904917
3,1042,5042,-2.47375395215547,1.46022392243861
3,1043,5043,-1.83691324100369,1.49904645381929
3,1044,5044,-1.81084436163304,2.49325070003096
3,1045,5045,-1.21181515413931,2.30045996055754
3,1046,5046,-1.88004401678646,2.33678435821261
3,1047,5047,-1.37488816260482,1.80725797199971
3,1048,5048,-1.85842434589263,2.08391351302192
3,1049,5049,-1.44378384462601,1.16740483356915
3,1050,5050,-1.52023095918136,2.80833170858453
3,1051,5051,-1.38615848744854,2.12496245875343
3,1052,5052,-1.71962504344594,2.7580862522576
3,1053,5053,-1.87379523119171,2.05896777341729
3,1054,5054,-3.01435241627056,1.44219470833939
3,1055,5055,-2.99358740203358,1.28394604748265
3,1056,5056,-2.86759696765042,1.18817198952521
3,1057,5057,-2.8414977483542,1.52173203610432
3,1058,5058,-3.34067212822015,2.80947728572252
3,1059,5059,-2.00326992119669,1.17140779658296
3,1060,5060,-2.06521362781522,1.24072554419888
3,1061,5061,-2.18945648952872,1.60735301247514
3,1062,5062,-2.32993282674974,3.33993392468244
3,1063,5063,-2.33623777680102,2.27836630347027
3,1064,5064,-2.48834613223108,2.06702581640811
3,1065,5065,-2.1503564750197,3.22253523223239
3,1066,5066,-2.69943476853189,2.3769288911165
3,1067,5067,-2.11322915072975,3.15630909237215
3,1068,5068,-2.09263625159742,1.94881596266667
3,1069,5069,-1.91001960508074,3.02200759422655
3,1070,5070,-1.80856763650868,3.07337408258534
3,1071,5071,-1.07232762809742,2.84949386058334
3,1072,5072,-2.0086445866928,1.69866958608587
3,1073,5073,-2.26789187116455,1.73374862297674
3,1074,5074,-2.47762225197388,2.00317502465572
3,1075,5075,-2.80677223438922,2.26993298537742
3,1076,5076,-2.64944221368054,2.61519309213242
3,1077,5077,-3.12600214744327,2.11893962638988
3,1078,5078,-3.38335345914429,2.14482816651023
3,1079,5079,-3.49672069656438,2.90823664683847
3,1080,5080,-2.6823252987026,1.98814701103602
3,1081,5081,-2.87121067719748,1.17329225864942
3,1082,5082,-2.14695348941259,0.951552892452432
3,1083,5083,-2.58028552477209,2.02456220316901
3,1084,5084,-1.74363486553398,2.05696866831745
3,1085,5085,-1.77454532092859,1.87885763982183
3,1086,5086,-1.50980753822473,1.86858365691854
3,1087,5087,-2.31894701318734,2.64334284096692
3,1088,5088,-3.00690026903908,1.68388522390858
3,1089,5089,-2.33502028300515,1.73663408590567
3,1090,5090,-2.98553963596649,2.2395780953224
3,1091,5091,-2.5345753742217,1.52014185344077
3,1092,5092,-2.61360448884621,1.64158472692868
3,1093,5093,-3.31683876945044,2.17003268220972
3,1094,5094,-2.91834052439678,2.30914965444613
3,1095,5095,-2.07208042869786,1.76167280412072
3,1096,5096,-1.84418580418371,1.83769555638471
3,1097,5097,-1.90209061959499,2.31362351325621
3,1098,5098,-2.09502809984701,2.40732811104931
3,1099,5099,-2.2896382547245,2.58661320461383
3,1100,5100,-2.43783640290318,2.51643424883473
3,1101,5101,-2.2312645820855,1.40007152908611
3,1102,5102,-2.36532696543176,1.62076442300042
3,1103,5103,-2.09651667741315,1.40824794786426
3,1104,5104,-2.12513147991986,1.5975664413895
3,1105,5105,-2.14363486587282,1.51127326834032
3,1106,5106,-1.85290682282357,1.81099790423019
3,1107,5107,-1.2241782149969,2.2423729768064
3,1108,5108,-2.39650985876153,1.16361115696525
3,1109,5109,-2.29898295773315,0.888021973192632
3,1110,5110,-2.5276487338737,1.06509799961841
3,1111,5111,-2.47581262754868,1.66213192947179
3,1112,5112,-2.80208342096355,2.18429283255117
3,1113,5113,-2.43342059608877,1.76098468618099
3,1114,5114,-1.99690257864421,1.39294473889222
3,1115,5115,-2.448537935364,1.8724103673721
3,1116,5116,-2.32259602163363,1.4194708046395
3,1117,5117,-1.63889913134442,1.08968609049242
3,1118,5118,-1.46464372870324,1.12029944612381
3,1119,5119,-2.06567710982643,1.84846338287551
3,1120,5120,-2.28965804807939,1.53809249198378
3,1121,5121,-2.26494644359774,2.71650856383933
3,1122,5122,-2.3886928080007,2.87088585004642
3,1123,5123,-1.60742425067606,2.88757170283843
3,1124,5124,-2.81784485576918,2.33559034524106
3,1125,5125,-1.50425204030807,1.90594884738559
3,1126,5126,-2.06240257028111,1.76144137461146
3,1127,5127,-2.62666336586109,2.31893430279074
3,1128,5128,-2.62084412969168,2.22774724152825
3,1129,5129,-2.13864234740381,2.14644459231778
3,1130,5130,-2.12740210708078,2.02223184546724
3,1131,5131,-2.80224493420894,2.37928573221178
3,1132,5132,-2.397213424239,2.30414239299194
3,1133,5133,-1.84566839878594,1.28814448038005
3,1134,5134,-1.40548585405224,1.0702012269914
3,1135,5135,-2.35717602909031,1.46706233240817
3,1136,5136,-2.06673867910948,1.05014158534322
3,1137,5137,-1.75593459215594,1.68355313181404
3,1138,5138,-1.41315455589849,2.16671753265096
3,1139,5139,-2.16084883287549,1.53798139886179
3,1140,5140,-2.67669715189118,1.6440533888748
3,1141,5141,-1.96690954930244,1.41548430056011
3,1142,5142,-2.46651373483844,2.41042650642462
3,1143,5143,-2.08902761947181,2.19201501925405
3,1144,5144,-2.64933192900568,2.25481583276737
3,1145,5145,-1.82750995095565,1.85935989298524
3,1146,5146,-2.30922562914742,1.94901368582014
3,1147,5147,-2.23499381182073,1.90806425786515
3,1148,5148,-2.15759286378568,1.64170592041332
3,1149,5149,-2.10061733913485,1.98648435269903
3,1150,5150,-2.36657752805862,2.04766563389451
3,1151,5151,-2.81897499607283,1.97856266031015
3,1152,5152,-2.35479896745926,2.04831714672196
3,1153,5153,-2.09770749453166,1.20826545563503
3,1154,5154,-2.27914396439626,2.0376474062142
3,1155,5155,-2.2902232378401,1.97393803149231
3,1156,5156,-2.31958283611945,2.30396787646688
3,1157,5157,-3.33817254577773,2.33362109757614
3,1158,5158,-3.02792727867783,2.02686530828241
3,1159,5159,-3.92724108991721,2.45336239954102
3,1160,5160,-4.16967985265115,2.6505305065066
3,1161,5161,-1.22751863947298,2.10333749320013
3,1162,5162,-2.00025703335694,2.49791832626024
3,1163,5163,-1.83124511499469,1.92658935102269
3,1164,5164,-2.36245925053953,1.53619402938452
3,1165,5165,-2.56618951203877,2.00165483911819
3,1166,5166,-3.254246018817,2.23361940499562
3,1167,5167,-3.67491053849362,2.91670267301036
3,1168,5168,-3.41798856415961,2.3254521628863
3,1169,5169,-3.57145583957344,2.03668183447754
3,1170,5170,-3.36909822244316,1.65854569921394
3,1171,5171,-2.52067600367706,1.06723936680124
3,1172,5172,-3.88984499611612,1.88977322863015
3,1173,5173,-2.60714909344664,1.41725238381667
3,1174,5174,-2.79846098362762,1.34167991411974
3,1175,5175,-1.89577386855067,1.57948757124149
3,1176,5176,-2.49926018817327,1.89345290760479
3,1177,5177,-2.37427932783562,1.68099167825698
3,1178,5178,-2.4591068122405,1.98369260965938
3,1179,5179,-1.69905870896133,1.28003436221379
3,1180,5180,-2.16640649613159,1.13452217533122
3,1181,5181,-2.18242162522968,1.04971864103499
3,1182,5182,-2.34354293274638,1.36039990763858
3,1183,5183,-2.75517063246725,1.5936756573175
3,1184,5184,-2.55067493113288,2.66686121605108
3,1185,5185,-2.21075789911096,2.48905376756736
3,1186,5186,-2.57291488847891,2.40795498893219
3,1187,5187,-1.63179903597862,3.57952630536442
3,1188,5188,-2.00781618474538,2.58679247489925
3,1189,5189,-2.69341552324618,2.24895897060126
3,1190,5190,-2.09251163528579,1.69158038828914
3,1191,5191,-2.55422285775057,1.19872731576645
3,1192,5192,-2.66466660299082,1.33628414203345
3,1193,5193,-2.67426036858446,1.34232361709062
3,1194,5194,-2.85552593628016,1.01952116284235
3,1195,5195,-1.80051922969108,0.893823505537979
3,1196,5196,-1.86340390104764,2.30064059671016
3,1197,5197,-2.02106543690452,1.57446203813287
3,1198,5198,-2.50794311879219,1.97166001449665
3,1199,5199,-2.55601193219917,1.4076133053259
3,1200,5200,-1.95597921596435,1.30400390768727
3,1201,5201,-1.87016245906944,2.20862221711071
3,1202,5202,-2.68503671923756,1.87986157568381
3,1203,5203,-2.20953039510505,2.29394086104719
3,1204,5204,-2.86681883066815,1.92615670340468
3,1205,5205,-2.97912241565068,1.80015782102036
3,1206,5206,-3.30462633187696,2.01928369989651
3,1207,5207,-1.80919770241299,1.84575912198382
3,1208,5208,-2.95176517114168,1.96871221254219
3,1209,5209,-2.34009922219508,1.49065476180808
3,1210,5210,-2.43757542570753,1.41773014120971
3,1211,5211,-2.56352688140274,1.54549192717072
3,1212,5212,-2.33914504725146,2.38154934960907
3,1213,5213,-2.28657160849383,2.15122617057975
3,1214,5214,-2.57509144792256,1.5392286064112
3,1215,5215,-2.70185024085278,2.16366277943812
3,1216,5216,-1.73713562289578,1.38591526676519
3,1217,5217,-2.76435135504015,1.87587476985452
3,1218,5218,-1.73130789306949,1.03256232138941
3,1219,5219,-2.02320707506754,1.22209092707036
3,1220,5220,-4.14114275999175,2.36275229385325
3,1221,5221,-2.39139860475081,3.33479209724317
3,1222,5222,-2.45589211122681,2.26971180758666
3,1223,5223,-2.14891737648275,1.8077501231311
3,1224,5224,-2.85201085278378,1.42513738729962
3,1225,5225,-2.27674865423413,1.69485164699262
3,1226,5226,-3.17303149885576,1.7920187683869
3,1227,5227,-2.38254993766944,2.01904308792033
3,1228,5228,-3.70805572019605,1.38703016464855
3,1229,5229,-2.83744610458003,1.2883900218159
3,1230,5230,-2.57874925798379,1.21969345253048
3,1231,5231,-2.83108155879366,1.33806072973978
3,1232,5232,-2.38906058271644,1.330395552704
3,1233,5233,-2.23727651153214,1.47754205070176
3,1234,5234,-2.12540830018713,1.35896125357919
3,1235,5235,-2.27225499904847,1.25116383894921
3,1236,5236,-3.18460388469537,1.95025659374712
3,1237,5237,-2.8586016874219,2.01455005806158
3,1238,5238,-3.4932531185509,2.61777351925892
3,1239,5239,-1.69558820113899,1.75436597603745
3,1240,5240,-1.37606111982385,1.45886037332042
3,1241,5241,-1.91626825289046,2.20128426411997
3,1242,5242,-1.56408586074096,1.34386748725978
3,1243,5243,-1.85441007794729,1.32056056676042
3,1244,5244,-2.36924989507134,2.40092444910308
3,1245,5245,-1.55683675494635,1.47718899693771
3,1246,5246,-1.68351567964741,1.68945329772783
3,1247,5247,-1.26101171635816,1.36077127187049
3,1248,5248,-0.98399435798258,1.66855039569387
3,1249,5249,-1.76739112831342,2.16868422613676
3,1250,5250,-2.52743872361284,1.1565972240513
3,1251,5251,-2.02336090001659,1.56308878210561
3,1252,5252,-2.38317606148035,1.73016230241772
3,1253,5253,-2.45925928363918,2.19976569698449
3,1254,5254,-2.23369090644862,2.2570896407576
3,1255,5255,-2.59441033836143,2.39636396955977
3,1256,5256,-1.83200179449608,1.26013397021793
3,1257,5257,-1.5124505349703,2.02433399547462
3,1258,5258,-1.26186854864327,1.73977753974514
3,1259,5259,-1.22008245084945,1.840666713287
3,1260,5260,-2.31550565527378,2.77395358968085
3,1261,5261,-2.00599083958819,1.75850879592313
3,1262,5262,-2.27698790535137,2.08422935262571
3,1263,5263,-1.42910462673582,2.43711189622257
3,1264,5264,-1.8449992180706,2.46019256235779
3,1265,5265,-2.7683289977697,1.94032918859367
3,1266,5266,-2.14231613050153,1.73229306191003
3,1267,5267,-2.29732270506677,1.92039412645004
3,1268,5268,-2.5131897105882,1.96427124754204
3,1269,5269,-2.79226082871576,1.95270942397339
3,1270,5270,-1.71929330322231,1.70359927819527
3,1271,5271,-1.76074335324186,1.33041053697248
3,1272,5272,-3.12656246195015,2.31188208764473
3,1273,5273,-3.50420415421342,2.32429777908851
3,1274,5274,-2.56244162232126,1.74532386832686
3,1275,5275,-2.34284044911261,1.52362861202467
3,1276,5276,-1.9943320913216,1.43524224545837
3,1277,5277,-1.97481107151192,1.29396718595899
3,1278,5278,-2.0772683211027,2.65381820203873
3,1279,5279,-1.13335106004643,1.74530941385606
3,1280,5280,-2.5319787531431,3.41410185553679
3,1281,5281,-2.33549954047384,2.74726945538414
3,1282,5282,-2.37564862411673,1.74284997289513
3,1283,5283,-2.63836055865699,1.81825167030405
3,1284,5284,-2.6140157299918,1.90894708910184
3,1285,5285,-2.25973385850578,2.2828024000576
3,1286,5286,-2.02748070680101,2.2224509422686
3,1287,5287,-2.80071558206069,2.17341329882894
3,1288,5288,-2.07840064045505,1.86268634347876
3,1289,5289,-2.09689357215438,1.45254168469452
3,1290,5290,-2.60746249158102,1.77605790469636
3,1291,5291,-2.25022832584974,1.35669050499675
3,1292,5292,-2.22870982846383,1.83282927613545
3,1293,5293,-2.37158872326625,1.36774812603608
3,1294,5294,-2.39909892686642,1.75907204474717
3,1295,5295,-2.69799998411209,1.75085789113911
3,1296,5296,-1.86990857184835,1.70488279250516
3,1297,5297,-2.87044484537861,2.93702437470294
3,1298,5298,-1.87428805869645,2.29874915456412
3,1299,5299,-2.65525360732139,1.60220058343556
3,1300,5300,-1.87358792959047,2.95569070998973
3,1301,5301,-1.86305632073134,2.45545792076853
3,1302,5302,-1.53386373874859,2.254770381788
3,1303,5303,-1.93689954481141,1.45768171966078
3,1304,5304,-2.06361312444987,3.14029617870539
3,1305,5305,-1.61181918082217,2.47658558304023
3,1306,5306,-2.11221764429277,2.5861275449816
3,1307,5307,-0.868790131430929,2.38626153669898
3,1308,5308,-0.914279493457299,1.60463831675647
3,1309,5309,-2.07662511006452,2.0740511305634
3,1310,5310,-1.96440886424604,1.36772954536606
3,1311,5311,-1.48473934191904,2.02375652735727
3,1312,5312,-1.70745726285378,1.87303119388864
3,1313,5313,-2.25016867641945,2.12319342708145
3,1314,5314,-1.85671653805636,1.219366081568
3,1315,5315,-2.62569880048366,1.45921262804957
3,1316,5316,-1.29920570986808,1.82040851462362
3,1317,5317,-1.51902088215242,1.29280500533049
3,1318,5318,-2.01893715341726,1.84785661151378
3,1319,5319,-1.85398813001629,1.31341512847766
3,1320,5320,-1.835829061845,1.29706464809533
3,1321,5321,-1.88004279211649,1.45439575623433
3,1322,5322,-2.03069940160921,1.3040208704594
3,1323,5323,-2.60691612027513,1.56548672185933
3,1324,5324,-2.42223797428105,1.18811076223708
3,1325,5325,-2.37218274565852,1.23036558772221
3,1326,5326,-2.87049268385022,1.79609566038761
3,1327,5327,-2.33866573567539,2.52958123637366
3,1328,5328,-1.55932814834976,2.13335476156844
3,1329,5329,-1.52344850486554,2.38500480244545
3,1330,5330,-1.71658038813252,2.32799676308701
3,1331,5331,-2.02102072843745,2.86559781885465
3,1332,5332,-1.82037210020355,2.37654839119216
3,1333,5333,-2.51003558997245,2.17576738371943
3,1334,5334,-2.39385727394098,2.36323304393074
3,1335,5335,-2.06278952024445,1.73011008379766
3,1336,5336,-1.94234233575229,1.15537418145385
3,1337,5337,-2.84373044266515,2.43485321919122
3,1338,5338,-1.62727829689625,2.22155265162957
3,1339,5339,-1.93488068586772,2.01355741938469
3,1340,5340,-1.51424926395392,1.46944091454067
3,1341,5341,-0.791921008882647,0.785890245939819
3,1342,5342,-1.75802045106804,1.20095024220475
3,1343,5343,-1.69485638251622,1.32555667396182
3,1344,5344,-2.75130221178793,1.63242091487542
3,1345,5345,-2.55319889020269,2.52405618934817
3,1346,5346,-1.80872569500394,1.8876592331441
3,1347,5347,-1.73184457147195,1.99812422673394
3,1348,5348,-1.83706293351332,2.04937238181023
3,1349,5349,-1.29672421389192,1.81594592711559
3,1350,5350,-2.21616945216678,2.364080756875
3,1351,5351,-2.79050634095465,1.9679373073092
3,1352,5352,-2.27524317842576,1.45476300024123
3,1353,5353,-2.93027991953256,2.32676395607172
3,1354,5354,-2.83498536296703,2.10621611478968
3,1355,5355,-3.21486915789421,2.10088034392346
3,1356,5356,-2.431325498139,1.6170607726663
3,1357,5357,-3.37814747615977,1.71186684194312
3,1358,5358,-3.16176238112167,1.88477349455115
3,1359,5359,-2.23218115919202,1.97946437924336
3,1360,5360,-3.35375152990516,1.71844819129972
3,1361,5361,-2.66675768865585,1.27734417617141
3,1362,5362,-2.96470285443209,1.1665335184613
3,1363,5363,-2.30763893852361,1.35988394489869
3,1364,5364,-2.10411948544457,0.976231737725737
3,1365,5365,-2.04976574824049,0.921437801847762
3,1366,5366,-2.20851143546009,1.00588831431256
3,1367,5367,-2.76142939242034,1.23966969670542
3,1368,5368,-1.42567182472187,1.41098803852935
3,1369,5369,-1.94973649321091,1.59168351263461
3,1370,5370,-1.85950644991578,1.43888369064245
3,1371,5371,-2.25541122142085,1.70694327570817
3,1372,5372,-2.24906001976769,2.52194918207613
3,1373,5373,-2.01411304578189,2.52933498318707
3,1374,5374,-2.05878061274866,2.42435311457851
3,1375,5375,-2.50876547776456,2.38951522183897
3,1376,5376,-2.3313025906262,1.35044630508834
3,1377,5377,-2.29605535618652,2.67974570532645
3,1378,5378,-2.22689853598816,2.96402790125222
3,1379,5379,-1.15518134458389,2.61335322836111
3,1380,5380,-2.04631038791652,2.11820224666397
3,1381,5381,-2.61793729672526,1.42811229296851
3,1382,5382,-2.00968914471588,0.972005130566592
3,1383,5383,-1.87121251345569,0.911025103830193
3,1384,5384,-1.81752483783522,1.14676096606551
3,1385,5385,-2.71693946284163,1.55383459116285
3,1386,5386,-2.26248756472028,1.54250770294593
3,1387,5387,-1.93608869708531,3.33949502568073
3,1388,5388,-2.47677064181347,1.83174760649251
3,1389,5389,-2.68444665460367,2.04288375153703
3,1390,5390,-2.78416636921722,2.05724590141211
3,1391,5391,-2.53728318287185,2.59788809150098
3,1392,5392,-2.62237851544193,2.31675501557536
3,1393,5393,-2.57550698493184,1.75287965559861
3,1394,5394,-2.82987953538006,2.49808118835277
3,1395,5395,-2.61688992893848,2.50364917125057
3,1396,5396,-2.4551433880479,2.43213849631083
3,1397,5397,-2.02907135151037,2.11432386779796
3,1398,5398,-2.3196035492364,1.84285636527009
3,1399,5399,-1.80114567039518,2.32587256181632
3,1400,5400,-1.58765600666204,1.65475892129649
3,1401,5401,-2.37139792626858,1.86996782250695
3,1402,5402,-2.21185119283167,1.53390984797828
3,1403,5403,-2.10729695931061,2.06846340666343
3,1404,5404,-2.1664317326036,2.09572862315219
3,1405,5405,-2.28009181779381,2.0329295878821
3,1406,5406,-1.82760716409158,2.08590270977626
3,1407,5407,-1.8145618052478,1.519942232237
3,1408,5408,-2.17645171457439,2.30010939122197
3,1409,5409,-3.36844087666614,2.2965537450805
3,1410,5410,-1.98851352499896,0.787228762016172
3,1411,5411,-1.97770485290175,0.771541529504935
3,1412,5412,-2.98640481335415,1.73534326847042
3,1413,5413,-2.34998303227001,1.67561359833181
3,1414,5414,-2.73024264749998,2.66151587397916
3,1415,5415,-2.30487645964373,2.58409368807347
3,1416,5416,-2.38371701661075,2.85766252860777
3,1417,5417,-2.10233726450256,1.31182242113261
3,1418,5418,-1.98147116333246,1.30651434232359
3,1419,5419,-2.77649982351126,2.09167988894867
3,1420,5420,-2.29091040432907,1.55610591105419
3,1421,5421,-3.05472630899744,1.88016012062779
3,1422,5422,-2.14780922560038,2.02728779871106
3,1423,5423,-2.69003423770128,2.29362645366656
3,1424,5424,-2.24966103754005,2.2635277491484
3,1425,5425,-2.39261938415521,1.95387914412019
3,1426,5426,-2.46680290513819,2.05709727232504
3,1427,5427,-3.34650012065124,2.46879740294413
3,1428,5428,-2.25285591802903,2.0820191722295
3,1429,5429,-2.30539648005044,2.81143646553912
3,1430,5430,-2.10299309037406,2.0321677129752
3,1431,5431,-2.13167877606203,2.958540164936
3,1432,5432,-2.29765268802397,2.23420856973584
3,1433,5433,-2.61486482884993,1.41292342512518
3,1434,5434,-1.82653131988235,2.61150548656574
3,1435,5435,-2.44083338623084,2.5168077266606
3,1436,5436,-1.80005102332809,2.63074642423326
3,1437,5437,-2.41154835498135,2.34809499474143
3,1438,5438,-2.4355315492493,2.21660284638868
3,1439,5439,-2.73709800569943,2.68112461122586
3,1440,5440,-2.60838017156831,2.30636816226873
3,1441,5441,-2.30328193660975,2.27382153132666
3,1442,5442,-1.62413735867107,1.38620019371199
3,1443,5443,-1.63132985995531,1.39533262826891
3,1444,5444,-1.54186930321808,1.90209343169699
3,1445,5445,-3.28380197108536,2.33063453770396
3,1446,5446,-2.69504122131708,2.34828715843889
3,1447,5447,-2.01948625790049,1.07318612223017
3,1448,5448,-2.75845337112878,2.64272782057946
3,1449,5449,-2.95698607486193,2.47524419853997
3,1450,5450,-2.41091231395639,1.832072434748
3,1451,5451,-2.00454452303799,1.71102838411477
3,1452,5452,-2.76282180715233,1.63153999818378
3,1453,5453,-2.87312811824897,1.34497255693444
3,1454,5454,-1.80605367841861,2.54547662929997
3,1455,5455,-1.68140959182549,2.63314365936487
3,1456,5456,-1.74893605175553,2.16756911300936
3,1457,5457,-2.29507978165408,2.32693044618889
3,1458,5458,-2.54600872158515,1.99101006941942
3,1459,5459,-2.92115330389225,1.87024689052115
3,1460,5460,-2.8090051402816,1.92506397195912
3,1461,5461,-2.86477754861044,1.61552963360423
3,1462,5462,-2.84404181707878,1.64188915939703
3,1463,5463,-3.48627558887893,2.28522514961967
3,1464,5464,-1.85781297100429,1.51684246304159
3,1465,5465,-1.97934135966063,1.58149164211593
3,1466,5466,-2.0031108526098,1.56366599778775
3,1467,5467,-1.4467340603332,1.61637629665932
3,1468,5468,-2.14652185221614,1.60305714455934
3,1469,5469,-2.25579150876043,1.79605406993731
3,1470,5470,-2.06106774953831,2.41939293073334
3,1471,5471,-2.77829263658955,2.67417939522361
3,1472,5472,-3.12576736783632,2.27865710585738
3,1473,5473,-1.86932493014934,1.54723431355938
3,1474,5474,-2.18078249731545,1.38097283551643
3,1475,5475,-2.55556997657127,1.87747948125867
3,1476,5476,-2.09324974738269,1.3528725631
3,1477,5477,-2.524526458576,2.01782614143191
3,1478,5478,-2.49474057230688,1.26268705050085
3,1479,5479,-2.73694128842954,1.03388298379857
3,1480,5480,-2.2912808651323,2.26325937914931
3,1481,5481,-2.88506829154479,1.72854520584454
3,1482,5482,-2.7568774103314,2.47967443564973
3,1483,5483,-2.78441453807542,2.37925627404589
3,1484,5484,-2.15247143960452,1.83397945342707
3,1485,5485,-2.14372422493488,1.83833816004216
3,1486,5486,-3.30459777419792,2.09487005865487
3,1487,5487,-2.8851502469305,2.81230033598218
3,1488,5488,-3.10165740171883,2.07846381784865
3,1489,5489,-3.19826237911553,1.75249551259983
3,1490,5490,-0.66151495721332,1.98580746827807
3,1491,5491,-2.04984974434554,1.63244786796182
3,1492,5492,-2.28914258453622,1.78494683374393
3,1493,5493,-1.34794706817889,2.08285572090972
3,1494,5494,-1.41728849431115,2.77059943804248
3,1495,5495,-2.16571888910971,2.60754190943391
3,1496,5496,-1.40631322537463,1.70926444222749
3,1497,5497,-1.88373741926021,1.2855676880017
3,1498,5498,-1.73489627711297,1.08030331326175
3,1499,5499,-2.23554044512628,2.00165472787353
3,1500,5500,-1.3826487688403,1.92060655115709
3,1501,5501,-1.23313630083369,2.38204382598411
3,1502,5502,-1.18419934417408,2.20482126434127
3,1503,5503,-1.84170243124364,2.65353400728793
3,1504,5504,-1.24106955338988,2.45856632634061
3,1505,5505,-2.18190463110193,1.63295628720211
3,1506,5506,-2.41132178722115,1.67273578844857
3,1507,5507,-3.30095095001547,2.08726339639677
3,1508,5508,-3.03325472424429,1.75503763791847
3,1509,5509,-2.28456416021924,2.28838215407522
3,1510,5510,-2.39072443258289,3.23915927921241
3,1511,5511,-2.02134084408047,2.55758244148918
3,1512,5512,-3.20819075110457,1.82480382718665
3,1513,5513,-2.43687917935341,2.21481658998326
3,1514,5514,-0.520720764827363,2.41275494949001
3,1515,5515,-0.657917157173278,1.9822797376267
3,1516,5516,-0.903060326352193,1.41114098955029
3,1517,5517,-1.10904030302295,1.5792167049917
3,1518,5518,-1.05858429051315,1.33908631684468
3,1519,5519,-2.73856327622785,2.50863430558816
3,1520,5520,-1.69833973787228,2.14844178330081
3,1521,5521,-2.06907274751679,2.19664831680537
3,1522,5522,-1.12811171344314,1.70146668715175
3,1523,5523,-3.31008933131874,2.32619792374342
3,1524,5524,-1.6870107785245,1.46865276656176
3,1525,5525,-2.40673060659045,1.36463489179411
3,1526,5526,-2.41824675741076,1.66319603834004
3,1527,5527,-2.54689258887912,1.59008814699533
3,1528,5528,-2.08692492032339,1.45490435059241
3,1529,5529,-2.40638141207264,2.58094854090576
3,1530,5530,-1.66004298653053,1.76289680309777
3,1531,5531,-1.64407552076487,2.01195444385845
3,1532,5532,-1.70754938662813,1.70156558128555
3,1533,5533,-2.06605481983567,2.00615622904654
3,1534,5534,-2.13294719828522,1.86578040168493
3,1535,5535,-1.54450215608971,1.64955520327614
3,1536,5536,-2.01230093144749,1.82635441838501
3,1537,5537,-1.67100446011812,1.37485373919567
3,1538,5538,-1.52345169558218,1.386476442866
3,1539,5539,-1.57940186808683,1.43078355382948
3,1540,5540,-1.27266893744485,0.916970983111861
3,1541,5541,-1.27932903143012,1.00411492227507
3,1542,5542,-2.30828010178981,2.08742664378166
3,1543,5543,-2.53267310321728,1.39717002249577
3,1544,5544,-2.85316064224574,1.46472305308089
3,1545,5545,-3.06192713143604,1.53108315974162
3,1546,5546,-3.42841894644782,1.83305171999036
3,1547,5547,-3.02213327276699,1.80809908712559
3,1548,5548,-3.20105546647276,1.86394983860843
3,1549,5549,-3.06927011288657,1.7392403479137
3,1550,5550,-3.25786442962041,1.88945366543214
3,1551,5551,-3.080914809195,2.3407941253786
3,1552,5552,-3.09528607814881,2.40850174408713
3,1553,5553,-1.6462874458035,2.11436160330687
3,1554,5554,-2.21120978819446,2.83153935005337
3,1555,5555,-2.59628231212644,3.16485235892382
3,1556,5556,-1.86579116905066,2.15879988240762
3,1557,5557,-2.24508072703141,1.712034672239
3,1558,5558,-2.60886064255553,1.84058977169862
3,1559,5559,-2.57780882687124,1.96541808100156
3,1560,5560,-1.95670697437957,1.97939898856476
3,1561,5561,-1.56349316632175,1.33372325310655
3,1562,5562,-1.35688333030184,1.17519009382028
3,1563,5563,-1.72756779439035,1.43240681260147
3,1564,5564,-1.9605512250723,1.84599286394362
3,1565,5565,-1.59754072747943,1.65094094332169
3,1566,5566,-1.43348515116914,1.67232986007771
3,1567,5567,-2.49592784742886,1.92730734531333
3,1568,5568,-2.31656789872094,2.37516347983273
3,1569,5569,-2.71429075369251,2.52874675701499
3,1570,5570,-2.52225729885886,2.38174857242043
3,1571,5571,-1.91717158460936,1.22663269416782
3,1572,5572,-1.8837777137401,0.978221026623657
3,1573,5573,-1.47604840111733,1.56509298270297
3,1574,5574,-2.13476232759392,1.07107406215265
3,1575,5575,-1.65901678412002,1.22861988482361
3,1576,5576,-2.17449122340193,1.52226033632302
3,1577,5577,-2.44984220550188,2.72629180683806
3,1578,5578,-2.24744969483855,1.46142950419707
3,1579,5579,-2.04330400498209,2.46695493739429
3,1580,5580,-2.41878386857269,1.33516530416303
3,1581,5581,-3.07166836038269,2.34166786677952
3,1582,5582,-2.7419464526583,1.70094995073277
3,1583,5583,-2.82057430622366,1.49878657879075
3,1584,5584,-2.15685290938951,1.75909451296203
3,1585,5585,-1.98960310074296,2.52091588778364
3,1586,5586,-2.50959830164891,1.67293933588464
3,1587,5587,-2.45570518765732,1.58603060319721
3,1588,5588,-2.85154317350598,2.2715559548805
3,1589,5589,-2.48674191754434,1.75445716640201
3,1590,5590,-2.54378975646933,1.92553263920591
3,1591,5591,-2.35748700077689,1.41181630296955
3,1592,5592,-2.74792128165589,0.992760088976806
3,1593,5593,-1.99708428702946,0.833912043479531
3,1594,5594,-2.14212150095191,0.826267886053387
3,1595,5595,-2.40794539957832,1.15836996502538
3,1596,5596,-2.07380535953167,1.64003998422744
3,1597,5597,-2.18554329047299,1.60257503287083
3,1598,5598,-1.99474092742153,1.50756643533825
3,1599,5599,-1.97001502993327,1.39350791082983
3,1600,5600,-2.07491925658185,1.46972117517872
3,1601,5601,-1.72979907825037,1.42947187648416
3,1602,5602,-2.28977510326762,1.20374332163554
3,1603,5603,-2.14071485602381,1.23876201307742
3,1604,5604,-2.2340429495212,1.54556950133967
3,1605,5605,-3.03646627634791,2.38838930572926
3,1606,5606,-2.8285323198014,2.16415932234925
3,1607,5607,-2.14474499846062,2.92098578898977
3,1608,5608,-2.34173526332804,2.23365760697442
3,1609,5609,-2.18377104611034,2.19175535710191
3,1610,5610,-2.19394032370322,2.18262475146066
3,1611,5611,-1.76313599206337,2.16469891645286
3,1612,5612,-2.60120635523454,1.60411150295103
3,1613,5613,-2.48446027795075,1.41433357499944
3,1614,5614,-3.0760107632433,1.28041480223605
3,1615,5615,-2.12427275046627,1.80528150145483
3,1616,5616,-1.82478018701997,1.73725907200598
3,1617,5617,-1.96109108685954,1.55519845338383
3,1618,5618,-1.68421577167872,1.58546712296737
3,1619,5619,-1.63099507048943,2.01716339829506
3,1620,5620,-1.3369587895261,1.56927363067178
3,1621,5621,-1.26121061948457,3.32925312952263
3,1622,5622,-1.28812614067984,2.93908518762389
3,1623,5623,-1.90139105428936,2.01213709196264
3,1624,5624,-2.19234405791371,1.42104917211553
3,1625,5625,-1.59361740053121,0.874701956801411
3,1626,5626,-1.43426871201325,1.02070120242115
3,1627,5627,-1.22204858811913,1.37167413755444
3,1628,5628,-1.38925548817221,1.25578317780105
3,1629,5629,-1.44728048644233,1.19392100145221
3,1630,5630,-2.13141074728107,1.67751710885906
3,1631,5631,-2.14547561117673,1.5428389107434
3,1632,5632,-2.42518433332284,1.72655869165327
3,1633,5633,-2.39638504783524,2.35063174903796
3,1634,5634,-3.31397232201341,1.87175885058675
3,1635,5635,-3.2089019808553,2.22476476641226
3,1636,5636,-1.94940389161486,1.41005719152028
3,1637,5637,-2.43246901153022,1.77796953021791
3,1638,5638,-2.26453580698268,2.05286619135306
3,1639,5639,-2.8807664092826,1.91104095517605
3,1640,5640,-3.17736843597253,2.82311474613258
3,1641,5641,-2.5627905362409,1.48733136798879
3,1642,5642,-1.79139648239697,2.33153256353981
3,1643,5643,-1.94164179134735,1.82077290019364
3,1644,5644,-2.06454534414703,2.43739705715479
3,1645,5645,-2.2099832791963,2.24909530138629
3,1646,5646,-3.7443918150808,2.1430387471967
3,1647,5647,-3.19027967343529,2.02997044943518
3,1648,5648,-2.52462468878267,1.56559286323238
3,1649,5649,-3.13435385254088,1.66286095668818
3,1650,5650,-2.46587986157914,2.18390742002217
3,1651,5651,-1.92004459039206,1.18602497597813
3,1652,5652,-2.77434649934519,1.87445845311432
3,1653,5653,-2.01623294676023,1.27469293323184
3,1654,5654,-2.49170452261085,1.65994978823462
3,1655,5655,-2.41980619015947,1.50595398364221
3,1656,5656,-2.61103042669122,1.8014869194886
3,1657,5657,-2.37039147956604,1.77231868322745
3,1658,5658,-2.32712334803784,1.88765026603821
3,1659,5659,-2.49484410522932,1.67687465498507
3,1660,5660,-4.34059059483318,3.16926718509637
3,1661,5661,-2.9352919449488,2.08523648572235
3,1662,5662,-1.82705572518841,1.74000689176755
3,1663,5663,-1.45523845663855,1.78270514689762
3,1664,5664,-2.37926667287718,1.99716336244109
3,1665,5665,-1.83737989539717,1.9458728011671
3,1666,5666,-1.55231016916606,1.47994147149067
3,1667,5667,-2.24996998458945,2.0475752523311
3,1668,5668,-1.97527410658953,1.75956937075585
3,1669,5669,-2.77236195510269,2.14503990552216
3,1670,5670,-2.23057302939856,2.68314573419378
3,1671,5671,-2.39977689077396,2.24142563476167
3,1672,5672,-2.6520682252188,1.91288061580726
3,1673,5673,-1.80272477460706,1.53695958165615
3,1674,5674,-2.45021112205204,1.51580923712513
3,1675,5675,-2.53936892104242,1.80473852384062
3,1676,5676,-1.99203996748736,1.26238865773653
3,1677,5677,-2.05705458494126,1.29316358470249
3,1678,5678,-1.94647103423005,1.39094049739064
3,1679,5679,-2.32594410825906,1.71154635977636
3,1680,5680,-1.92873559391329,1.7132933965579
3,1681,5681,-2.09801634946711,1.99568224750956
3,1682,5682,-1.83088361523244,1.73419116552693
3,1683,5683,-2.7542853182562,1.32858272284618
3,1684,5684,-2.31724315289066,1.08573854034849
3,1685,5685,-2.72367548840518,1.11361631570135
3,1686,5686,-2.2687683162268,0.964003637605358
3,1687,5687,-2.34843873463289,0.916656200837283
3,1688,5688,-0.963561258702305,1.18833851289968
3,1689,5689,-1.39461133329243,1.58982718932933
3,1690,5690,-2.18271081380039,2.10342580472471
3,1691,5691,-2.12454035935105,1.80224771655948
3,1692,5692,-2.34950066811921,1.17419480170282
3,1693,5693,-1.29468995239843,2.9348614718761
3,1694,5694,-1.27998651150081,1.81324135212738
3,1695,5695,-2.63914306496682,2.52257532889125
3,1696,5696,-1.41892919940982,1.87219013417972
3,1697,5697,-2.28926666621881,2.06507509991424
3,1698,5698,-3.0366895315723,1.98513225836998
3,1699,5699,-2.49339383592216,2.16548355747591
3,1700,5700,-2.51466563105739,1.93430727289435
3,1701,5701,-2.88944528001859,1.34981938452398
3,1702,5702,-2.96228891882151,1.53086848298921
3,1703,5703,-3.04125506968573,1.47912548490071
3,1704,5704,-2.39106230563716,1.65711803561662
3,1705,5705,-3.26468326882569,2.4621284221765
3,1706,5706,-2.19811621248075,1.82726186231462
3,1707,5707,-2.39694440276497,1.6234179187885
3,1708,5708,-2.61618000004517,1.52331633991022
3,1709,5709,-2.75990290735315,3.01275654189399
3,1710,5710,-2.85699337182421,2.94247372470414
3,1711,5711,-3.08703009532661,2.82538775511159
3,1712,5712,-2.21432359944564,1.86148334120674
3,1713,5713,-2.74222602649636,1.83125644011561
3,1714,5714,-2.38969988559982,2.53702777148376
3,1715,5715,-2.6438271142703,2.14648511647451
3,1716,5716,-2.15268504495114,1.89534015851829
3,1717,5717,-2.62052682859171,1.97210110812839
3,1718,5718,-3.33739418858663,2.18555011748652
3,1719,5719,-3.13715453532276,2.59686943047128
3,1720,5720,-3.27069159463976,2.03942329949888
3,1721,5721,-2.02762034549477,1.60057297392777
3,1722,5722,-2.85635376847739,1.9362920118
3,1723,5723,-2.76412137388388,2.55714205680522
3,1724,5724,-2.18545123511046,1.86466070875912
3,1725,5725,-1.94182484292224,1.8988499531756
3,1726,5726,-2.07044522807878,1.60390442016532
3,1727,5727,-1.51235355569638,1.40629385130967
3,1728,5728,-2.02928642967218,1.90998662415427
3,1729,5729,-2.22657559526168,2.48579585474832
3,1730,5730,-1.8035949606135,2.09980244361602
3,1731,5731,-1.4242860992007,1.72101262988174
3,1732,5732,-1.57436643693295,2.37862950964316
3,1733,5733,-2.39224012025658,1.29606532964034
3,1734,5734,-1.74477018213974,2.11729035874795
3,1735,5735,-1.63286507604739,2.41314454278005
3,1736,5736,-0.532204695764756,2.33261948812744
3,1737,5737,-1.34955279792822,2.33718361621501
3,1738,5738,-1.43873110226326,2.29804746753808
3,1739,5739,-1.36550620259685,2.6185780287911
3,1740,5740,-1.68232566769136,2.22530948845435
3,1741,5741,-1.63258209104614,3.15766340167117
3,1742,5742,-1.80776915787663,0.907606782654313
3,1743,5743,-2.53347992327391,1.17822493783383
3,1744,5744,-2.02902406722556,0.895115451295137
3,1745,5745,-2.61828656924729,1.2429281325049
3,1746,5746,-2.6744069576907,1.82162931466572
3,1747,5747,-3.08709092343663,1.53806065017589
3,1748,5748,-1.91076345535618,1.84261786789242
3,1749,5749,-1.64940901137157,1.16262684255558
3,1750,5750,-1.71570621517323,1.8515377879805
3,1751,5751,-1.93908175478648,1.44204137963803
3,1752,5752,-2.10288777395926,1.28806164619416
3,1753,5753,-2.31695314740222,1.44590811783041
3,1754,5754,-1.97781641998567,1.64885788158918
3,1755,5755,-1.67411535528519,1.55321635798723
3,1756,5756,-2.38266818564445,2.4485486871168
3,1757,5757,-2.24507433657314,2.31011390945483
3,1758,5758,-1.75350812161872,2.62830259007018
3,1759,5759,-1.69642403491502,2.11222415788913
3,1760,5760,-2.28936435315233,2.27877315665852
3,1761,5761,-1.80694304652073,1.80055765812728
3,1762,5762,-1.90986303804309,2.095226377443
3,1763,5763,-1.44489237053591,2.20977602886516
3,1764,5764,-2.00272648857963,1.79426314525424
3,1765,5765,-2.95746932956425,2.34634205042478
3,1766,5766,-2.41390472952802,2.18724188108828
3,1767,5767,-2.48201776474528,1.89337678530415
3,1768,5768,-1.67433859516956,2.10258955892443
3,1769,5769,-2.14286149706284,2.31079349457832
3,1770,5770,-1.88561401639811,1.82519540112223
3,1771,5771,-2.12922941923686,1.14432671284879
3,1772,5772,-1.63926107403427,1.30662954205616
3,1773,5773,-2.24740668885339,1.56013563606759
3,1774,5774,-1.87928941488063,1.43162478075803
3,1775,5775,-2.25230684835956,1.35558671257937
3,1776,5776,-2.30224342254856,1.28993136772861
3,1777,5777,-1.51659611046292,1.40975283207748
3,1778,5778,-2.43597528597076,1.40553678413328
3,1779,5779,-2.13975020584087,1.29352812608794
3,1780,5780,-2.87481412158202,2.51419344570056
3,1781,5781,-1.45852290602959,2.05104121055552
3,1782,5782,-1.52720219048239,2.01775021581013
3,1783,5783,-1.74523248067278,1.84187377042074
3,1784,5784,-2.07368988064796,1.34931513852709
3,1785,5785,-2.11685034613976,1.3807875235975
3,1786,5786,-1.57437708698055,1.52780571050195
3,1787,5787,-1.75237534949743,1.70271297489613
3,1788,5788,-1.2406786202758,2.5699074281629
3,1789,5789,-1.86868081194865,2.6030445748384
3,1790,5790,-2.36716821852652,2.15922340082594
3,1791,5791,-2.41270547541438,1.86421026581295
3,1792,5792,-1.68737134361904,1.93262363826693
3,1793,5793,-1.91312061307679,2.09730730431569
3,1794,5794,-2.10232828739693,1.65434991013962
3,1795,5795,-2.33733710370286,1.98818144637282
3,1796,5796,-2.29837109042956,2.55213712466524
3,1797,5797,-2.02492467866699,1.02271257291423
3,1798,5798,-2.40816537556931,1.48072100062879
3,1799,5799,-2.74231129175683,1.94818184103911
3,1800,5800,-2.56871011643776,1.83815966397113
3,1801,5801,-2.24077664020034,1.17259946412263
3,1802,5802,-2.38582178509287,1.62429114895414
3,1803,5803,-2.61616623844964,1.74839068021807
3,1804,5804,-2.37307105522492,1.70500061293139
3,1805,5805,-2.96811008473568,2.34820888031179
3,1806,5806,-2.05881697807058,1.60642763465563
3,1807,5807,-3.08291742757369,2.47012610301712
3,1808,5808,-3.17159421761369,1.98947628553
3,1809,5809,-2.27979411584618,1.73543220011436
3,1810,5810,-1.88444725484519,2.4665601646935
3,1811,5811,-2.69813411078223,2.81736852153534
3,1812,5812,-2.20382835797619,2.17039711712272
3,1813,5813,-2.54246926045432,2.95417957816487
3,1814,5814,-2.21024173062891,2.20714042567595
3,1815,5815,-1.43855348705126,1.45996655656361
3,1816,5816,-1.35117919877153,1.43184379978633
3,1817,5817,-2.56842742621737,1.99872374084881
3,1818,5818,-2.425288250643,2.25562569351313
3,1819,5819,-1.8570327329809,1.45607546326379
3,1820,5820,-2.51917589999619,1.60452602564256
3,1821,5821,-1.34923900678718,1.18767522266184
3,1822,5822,-2.91111845112944,2.04895614804044
3,1823,5823,-2.55455305250603,1.93258656906796
3,1824,5824,-2.81295704217795,2.20679666678097
3,1825,5825,-2.20044346852594,1.51402878529956
3,1826,5826,-1.62189725419656,2.20948734090091
3,1827,5827,-2.98261600264622,1.84016951630865
3,1828,5828,-2.8832487155602,1.83095075378779
3,1829,5829,-2.53945154925736,2.28524563956813
3,1830,5830,-2.49327225383003,2.83531514839858
3,1831,5831,-2.08311561308435,3.05016153324676
3,1832,5832,-2.31774485792504,2.95106679089364
3,1833,5833,-2.44144619640487,1.15921442426328
3,1834,5834,-2.4372607227506,1.2207744200129
3,1835,5835,-2.09600773279752,1.51784251870743
3,1836,5836,-1.65692927189479,1.61767947676031
3,1837,5837,-1.61532508601667,1.67440195424805
3,1838,5838,-3.43132109474568,3.48361522453891
3,1839,5839,-2.59699772181436,1.62404078476648
3,1840,5840,-2.65182922433674,1.01363409559562
3,1841,5841,-2.20584881161263,1.00988224592607
3,1842,5842,-1.86325491516814,1.58515706825631
3,1843,5843,-2.7523371754382,1.34724733206019
3,1844,5844,-2.09550693908678,1.24390580369118
3,1845,5845,-2.37649156353705,0.951007828961002
3,1846,5846,-2.16452314360884,1.32879931748502
3,1847,5847,-2.25788215258207,0.786067687635599
3,1848,5848,-1.40966070321479,1.15633445971834
3,1849,5849,-1.13523557876789,1.17802813144093
3,1850,5850,-1.8497954153437,1.46850143181768
3,1851,5851,-0.878750676833342,1.25658886072268
3,1852,5852,-1.11583509935374,1.36969496816716
3,1853,5853,-1.21958236049566,1.2634719834361
3,1854,5854,-1.25349740411352,1.37792136171247
3,1855,5855,-0.864537236741615,1.9799425221321
3,1856,5856,-0.240047778668609,3.39323926642137
3,1857,5857,-0.0101595584784554,2.16973278396721
3,1858,5858,-1.33784755544709,2.06136260891244
3,1859,5859,-1.57962166887756,2.72544585095545
3,1860,5860,-1.17595221654259,2.17384909345564
3,1861,5861,-1.45781045891802,3.29563805208333
3,1862,5862,-1.79276674566693,1.40228103682615
3,1863,5863,-2.30154212188775,1.35091385886807
3,1864,5864,-2.70508590578321,1.65407911970969
3,1865,5865,-2.4391151223939,2.27681058031288
3,1866,5866,-2.22668359893226,1.74617372491735
3,1867,5867,-2.93691545965866,3.06272096955673
3,1868,5868,-4.16318247983771,2.58750736591726
3,1869,5869,-2.79689644931578,1.91596129392387
3,1870,5870,-1.80305444989226,3.12117851470816
3,1871,5871,-1.75186489441618,3.38309275699516
3,1872,5872,-1.82125835024674,2.93977345520833
3,1873,5873,-1.98124616614848,3.04289503090357
3,1874,5874,-3.0972806352072,2.90491180605042
3,1875,5875,-3.8650225426832,2.20418292056154
3,1876,5876,-2.51923646271187,1.43935858140169
3,1877,5877,-3.6120482105631,1.95039452819776
3,1878,5878,-2.98020617551707,1.68910068689715
3,1879,5879,-2.91542923293394,1.64805265717563
3,1880,5880,-2.6488335210252,1.92393738925917
3,1881,5881,-2.73338405534782,1.58354212492253
3,1882,5882,-2.66247360063088,2.16908918575098
3,1883,5883,-2.32947696324154,2.26166321969364
3,1884,5884,-1.5595264195809,1.50039758629882
3,1885,5885,-2.53641353664619,1.9806405413503
3,1886,5886,-2.59813503995147,2.7741926147072
3,1887,5887,-2.83728308142317,1.92944090873388
3,1888,5888,-3.3986213198742,2.1813020694647
3,1889,5889,-3.11747962861065,2.07738612463429
3,1890,5890,-2.26028848167677,1.9485088105682
3,1891,5891,-2.67100829568089,3.90852060067118
3,1892,5892,-1.81325994532411,2.80327803538375
3,1893,5893,-1.74098927376855,2.05856442344886
3,1894,5894,-2.30827233043411,2.13943861743399
3,1895,5895,-1.23717230465339,2.35706752111227
3,1896,5896,-1.37685583416926,1.74912435898422
3,1897,5897,-1.21980492567051,1.75053749360065
3,1898,5898,-0.963353800926566,2.07764553771195
3,1899,5899,-1.99856775607568,1.61997723117181
3,1900,5900,-1.82303844008537,2.15510619572403
3,1901,5901,-2.43060675838141,1.77348881652202
3,1902,5902,-2.42320873902556,1.65311502552827
3,1903,5903,-2.36555158829805,1.70138468077962
3,1904,5904,-2.291692194128,1.88068076277231
3,1905,5905,-2.03299756526379,1.51678783063962
3,1906,5906,-1.15475621301328,3.37009087384103
3,1907,5907,-1.39564106098327,1.53071496519167
3,1908,5908,0.33737216292049,2.20987423899093
3,1909,5909,-0.546614223475809,3.87309030977293
3,1910,5910,-0.805651905420016,3.3643144333472
3,1911,5911,-0.149088176613493,2.54030555029117
3,1912,5912,-1.51899493786795,1.79375343653798
3,1913,5913,-1.69922153938542,2.74822362685025
3,1914,5914,-1.41683197324246,1.74932006140189
3,1915,5915,-2.61515052631444,2.24497295576765
3,1916,5916,-2.14727668335612,2.24925580552591
3,1917,5917,-2.30588677906476,1.73649204791884
3,1918,5918,-1.74954871417595,2.37119083819779
3,1919,5919,-1.89425928801601,2.0587521965969
3,1920,5920,-1.62850956034862,2.00817139401376
3,1921,5921,-1.8766614266285,1.7098459460034
3,1922,5922,-2.33277058023029,1.79785072033244
3,1923,5923,-1.67175746352538,2.37471365127903
3,1924,5924,-1.64838556066511,2.83319175813819
3,1925,5925,-1.0049390983223,3.08166640532273
3,1926,5926,-1.28957164673979,3.44518392562833
3,1927,5927,-1.16489229807304,3.93017801647648
3,1928,5928,-2.23064486245374,1.27122637932633
3,1929,5929,-1.78224386115223,1.1474514812808
3,1930,5930,-2.35564048760751,1.38461800587505
3,1931,5931,-2.54359765061906,1.29964113177313
3,1932,5932,-2.20422444186258,1.24691022255713
3,1933,5933,-2.39993356224005,1.28476388568561
3,1934,5934,-1.95309666698994,1.54021859869738
3,1935,5935,-2.71736894286941,1.69929296366487
3,1936,5936,-2.67095323477018,1.78244468236793
3,1937,5937,-3.21984022553895,1.8939370391673
3,1938,5938,-1.96775747025863,1.51792812435441
3,1939,5939,-2.52627944772289,1.19082445364892
3,1940,5940,-1.91686759226347,1.03008690441274
3,1941,5941,-1.92146120345722,1.08745815923967
3,1942,5942,-1.96947641951518,0.958480725940164
3,1943,5943,-2.05554301244367,0.809928745738105
3,1944,5944,-3.00946560551615,1.34892375215519
3,1945,5945,-1.92259361260315,1.89574632476704
3,1946,5946,-1.88739277802496,1.90192537743873
3,1947,5947,-2.05324530767363,1.85127736120641
3,1948,5948,-2.24955172219588,2.04049153090669
3,1949,5949,-1.65371869982745,2.34553983104307
3,1950,5950,-1.63740971753434,2.25150842972784
3,1951,5951,-1.43911976120742,2.50329571400227
3,1952,5952,-1.51033086655776,1.46210145107463
3,1953,5953,-1.58803973567185,2.26139443038036
3,1954,5954,-1.49259090854773,2.24662619763441
3,1955,5955,-2.43847206890429,1.54923595632268
3,1956,5956,-2.66274412887037,1.67643276694751
3,1957,5957,-1.91412733167826,1.30023712096539
3,1958,5958,-2.70610688034939,1.98958962756696
3,1959,5959,-2.74430043932164,2.37097147952522
3,1960,5960,-2.30208340379346,2.06420744268001
3,1961,5961,-2.79059572975414,2.05478276661691
3,1962,5962,-2.54801237278618,2.19389578657557
3,1963,5963,-3.28859401343363,2.54508461655695
3,1964,5964,-3.26405619872436,1.84003430679358
3,1965,5965,-2.86221938836614,2.14332049513655
3,1966,5966,-2.10270395305057,1.30902899648864
3,1967,5967,-2.45008852144729,1.77108923650939
3,1968,5968,-2.34311970929515,1.34467233952659
3,1969,5969,-1.76786324032811,2.00536927169835
3,1970,5970,-1.13020341061619,0.83868665012079
3,1971,5971,-1.55084009898549,1.43415503898903
3,1972,5972,-2.71894589299386,1.35775966553983
3,1973,5973,-1.98918347866373,2.14629489245309
3,1974,5974,-3.59694869867931,2.85677778951741
3,1975,5975,-2.3734799664183,1.70569221078303
3,1976,5976,-2.46066030395387,1.90284351880457
3,1977,5977,-2.47861298755079,1.84960247488912
3,1978,5978,-2.03374594779192,2.1679843547178
3,1979,5979,-1.54330338860617,2.19789236488853
3,1980,5980,-2.10398815359073,2.36313811205453
3,1981,5981,-2.06808094683433,2.37198418448364
3,1982,5982,-2.30965965443792,1.42454277640268
3,1983,5983,-2.82857774505535,1.97207796717488
3,1984,5984,-2.13834736511184,1.55589762948329
3,1985,5985,-1.64218224474017,1.00501886036367
3,1986,5986,-1.84554761764858,1.51576113853933
3,1987,5987,-2.53816882875859,1.65862447084048
3,1988,5988,-1.64836209412825,1.09546832580697
3,1989,5989,-2.44933947213933,1.55198659028209
3,1990,5990,-1.34553013864921,1.14576569814581
3,1991,5991,-2.08992812857625,1.45624291040137
3,1992,5992,-2.31902405112376,2.21443061630945
3,1993,5993,-2.43361779816239,2.21096609655056
3,1994,5994,-2.72804961618512,2.15541851948715
3,1995,5995,-2.11645829225678,2.25775715840388
3,1996,5996,-2.76800423449987,2.30792728070595
3,1997,5997,-2.81399476178059,1.99071273825761
3,1998,5998,-2.33722999836307,2.14054187468441
3,1999,5999,-3.54953937129251,1.94527257839259
3,2000,6000,-3.38945797185711,1.93883967878628
4,1,6001,-1.48686241566338,2.14797912968949
4,2,6002,-1.77849480439345,0.977737347554948
4,3,6003,-2.132692985064,1.20551609594945
4,4,6004,-2.06988092964355,0.863544160641522
4,5,6005,-2.79365192577424,1.42132213476993
4,6,6006,-1.94629617078407,1.69488507354328
4,7,6007,-2.85868891062823,1.63778178364202
4,8,6008,-2.41589191634482,1.18688680009962
4,9,6009,-1.91718450285753,2.03900713965633
4,10,6010,-1.95139043517726,2.27416178763953
4,11,6011,-2.44483523974031,1.81683835726688
4,12,6012,-1.58220900487773,1.8944202308281
4,13,6013,-1.66379423033007,1.91714969666805
4,14,6014,-1.54531104683509,1.9519608667289
4,15,6015,-1.80208546679851,1.8086352568613
4,16,6016,-1.97573064756652,2.73241868762007
4,17,6017,-2.5120032889774,2.29166643733403
4,18,6018,-2.52005048723316,2.43338488649778
4,19,6019,-2.1550009461567,1.78402913981683
4,20,6020,-1.79963685576875,2.13112616887573
4,21,6021,-1.46922250703608,1.38365758366402
4,22,6022,-2.00255716196676,1.69455569977122
4,23,6023,-2.83892438534931,1.79320086208631
4,24,6024,-2.10251653221411,1.95128777864448
4,25,6025,-3.26348699848662,1.89699693440134
4,26,6026,-2.78227778834522,2.25239418465897
4,27,6027,-2.19612689922076,1.76287081784154
4,28,6028,-2.19988105137769,2.94331273913247
4,29,6029,-1.9310596645037,3.02213783403789
4,30,6030,-1.08132010164974,1.99596311448321
4,31,6031,-1.15323233674916,2.68361923767172
4,32,6032,-1.71257969235909,3.07951134028969
4,33,6033,-1.88725205129321,2.23330996320589
4,34,6034,-2.07548706853828,1.79966214776252
4,35,6035,-2.54583842959295,1.36663883211073
4,36,6036,-1.82981842970028,2.77708498345825
4,37,6037,-2.77166415221781,2.14080718295546
4,38,6038,-2.77249503104214,1.81390545429907
4,39,6039,-3.07843433807611,2.06039551569311
4,40,6040,-1.87744471842067,1.45158286632883
4,41,6041,-2.4345802584295,1.07725602351345
4,42,6042,-3.03215701559546,1.79875790146964
4,43,6043,-1.48541968235069,1.07420081952037
4,44,6044,-2.22901851000481,2.50801649424782
4,45,6045,-2.26457870502395,1.6497872189052
4,46,6046,-2.85176195631231,1.69672812072926
4,47,6047,-2.64112653424341,1.95929547790633
4,48,6048,-1.59488442629521,1.57480599387928
4,49,6049,-1.99529477222761,1.51022040220364
4,50,6050,-1.67608770427547,1.02817340812038
4,51,6051,-2.62008630199786,1.71842428724558
4,52,6052,-3.76735486891437,1.2134813586624
4,53,6053,-0.866237722676362,1.67698105567611
4,54,6054,-1.47315870462382,1.62081049498357
4,55,6055,-1.94848848851852,1.51821315778048
4,56,6056,-1.33686178543738,1.61367589839068
4,57,6057,-1.99051668944857,1.39741935487507
4,58,6058,-1.85265745370268,0.951476256245629
4,59,6059,-1.90373900876443,1.02411357199542
4,60,6060,-1.76492140497658,1.80321721045455
4,61,6061,-2.19775456114924,1.52262880762049
4,62,6062,-1.64319339891105,1.45828891430809
4,63,6063,-1.90627091180608,2.5551530913186
4,64,6064,-2.16638103285003,1.9600868363314
4,65,6065,-1.92553090902168,1.95654873523695
4,66,6066,-2.20087698267122,1.47344053232363
4,67,6067,-2.30088652264889,2.15172597471437
4,68,6068,-2.08664125443123,1.97593389093604
4,69,6069,-2.26814749259318,1.72224563779614
4,70,6070,-3.07195568653675,1.78097236346621
4,71,6071,-2.05291528037619,1.09589910139216
4,72,6072,-2.84703404542006,1.72055762109221
4,73,6073,-2.69671726387399,1.62879105537918
4,74,6074,-2.85765785804262,1.76917362084508
4,75,6075,-3.2482622109961,1.35717314033881
4,76,6076,-2.59154267887873,2.0060689151354
4,77,6077,-2.55887002749807,1.81815672797278
4,78,6078,-2.14291765369953,1.80730163525258
4,79,6079,-1.91565236735729,1.30820904557584
4,80,6080,-2.39606924448712,1.42588027063257
4,81,6081,-2.80174589895127,1.17429479475673
4,82,6082,-3.11831348906297,2.55399882501421
4,83,6083,-1.98738709051318,2.0373366056636
4,84,6084,-2.5803491740267,2.34547961073694
4,85,6085,-2.88092233137387,3.61610595466763
4,86,6086,-3.28168342650314,3.42124233047304
4,87,6087,-3.34294231655034,3.17550741421481
4,88,6088,-2.38297288649462,2.66944792385118
4,89,6089,-2.39304477280567,1.48170186777367
4,90,6090,-2.89810246070166,1.75437457856505
4,91,6091,-2.52424957761345,1.45515033745728
4,92,6092,-3.56863425262705,1.89834679748639
4,93,6093,-3.22866516666767,2.27667946695035
4,94,6094,-3.25702302215723,2.2860896929784
4,95,6095,-3.57683835793129,2.30030206074739
4,96,6096,-2.45768327228568,1.25047409511737
4,97,6097,-1.77919149755279,1.25616512671791
4,98,6098,-2.38799481450265,1.62435808608138
4,99,6099,-1.70047077015392,2.18453192524178
4,100,6100,-1.72078832241001,1.580344881439
4,101,6101,-2.44193504570245,2.47524577683105
4,102,6102,-2.5224209438166,2.11014566362703
4,103,6103,-2.24914469767721,1.6075210397297
4,104,6104,-2.313025470443,1.5772138592371
4,105,6105,-2.42821687888777,1.10088757687571
4,106,6106,-1.67876306949572,2.06715149722851
4,107,6107,-2.1521816225532,0.991664007476994
4,108,6108,-2.00556805780664,0.912259371768391
4,109,6109,-2.68467035202637,1.72606427208611
4,110,6110,-2.87245445474693,1.99082589916789
4,111,6111,-2.18927998518571,2.00375810810429
4,112,6112,-2.04383816597701,1.87862386429648
4,113,6113,-1.80483360206193,2.45380590958321
4,114,6114,-2.15466112339983,1.99609086833274
4,115,6115,-1.35942578477704,1.79079462006943
4,116,6116,-2.23354665639673,1.66244838863266
4,117,6117,-2.28429883687731,1.83302708718873
4,118,6118,-1.93635205110165,1.13520356174329
4,119,6119,-2.05203907191249,1.24251843714176
4,120,6120,-2.27780698118181,1.53825325521402
4,121,6121,-2.18738889506424,1.46223972896767
4,122,6122,-1.99236491686955,1.80394810659801
4,123,6123,-2.73703631122418,2.53032992202698
4,124,6124,-2.58158806998745,2.40384041395254
4,125,6125,-2.69909108140779,1.54264942027219
4,126,6126,-3.1102109909385,1.92331134106781
4,127,6127,-3.44436852691473,2.22017198311111
4,128,6128,-3.237445325899,2.48899359544482
4,129,6129,-3.18332741062095,2.97667412200678
4,130,6130,-3.39371013770658,2.68427283582123
4,131,6131,-2.63976696357672,1.97740598213114
4,132,6132,-2.23709255417191,1.01856798758558
4,133,6133,-3.36531970005074,1.7867038839063
4,134,6134,-2.56309259682609,1.02043588835356
4,135,6135,-2.15596248165193,1.59104521244013
4,136,6136,-2.98221286823018,1.37824461763492
4,137,6137,-3.45976341379081,1.56340386987316
4,138,6138,-2.54445894204495,2.72312114235448
4,139,6139,-2.53873949958469,2.09982581750773
4,140,6140,-2.28230899734605,1.97552954544622
4,141,6141,-3.06221979170028,1.84365533518754
4,142,6142,-1.73902912200763,1.7398072281351
4,143,6143,-2.89975615336848,1.39251655988546
4,144,6144,-2.7624184177623,1.32554436334933
4,145,6145,-2.60894402649614,1.94429666004857
4,146,6146,-2.66040642666038,1.99020763122785
4,147,6147,-2.74486674822478,2.50139016400441
4,148,6148,-2.38082469517507,1.56976826740726
4,149,6149,-1.93311481044014,1.67527309385199
4,150,6150,-1.82584640106789,2.00751103280274
4,151,6151,-3.04489994340423,1.8460751125301
4,152,6152,-2.98582852788729,1.70971173129404
4,153,6153,-2.42513389490328,2.44308112326203
4,154,6154,-2.83293310056591,3.44151856854383
4,155,6155,-2.81582581757538,3.58479296706208
4,156,6156,-1.57524153388788,0.890279282771921
4,157,6157,-1.91792505536997,0.916721210023266
4,158,6158,-3.2608561656832,1.82855062223964
4,159,6159,-2.44383177691973,1.2410740002164
4,160,6160,-2.51427021736832,1.42141244829368
4,161,6161,-3.04292551436488,2.07377001133828
4,162,6162,-2.39670202466324,3.01224208282376
4,163,6163,-2.91673227243368,2.0799177511671
4,164,6164,-2.75818078948898,1.98163358011838
4,165,6165,-2.38175180833042,1.37469222146651
4,166,6166,-2.57416906035772,2.2256950851611
4,167,6167,-2.12445158266277,1.56899624813821
4,168,6168,-2.08064364436709,2.67378912036006
4,169,6169,-2.24146208738939,2.74800009137502
4,170,6170,-1.75533781353322,0.826788577319289
4,171,6171,-1.65645071860792,1.55065753529045
4,172,6172,-1.86050338140052,1.2597934532931
4,173,6173,-2.11318311347454,1.39472426558393
4,174,6174,-1.77970745751897,1.77088866294822
4,175,6175,-2.11216507548642,2.03322676998296
4,176,6176,-0.29923810193966,2.44152377207485
4,177,6177,-1.94086398690252,1.56940304613305
4,178,6178,-2.68681326659746,1.72251937943024
4,179,6179,-2.04793892273338,1.99676904412919
4,180,6180,-2.43853786950586,1.06516706478049
4,181,6181,-2.88863445672697,1.35043497000337
4,182,6182,-2.28298851920115,0.711588890152009
4,183,6183,-3.01681894193621,1.37904708724292
4,184,6184,-2.79810794470971,2.36376614686241
4,185,6185,-1.37056878032375,1.16888725817489
4,186,6186,-1.69227870688793,1.64826821740701
4,187,6187,-1.65855916502284,1.17835683850166
4,188,6188,-3.63968718310873,2.04450086663674
4,189,6189,-1.77167524820226,1.21264703043865
4,190,6190,-2.26164914826801,1.09037972307644
4,191,6191,-1.61907868709466,2.23113105880592
4,192,6192,-2.40340829030542,1.10103721130203
4,193,6193,-2.75533358505721,1.6299195519979
4,194,6194,-2.3184930115669,1.20312355993807
4,195,6195,-2.29576665559012,2.13157225212497
4,196,6196,-2.67982215592047,1.46977018120499
4,197,6197,-1.89633977870206,1.96591292649042
4,198,6198,-2.14102612639891,1.3939434387048
4,199,6199,-1.99101422741948,1.82962302504295
4,200,6200,-1.67657056167934,2.18622541682513
4,201,6201,-1.67635090179961,2.24513380357539
4,202,6202,-3.84138225426762,1.70856823243464
4,203,6203,-2.33878729472182,1.43764157790043
4,204,6204,-1.85516301941406,1.32296511420605
4,205,6205,-2.47616191221116,1.81278438465465
4,206,6206,-3.10421703795527,1.64936257147288
4,207,6207,-2.14412420675461,1.38853601304476
4,208,6208,-2.84126650579994,2.12226506600234
4,209,6209,-2.03436269336614,1.04075256894759
4,210,6210,-2.11962128360416,1.06661322197442
4,211,6211,-1.31343697930729,1.2780356026903
4,212,6212,-2.84080204740747,1.80923693899919
4,213,6213,-1.78857987717795,1.32133536026847
4,214,6214,-2.39921258864894,1.7058250699515
4,215,6215,-1.46265726150462,1.754279244748
4,216,6216,-2.91086688088477,1.47695391289336
4,217,6217,-2.82091428787859,1.5190165197863
4,218,6218,-2.21704007081788,1.16028028765319
4,219,6219,-3.20568800469957,1.46898436815612
4,220,6220,-2.44095780291464,1.70161758699906
4,221,6221,-2.81010103047664,1.67341863942376
4,222,6222,-3.00109294220909,1.75186441034696
4,223,6223,-2.56464276939515,2.43977071769974
4,224,6224,-2.31428474628667,2.17984953792207
4,225,6225,-2.6548231976947,1.81660546945144
4,226,6226,-2.268188683648,2.06397601227816
4,227,6227,-2.03852130022201,1.32697931772606
4,228,6228,-2.0342187592864,1.30251715042623
4,229,6229,-1.45732774730973,1.61373111605451
4,230,6230,-1.65181425585915,1.44416404215652
4,231,6231,-2.64012963086877,1.91930255799007
4,232,6232,-2.4173645315776,1.54249195261074
4,233,6233,-2.83682685286497,1.73123971184271
4,234,6234,-1.67384523670049,1.36805101615828
4,235,6235,-3.23181350281808,2.06512015556134
4,236,6236,-2.09099042010387,1.29402591210071
4,237,6237,-2.91183186828475,1.56079759830558
4,238,6238,-2.33671880067137,1.56267537109977
4,239,6239,-2.07921722905375,1.83972951523698
4,240,6240,-1.7903414103781,1.60099302160101
4,241,6241,-3.01326609349475,1.75456264181538
4,242,6242,-2.79712947422073,1.69974983738162
4,243,6243,-2.61930893199008,1.5276287338181
4,244,6244,-3.10482236998697,1.61019569718369
4,245,6245,-3.08222087297052,2.4825344839014
4,246,6246,-1.69766009168995,1.67247733084271
4,247,6247,-2.10299973886665,2.22236732979451
4,248,6248,-2.29223991509892,2.35305250711647
4,249,6249,-1.84165918302784,3.53784015924688
4,250,6250,-1.69198814208698,2.15496888484969
4,251,6251,-2.25828147127363,1.82691002566184
4,252,6252,-1.242689988545,0.994266489864376
4,253,6253,-1.65319926459788,1.02491347674555
4,254,6254,-1.79354916012202,1.30912767025177
4,255,6255,-2.41152348291152,2.66440968948772
4,256,6256,-1.99187831882997,2.60995096836609
4,257,6257,-1.96185739600686,3.26797319620197
4,258,6258,-2.52788718661818,2.2108843441368
4,259,6259,-1.77438478009284,1.86121255385716
4,260,6260,-3.19782663624907,2.72991437028805
4,261,6261,-2.37130216167307,2.60195760445241
4,262,6262,-2.72300086008865,1.70891201500898
4,263,6263,-2.42272549979375,1.43145954368217
4,264,6264,-2.7006438669137,1.53258511361152
4,265,6265,-3.23302326589271,3.04587743681555
4,266,6266,-2.63656873316865,2.56482407267796
4,267,6267,-2.53564387349402,2.7787162091912
4,268,6268,-2.96051561251253,2.14748089379267
4,269,6269,-1.97588938867062,2.68210960575406
4,270,6270,-2.20883003900074,1.99918419785197
4,271,6271,-2.13821360244359,1.89486721898829
4,272,6272,-1.98302725274904,1.95965470280959
4,273,6273,-2.15316493148959,2.07194158582419
4,274,6274,-1.32597526681254,2.62807838929168
4,275,6275,-1.94519437445176,2.47498136854345
4,276,6276,-1.66505057037711,1.8419926627337
4,277,6277,-1.36659052958684,1.29513274388953
4,278,6278,-1.96898775988231,0.963714461740081
4,279,6279,-3.15344121365721,1.79583554972104
4,280,6280,-2.5241355460825,1.35299550890499
4,281,6281,-2.21539662395246,1.74693523158327
4,282,6282,-3.16170559601357,1.81792816631213
4,283,6283,-1.56674624626802,1.68155784758001
4,284,6284,-0.97856102569377,1.5858988560238
4,285,6285,-2.67625207068303,1.95301690996335
4,286,6286,-2.60390479151273,1.90731251761767
4,287,6287,-2.12473512301462,1.72088230156631
4,288,6288,-2.04101270789111,1.42972032884738
4,289,6289,-2.20746278158594,1.55858821096875
4,290,6290,-1.48508350224696,1.75083765634763
4,291,6291,-1.93267578380965,3.94498329614466
4,292,6292,-1.36454645049745,3.16165431402498
4,293,6293,-1.80103621543408,1.39554891976422
4,294,6294,-1.31966237678816,1.32859393717342
4,295,6295,-1.27795540610753,1.85983031568116
4,296,6296,-1.3022880801801,1.81033462126147
4,297,6297,-1.8402230753102,1.479937377772
4,298,6298,-2.24644168864426,1.29866324163228
4,299,6299,-2.50724036629699,1.38262992717624
4,300,6300,-2.37242879397531,1.83524386772234
4,301,6301,-1.826875709194,2.64819103955146
4,302,6302,-1.34591996592182,2.07291116192455
4,303,6303,-1.59865951029797,1.86686807448208
4,304,6304,-1.70160240893663,1.98881363127554
4,305,6305,-3.25739212065849,2.17406653556525
4,306,6306,-2.56339725876814,1.31450785579333
4,307,6307,-2.40355604717749,1.26945716086939
4,308,6308,-2.8510206527202,2.01717438927131
4,309,6309,-2.58618057366369,1.46762322534305
4,310,6310,-2.72536204279066,2.06581326878595
4,311,6311,-2.24808245204726,1.20346406009395
4,312,6312,-2.68602174213439,1.77938997442812
4,313,6313,-2.79126569965111,1.61900316663953
4,314,6314,-3.03949390860176,1.8646686412951
4,315,6315,-2.90206930991574,1.9427293954563
4,316,6316,-2.53372129044812,2.18245642631463
4,317,6317,-2.31426592026636,1.70019079195753
4,318,6318,-2.20503534125403,1.62666315942291
4,319,6319,-3.12167423167545,2.55717924520331
4,320,6320,-2.22733730109655,2.84662074720751
4,321,6321,-2.04334162295447,2.06710486412115
4,322,6322,-2.56188175459687,2.03993797457159
4,323,6323,-2.42769208576525,2.08744203628034
4,324,6324,-2.26757936255989,1.98731656656875
4,325,6325,-2.34486621223081,1.31319676395689
4,326,6326,-2.39004322256167,1.33067634287454
4,327,6327,-2.22774026540798,1.2594024118108
4,328,6328,-2.27184745550784,1.27571619592437
4,329,6329,-1.99868278180965,1.75133329698956
4,330,6330,-2.17722492464547,1.8846171129426
4,331,6331,-2.9583015014961,1.46952415312941
4,332,6332,-1.7016502150632,2.01402747299251
4,333,6333,-1.84410365172079,2.08943398886592
4,334,6334,-1.4080112662472,2.05307879793782
4,335,6335,-1.11936336496605,2.7670305327072
4,336,6336,-1.24899440476335,2.94863766821432
4,337,6337,-0.533822686718082,3.32087861079696
4,338,6338,-0.633671332326289,2.39110386096541
4,339,6339,-0.71891607827352,3.06755584888093
4,340,6340,-1.79215822411808,2.61814203637732
4,341,6341,-1.91880092425233,3.27759473035226
4,342,6342,-2.24675083525337,1.94319274847068
4,343,6343,-1.91447273990041,2.12735595342418
4,344,6344,-2.02188167499152,1.2056738134177
4,345,6345,-1.62919236585494,1.18584964099591
4,346,6346,-2.54581086184765,2.68343289141993
4,347,6347,-2.4356907729805,2.94657190173457
4,348,6348,-2.28899435844837,2.84300829442226
4,349,6349,-2.15008729057686,1.91382482873977
4,350,6350,-2.00789715469864,2.10667984273724
4,351,6351,-2.5670060903618,2.44532457723619
4,352,6352,-2.057642345345,1.22904764291021
4,353,6353,-3.0334887738559,2.01908891801593
4,354,6354,-2.65943576118822,1.81658939829529
4,355,6355,-3.60342837275624,2.54251474842005
4,356,6356,-2.69155238135684,1.87771611449891
4,357,6357,-3.36796973805362,2.72062226704143
4,358,6358,-3.09238130522537,1.65950538467922
4,359,6359,-2.15719954990778,2.53528206735474
4,360,6360,-2.00892929563484,1.48170071323461
4,361,6361,-1.92257525206854,2.21597764969
4,362,6362,-2.34168365447606,2.16093236124595
4,363,6363,-1.12219873237368,1.74679979325258
4,364,6364,-2.1128630201219,1.57219743123277
4,365,6365,-1.91638275499162,0.956974659423802
4,366,6366,-2.32574268247819,1.71132507406729
4,367,6367,-3.27162502714113,1.8051958450911
4,368,6368,-2.63730953924072,1.2880899005456
4,369,6369,-3.0000162810757,1.2920644183918
4,370,6370,-2.88554112032806,1.51178879955544
4,371,6371,-1.31565408599846,1.16976145153583
4,372,6372,-1.09097712523059,1.12174623300289
4,373,6373,-2.09496058542744,1.41523405209905
4,374,6374,-2.14998862708408,1.74237732945937
4,375,6375,-2.14944721102391,1.78354887821077
4,376,6376,-2.86266960101947,1.37756068990376
4,377,6377,-2.26361168044003,1.28809734816689
4,378,6378,-1.96872867654979,2.09662048672933
4,379,6379,-1.88043410279011,2.50612870078093
4,380,6380,-1.56349195696873,2.58195049944076
4,381,6381,-3.6835859278344,1.95798998499249
4,382,6382,-0.975703527628625,2.53542246587146
4,383,6383,-1.63886752359346,3.26551710779124
4,384,6384,-1.8205948563805,2.06641990918014
4,385,6385,-1.89245735401496,1.45753416167328
4,386,6386,-2.50577232647234,2.46154289981694
4,387,6387,-2.83952706095384,1.39780266693598
4,388,6388,-3.12842138951294,1.58139221409272
4,389,6389,-3.05703076764047,1.61444797301932
4,390,6390,-3.48472817662851,2.12974690256646
4,391,6391,-2.75074038862686,2.03664854120874
4,392,6392,-2.38449546875398,1.59648758690506
4,393,6393,-1.77212931836962,2.04108872857539
4,394,6394,-2.24506388765661,1.59278899316695
4,395,6395,-2.88802031700126,1.62440389686492
4,396,6396,-3.16750962820492,1.32890312659776
4,397,6397,-2.42261438707703,1.3214345375493
4,398,6398,-2.7181186203225,1.21134320304517
4,399,6399,-1.87381394206131,1.20939562520163
4,400,6400,-2.91719491511328,2.2871064147889
4,401,6401,-2.53176055093415,1.65947282435184
4,402,6402,-3.28286033258465,3.16560152096019
4,403,6403,-3.56759471009891,2.44078009019388
4,404,6404,-3.64533282209436,2.70360379565394
4,405,6405,-3.82736281520686,2.16253745795617
4,406,6406,-3.13855424243135,2.23064959384238
4,407,6407,-2.87384539583415,1.44870593520707
4,408,6408,-2.21411093086168,1.13135688850514
4,409,6409,-2.5481624359545,1.41251996160941
4,410,6410,-2.50657938128892,1.34884320016317
4,411,6411,-1.99664482558961,1.33850975565085
4,412,6412,-2.17292199179902,1.58829721254201
4,413,6413,-1.76808334375866,1.81912103523697
4,414,6414,-1.67979642080644,1.79279143600675
4,415,6415,-2.08939592240889,2.65897902858891
4,416,6416,-2.372628692205,3.73977394663219
4,417,6417,-2.89690828694909,3.54925802042701
4,418,6418,-2.93050538802323,3.45279431726683
4,419,6419,-2.32682112333377,3.37242554010088
4,420,6420,-2.58545432986749,2.80020313570401
4,421,6421,-1.76453200132487,1.86786024116897
4,422,6422,-2.09352208654277,1.33575373082568
4,423,6423,-2.29879438319425,1.34960070792647
4,424,6424,-2.36213958529167,1.35733154886895
4,425,6425,-1.89722045929915,2.36669847380626
4,426,6426,-1.19604256608471,2.27598841802767
4,427,6427,-1.64977614299757,2.96544287090547
4,428,6428,-1.53608836633128,2.79885277133969
4,429,6429,-2.13973436656739,1.83806673893402
4,430,6430,-1.68944158896863,1.89910511934384
4,431,6431,-1.46297698736,1.27913352353327
4,432,6432,-2.05481936234944,1.3057877109983
4,433,6433,-1.05115722343664,3.36300808852581
4,434,6434,-1.18440951840984,3.71306182119726
4,435,6435,-1.96993425283353,1.44288847083866
4,436,6436,-2.23484296589278,1.2967005690398
4,437,6437,-2.25198165780903,1.17001245428976
4,438,6438,-2.86195351600429,1.26852217423965
4,439,6439,-2.46119711989067,0.944630659576868
4,440,6440,-1.68161461561517,1.91808219089641
4,441,6441,-2.36094652547194,1.22230980596029
4,442,6442,-2.62241466393109,1.27433222990226
4,443,6443,-1.4501222342889,1.84996244210071
4,444,6444,-0.905945517516079,2.41329203653604
4,445,6445,-0.989061621856265,2.69590324564467
4,446,6446,-0.993192964036023,3.15068577453121
4,447,6447,-1.96465143323898,1.72544126886599
4,448,6448,-1.80081389386923,1.23478011481363
4,449,6449,-2.43783629547584,1.47850739113612
4,450,6450,-2.59471264310136,1.11345175664899
4,451,6451,-3.08324632098125,2.36561819615655
4,452,6452,-2.57217621499126,1.49861891316732
4,453,6453,-2.0676553714942,1.77617465748649
4,454,6454,-1.16776644468397,2.14563334890763
4,455,6455,-1.323970926454,1.43288776340491
4,456,6456,-2.87921900492489,1.81987263214174
4,457,6457,-2.60736857436469,1.86485535613186
4,458,6458,-2.45178679090684,1.26279464556466
4,459,6459,-2.45838020916592,1.99430458867401
4,460,6460,-2.23985209631869,2.51285572213947
4,461,6461,-0.848657602514818,2.61297633334542
4,462,6462,-2.17364342677772,1.58674556587951
4,463,6463,-2.85312916040102,1.97952782201475
4,464,6464,-3.16208990097901,3.02156467318827
4,465,6465,-2.12257215376408,1.54590998934819
4,466,6466,-2.18689049267735,1.84305689937145
4,467,6467,-3.23287345770743,2.0124839345978
4,468,6468,-3.20956025608554,2.00732877396593
4,469,6469,-2.12990760159547,1.64863692302119
4,470,6470,-2.98109421885183,1.68235614739056
4,471,6471,-2.8326964322421,2.82969581715624
4,472,6472,-2.6053594406942,1.61177271862217
4,473,6473,-2.38494169288158,2.30662101561603
4,474,6474,-1.96369013312747,1.76171657448043
4,475,6475,-2.26965686129818,2.04809976442271
4,476,6476,-2.03999937731861,1.58949695208772
4,477,6477,-2.11767867736044,1.99341338051571
4,478,6478,-2.76567990700827,1.66003130633581
4,479,6479,-2.31704506608691,2.60132624161788
4,480,6480,-1.89068552838747,1.42105294003717
4,481,6481,-3.05954260718384,1.42474077721649
4,482,6482,-3.34661556922447,1.81600727244828
4,483,6483,-3.25797902824421,1.86133496817632
4,484,6484,-2.54894541413302,2.12847352777969
4,485,6485,-2.52028123224719,1.54534919917733
4,486,6486,-2.75663307939968,1.95038708989371
4,487,6487,-1.32988211812428,1.26501090957019
4,488,6488,-2.0164715897073,1.93957038921692
4,489,6489,-2.42764021470798,1.83201003966039
4,490,6490,-2.42407406928521,1.48059018357056
4,491,6491,-2.30971026324114,3.09679520008964
4,492,6492,-2.56951972493667,2.48836717561617
4,493,6493,-2.57773087777747,2.29729340210263
4,494,6494,-1.68626076870777,2.84205130386586
4,495,6495,-1.59583423666175,2.5893917893815
4,496,6496,-1.66825376565477,2.59312972499128
4,497,6497,-2.80291019164909,2.19640642278838
4,498,6498,-2.71802549450488,2.40362363978052
4,499,6499,-2.69688967505921,1.82655926800068
4,500,6500,-2.7674212859978,2.16163368128523
4,501,6501,-2.39519706795763,1.90190874959215
4,502,6502,-0.559153835276219,2.17198615416473
4,503,6503,-0.636337280102668,1.60913885576127
4,504,6504,-1.63084442433453,2.60325666170405
4,505,6505,-1.20029072544533,2.51727643137904
4,506,6506,-1.62267113912011,2.21762857726375
4,507,6507,-2.06395697226509,2.3402807861073
4,508,6508,-1.57508612577928,1.79964214633961
4,509,6509,-1.4511326183976,2.11000721118092
4,510,6510,-1.33755041034777,2.10620156036821
4,511,6511,-2.72101051690443,1.84075087056836
4,512,6512,-2.17169723119751,1.93572324406914
4,513,6513,-2.02803363459674,1.40202082379762
4,514,6514,-2.43904597358141,1.54124068184459
4,515,6515,-1.68337058626567,1.95405225907357
4,516,6516,-1.47628750334365,1.4722410620909
4,517,6517,-3.15335812531376,1.85300915684108
4,518,6518,-2.03175033038538,1.27594921354178
4,519,6519,-1.87795294224699,2.44486124863518
4,520,6520,-0.71621123573389,1.59986097105184
4,521,6521,-1.61590466770516,2.34939690813476
4,522,6522,-1.44156051326558,2.45630335360016
4,523,6523,-1.96704003578025,1.89301082814108
4,524,6524,-2.78339321593644,2.25414680636862
4,525,6525,-1.65694396117786,1.01333628673692
4,526,6526,-2.63842898998767,1.76866576551858
4,527,6527,-0.587476355890819,2.08377573027653
4,528,6528,-1.26504258234276,1.5228366596847
4,529,6529,-1.61096510101236,2.11925464002716
4,530,6530,-1.83891752685274,1.82930805826856
4,531,6531,-3.0944686228387,2.40087981626527
4,532,6532,-3.05534079542133,2.59115156432871
4,533,6533,-3.46851968732327,2.55894480604986
4,534,6534,-3.06069352687743,2.67457061554339
4,535,6535,-3.00018650670458,1.37826347644282
4,536,6536,-2.43433797044079,1.33188251001544
4,537,6537,-1.14855489743958,1.53957240540078
4,538,6538,-2.23875765585711,1.23883591260172
4,539,6539,-2.25329189858829,1.918292866515
4,540,6540,-2.34183524072905,1.86185189268665
4,541,6541,-1.77605663631722,1.91551120853627
4,542,6542,-3.50186071113041,2.1410982449156
4,543,6543,-4.01871362073572,2.48403060684667
4,544,6544,-3.87970794235305,2.35860639722318
4,545,6545,-2.54746487920974,2.4780953661688
4,546,6546,-2.39836992115265,1.75244802464193
4,547,6547,-2.48255873231047,2.2647906537539
4,548,6548,-2.32682471474778,2.59574671961751
4,549,6549,-2.23158790074613,0.886385266657741
4,550,6550,-2.33670662052408,0.83411679992993
4,551,6551,-2.09250101548249,1.67778250092073
4,552,6552,-2.43149609649451,1.52470052144715
4,553,6553,-1.29013629682192,1.55816134442369
4,554,6554,-1.9249780389819,1.87378446941599
4,555,6555,-2.08855559860352,1.22242651227379
4,556,6556,-1.93984521041034,1.15157185601963
4,557,6557,-2.09946318929854,1.75810228890993
4,558,6558,-2.66818999089941,1.61437935834682
4,559,6559,-2.39470128146424,2.56525305269814
4,560,6560,-2.08457727692084,2.71178253912245
4,561,6561,-1.7447918122568,2.11947256219047
4,562,6562,-1.84083597312798,2.42726104286777
4,563,6563,-2.05220347872808,1.09721178898115
4,564,6564,-1.75653779983642,1.70234778112994
4,565,6565,-2.2058030147371,2.07925409046091
4,566,6566,-2.57092465506316,2.26828136325698
4,567,6567,-1.58685712387136,1.24883206441475
4,568,6568,-1.70713344152548,1.18889361688753
4,569,6569,-1.33266671441416,2.02838258628238
4,570,6570,-2.83258802368858,1.63953011039584
4,571,6571,-3.18899559747036,2.01660397876685
4,572,6572,-3.57125261438629,2.08660688582839
4,573,6573,-1.59095371525392,1.53419896737261
4,574,6574,-1.83358056876224,1.58270027111672
4,575,6575,-2.87750012142234,1.70915811128486
4,576,6576,-2.63801043372437,2.32015600107511
4,577,6577,-2.68850867644302,2.52972291162881
4,578,6578,-2.51430096118351,2.58194494889013
4,579,6579,-3.02666586167673,1.67832361721853
4,580,6580,-0.891911819261655,3.49332694582058
4,581,6581,-2.73275465035973,1.24247528076514
4,582,6582,-2.01986933602001,2.04105442933221
4,583,6583,-1.98260317112626,1.8247648761825
4,584,6584,-2.69963494437821,1.01143796758879
4,585,6585,-2.52638381150927,0.98551422202692
4,586,6586,-2.40179618769783,1.11547225047649
4,587,6587,-2.56251206209454,1.99001112668853
4,588,6588,-2.46409336765134,1.62552126731977
4,589,6589,-2.18279506150615,2.5708344659198
4,590,6590,-2.3077995218737,1.26024689256172
4,591,6591,-1.59627922904334,1.48951922091102
4,592,6592,-2.46844035732608,1.15279919433637
4,593,6593,-2.06225080415845,1.26787326800135
4,594,6594,-1.6903235896025,0.864578792574196
4,595,6595,-1.84726679263909,0.891989635448919
4,596,6596,-2.21668138861754,1.06610444397248
4,597,6597,-1.73880087507698,1.14122862134901
4,598,6598,-1.91050215033437,1.0870781181269
4,599,6599,-2.03521167023307,1.33508385211125
4,600,6600,-2.24713556083018,1.44399841853226
4,601,6601,-2.53615202702552,1.70722965492772
4,602,6602,-2.8493066636806,1.86385017958947
4,603,6603,-2.81643619752115,2.01720126270763
4,604,6604,-2.43293384510656,1.32810390083062
4,605,6605,-2.03556272025733,1.56168461598945
4,606,6606,-2.65421775465387,1.83816759953466
4,607,6607,-2.2686145845957,2.01104964177741
4,608,6608,-2.16825378305116,1.48630376830611
4,609,6609,-2.78367214854019,1.72889406734906
4,610,6610,-1.88519929557564,0.968498670569653
4,611,6611,-2.11680908757458,1.01560485983328
4,612,6612,-2.90671687680226,1.47227925653185
4,613,6613,-1.38389792226034,2.98554543597582
4,614,6614,-1.82725800494403,2.85754819841543
4,615,6615,-2.37079503179738,1.55912470530243
4,616,6616,-3.51995226971396,2.25185589524622
4,617,6617,-3.40901511583564,3.09813395263323
4,618,6618,-3.37913715513188,3.35081291603294
4,619,6619,-2.77038077425648,3.56192889494883
4,620,6620,-2.34066127134238,2.56661281109335
4,621,6621,-2.27479731722424,3.06308502373298
4,622,6622,-2.80382841847168,2.79764774841927
4,623,6623,-1.66577626414738,1.67352110022325
4,624,6624,-2.32007464938732,2.52495016450898
4,625,6625,-2.60719002352411,2.87895388349655
4,626,6626,-1.13147532347561,1.41442578729209
4,627,6627,-2.42994737357103,1.31160479996228
4,628,6628,-2.85260088202211,2.56425879232108
4,629,6629,-2.50665368692406,1.76184061754967
4,630,6630,-2.1418261617722,1.77915479579744
4,631,6631,-2.52131457803858,2.54684893234618
4,632,6632,-2.58613282373552,2.40272353916291
4,633,6633,-2.14313872581644,2.19702166261258
4,634,6634,-2.23875853407413,1.58271461744673
4,635,6635,-1.72095202448289,1.42053690452808
4,636,6636,-1.7654693042631,1.46228185330251
4,637,6637,-2.87232461819041,2.21357324277154
4,638,6638,-2.6314439059992,1.7838819219649
4,639,6639,-3.06256801048734,2.52377582757999
4,640,6640,-2.42131120676799,1.77055806750536
4,641,6641,-2.68539419611239,1.76170255738515
4,642,6642,-2.19813652960497,1.76297591139156
4,643,6643,-2.67570621988468,1.68276343399208
4,644,6644,-2.19615460567133,1.41446076365333
4,645,6645,-1.793354515031,1.32909777411731
4,646,6646,-2.43575614962363,2.05420570421367
4,647,6647,-1.56259350759323,2.32965851849656
4,648,6648,-1.69918526482801,1.60596130093025
4,649,6649,-1.95327899911274,1.62572467421776
4,650,6650,-2.43729957785947,1.95503938677243
4,651,6651,-2.6026802066367,1.50526174601152
4,652,6652,-2.42033413403011,1.51851930239714
4,653,6653,-2.97852134424493,2.3687387550291
4,654,6654,-2.19455504106494,1.42930194888822
4,655,6655,-2.69213967133636,1.50661450452617
4,656,6656,-2.33853898740251,1.34093398797487
4,657,6657,-2.8886554894177,1.81332196772101
4,658,6658,-3.00614810400727,2.09236326239642
4,659,6659,-2.84257144124433,2.2281761873583
4,660,6660,-2.2017757814484,1.52813691079877
4,661,6661,-2.185373929426,1.50129176436176
4,662,6662,-2.23917933360502,2.55257416634452
4,663,6663,-2.28046717855234,2.68123426119613
4,664,6664,-3.12017754350382,2.34687993892944
4,665,6665,-1.85455837312986,1.44791654190906
4,666,6666,-2.90493975593166,1.64526502313483
4,667,6667,-2.94722004923223,2.48746655874
4,668,6668,-2.27375712717087,1.46082005350883
4,669,6669,-1.9593123775204,1.33394610222101
4,670,6670,-2.80352773919819,2.17564745430678
4,671,6671,-2.84242312060936,2.25373865522136
4,672,6672,-2.4115808689943,1.73092480010219
4,673,6673,-2.62403121033401,1.97922149478977
4,674,6674,-2.95080413655415,2.01847075978463
4,675,6675,-2.56561767208904,1.6358111640455
4,676,6676,-2.94582284778263,2.23334171193115
4,677,6677,-2.34379561437189,1.88873710907435
4,678,6678,-2.90322797683133,1.43449117354148
4,679,6679,-3.53878280252878,2.85063541378228
4,680,6680,-2.13879778128979,1.37956814731135
4,681,6681,-1.45825912089403,2.79074638634432
4,682,6682,-1.76819465945812,2.48288727615239
4,683,6683,-2.85776072397834,2.25217232684516
4,684,6684,-2.69291777973363,1.27439836004893
4,685,6685,-2.58381268162956,1.32360555014158
4,686,6686,-2.8302647202814,1.30819060338083
4,687,6687,-2.62598651143078,1.4140510166749
4,688,6688,-2.85079186050979,1.95005245256303
4,689,6689,-2.78840114148564,1.67222607982687
4,690,6690,-2.59736357334975,1.41626224857778
4,691,6691,-3.01177213526631,1.71119306040121
4,692,6692,-2.63329241932883,1.30920009030033
4,693,6693,-2.21762175602849,1.26589750297987
4,694,6694,-2.57408085596896,1.96018357608745
4,695,6695,-1.95560406095599,2.19426725231273
4,696,6696,-2.42542308368785,1.73155105216084
4,697,6697,-2.49554474639566,1.67703556281842
4,698,6698,-2.50467657491395,2.27499280217749
4,699,6699,-2.77822658120341,1.92947916112666
4,700,6700,-2.69836458223619,1.82492233483665
4,701,6701,-2.27365754251292,1.29885406188144
4,702,6702,-2.88786094324569,1.38573223539565
4,703,6703,-3.0607180971476,1.69079657560395
4,704,6704,-2.75872349730615,1.38863013708414
4,705,6705,-2.40618671312708,1.85424489261371
4,706,6706,-2.58060229328193,2.25422712072903
4,707,6707,-2.64359550111318,2.68896131345073
4,708,6708,-1.89251071226274,2.0984254229677
4,709,6709,-2.13995949709696,1.07801315231368
4,710,6710,-2.43619106160956,1.33039725708409
4,711,6711,-2.46975470294602,1.40781021353041
4,712,6712,-2.39600046782501,2.00815037042791
4,713,6713,-2.16563170673106,2.39881903048357
4,714,6714,-2.12660473532431,1.38413462578585
4,715,6715,-1.86176221941688,1.71116844627628
4,716,6716,-2.10583907759993,2.77781473146496
4,717,6717,-2.61718047048581,1.82974485638933
4,718,6718,-0.883261025888997,2.0528617062091
4,719,6719,-0.283821699444071,2.28560766902851
4,720,6720,-0.780711576954962,2.16719508242441
4,721,6721,-1.95024266474728,2.09915560263674
4,722,6722,-1.54915070755923,2.1134585977702
4,723,6723,-2.48188910573547,1.39933927111644
4,724,6724,-2.62963499135584,1.37026873733041
4,725,6725,-2.67726341109989,2.15049600161137
4,726,6726,-2.74800588776047,1.29935883891074
4,727,6727,-2.41905256377408,1.64882510488973
4,728,6728,-2.49718694058304,2.09752054260284
4,729,6729,-2.38127695915557,1.76509271553813
4,730,6730,-1.70161675154303,2.09720591620208
4,731,6731,-2.79520754904901,1.71736056260847
4,732,6732,-2.64243054541861,1.63997129922009
4,733,6733,-1.71540569798717,1.72792667417994
4,734,6734,-1.79473188821868,1.84557553843329
4,735,6735,-2.73430231098673,2.66280555057865
4,736,6736,-2.1779020564386,2.91447269857458
4,737,6737,-2.15009199084881,3.46708227758799
4,738,6738,-1.89536718466642,1.21868178765108
4,739,6739,-2.27409720932583,1.7044970356659
4,740,6740,-2.03489265916629,1.41580518005256
4,741,6741,-1.92318473183008,2.66464627731206
4,742,6742,-2.33920019946888,1.24672503346708
4,743,6743,-2.72545676390846,1.43242854952821
4,744,6744,-2.34018283025138,1.29018263260697
4,745,6745,-2.15084777545603,1.54808311300295
4,746,6746,-1.72616569405993,1.19618745999946
4,747,6747,-2.66195480064666,1.20322420114175
4,748,6748,-2.73118720775446,1.66609882016416
4,749,6749,-2.20206128861347,1.5164127431872
4,750,6750,-2.45930123055563,1.3285475150539
4,751,6751,-2.87810325697447,1.64152352429851
4,752,6752,-2.27414216199081,1.62359591298057
4,753,6753,-1.937883969496,1.00732965573793
4,754,6754,-1.26636288768658,2.04725711368724
4,755,6755,-2.50812519856083,1.04857927707701
4,756,6756,-2.28754334255105,1.10324447416174
4,757,6757,-2.85928378355925,1.51017451695899
4,758,6758,-2.27070050005717,1.52475839710041
4,759,6759,-2.45290651005337,1.807075207407
4,760,6760,-3.01675495271786,1.25585796324515
4,761,6761,-1.75765036541796,1.71199261189416
4,762,6762,-1.10329332328482,1.17869971526061
4,763,6763,-1.69769442286319,2.27017634402372
4,764,6764,-2.06656329997553,1.11600782906372
4,765,6765,-2.015219275317,1.82883288806061
4,766,6766,-2.20255499506598,2.28595744128744
4,767,6767,-2.34764598084525,2.10847865491909
4,768,6768,-2.05339652314379,1.53208638550964
4,769,6769,-2.35027476911571,1.60824117306444
4,770,6770,-3.07487813122377,2.6917498485139
4,771,6771,-2.89386235717555,2.078207870235
4,772,6772,-2.11631568056836,1.44452667017601
4,773,6773,-1.99156674878233,1.2608888274073
4,774,6774,-1.90612482328999,1.67568123307691
4,775,6775,-1.49214737812075,1.4836066521172
4,776,6776,-2.55062403563855,1.40159301499152
4,777,6777,-2.54626223667571,1.61567213705327
4,778,6778,-2.23388451773973,0.854382839038555
4,779,6779,-2.27770630986338,1.28109125597758
4,780,6780,-2.30021473597025,1.90585026231102
4,781,6781,-1.81136460532156,1.4025624797957
4,782,6782,-2.72019560570937,1.48958837481752
4,783,6783,-2.18591410022181,2.54062128108872
4,784,6784,-1.90315636167192,2.28687949738336
4,785,6785,-1.91095712710685,2.38962408945406
4,786,6786,-3.57496295218486,2.18440783769714
4,787,6787,-3.81257440595966,2.10710289178115
4,788,6788,-3.97875659475436,2.51926021882147
4,789,6789,-3.19563525464461,3.21868827224904
4,790,6790,-3.23385613310343,2.6925833149368
4,791,6791,-2.96537052869925,1.56662976512039
4,792,6792,-3.19959968353764,2.25441820288253
4,793,6793,-1.1963890187261,2.24451435176651
4,794,6794,-1.03762191101044,1.58867115666639
4,795,6795,-1.00272207883047,1.47417362504666
4,796,6796,-1.91592972425368,2.28935555619589
4,797,6797,-2.30902086617719,1.46775956621334
4,798,6798,-1.50478604025824,1.46328596187646
4,799,6799,-1.60225537787222,1.38633472106236
4,800,6800,-2.24731289421915,2.2682469733821
4,801,6801,-0.87771932317065,2.30993124820285
4,802,6802,-2.54882592615163,1.7908978189122
4,803,6803,-1.87566015686174,1.36505515850688
4,804,6804,-2.40173303198037,2.27716071075903
4,805,6805,-1.42588961549932,1.84668681378736
4,806,6806,-1.62625262639565,1.7612307278159
4,807,6807,-1.42271612377097,2.29034359149205
4,808,6808,-1.46853561111478,1.94680393180202
4,809,6809,-1.31709948428116,2.11400538750621
4,810,6810,-2.12345452678297,3.66078393537093
4,811,6811,-2.4895285121643,1.69251409892046
4,812,6812,-3.37022188246034,1.80241935848292
4,813,6813,-2.81399207849788,1.77613314615454
4,814,6814,-2.44845987235111,2.17248293454785
4,815,6815,-0.974373601414429,1.88706558369815
4,816,6816,-0.958419213587396,1.85745939361722
4,817,6817,-1.04278720674213,2.20881910700546
4,818,6818,-1.74683916102947,0.767177229520436
4,819,6819,-2.40020780267222,1.02156207598668
4,820,6820,-2.17071987417663,1.56688531837496
4,821,6821,-1.50931536419908,2.12958875749389
4,822,6822,-2.56982102003909,2.41727938776505
4,823,6823,-2.12701073658864,2.53911231170002
4,824,6824,-2.36923141814743,0.977455607940841
4,825,6825,-3.26491420252157,1.39719635020424
4,826,6826,-3.28887348922768,2.31157949933129
4,827,6827,-2.16848605150766,1.00817066013654
4,828,6828,-1.44622639250228,1.69801665134425
4,829,6829,-2.7322359796796,2.0864610610253
4,830,6830,-2.60412726194302,1.88967745253957
4,831,6831,-2.59900390188093,2.44297390489602
4,832,6832,-2.50245658624087,2.42097625519559
4,833,6833,-1.95755576851602,2.07316731782992
4,834,6834,-2.06282490403861,1.58973942246695
4,835,6835,-1.96773918526314,1.30971380736946
4,836,6836,-2.59443457199978,1.76412573343787
4,837,6837,-3.4256132259809,1.75996087549024
4,838,6838,-3.05977015106752,1.89153271902204
4,839,6839,-2.90096823466543,3.19808563375194
4,840,6840,-3.04472877192228,3.09068248545362
4,841,6841,-2.50296237466869,3.17547299521798
4,842,6842,-3.15967111274102,1.69021957555257
4,843,6843,-2.48388990745728,1.56934316022476
4,844,6844,-3.39045744029003,1.42583505831499
4,845,6845,-3.48111634777732,1.55956422832986
4,846,6846,-3.09033122165058,1.52351288863293
4,847,6847,-2.41826295259025,2.03841522006947
4,848,6848,-2.75345541682782,1.67695145683603
4,849,6849,-1.74845797233981,2.29188439911956
4,850,6850,-1.67836713581946,1.98902217328603
4,851,6851,-3.38293117244126,1.95059490947805
4,852,6852,-3.34891813505858,1.82147945928973
4,853,6853,-3.15215862026824,1.84759504462923
4,854,6854,-3.12930494163915,1.70218561255289
4,855,6855,-1.94645776249251,1.89166528507125
4,856,6856,-1.81009516999528,1.81922582421016
4,857,6857,-1.44982712209225,1.9520233848543
4,858,6858,-2.56505600294809,1.71273186186557
4,859,6859,-2.20526324284441,1.57263490254035
4,860,6860,-2.59378922022459,1.70270671164705
4,861,6861,-1.71538231559551,2.20535741434919
4,862,6862,-2.23186399673011,1.57171332531951
4,863,6863,-2.60690947502444,2.29848940611733
4,864,6864,-2.25892159556171,1.98950275303154
4,865,6865,-2.24379097561852,1.97272498612203
4,866,6866,-2.19255896729518,1.89932620888289
4,867,6867,-2.208613200665,1.63893308386573
4,868,6868,-2.40907504245525,2.16664529309376
4,869,6869,-2.09048397116166,1.97513965190943
4,870,6870,-2.48557972713362,1.35755619040912
4,871,6871,-2.57374173311672,1.28730541812958
4,872,6872,-2.16249937392511,2.31888194391469
4,873,6873,-2.77280476703611,1.84590064959403
4,874,6874,-2.39263742055295,1.56967541812501
4,875,6875,-2.98517261668782,2.16933090709735
4,876,6876,-2.96268107427181,1.67157755461332
4,877,6877,-3.0220451129411,1.71741693523889
4,878,6878,-2.85173513671137,1.84860731435739
4,879,6879,-1.79288137393473,2.31091348273789
4,880,6880,-2.37444417461442,1.44532435050804
4,881,6881,-2.19682044658051,1.72477505154112
4,882,6882,-2.65616265585129,2.13179333737996
4,883,6883,-1.87043281082297,1.02701355146756
4,884,6884,-1.85288791334756,1.54669109149441
4,885,6885,-1.75553572224828,1.40182783611734
4,886,6886,-1.53659145652086,1.83070947844331
4,887,6887,-1.79702456712924,2.21451319287259
4,888,6888,-1.83788624475205,2.34765290557043
4,889,6889,-1.71866037299691,1.86084115555149
4,890,6890,-2.22476103675413,1.44240592446207
4,891,6891,-1.91933761876213,1.80648596512237
4,892,6892,-1.34153717462898,1.62696928520007
4,893,6893,-2.57438350729517,1.40428205061817
4,894,6894,-2.69141589790347,1.88031371972222
4,895,6895,-2.07016497559311,1.17306633471826
4,896,6896,-1.31079241353078,0.872742096482761
4,897,6897,-2.77504271478423,1.93296277545352
4,898,6898,-2.35843330738567,1.24735325052299
4,899,6899,-2.27583228637789,1.64153815558325
4,900,6900,-2.23383213530872,1.6228078918346
4,901,6901,-1.91288632460911,1.8752691931783
4,902,6902,-3.31620036224725,2.44591467258773
4,903,6903,-3.11089206031477,1.78150695514578
4,904,6904,-3.35442384074394,1.50701831267097
4,905,6905,-3.42063761093567,1.54392285194165
4,906,6906,-2.83585394776537,1.69056949154753
4,907,6907,-3.20926803950788,1.7611376292626
4,908,6908,-2.86660864553678,1.209499901105
4,909,6909,-3.09779654980747,2.43374590017254
4,910,6910,-3.19065713054191,2.79761535413126
4,911,6911,-3.09152498413372,2.24589279994313
4,912,6912,-3.33737985762548,1.79605134981694
4,913,6913,-3.47008814201591,1.49938933825051
4,914,6914,-3.39135254069281,1.40074821947261
4,915,6915,-2.88261213478375,1.35506377002087
4,916,6916,-2.8157910167911,1.61609542606488
4,917,6917,-2.47702312903494,1.76538089972978
4,918,6918,-3.06733663573173,2.35723990098211
4,919,6919,-2.75095226609218,0.977114363021172
4,920,6920,-3.0115425621766,1.08367405112075
4,921,6921,-2.54068227961955,0.929341268226127
4,922,6922,-1.55345637455873,1.56500948077766
4,923,6923,-1.89987118641192,1.43193183707495
4,924,6924,-2.63056942890128,1.51041359398752
4,925,6925,-2.07670690372532,1.12536372664844
4,926,6926,-2.79880352780251,2.38115210795778
4,927,6927,-2.92323397795737,1.73952783914734
4,928,6928,-2.9269450073058,1.34042402491117
4,929,6929,-2.75189664412731,1.17251470940907
4,930,6930,-3.65183191780394,2.0805970370777
4,931,6931,-3.80606770959578,1.88774133249175
4,932,6932,-2.60153919487654,1.93114410142144
4,933,6933,-2.08029409958676,1.43669020629005
4,934,6934,-1.77192286686562,2.21445448918955
4,935,6935,-2.30822508485002,2.28078084229961
4,936,6936,-1.98138629335861,1.97223390053265
4,937,6937,-2.1896682729538,1.65381431204234
4,938,6938,-2.23802591898364,1.73202607129134
4,939,6939,-2.63728025730521,2.07512403128308
4,940,6940,-2.0938673295272,1.84590571112817
4,941,6941,-2.61091095209136,1.75800817140366
4,942,6942,-1.99479493778617,2.20922658191926
4,943,6943,-2.68020919134229,2.61145146234763
4,944,6944,-2.666756044147,1.97665141908448
4,945,6945,-3.21109857475866,1.64685600922858
4,946,6946,-2.98109471407753,2.37368309506716
4,947,6947,-1.86449030137778,1.29151381898073
4,948,6948,-2.53552370066998,2.07522790383314
4,949,6949,-2.80519469740288,1.29885108789901
4,950,6950,-3.34547657745009,1.58429098197135
4,951,6951,-2.62611439388829,1.69200529099993
4,952,6952,-1.57174922887771,1.04889838196737
4,953,6953,-2.88399128733967,1.1004446168926
4,954,6954,-2.12749597477928,1.05063674090486
4,955,6955,-2.3238743024695,1.23175895666186
4,956,6956,-1.76154505887806,1.03371205535298
4,957,6957,-2.26479180807119,0.867410454766578
4,958,6958,-1.32883912781011,0.75868607560613
4,959,6959,-2.30625762124306,1.39293206290574
4,960,6960,-2.21340274458,1.3365797704744
4,961,6961,-2.22215265449152,1.9073874480334
4,962,6962,-2.44181281229183,1.55055494961767
4,963,6963,-2.62819691397777,1.79913011114325
4,964,6964,-2.23496346553217,1.4817059582991
4,965,6965,-1.6254371076463,1.89323138233048
4,966,6966,-2.0026090588152,1.82979824936658
4,967,6967,-2.06259418262275,2.04771781904781
4,968,6968,-3.30747823444531,2.33025923195622
4,969,6969,-3.10575836918062,2.48138309454933
4,970,6970,-2.96346500422333,2.88068865198183
4,971,6971,-2.62580445773412,2.4885359999838
4,972,6972,-2.51745514689942,2.40030641681696
4,973,6973,-3.95686808290241,1.81259727163932
4,974,6974,-2.05551407345423,1.26123882202516
4,975,6975,-2.17112988239356,1.45053693968055
4,976,6976,-2.33091080768164,1.28761840422787
4,977,6977,-1.67171312345248,2.38332368547138
4,978,6978,-1.35611432240369,1.53225449461676
4,979,6979,-2.20485649991178,1.85789470827985
4,980,6980,-2.53580351872551,1.3062588697086
4,981,6981,-2.82868824112905,1.8003877112344
4,982,6982,-2.43365591398048,2.60702165136159
4,983,6983,-2.73174547086696,1.76581866065398
4,984,6984,-3.05079829262851,2.18264789627606
4,985,6985,-3.21402357630152,2.650943914719
4,986,6986,-3.61782396175448,2.48724872254961
4,987,6987,-3.38394349826384,2.73879896118892
4,988,6988,-2.11128352143872,1.53856346611732
4,989,6989,-1.57818786801638,1.70864019832515
4,990,6990,-1.24609725666779,1.38534415540094
4,991,6991,-1.31185360600192,1.42878641369281
4,992,6992,-2.49685342214477,2.64839205941974
4,993,6993,-2.50880626442238,1.87533300958221
4,994,6994,-2.89377876588037,2.04324518433238
4,995,6995,-2.73332798942896,1.77277336430279
4,996,6996,-3.36590672338132,2.44895302113589
4,997,6997,-3.26115820759377,2.0128961632189
4,998,6998,-2.563945782884,1.4446401647676
4,999,6999,-3.38143344300753,1.73167074104519
4,1000,7000,-2.52127111257218,1.55408207723616
4,1001,7001,-2.23208713863928,1.50205918784626
4,1002,7002,-2.13675506137485,1.4809484975909
4,1003,7003,-1.11973392760886,1.46170578940976
4,1004,7004,-1.17504406499616,1.34295762152002
4,1005,7005,-2.57529519396389,1.73534014152525
4,1006,7006,-1.94718344649047,0.969034618067759
4,1007,7007,-2.03214144145792,0.989850044025322
4,1008,7008,-2.39673270436142,1.36131704327967
4,1009,7009,-1.76409077484768,2.82486872164581
4,1010,7010,-2.13134701587179,1.50280116327403
4,1011,7011,-1.56541840893675,1.65751005653512
4,1012,7012,-1.7010025030006,1.27569959258456
4,1013,7013,-2.69248985015612,1.65426148894941
4,1014,7014,-3.21582791137723,2.4682306583457
4,1015,7015,-2.10034070935398,1.54092559958954
4,1016,7016,-2.08363598301767,1.53085341874777
4,1017,7017,-2.71297456631251,1.90334229355999
4,1018,7018,-3.02825481092011,2.21967140054327
4,1019,7019,-3.51694517552102,2.09860897444023
4,1020,7020,-2.25310126533813,1.22082135706864
4,1021,7021,-2.06137974520236,1.77221051961807
4,1022,7022,-1.61414909043408,1.53059392181857
4,1023,7023,-1.57548046222518,1.40584165296625
4,1024,7024,-1.75798877810369,1.76489522253699
4,1025,7025,-2.31779762598159,1.71762356046849
4,1026,7026,-2.30831390210022,1.69632114386209
4,1027,7027,-2.5747865418303,1.96434387682864
4,1028,7028,-2.27421492195706,1.90382128067041
4,1029,7029,-2.28805687637227,1.92632888308858
4,1030,7030,-2.5730237570822,1.9610486632253
4,1031,7031,-1.22914618467504,2.47986677763624
4,1032,7032,-1.10099649322772,2.22465513531587
4,1033,7033,-1.45861336627829,2.37834763576062
4,1034,7034,-1.66534172980229,2.57632391524711
4,1035,7035,-1.61803854268501,2.1928281257237
4,1036,7036,-2.07881825511834,1.65092771334306
4,1037,7037,-2.54340168473684,1.21684147301184
4,1038,7038,-3.03580340550761,1.32089773763557
4,1039,7039,-2.66522663990635,1.61056041409354
4,1040,7040,-2.94367588227666,1.95156272822151
4,1041,7041,-3.16764529563664,1.72996061119364
4,1042,7042,-2.67753191130835,1.81313914785289
4,1043,7043,-3.08235191254901,1.58635939735165
4,1044,7044,-2.01951688800878,1.39705035736388
4,1045,7045,-2.65222944511863,1.10006843278436
4,1046,7046,-3.3662683557698,1.71870795280507
4,1047,7047,-2.18756116769472,1.66480463283152
4,1048,7048,-2.67267701784843,1.43463386083382
4,1049,7049,-2.45060191333634,1.2588473939039
4,1050,7050,-2.39664627351029,1.10968266279803
4,1051,7051,-1.97239652053721,1.66182279300027
4,1052,7052,-2.50173314255476,1.4893417784053
4,1053,7053,-2.14034327090696,1.78519963027295
4,1054,7054,-2.17930723316238,1.40387759365128
4,1055,7055,-2.26176194891289,1.33842523238615
4,1056,7056,-2.2982619538451,1.24617525995109
4,1057,7057,-1.65360557277986,1.69205124010238
4,1058,7058,-1.01427162312623,2.27443327424822
4,1059,7059,-1.60801175933856,1.61243638205042
4,1060,7060,-1.91309005775308,1.93323710413975
4,1061,7061,-2.2838135261383,2.04755132753915
4,1062,7062,-2.38484341404553,1.56156355678587
4,1063,7063,-2.03176667082911,2.10527833510132
4,1064,7064,-2.84700303190534,1.90310387714698
4,1065,7065,-1.87019657073539,1.52855439251798
4,1066,7066,-1.98014933388934,1.18615317917163
4,1067,7067,-1.13975121954442,0.982630563867001
4,1068,7068,-1.73827417404893,1.40765160397383
4,1069,7069,-1.15718485125914,1.66846750170494
4,1070,7070,-2.12649101245844,1.44002891235876
4,1071,7071,-2.94192585052516,1.91605132573723
4,1072,7072,-2.85190320537478,1.95319017429216
4,1073,7073,-3.30160475517237,1.72772708962945
4,1074,7074,-1.51319254865428,1.56994311261176
4,1075,7075,-2.50965039117981,1.93620937877588
4,1076,7076,-3.3793517655724,1.66494550138989
4,1077,7077,-2.2172114583328,1.56813145177335
4,1078,7078,-2.80338071948317,1.79796174938735
4,1079,7079,-2.72422338002198,1.70796158089064
4,1080,7080,-2.60566782840142,2.06424045242459
4,1081,7081,-2.81380731960341,1.77817689143682
4,1082,7082,-2.26401494839719,1.61641965438924
4,1083,7083,-3.1396085597722,2.16853991246735
4,1084,7084,-3.39813010098684,2.33266977524478
4,1085,7085,-2.76716122572113,1.59795684036321
4,1086,7086,-2.97013275195484,1.59949045041127
4,1087,7087,-2.59349656170583,1.63825539839989
4,1088,7088,-2.44824147306069,1.57425134263748
4,1089,7089,-2.14692706512261,1.74323149233104
4,1090,7090,-2.28573956438265,1.68275622021821
4,1091,7091,-1.96344333642174,1.17884615547378
4,1092,7092,-2.30671764904066,2.05535301315705
4,1093,7093,-2.62271152472274,1.83017476552169
4,1094,7094,-2.59557751209636,1.82857460316433
4,1095,7095,-2.32176398784269,1.60958535614341
4,1096,7096,-2.77447169589917,1.63885102380023
4,1097,7097,-2.39735608544179,1.67469905011957
4,1098,7098,-2.50289209071804,1.66629100991239
4,1099,7099,-3.45944531492488,1.63430162071654
4,1100,7100,-2.57695537418214,1.21566436738576
4,1101,7101,-2.38953323395905,1.10807403430566
4,1102,7102,-2.9173519660135,2.68630633323002
4,1103,7103,-2.98522220925295,2.7138643174655
4,1104,7104,-2.8785669357683,3.02017523785092
4,1105,7105,-2.80396774423661,2.62316050713494
4,1106,7106,-2.49532511566413,3.41516888511287
4,1107,7107,-2.38023080188575,3.26481370170244
4,1108,7108,-2.13856699673946,2.80546004856453
4,1109,7109,-1.79251015350539,2.56561174084919
4,1110,7110,-1.29448723351271,2.68916902808949
4,1111,7111,-1.92664935184802,1.82746075423216
4,1112,7112,-1.09461011025492,1.713558991697
4,1113,7113,-1.59255789707458,1.9101142064123
4,1114,7114,-1.14972271363231,1.8891199069405
4,1115,7115,-1.7367854853276,2.27223907338108
4,1116,7116,-1.77585833722311,1.94268080342305
4,1117,7117,-2.3090994502432,2.18527907300622
4,1118,7118,-3.33875105828114,2.82074432675215
4,1119,7119,-2.70804249147322,1.56056212232033
4,1120,7120,-2.88122056186554,1.90479968107354
4,1121,7121,-1.92606209979914,1.90998766102009
4,1122,7122,-1.7236340891002,1.84406658767016
4,1123,7123,-1.39432066726667,2.05454329856972
4,1124,7124,-2.71355551496665,1.30339162153959
4,1125,7125,-1.88272084717943,2.12524868452785
4,1126,7126,-2.42909482372289,2.56160908385973
4,1127,7127,-2.56399541435615,2.52198457108225
4,1128,7128,-2.54217796469125,2.45501606026577
4,1129,7129,-1.07041788899803,3.0841042366766
4,1130,7130,-1.84864735328677,1.5954148477847
4,1131,7131,-1.78478945649891,1.57470538863248
4,1132,7132,-1.89965194353073,2.15727590628355
4,1133,7133,-2.69368121627305,1.54452841790382
4,1134,7134,-2.8472123213616,1.61274354851455
4,1135,7135,-1.64329304412075,1.75038615156821
4,1136,7136,-2.21552632912039,1.97505966609754
4,1137,7137,-2.26810169101522,1.30348807987535
4,1138,7138,-2.34667427071601,2.38794659813491
4,1139,7139,-2.43737176605864,1.75127508661442
4,1140,7140,-2.26804404647747,1.49724841251517
4,1141,7141,-2.70059948986356,1.87146805805115
4,1142,7142,-3.10836025706851,2.79585386406477
4,1143,7143,-2.94030867019866,2.96089542909098
4,1144,7144,-3.1029602280804,2.85526129522943
4,1145,7145,-2.94019416816322,2.71143971635739
4,1146,7146,-2.97121616534602,2.08316758961675
4,1147,7147,-2.60256347200548,1.8216283771
4,1148,7148,-3.27168146660051,1.93412578991291
4,1149,7149,-3.31166293118982,2.01792096942811
4,1150,7150,-1.65566165759607,3.11392839822256
4,1151,7151,-2.08278983260907,2.12804615635428
4,1152,7152,-2.26933764638482,2.3307502293094
4,1153,7153,-2.81284238650105,1.29225926864597
4,1154,7154,-2.56716060389249,1.30337321652801
4,1155,7155,-3.71010016080802,1.92716406070871
4,1156,7156,-3.15085473580528,1.32674293654308
4,1157,7157,-3.47761960014422,1.19390835840704
4,1158,7158,-2.82270868966301,1.2173158615364
4,1159,7159,-2.29318757543483,0.874671202525025
4,1160,7160,-2.89118981283674,1.53381914145721
4,1161,7161,-1.63546381645317,2.10707184571276
4,1162,7162,-2.61002904347287,1.86107173679143
4,1163,7163,-2.7408085433224,2.52237494205765
4,1164,7164,-1.84616465747167,1.3188079027946
4,1165,7165,-1.0900928464554,1.67210323373293
4,1166,7166,-2.02059984138531,2.58749055348173
4,1167,7167,-1.00345981464759,2.35271093605303
4,1168,7168,-1.8803748945621,1.80466128606957
4,1169,7169,-1.92676495179443,2.08284438391697
4,1170,7170,-2.22094357891006,1.21614327520117
4,1171,7171,-2.26828429105829,2.14773308231356
4,1172,7172,-1.97286026833903,1.53538049292545
4,1173,7173,-2.33102069510892,1.85530563804434
4,1174,7174,-2.99820544695011,1.60117342795862
4,1175,7175,-1.57352857547713,1.28883475558677
4,1176,7176,-2.41881560941358,1.27451042760468
4,1177,7177,-2.10284795387825,1.04262502765862
4,1178,7178,-2.34036585857799,1.73987876980796
4,1179,7179,-2.99121334937859,1.6968707477162
4,1180,7180,-2.82586313212626,2.05396541148459
4,1181,7181,-2.39217555042583,1.78111047515418
4,1182,7182,-2.48687967262692,2.33250250840463
4,1183,7183,-2.65076267280951,2.3376734987607
4,1184,7184,-3.58277795857062,2.58984626399893
4,1185,7185,-2.23279691739225,0.933879219240836
4,1186,7186,-1.46153744287268,1.69905280528837
4,1187,7187,-2.05885134881632,2.1291045044663
4,1188,7188,-1.595501162569,1.87593057963196
4,1189,7189,-2.21470583206363,1.56283995055059
4,1190,7190,-2.75381019133037,1.81180447511462
4,1191,7191,-1.77759393740523,1.83327059410033
4,1192,7192,-2.88195630509176,1.94803464677067
4,1193,7193,-2.44825328612323,2.18397452929845
4,1194,7194,-1.4257094530636,1.44358126855661
4,1195,7195,-1.71805651361951,1.48779638154883
4,1196,7196,-2.37283347836484,2.1188410722467
4,1197,7197,-2.26745416128834,2.40055979643726
4,1198,7198,-2.01765291474918,1.93800167840299
4,1199,7199,-2.53038831957703,1.18362046327287
4,1200,7200,-2.05786611312262,1.7181136277629
4,1201,7201,-2.67965743201609,1.50751844297757
4,1202,7202,-2.48322047129524,1.52403966128795
4,1203,7203,-2.3502014448547,1.27745526897108
4,1204,7204,-2.35069698451827,1.22856283099342
4,1205,7205,-2.93758913739351,1.41709134160794
4,1206,7206,-2.05208549097232,1.45970630095369
4,1207,7207,-2.64189001511628,1.18567059316064
4,1208,7208,-3.08709534635559,2.09465034307757
4,1209,7209,-2.83429137810164,1.4139440045099
4,1210,7210,-2.39476897252336,1.34806184523813
4,1211,7211,-1.69086677726383,1.01598520144284
4,1212,7212,-1.86178279382729,1.05993369441523
4,1213,7213,-2.04151332111108,1.32364259817589
4,1214,7214,-2.01292169084439,1.30829045433319
4,1215,7215,-2.80508381398602,1.59152730546825
4,1216,7216,-2.1315913463422,1.04728978028299
4,1217,7217,-2.23271036619725,1.05376900062897
4,1218,7218,-2.54160315001548,1.62961428605552
4,1219,7219,-1.6164920518905,1.54018885787295
4,1220,7220,-1.66802136070766,1.3713951052673
4,1221,7221,-1.03126130207732,2.81984603279151
4,1222,7222,-1.5880527011621,2.50694566067014
4,1223,7223,-2.19094986650406,2.46395590868359
4,1224,7224,-2.13280131066078,1.4035194616836
4,1225,7225,-1.61131397219028,2.00464739649199
4,1226,7226,-3.52569416167415,2.97249012369573
4,1227,7227,-3.38794517640668,2.97637339861175
4,1228,7228,-2.99399244312067,2.8583591447845
4,1229,7229,-2.89845659457075,2.19941376995988
4,1230,7230,-1.91846629755308,2.07773113944831
4,1231,7231,-2.99775224543383,1.98824497658675
4,1232,7232,-2.72456000067042,2.00356778687304
4,1233,7233,-3.01821150993442,2.07100677198068
4,1234,7234,-2.3500201278172,2.16129385232807
4,1235,7235,-2.94822237300315,2.32056931172447
4,1236,7236,-3.98009565150981,2.5576077619754
4,1237,7237,-2.26005454942916,1.33383939638603
4,1238,7238,-3.04534472750865,1.78613760058468
4,1239,7239,-2.5867852060988,1.90490966509387
4,1240,7240,-2.43750267820983,1.43557642206514
4,1241,7241,-2.31473364670014,2.35380175742573
4,1242,7242,-2.58890556443437,1.64541383599682
4,1243,7243,-2.14141737567531,1.09069464718138
4,1244,7244,-1.72549110783895,1.64771212066666
4,1245,7245,-2.42919623111108,1.73417266741343
4,1246,7246,-3.09646575346685,1.69407537311333
4,1247,7247,-2.25635017527375,1.73089585132656
4,1248,7248,-2.89572441044632,1.59896985213118
4,1249,7249,-2.52991733203084,1.69119537862126
4,1250,7250,-3.26810488108302,2.31288331378026
4,1251,7251,-3.15774220466139,1.94191363236105
4,1252,7252,-3.43137215433216,2.01158047781577
4,1253,7253,-2.21445686911533,1.45798968719769
4,1254,7254,-1.86557791041514,1.8429766985437
4,1255,7255,-2.19952883783646,2.30652469461497
4,1256,7256,-1.93145627957618,2.19402126373406
4,1257,7257,-1.52219782653845,1.87730846012827
4,1258,7258,-2.34225798092382,1.92784365260822
4,1259,7259,-1.9944088064467,2.23256150070289
4,1260,7260,-1.68508624737725,1.62974184397519
4,1261,7261,-1.39227966231073,2.0957025533306
4,1262,7262,-1.27585835744793,2.48975104756403
4,1263,7263,-2.93051646133275,2.63260983827655
4,1264,7264,-1.83679709703973,1.69041512033624
4,1265,7265,-1.98965941778298,1.44873057292801
4,1266,7266,-1.84421112212759,1.21095434775874
4,1267,7267,-2.13691842823303,1.27927252398692
4,1268,7268,-2.17147698179334,2.19319749900496
4,1269,7269,-2.43544424201124,1.94282535949995
4,1270,7270,-2.77496529359453,1.60580238036069
4,1271,7271,-2.33557916200071,1.60984455504533
4,1272,7272,-3.62316400472044,2.80875928073136
4,1273,7273,-2.34289677757136,1.55967136746817
4,1274,7274,-2.21268770754653,1.71572832785841
4,1275,7275,-2.37428548540624,1.17162144921078
4,1276,7276,-2.34259473770249,1.63048226459382
4,1277,7277,-2.76832208379666,2.34687778698606
4,1278,7278,-1.97511420994738,1.56072744077085
4,1279,7279,-2.14531815383067,1.55798810792603
4,1280,7280,-2.21672231671016,1.66084406288103
4,1281,7281,-2.33384221092911,1.60137396383913
4,1282,7282,-2.69182777300991,1.50090234252876
4,1283,7283,-2.13717678225323,1.58993443571959
4,1284,7284,-2.74059895554484,1.27494048163191
4,1285,7285,-1.72149248421677,1.38001658480534
4,1286,7286,-1.60337190212708,1.68574897081636
4,1287,7287,-1.46370583881187,1.82736854896785
4,1288,7288,-1.58999741414646,2.16813344146106
4,1289,7289,-1.58105969760394,1.90548980078496
4,1290,7290,-1.76775524415776,2.2550343376594
4,1291,7291,-2.08799032236247,2.56921362182205
4,1292,7292,-2.28173263191365,2.25027583823306
4,1293,7293,-2.44243280604476,2.04487264109788
4,1294,7294,-1.91703380090646,2.74172825805702
4,1295,7295,-1.89410034480579,1.70319684498572
4,1296,7296,-1.94673711903608,1.75328574131275
4,1297,7297,-2.11604884712917,1.73590225477463
4,1298,7298,-2.39512768589631,1.62592599071307
4,1299,7299,-2.51646403681384,1.85816317182675
4,1300,7300,-1.61397718674873,2.02900648035657
4,1301,7301,-2.28512093141021,2.07515887012263
4,1302,7302,-2.41160190556924,2.14322894108737
4,1303,7303,-2.29123969932598,1.52821895820663
4,1304,7304,-1.98506986345325,1.69078563310654
4,1305,7305,-1.93177577597461,1.68583824722846
4,1306,7306,-2.25027163283678,2.3874180897793
4,1307,7307,-2.34754694466047,2.33769653954918
4,1308,7308,-1.45609058411405,1.33994287112236
4,1309,7309,-1.53688884868455,1.37444885727774
4,1310,7310,-2.10892451265603,1.40873330302173
4,1311,7311,-1.87037619519375,1.4168268985699
4,1312,7312,-2.22633386431187,1.42441503319524
4,1313,7313,-2.87040665551189,2.14255150006615
4,1314,7314,-2.9467631366396,2.05466147012239
4,1315,7315,-2.07165493452324,2.03161323749445
4,1316,7316,-2.88861465603724,2.53252299914701
4,1317,7317,-2.17860820472645,1.42243764365884
4,1318,7318,-1.84090129240592,1.81216850857685
4,1319,7319,-1.47463287242146,1.62226148223266
4,1320,7320,-1.87014898407931,1.52220378537001
4,1321,7321,-1.82396502510074,1.38262964183056
4,1322,7322,-2.24452870474399,2.05030536999852
4,1323,7323,-2.06436408002228,1.64778045010339
4,1324,7324,-1.64895517663519,1.76344459255034
4,1325,7325,-1.64930283899539,1.61221830021539
4,1326,7326,-3.23060379241612,2.3389550995305
4,1327,7327,-1.84527758160137,1.72936223367221
4,1328,7328,-3.0276678966914,2.0224334700084
4,1329,7329,-3.19952793915207,2.5383414162243
4,1330,7330,-3.35881000564618,2.10073774657149
4,1331,7331,-3.32851379134695,2.41037188432434
4,1332,7332,-1.5305230910606,1.43729817207357
4,1333,7333,-1.86113080388885,2.45585822319743
4,1334,7334,-1.75806407967567,2.15382816678357
4,1335,7335,-1.62824369724453,1.52888178983421
4,1336,7336,-1.85039664985523,1.50122721359058
4,1337,7337,-1.38732713658368,1.17134252213179
4,1338,7338,-1.4170543260206,1.31751653469186
4,1339,7339,-1.17974811966357,2.75602975656804
4,1340,7340,-0.991555217190097,2.9388197089065
4,1341,7341,-1.27189982194302,2.70318597230101
4,1342,7342,-1.82970928303337,3.11147575433909
4,1343,7343,-1.60139084235428,2.6652955560667
4,1344,7344,-1.98550575658695,1.43466667160088
4,1345,7345,-2.04934728084971,1.44273680627872
4,1346,7346,-1.85617310019547,1.84361371096305
4,1347,7347,-2.26884478766355,1.78493888724972
4,1348,7348,-2.11694186340589,1.70413785170783
4,1349,7349,-3.02401310693287,2.49014316201736
4,1350,7350,-3.20970812643768,2.2375885985758
4,1351,7351,-2.69592793436657,1.60960687556838
4,1352,7352,-2.88056304560826,2.06151488221796
4,1353,7353,-1.35581222593914,1.78215620647655
4,1354,7354,-2.528736333711,1.34406012325937
4,1355,7355,-2.36655127018632,1.38731125734367
4,1356,7356,-1.62611729606851,1.76563203128508
4,1357,7357,-2.34752466728106,0.878150477660367
4,1358,7358,-2.56367690271901,1.6872021669921
4,1359,7359,-3.1285677549912,1.39097228195523
4,1360,7360,-3.1552652314054,1.50778969697311
4,1361,7361,-3.01320961114147,1.28049335392887
4,1362,7362,-3.30374682900174,1.40366333423246
4,1363,7363,-3.64919309010149,1.74953692013374
4,1364,7364,-2.27626896756882,1.45420189785888
4,1365,7365,-1.9318932798447,1.46029623618707
4,1366,7366,-1.80469379111317,1.0341792177589
4,1367,7367,-2.76741276157666,1.35435163066446
4,1368,7368,-2.2535460480583,1.54076800400285
4,1369,7369,-2.27142797321967,1.63341178890485
4,1370,7370,-2.3645592797379,1.29907816357137
4,1371,7371,-2.08538603866734,1.89330031900846
4,1372,7372,-1.99254435443083,2.33394239992575
4,1373,7373,-2.33838827657521,1.41509919058032
4,1374,7374,-1.71739116265967,2.04164936655998
4,1375,7375,-2.36373748001606,1.23722264136218
4,1376,7376,-1.54458890307492,1.6252579890071
4,1377,7377,-2.55697039794202,1.67016654106458
4,1378,7378,-1.82908081837132,1.20020109904945
4,1379,7379,-1.37615063481377,2.44998690621796
4,1380,7380,-2.30200873155482,1.30698329019061
4,1381,7381,-2.32978012523058,1.31127823798188
4,1382,7382,-1.93827599836392,1.40417265051951
4,1383,7383,-1.77279303852434,1.18834638723564
4,1384,7384,-1.12758711528231,1.96677035427556
4,1385,7385,-1.280533120568,1.94929867223938
4,1386,7386,-2.5107295331412,1.88532846956059
4,1387,7387,-2.24724767077568,1.50986416826151
4,1388,7388,-2.14619883748503,1.89295423951749
4,1389,7389,-2.27641826747109,1.90507274635378
4,1390,7390,-2.71050838120113,1.69699536951317
4,1391,7391,-3.09507415440634,2.23598629508098
4,1392,7392,-3.07370486989121,2.24410290875381
4,1393,7393,-2.03154703722443,2.84268258560517
4,1394,7394,-1.09104405503226,1.58469652679754
4,1395,7395,-1.44288652110119,3.22793292212459
4,1396,7396,-0.675498483164639,2.36263739879558
4,1397,7397,-0.848793948637016,1.97427310719267
4,1398,7398,-0.756123288279896,2.15785734451899
4,1399,7399,-1.06028938320753,2.10063064517215
4,1400,7400,-2.5734060818803,1.76437643293005
4,1401,7401,-3.38559817890341,3.28056678754827
4,1402,7402,-2.39144719319269,1.44708700335571
4,1403,7403,-3.13206625150477,1.69949512957957
4,1404,7404,-2.8449631815677,2.26735119245813
4,1405,7405,-2.79296554031176,2.20255463367263
4,1406,7406,-3.27505786818912,1.87443067356288
4,1407,7407,-3.03052649364235,1.770994414384
4,1408,7408,-2.44014423416608,2.12062413753696
4,1409,7409,-1.9982676914207,1.94160909752369
4,1410,7410,-2.04452775551642,2.38214778164724
4,1411,7411,-2.32052363261854,2.27738025431561
4,1412,7412,-2.14736775475588,2.01645529830553
4,1413,7413,-1.71387788524652,1.09413335445567
4,1414,7414,-1.91068839463994,1.17218004020769
4,1415,7415,-1.41109301393784,0.882091107578348
4,1416,7416,-0.418040756778116,1.5921716665873
4,1417,7417,-1.82745289433827,1.60330309733592
4,1418,7418,-1.684838126142,1.47540356852535
4,1419,7419,-1.07099124412647,2.39745463666157
4,1420,7420,-2.3262051151386,1.67023921480168
4,1421,7421,-2.31495635043763,1.87560889012209
4,1422,7422,-1.94023218723805,2.58172097010843
4,1423,7423,-1.7243165323458,1.80790233339116
4,1424,7424,-2.43877693662072,1.77501839751629
4,1425,7425,-0.800353209595192,1.98086745661541
4,1426,7426,-1.29798004142689,1.54609952304847
4,1427,7427,-2.32475106744138,2.2702762573327
4,1428,7428,-1.57408190462405,1.02451175731821
4,1429,7429,-2.10676310273505,1.13473050272495
4,1430,7430,-2.1143898917185,1.65418856101011
4,1431,7431,-3.22642161892572,2.08092113975037
4,1432,7432,-2.52698536954953,2.31893549017546
4,1433,7433,-2.53884744685392,2.1705713431105
4,1434,7434,-3.52021489569137,2.09270247851406
4,1435,7435,-2.25913352720327,1.59677477128034
4,1436,7436,-2.71815123382985,1.79886292396668
4,1437,7437,-2.04313258771358,2.62256480082291
4,1438,7438,-2.03105314297048,1.13988190300534
4,1439,7439,-2.42626955979542,1.99484642800891
4,1440,7440,-2.47000653585784,1.87246022170641
4,1441,7441,-2.26382929453739,1.43680429674018
4,1442,7442,-2.66666897194522,1.65451486355173
4,1443,7443,-1.52361078599444,1.52726646651042
4,1444,7444,-1.47243808953174,1.51710012147731
4,1445,7445,-1.61438414633976,1.71336190377545
4,1446,7446,-0.980826467416267,1.77938818803239
4,1447,7447,-1.35069175221113,2.9814035452184
4,1448,7448,-1.34589472853629,2.91070728650263
4,1449,7449,-1.28716345629489,3.13659533210097
4,1450,7450,-1.32280689241096,2.62832246742452
4,1451,7451,-2.40116736928894,2.71574031999756
4,1452,7452,-0.777928772922182,2.04279132013964
4,1453,7453,-0.946420850452793,2.99090366470551
4,1454,7454,-1.13892110107704,3.18663364344487
4,1455,7455,-1.99845416402629,2.49259528024596
4,1456,7456,-1.5566240731293,2.23271799268137
4,1457,7457,-1.12190344145344,1.71315501774448
4,1458,7458,-1.57448947043426,1.93891300875445
4,1459,7459,-3.26850100785145,1.58430344357429
4,1460,7460,-2.52689669225181,1.5954602521046
4,1461,7461,-3.35550895714993,1.93768324343114
4,1462,7462,-2.00175790383451,1.65940259231957
4,1463,7463,-2.09181666128605,1.77632785260707
4,1464,7464,-2.29981220231619,2.68948626509724
4,1465,7465,-2.41573352956096,1.84000941620662
4,1466,7466,-2.56209698460153,2.27967666080557
4,1467,7467,-2.00777539579587,2.04515900096176
4,1468,7468,-1.84363720518029,0.989874681653271
4,1469,7469,-2.77617142672387,1.89541329473729
4,1470,7470,-2.50765274586647,1.81925387638122
4,1471,7471,-2.64716995713432,1.58840882348526
4,1472,7472,-3.07666827567855,2.03372403804648
4,1473,7473,-3.37301725698414,2.1907831896409
4,1474,7474,-3.20109768155113,1.75075401652151
4,1475,7475,-2.72650229682386,1.38837542033941
4,1476,7476,-2.63210692535168,1.76506488173244
4,1477,7477,-2.47184352032402,1.87941497592943
4,1478,7478,-2.08117495805043,1.62290016693342
4,1479,7479,-2.36961654309275,2.24494077909148
4,1480,7480,-2.76475674858917,2.5889530024395
4,1481,7481,-2.54236124960744,1.58455650366658
4,1482,7482,-1.87499272829403,1.15292376611634
4,1483,7483,-1.69360509036336,1.12402049482759
4,1484,7484,-2.06290814600005,1.70101689884553
4,1485,7485,-2.21493994729593,1.43509486301302
4,1486,7486,-1.46191630094358,1.44185978966551
4,1487,7487,-1.7774323728907,1.38051740556013
4,1488,7488,-1.66697564859535,2.63820148988208
4,1489,7489,-2.09574278269715,2.12615256459415
4,1490,7490,-1.98061821458455,2.58624811064124
4,1491,7491,-2.8800599136112,1.82232382066637
4,1492,7492,-2.5440946349735,1.55715429618669
4,1493,7493,-3.20814228665868,2.32453562664465
4,1494,7494,-3.29306806795362,2.35595200585916
4,1495,7495,-2.93640490971151,1.58695057895657
4,1496,7496,-2.9679743630973,1.95741673228205
4,1497,7497,-2.49508412541525,1.74060950261688
4,1498,7498,-2.5186713893561,1.77543875220215
4,1499,7499,-1.85006473591098,1.16190384895041
4,1500,7500,-2.29705834645983,1.54176949861439
4,1501,7501,-1.14555966615805,1.94499599783429
4,1502,7502,-2.05584750817287,1.73322584479797
4,1503,7503,-2.7141525707443,1.69906402776744
4,1504,7504,-1.61861762417556,3.22251751296452
4,1505,7505,-1.33255513858075,2.32624115868581
4,1506,7506,-1.38366147536866,2.32368481562925
4,1507,7507,-1.32716426610357,2.93789502628941
4,1508,7508,-1.07076623749347,3.17077427779712
4,1509,7509,-1.07039346275343,3.47009742392054
4,1510,7510,-0.632927523712805,3.11722818168921
4,1511,7511,-2.86546160401844,2.01202544571412
4,1512,7512,-1.29417285724562,2.70130975616825
4,1513,7513,-1.49577169240558,2.44040142885752
4,1514,7514,-1.41087081688713,1.98674017082259
4,1515,7515,-2.32656040557296,2.22139669242299
4,1516,7516,-2.36040953159891,1.02180707560524
4,1517,7517,-1.84058250323807,0.84793484381134
4,1518,7518,-2.58350843870543,1.70438497545427
4,1519,7519,-2.32294633957322,1.82233183097179
4,1520,7520,-1.35158907392545,2.22962337136692
4,1521,7521,-1.37095567778524,2.14785535323388
4,1522,7522,-2.06342247729506,1.92963595611785
4,1523,7523,-2.27639146169667,2.43790711632301
4,1524,7524,-2.84300801498539,2.13400170981497
4,1525,7525,-1.86769641540919,2.88224674867056
4,1526,7526,-1.57431424699545,1.60408748057035
4,1527,7527,-2.82038846531916,2.08256819812088
4,1528,7528,-1.59340873192,1.45942785847719
4,1529,7529,-2.18298376642823,1.89628309007206
4,1530,7530,-2.62110660667432,2.16602715891361
4,1531,7531,-2.34293902592776,2.11772623560747
4,1532,7532,-2.5683874872364,1.98397690579554
4,1533,7533,-1.71074199775462,1.77587706272265
4,1534,7534,-2.75937890373835,1.99285792743228
4,1535,7535,-1.79848367676909,1.99066791624941
4,1536,7536,-2.11132814173254,2.67427149516481
4,1537,7537,-2.75319003787697,1.70550822930194
4,1538,7538,-2.80868597886701,1.62234574379172
4,1539,7539,-2.09268671698551,1.29106202758327
4,1540,7540,-1.25650862845991,2.77117392725847
4,1541,7541,-1.00034098983767,1.60999009235592
4,1542,7542,-1.47364778003263,1.57195209248788
4,1543,7543,-2.46073169996188,1.88387198793101
4,1544,7544,-2.69858385941926,1.93218248096001
4,1545,7545,-2.55015817755668,1.90821331289438
4,1546,7546,-2.53016585942681,1.88994120422851
4,1547,7547,-1.78026872600014,1.8400934112406
4,1548,7548,-2.66164199856348,1.9268736344239
4,1549,7549,-2.20111179958564,1.44924954874749
4,1550,7550,-2.56219641566427,1.48618791408737
4,1551,7551,-2.09131042634318,1.37602399062681
4,1552,7552,-2.78920149644791,1.73906230323421
4,1553,7553,-2.1193938588803,1.40768195505782
4,1554,7554,-2.78892090907186,1.96956545317132
4,1555,7555,-2.26401134375899,2.33830891055025
4,1556,7556,-2.00252104176265,1.4963992438292
4,1557,7557,-1.5044211533292,1.65004659144266
4,1558,7558,-3.17909362050769,1.8108582787984
4,1559,7559,-3.13525023097583,1.88915768645416
4,1560,7560,-2.6868495063975,3.18680148441099
4,1561,7561,-3.3866601429301,2.74645113754045
4,1562,7562,-3.42494452186175,2.81752123803363
4,1563,7563,-3.75332450131365,3.2176917043975
4,1564,7564,-2.75351464778964,2.10686645863269
4,1565,7565,-2.2224107484648,1.77168293374338
4,1566,7566,-2.76561947594765,2.16747147085973
4,1567,7567,-3.20420922480352,2.51928973519913
4,1568,7568,-2.51803817421944,1.0638874859451
4,1569,7569,-2.17969290273167,1.72228629199711
4,1570,7570,-1.97919808399513,1.57015399861109
4,1571,7571,-2.446292839675,2.03336296614572
4,1572,7572,-2.23049658355196,2.55230604906813
4,1573,7573,-1.93508141929357,2.11489827180628
4,1574,7574,-2.26784018798222,2.441053579827
4,1575,7575,-2.43294821884615,1.61028258122967
4,1576,7576,-1.90905977064471,1.75939323600975
4,1577,7577,-2.40644323893934,1.71067890819713
4,1578,7578,-2.5619572249269,1.83098275373052
4,1579,7579,-2.05861120565252,1.30859402386365
4,1580,7580,-1.70119675427892,1.88884049948807
4,1581,7581,-2.32935507139941,1.83276222572923
4,1582,7582,-1.46907817271887,2.17806624598348
4,1583,7583,-1.91185367192267,1.92548194029036
4,1584,7584,-3.31719037051543,2.83045953196876
4,1585,7585,-3.38524698435398,2.43359121052012
4,1586,7586,-2.30854497996945,2.42238356452477
4,1587,7587,-1.62153576340332,2.35235696225583
4,1588,7588,-1.32692900121731,2.98899427127289
4,1589,7589,-1.26599087056565,3.3075290378047
4,1590,7590,-0.82660195416892,3.01724366216073
4,1591,7591,-1.18137244642285,3.26813911684853
4,1592,7592,-1.4105079047987,2.73543963610423
4,1593,7593,-1.35320506926946,2.98560105974093
4,1594,7594,-1.35074345732022,2.0485153733611
4,1595,7595,-1.78251167187047,1.80298995842666
4,1596,7596,-3.15209719130383,3.56516808163305
4,1597,7597,-2.25261473290092,3.09584761084136
4,1598,7598,-1.73829200940152,1.80307282146767
4,1599,7599,-2.64621349424795,2.60830394075074
4,1600,7600,-2.90962807610031,3.21847506951748
4,1601,7601,-2.5700805766782,2.6804593996041
4,1602,7602,-1.94423992210164,1.83465871854997
4,1603,7603,-1.60189007536432,1.97104635370379
4,1604,7604,-1.54517387465557,1.61444179538713
4,1605,7605,-2.36991339531935,1.69171424371587
4,1606,7606,-2.46517687315718,1.44425964823379
4,1607,7607,-3.36161822357307,2.17623492424141
4,1608,7608,-2.57003797563874,2.7944474048235
4,1609,7609,-2.10154930554656,2.08737538694352
4,1610,7610,-2.43020688271129,2.42441838836661
4,1611,7611,-2.66561368504553,2.25042668453633
4,1612,7612,-2.8431145193013,2.45592320057202
4,1613,7613,-1.20681717364637,1.61932841668591
4,1614,7614,-1.64039659334152,2.02481057273962
4,1615,7615,-1.88214050837627,1.73506168970945
4,1616,7616,-2.00591224985491,2.5018948061012
4,1617,7617,-1.96852240467903,2.18093521884858
4,1618,7618,-1.66980169164595,2.25894749359999
4,1619,7619,-2.04312060817403,3.00309671058681
4,1620,7620,-2.29827587980016,2.4384970831634
4,1621,7621,-1.5966914219311,1.45267108073917
4,1622,7622,-1.80590947121429,1.29495966023724
4,1623,7623,-1.75374988242357,1.31247379301609
4,1624,7624,-1.30052805374912,1.47792951722153
4,1625,7625,-1.20525813721447,2.72024891691909
4,1626,7626,-1.10150083269845,1.97630213499287
4,1627,7627,-1.4129699845546,2.32807251339061
4,1628,7628,-3.38061572002068,2.232697813406
4,1629,7629,-1.60776797319545,1.64833116096564
4,1630,7630,-2.55389011911989,1.9386506634184
4,1631,7631,-1.99760585306721,1.90173906788647
4,1632,7632,-2.11658118647989,1.92321700764644
4,1633,7633,-3.03694224506056,1.98286293000432
4,1634,7634,-2.61870774022706,1.70188086910831
4,1635,7635,-0.77114864072495,1.71784023517013
4,1636,7636,-1.93920605628042,1.59356260004697
4,1637,7637,-1.21273890134007,1.85921972479288
4,1638,7638,-1.51608795175191,2.20964700587326
4,1639,7639,-1.58928226556267,2.45979883324054
4,1640,7640,-1.47581835949448,2.09087270037213
4,1641,7641,-2.28907695043903,2.590426197776
4,1642,7642,-1.81567629783801,1.78905559182646
4,1643,7643,-1.56153441804348,1.63469967414445
4,1644,7644,-3.26543197104717,2.32317857863654
4,1645,7645,-2.73437563097225,1.36160332023842
4,1646,7646,-2.34959065804163,1.40356175076066
4,1647,7647,-2.30862633716428,2.17227206738574
4,1648,7648,-3.46733492219697,1.85018998231017
4,1649,7649,-2.52836858209868,1.80320496154978
4,1650,7650,-1.8119444806842,1.41901753303852
4,1651,7651,-1.26517770658801,1.66784442184968
4,1652,7652,-1.83179149343181,2.20755586880764
4,1653,7653,-3.04726763067367,3.25259848124225
4,1654,7654,-2.31017869673896,1.80364760285467
4,1655,7655,-1.82378904195247,1.54211079539925
4,1656,7656,-2.21972585766908,2.52260822007873
4,1657,7657,-2.42276513178978,2.6455091437575
4,1658,7658,-1.4593281293526,2.35996307719645
4,1659,7659,-1.70220488294714,2.37479189681289
4,1660,7660,-2.65436374238315,1.74534846364509
4,1661,7661,-2.25561724788146,1.7578014208548
4,1662,7662,-2.16250351737322,1.924565513793
4,1663,7663,-3.09337073814596,2.41081104414588
4,1664,7664,-1.84483491620679,1.63988266004269
4,1665,7665,-2.64471188375559,2.49397598070308
4,1666,7666,-1.64219970713726,1.89496009056894
4,1667,7667,-1.4164109434748,1.50326987404933
4,1668,7668,-1.45834161398306,1.45137120592721
4,1669,7669,-1.47721052112965,2.12667241503588
4,1670,7670,-2.07612737974849,2.18812268661362
4,1671,7671,-1.46413901433165,3.11419827050927
4,1672,7672,-1.54480382881654,2.35236161683299
4,1673,7673,-1.41205332081438,1.66528257499755
4,1674,7674,-2.29070071737109,1.51370998822175
4,1675,7675,-2.7596981327312,2.20324962473447
4,1676,7676,-2.37534851683716,1.75541970714056
4,1677,7677,-3.10396854203827,1.69037710750102
4,1678,7678,-3.12195113200458,1.35533705190033
4,1679,7679,-2.2288178157062,1.29744323982969
4,1680,7680,-1.21584349662788,1.38814771381486
4,1681,7681,-1.11863456263717,2.68147355572269
4,1682,7682,-0.840352641902205,1.60680342171644
4,1683,7683,-1.425709762061,2.04557587985274
4,1684,7684,-1.75805067014898,2.53557800484943
4,1685,7685,-1.69823806841515,2.27822181390281
4,1686,7686,-2.31840516160879,2.18350144138141
4,1687,7687,-2.47849264472044,1.43823793275609
4,1688,7688,-2.2925258383501,1.62115944989298
4,1689,7689,-2.00350091427696,1.5369392899077
4,1690,7690,-0.895805596155005,2.10765297050657
4,1691,7691,-0.703064964706233,2.44698149344781
4,1692,7692,-1.24643101169205,2.83555270528408
4,1693,7693,-1.13116934949263,2.79998015198328
4,1694,7694,-1.25292817444321,2.56439956685094
4,1695,7695,-1.13396761830833,2.65090792244324
4,1696,7696,-0.848385300924701,3.02832999755398
4,1697,7697,-0.294923491725616,2.24584418029209
4,1698,7698,-2.6412518518734,2.7983621846119
4,1699,7699,-3.3126784332582,2.02206788403765
4,1700,7700,-3.30430048424475,2.6943270209768
4,1701,7701,-2.34223834891706,0.986306255437519
4,1702,7702,-2.5423408404195,1.50560061393953
4,1703,7703,-3.06000344464191,1.6761995129514
4,1704,7704,-3.60956957499712,2.08646607954987
4,1705,7705,-2.72454209141479,1.82393761390597
4,1706,7706,-1.47148880068745,2.0847653167217
4,1707,7707,-2.08516683377893,1.11697670177449
4,1708,7708,-2.71024983832668,1.96370757465774
4,1709,7709,-2.63415319994814,1.85428031736166
4,1710,7710,-2.07541757937389,1.32501585167488
4,1711,7711,-1.84957596549109,1.7154634502379
4,1712,7712,-2.33927579167,1.96414676209458
4,1713,7713,-1.94904639550688,1.24017792048569
4,1714,7714,-2.7972087924403,1.97335065342724
4,1715,7715,-3.88858883193164,1.93009311042883
4,1716,7716,-1.9985053902891,1.30674098925019
4,1717,7717,-2.49744045872051,1.97997994587448
4,1718,7718,-1.64289207973819,3.05987119894948
4,1719,7719,-2.41859617078445,3.28131114576002
4,1720,7720,-3.68133402733121,2.50279489721457
4,1721,7721,-3.57073293261665,2.20985320119145
4,1722,7722,-3.49114136891366,2.50025778538435
4,1723,7723,-2.31464371286212,2.67416017245621
4,1724,7724,-2.31987427326665,3.33839687186338
4,1725,7725,-0.941280805769642,1.72063665017098
4,1726,7726,-1.64912287936913,2.45013279284467
4,1727,7727,-1.73543167442566,1.2111572902344
4,1728,7728,-1.92474538863012,1.06017288721279
4,1729,7729,-1.96767249286768,1.47120812917924
4,1730,7730,-2.81610652416535,1.409621973547
4,1731,7731,-3.00915784207561,1.47264281819628
4,1732,7732,-3.16638238661577,1.74790205942342
4,1733,7733,-2.67033739829413,1.82679540099961
4,1734,7734,-1.15991132247467,1.90400141824434
4,1735,7735,-1.30294366117526,2.03112450922112
4,1736,7736,-1.76197937190454,2.16538521371666
4,1737,7737,-1.78840689477211,2.1564217341464
4,1738,7738,-1.88983618056755,1.58469546090094
4,1739,7739,-3.48548196482514,2.11306827894295
4,1740,7740,-3.55509991002507,2.18327317570485
4,1741,7741,-2.17405874401527,1.54371672015302
4,1742,7742,-1.73437427687172,1.25974763749667
4,1743,7743,-2.940130863216,2.21811448722729
4,1744,7744,-1.8840654724799,1.75482520610736
4,1745,7745,-1.64637924045408,1.52790714069617
4,1746,7746,-2.291006709641,1.47708698799696
4,1747,7747,-1.67530018260047,1.13751520975463
4,1748,7748,-1.9633972188811,1.59275797720792
4,1749,7749,-1.91119335165895,1.99574036053959
4,1750,7750,-2.29837539447942,2.53669158907578
4,1751,7751,-1.93105933272142,2.34899432205241
4,1752,7752,-1.97180503486877,1.62017170771316
4,1753,7753,-1.64484904267722,2.40540465992243
4,1754,7754,-2.21111375083552,1.11794846309842
4,1755,7755,-2.77242479876233,1.55061534176746
4,1756,7756,-2.01780612240011,2.76221840137544
4,1757,7757,-3.13661771659647,2.52939812204182
4,1758,7758,-2.88399191041008,3.02652789818088
4,1759,7759,-2.73911074213308,2.37731792151757
4,1760,7760,-3.05447608164796,1.9261351597524
4,1761,7761,-2.33267369330479,1.77119046088812
4,1762,7762,-1.52737573618337,1.30451718077916
4,1763,7763,-1.64779859482972,1.2243409424205
4,1764,7764,-1.67830897785489,2.2918620355355
4,1765,7765,-1.9659494150998,1.31021103325659
4,1766,7766,-2.20306570801285,2.41724778751283
4,1767,7767,-1.81353781051675,1.7193401268751
4,1768,7768,-2.2777703013198,1.66855664687589
4,1769,7769,-3.28443011727643,1.73550271012013
4,1770,7770,-2.07107151746822,1.20259069221133
4,1771,7771,-2.4476106829397,1.18620383105527
4,1772,7772,-2.86256921664797,1.57927538115053
4,1773,7773,-2.66734539125206,1.15909446702634
4,1774,7774,-2.57994113325445,1.84567354116563
4,1775,7775,-2.67021008702598,1.7597620659912
4,1776,7776,-2.7659282095126,2.46392864380381
4,1777,7777,-2.04134065037083,1.44832936379819
4,1778,7778,-2.325770016556,2.33375526639772
4,1779,7779,-1.83872902728359,1.75200369485091
4,1780,7780,-1.41441080472173,1.52750643713121
4,1781,7781,-2.71940599154897,1.74703668660286
4,1782,7782,-2.40618889348747,1.92593924607259
4,1783,7783,-2.40290128828112,2.00739751466825
4,1784,7784,-1.9054016359001,1.81855072797509
4,1785,7785,-1.74882266968899,1.73012124672602
4,1786,7786,-2.41646603613116,1.32013351487043
4,1787,7787,-1.97624229335326,1.42250007413359
4,1788,7788,-2.23209909261329,1.65517597406554
4,1789,7789,-1.7769678004924,2.11006957814628
4,1790,7790,-1.77262988781834,2.09930680816645
4,1791,7791,-1.75409374762771,1.95830003934244
4,1792,7792,-1.75696700020757,1.77498624463919
4,1793,7793,-2.35428595099027,1.5127867146992
4,1794,7794,-2.0286798271603,1.45828695011428
4,1795,7795,-1.71727601163523,2.17618724039191
4,1796,7796,-1.71546788119826,1.41642014795875
4,1797,7797,-2.82059249496232,2.88826684728228
4,1798,7798,-2.63190614399301,3.03757321161301
4,1799,7799,-2.74644055269425,2.34882462433146
4,1800,7800,-2.63257285919693,1.66719621440196
4,1801,7801,-3.21209947153221,2.31083518120658
4,1802,7802,-2.70353180722888,1.484476308065
4,1803,7803,-3.16293490934319,1.9387471918648
4,1804,7804,-2.2451278408296,1.42801185999487
4,1805,7805,-1.99926540391082,1.54495563984867
4,1806,7806,-1.93045708795314,1.28462897656028
4,1807,7807,-1.88812092265711,0.977171930318436
4,1808,7808,-2.52306076498453,1.4572412444932
4,1809,7809,-2.18395111710923,1.23801807603865
4,1810,7810,-2.15684676983345,2.09918938838873
4,1811,7811,-2.44391276793934,1.60702713085013
4,1812,7812,-2.65538246063075,3.03193855345005
4,1813,7813,-2.55573164767804,3.02404569390198
4,1814,7814,-2.87814387016188,2.29344535358184
4,1815,7815,-2.29360789615592,2.23419619098363
4,1816,7816,-2.20170172613313,2.1747658067408
4,1817,7817,-2.69977394080066,2.5636500070938
4,1818,7818,-2.71834906146483,2.00584751575154
4,1819,7819,-2.70447412767872,2.68600911245323
4,1820,7820,-2.46192545910194,2.23731296142476
4,1821,7821,-1.96176684410472,1.6652296254408
4,1822,7822,-2.76292637489264,2.03468181934962
4,1823,7823,-2.28186325867464,2.35092876886222
4,1824,7824,-2.3025562967776,2.37276742491884
4,1825,7825,-3.23036845006207,1.73101436559719
4,1826,7826,-3.20903482745436,1.57734147080626
4,1827,7827,-2.88006532932204,2.00824048199302
4,1828,7828,-2.60828500504025,1.82864884122682
4,1829,7829,-2.09616603837143,1.36746276354728
4,1830,7830,-2.45714165694444,1.63710539540235
4,1831,7831,-1.95320619806392,1.38258454728328
4,1832,7832,-2.52123899253356,1.14962784196129
4,1833,7833,-2.78030778433704,1.17939532824223
4,1834,7834,-1.53755123059341,0.799823245348888
4,1835,7835,-2.52868171450096,1.41529481778768
4,1836,7836,-2.19764301163584,1.35153040450293
4,1837,7837,-1.69166240670482,1.09062775265039
4,1838,7838,-2.89185109967636,1.67592468540037
4,1839,7839,-3.33798640674472,2.44560579610572
4,1840,7840,-2.30562191364866,2.77488572516531
4,1841,7841,-1.95811180315363,1.55331751628885
4,1842,7842,-2.32549977808626,1.69026112318828
4,1843,7843,-1.89953971272015,2.15314152796404
4,1844,7844,-1.23365550802589,2.53202931373508
4,1845,7845,-2.4950238192324,1.91069910041792
4,1846,7846,-1.96678248735642,1.60469128118753
4,1847,7847,-2.52065218736068,2.31939067932966
4,1848,7848,-2.35978255881576,1.35439229898696
4,1849,7849,-2.51627834804156,1.31535283099416
4,1850,7850,-2.76516554733252,1.50798159609551
4,1851,7851,-2.56416018086467,1.79817733996725
4,1852,7852,-2.57093693701348,1.39436257213457
4,1853,7853,-3.21027922895962,2.61141671662906
4,1854,7854,-1.55913632417053,1.98612864333661
4,1855,7855,-1.53350781580887,1.53328210219922
4,1856,7856,-1.920556154324,1.68649101948626
4,1857,7857,-2.24784965307664,1.32795208775052
4,1858,7858,-2.07562654890581,1.91496707115969
4,1859,7859,-1.74474853819542,1.13509217405309
4,1860,7860,-1.77890814099782,2.06255530038315
4,1861,7861,-1.84924076144608,2.28831246291344
4,1862,7862,-2.09111181738616,2.35879511970178
4,1863,7863,-3.12219076319821,2.53232433404484
4,1864,7864,-2.97187620878506,1.79507725344558
4,1865,7865,-2.80871203466144,2.11057936039482
4,1866,7866,-2.52490330684366,1.4655371815885
4,1867,7867,-1.9786760697036,2.23380787966786
4,1868,7868,-2.77068620161878,2.79461373869628
4,1869,7869,-2.48131790536191,2.48047292078272
4,1870,7870,-2.03811418133028,1.11405990240206
4,1871,7871,-2.76517546604909,2.04309691388169
4,1872,7872,-0.915391019155564,2.07049986410705
4,1873,7873,-2.60146899856674,2.90233916436583
4,1874,7874,-1.95653842762975,2.14079641761311
4,1875,7875,-1.67338365399345,1.70853232480039
4,1876,7876,-1.62882529813098,1.0406695976536
4,1877,7877,-1.87018691019689,0.906213844394083
4,1878,7878,-1.96616778920504,1.01910035902237
4,1879,7879,-1.94340180454915,0.966235387662171
4,1880,7880,-2.4263060405721,1.44598340695263
4,1881,7881,-2.76564404445069,2.0898601254352
4,1882,7882,-1.9509063630564,2.08810698993152
4,1883,7883,-2.09882870457178,2.27750661969402
4,1884,7884,-2.32767425130667,1.57278855937442
4,1885,7885,-2.6790236779986,2.05819108805541
4,1886,7886,-1.39373386549282,1.72716801957233
4,1887,7887,-1.44087305228514,3.14112680526006
4,1888,7888,-1.89790792446303,1.56244835959529
4,1889,7889,-2.80469096937314,1.89993515607574
4,1890,7890,-2.79440440588438,1.67971692347047
4,1891,7891,-3.01839126548675,1.98658412480866
4,1892,7892,-3.10910483274376,2.59535501994117
4,1893,7893,-4.0572184147571,2.37199485375927
4,1894,7894,-3.54671726830784,2.15926682285549
4,1895,7895,-1.86610984563238,1.97446813740524
4,1896,7896,-1.44384215776823,2.32114997470691
4,1897,7897,-2.86147353821412,1.88821870718727
4,1898,7898,-1.66641701309108,1.55818747713051
4,1899,7899,-1.76798236690369,1.49517305697664
4,1900,7900,-2.72508051660802,1.22421211156321
4,1901,7901,-1.90063297819793,1.18874129266768
4,1902,7902,-1.55800806459642,1.29508193186725
4,1903,7903,-3.43494435062966,2.37663399072793
4,1904,7904,-3.85935278018795,2.23136483647006
4,1905,7905,-3.12214615251049,1.52030415168265
4,1906,7906,-3.3844243497275,2.28498209202996
4,1907,7907,-2.38046486729459,1.12300412195671
4,1908,7908,-2.73803096552775,1.95769391388815
4,1909,7909,-2.62356526365784,2.10814721457647
4,1910,7910,-2.42286219055255,1.84960301945155
4,1911,7911,-2.26587447209964,1.66810163859485
4,1912,7912,-2.93762508543219,1.99415004960874
4,1913,7913,-2.83375219480766,1.45182909342553
4,1914,7914,-2.76027069999621,1.67640280259788
4,1915,7915,-3.14756854912777,1.87157681335112
4,1916,7916,-2.6570683297536,1.38943399407088
4,1917,7917,-2.74295831016397,1.35816200633773
4,1918,7918,-1.69290809973141,1.59612726750726
4,1919,7919,-3.12858704058045,1.80525392360994
4,1920,7920,-2.28292481771035,1.56186375789753
4,1921,7921,-2.8212588956492,2.50563108323941
4,1922,7922,-3.60014513846385,2.03097143659577
4,1923,7923,-4.58142614790616,2.32529593802535
4,1924,7924,-4.18003355378208,2.21321528144439
4,1925,7925,-3.10446496342087,3.23873354676224
4,1926,7926,-3.22797676963379,3.29499901373186
4,1927,7927,-1.78105868759103,1.35418054276639
4,1928,7928,-1.75487626491627,2.45218543776356
4,1929,7929,-1.36164676865764,3.07432140660249
4,1930,7930,-2.96759672008949,1.06301876818193
4,1931,7931,-1.89740107179,1.07340099698736
4,1932,7932,-2.42117378294459,2.00052430061418
4,1933,7933,-2.75027540262985,2.35666082483236
4,1934,7934,-2.43944352989614,1.35144288318638
4,1935,7935,-2.03315991704945,1.25670229437244
4,1936,7936,-2.34546765901417,1.50511081443901
4,1937,7937,-2.53364021128744,1.33926157198692
4,1938,7938,-2.89324807009552,2.97891722095274
4,1939,7939,-2.90933034723931,1.81739406646853
4,1940,7940,-2.88289107407153,1.95289206806482
4,1941,7941,-2.75832973209638,2.11154443752115
4,1942,7942,-2.04637749193878,1.19218552234444
4,1943,7943,-2.0692213642829,2.69760574569693
4,1944,7944,-2.46316803049275,2.11343562951045
4,1945,7945,-2.7945972770486,1.47547494480739
4,1946,7946,-2.77671159079893,2.65212497706995
4,1947,7947,-2.70126929512752,2.63013724707882
4,1948,7948,-2.28676392656876,2.01759420576519
4,1949,7949,-1.63810254245453,1.91329799680883
4,1950,7950,-2.03589735637831,2.16607569620408
4,1951,7951,-2.08810868819092,2.18661194065858
4,1952,7952,-2.04142842999314,1.45785742375369
4,1953,7953,-2.16980949895506,1.32124137233171
4,1954,7954,-2.4323074621299,1.40565767969156
4,1955,7955,-2.70184620456896,1.33681012047958
4,1956,7956,-2.36174084766224,1.17400109554556
4,1957,7957,-1.99896571000874,1.41407380480875
4,1958,7958,-1.8779987796136,0.90571310711282
4,1959,7959,-2.29612741761867,2.43730226100643
4,1960,7960,-2.59738968495211,1.10986502325117
4,1961,7961,-2.52298466015031,1.26488171840936
4,1962,7962,-2.41646875592219,1.75448992637726
4,1963,7963,-2.4589386368307,1.60325125989511
4,1964,7964,-3.41173954585134,1.79953665106855
4,1965,7965,-2.4510805339837,2.0030589742937
4,1966,7966,-2.22802252568349,1.63883812068959
4,1967,7967,-2.44695638536673,2.00709759862168
4,1968,7968,-1.78522784892144,1.64970916523392
4,1969,7969,-1.50003845020033,1.45092549599147
4,1970,7970,-1.38865566483675,1.40863941007255
4,1971,7971,-1.17616403529455,1.60019254831286
4,1972,7972,-1.11992336848974,1.68558736434664
4,1973,7973,-1.60947088431385,1.96717330677126
4,1974,7974,-2.18960768077092,1.81380947046506
4,1975,7975,-2.80713944212448,2.41823422125803
4,1976,7976,-2.40692482518307,2.28153340666833
4,1977,7977,-2.24525324726893,1.76643953875168
4,1978,7978,-2.6698886332357,1.35789290799546
4,1979,7979,-2.4953862907815,1.4576044390136
4,1980,7980,-2.11126561272654,1.65153206564328
4,1981,7981,-1.77153252253718,1.65078366777825
4,1982,7982,-1.82506859269622,1.67359877392895
4,1983,7983,-2.25461424020752,1.66969029607444
4,1984,7984,-2.58516500450842,1.60173022355028
4,1985,7985,-1.70976629100168,1.60220730966655
4,1986,7986,-1.96631777757301,1.49590866239534
4,1987,7987,-1.13011105980077,1.69319633701857
4,1988,7988,-2.30189192624097,1.18299431109777
4,1989,7989,-1.18162894647013,1.6156342000203
4,1990,7990,-2.59735604676007,1.73667390137648
4,1991,7991,-2.03832132810838,1.8687131757619
4,1992,7992,-2.37962281852639,1.19572648965498
4,1993,7993,-2.14054558557276,2.45507498157972
4,1994,7994,-2.31612309562627,2.9669638699624
4,1995,7995,-2.64438521675651,1.67572381325506
4,1996,7996,-1.18741150299257,1.9346879982557
4,1997,7997,-1.30421005104777,1.80031913280114
4,1998,7998,-3.09266302526686,2.64879030313535
4,1999,7999,-2.66455286959541,2.43452234522004
4,2000,8000,-2.66239979447019,2.43742545759632
