".chain",".iteration",".draw","b_Intercept","sd_author_year__Intercept"
1,1,1,-1.88568335387407,1.27021310971244
1,2,2,-2.35565763896901,1.49921813600775
1,3,3,-2.82916185847392,1.90834460084097
1,4,4,-2.54648267587055,1.84886528107418
1,5,5,-2.35886880596516,1.53840458925661
1,6,6,-3.13982383590767,1.62496557109639
1,7,7,-2.36318311956398,1.48958739712439
1,8,8,-1.92855596816445,1.77067683256173
1,9,9,-2.30370884293657,2.78092689122376
1,10,10,-2.13596310483039,2.17583571970145
1,11,11,-2.14738239149407,2.81802243570125
1,12,12,-2.26849984148549,3.22400960517823
1,13,13,-2.11060878930116,1.27254470070143
1,14,14,-2.20990956169338,2.08510049509331
1,15,15,-1.78299278767823,1.66524088974112
1,16,16,-1.48520766648913,1.74377404100585
1,17,17,-1.28549599563297,1.67581449197254
1,18,18,-1.20533460991947,1.65621692462471
1,19,19,-1.46977827778787,1.34619908277877
1,20,20,-1.80978495263427,1.21844454728651
1,21,21,-1.32196497320307,1.18610161474383
1,22,22,-1.15949617087091,1.14328501184833
1,23,23,-1.9790200961948,1.19756722706724
1,24,24,-1.74836238114067,1.21976432090553
1,25,25,-2.07137173565817,2.0968040714931
1,26,26,-2.61894923610103,1.80623164348173
1,27,27,-2.23148777300611,2.55540327625523
1,28,28,-1.92514030678222,2.32761290044926
1,29,29,-1.5761998526039,2.07348775134784
1,30,30,-2.17987078213939,1.56865911033296
1,31,31,-1.82057587173104,1.94689679796864
1,32,32,-2.84491649430154,1.16808642103886
1,33,33,-1.88918699045961,1.14486063702406
1,34,34,-1.96130866504523,1.23598318757555
1,35,35,-3.07327639957714,1.60459965347938
1,36,36,-2.69330264940297,1.4825984974132
1,37,37,-2.50534033529061,1.46426113324667
1,38,38,-2.1833276118292,1.72319548478249
1,39,39,-2.82363967375638,2.487612864565
1,40,40,-2.63887636697329,1.68657480765806
1,41,41,-1.68131557804391,2.02525995875223
1,42,42,-2.01594874197351,2.52256788638356
1,43,43,-1.93585291866573,2.06479258943669
1,44,44,-1.74673655581345,1.62689151353892
1,45,45,-2.00708779851542,2.1833185098508
1,46,46,-2.32323632164462,2.28449008488313
1,47,47,-2.72076895933626,2.92262904524501
1,48,48,-2.58547000255255,1.87215409242542
1,49,49,-1.6758044866763,2.14108502148909
1,50,50,-1.62462677358652,2.02049764305502
1,51,51,-1.93604648561398,1.88313397990335
1,52,52,-1.63517843740211,2.03579464640807
1,53,53,-3.46066051167789,2.49557758870011
1,54,54,-2.94541308347197,2.92032366478714
1,55,55,-2.55763940975089,2.60500187612881
1,56,56,-2.64112684553631,3.56649394334064
1,57,57,-2.66620048792988,3.36430852601331
1,58,58,-2.7223037366267,2.22951863864382
1,59,59,-2.77078709970943,2.04477768131134
1,60,60,-1.40644409754531,1.80078427547618
1,61,61,-1.96423460454629,1.81809074896368
1,62,62,-1.46459478819813,1.59546315105699
1,63,63,-2.69882292946022,2.6316525001203
1,64,64,-1.15954242104186,1.40037519714608
1,65,65,-1.62496151536873,1.81731516509047
1,66,66,-2.14583796790984,2.07441156393749
1,67,67,-1.69470993491949,1.84619203420534
1,68,68,-1.88727304981474,2.31706888633664
1,69,69,-1.75810883466899,2.3885852315089
1,70,70,-1.92418979868789,2.26449721517684
1,71,71,-1.44528932821804,2.9160057267931
1,72,72,-1.96460420983375,2.16554223603179
1,73,73,-0.931317902114658,2.60035736174051
1,74,74,-1.36488299126888,1.56663259090579
1,75,75,-1.63417328938102,1.07228239078872
1,76,76,-2.45170852288072,1.71288453674876
1,77,77,-2.22091782233995,2.31947571969428
1,78,78,-1.68280133528314,1.27111571373151
1,79,79,-1.89173005720834,2.88590404377588
1,80,80,-1.60372279918491,2.02767470514526
1,81,81,-1.40445688264552,2.4398266376657
1,82,82,-1.96144715750081,0.84699463561184
1,83,83,-2.25656836301056,1.67276265300746
1,84,84,-2.05707712197002,1.64828585324496
1,85,85,-2.22735916831276,1.31743420779256
1,86,86,-1.77944059538069,1.66754976136344
1,87,87,-1.82801124977385,1.71530051898486
1,88,88,-2.37511990982502,2.20777280363468
1,89,89,-2.08942368631307,1.49670772342278
1,90,90,-2.50036841576593,1.944937449291
1,91,91,-2.47349943369862,1.75214127148326
1,92,92,-2.09272372395363,2.38236824883804
1,93,93,-2.01346932433695,2.32214018403845
1,94,94,-1.59062324063282,2.14809589915789
1,95,95,-1.70477798637903,2.18040380288946
1,96,96,-2.45850338789168,2.555837868569
1,97,97,-3.0090129517488,2.16610786143721
1,98,98,-2.37362477979931,1.69771410609194
1,99,99,-2.47291992805316,1.64934949671138
1,100,100,-2.5142853748263,1.97047430900897
1,101,101,-2.35806849570207,1.56235326853582
1,102,102,-2.06512103353705,2.77808906963546
1,103,103,-1.77343097343802,2.57049824186992
1,104,104,-2.15611458133256,1.85368804027538
1,105,105,-1.99981946019193,1.69795317614721
1,106,106,-1.76773876679625,2.18389035032702
1,107,107,-0.813994578744126,1.49610360175713
1,108,108,-1.49687922709285,1.8644830139295
1,109,109,-1.76264769163333,1.70264884376247
1,110,110,-1.44640702738815,1.94105294208964
1,111,111,-1.9325478591195,1.7306663544244
1,112,112,-1.9788185922812,1.17415200780381
1,113,113,-2.00520487532232,1.41051671297683
1,114,114,-2.14523389656085,1.84190285177607
1,115,115,-3.22224838883849,1.85278761858659
1,116,116,-1.88222203021491,1.71706212977628
1,117,117,-2.94984614146784,1.66359142591944
1,118,118,-3.35168513921984,2.38814087190752
1,119,119,-2.79232762305176,1.68166084042239
1,120,120,-2.84332545938604,1.9047715318673
1,121,121,-1.54443189375234,1.29072997650154
1,122,122,-2.32554028800991,1.64961287930682
1,123,123,-2.10353506246968,2.01235695319589
1,124,124,-1.53623563875468,1.53863938882664
1,125,125,-1.14580100560864,2.38028963776996
1,126,126,-2.22862736565352,2.34120850497713
1,127,127,-1.73868934626605,1.81633565564358
1,128,128,-1.43592350985993,1.03410021030943
1,129,129,-2.42696394631315,1.91039022666268
1,130,130,-1.84062503809248,1.78582884582336
1,131,131,-1.69994576254597,2.75761305390412
1,132,132,-2.01044142130123,1.61091304424211
1,133,133,-2.20050792829648,1.40022547719767
1,134,134,-2.38004262442614,2.04253557320708
1,135,135,-2.25201238346198,2.21226708761847
1,136,136,-2.42537031897369,2.62737509805629
1,137,137,-1.21203961192092,1.22005614359811
1,138,138,-2.34287531204662,2.78364775476986
1,139,139,-2.7312893882492,2.10116126390773
1,140,140,-3.21726964694614,2.02665723940437
1,141,141,-2.57275857093074,1.48401049046597
1,142,142,-2.41847144902186,1.23951850563046
1,143,143,-2.81962364849552,1.49559286218885
1,144,144,-2.22910223749028,1.57638572792362
1,145,145,-1.47804851253646,1.52681779119191
1,146,146,-1.55575096675089,1.80000397077699
1,147,147,-1.78618715543214,1.74174802208222
1,148,148,-1.70325542544339,1.22781107004832
1,149,149,-2.63507943562102,2.19429589667521
1,150,150,-2.80036843726974,2.12392850601866
1,151,151,-2.49043881478466,1.99470558022488
1,152,152,-2.3478848184774,2.00564549978036
1,153,153,-1.94248704514178,1.81103306682742
1,154,154,-0.814970105714352,0.795198241502116
1,155,155,-0.934985726847222,0.828499453655074
1,156,156,-1.42687497195236,1.2728434250851
1,157,157,-1.43118766729192,1.28340162224468
1,158,158,-1.2904028060981,1.42160070327269
1,159,159,-2.97430305603354,1.79274593717435
1,160,160,-3.32482836420262,2.28857391096535
1,161,161,-3.98377340530011,2.17897667443364
1,162,162,-3.87481872451067,2.25451911618237
1,163,163,-3.79400789986595,2.26440225215546
1,164,164,-3.25571723486257,1.78479784711833
1,165,165,-2.72210830086161,2.24535433991108
1,166,166,-2.40191510395841,1.96474205454622
1,167,167,-2.09155955755703,1.5902786241844
1,168,168,-2.38501912705365,1.98444526478568
1,169,169,-2.15059789346383,1.99041547498983
1,170,170,-3.33695549865058,2.0559210573267
1,171,171,-3.59541664745602,2.23133273210282
1,172,172,-3.37905360225763,1.79197444171792
1,173,173,-2.09793636591662,2.30543881729751
1,174,174,-2.14373688401173,2.50838372579559
1,175,175,-2.15969133569495,2.39761619304426
1,176,176,-1.86591969802003,2.4359126656256
1,177,177,-2.29044880591956,1.93465043139713
1,178,178,-1.86734503946057,2.055995695204
1,179,179,-1.70422387309092,3.21668901559628
1,180,180,-1.34381536222605,3.07934816321333
1,181,181,-1.20051865959016,2.77123490371881
1,182,182,-1.29803445914675,3.4728091141344
1,183,183,-1.22076465702182,2.52117168925335
1,184,184,-1.4401621569559,1.17120666887679
1,185,185,-3.38266223812541,2.29919804366325
1,186,186,-2.71257427463139,1.69386749562623
1,187,187,-3.38870392899255,2.39575438300002
1,188,188,-3.1109244154948,2.30682668449038
1,189,189,-2.61819012563529,2.48624091909671
1,190,190,-1.26146929536857,1.30764790009195
1,191,191,-2.05056369913136,1.93177761686468
1,192,192,-1.62868558976663,1.28077214951456
1,193,193,-2.33835270371287,2.22596547667696
1,194,194,-2.03626385222833,1.62019912774692
1,195,195,-2.20499691747388,1.67941191245083
1,196,196,-2.08598525893683,2.5055192323788
1,197,197,-2.73294279758878,1.38895660971163
1,198,198,-2.2758948606089,1.62135912390692
1,199,199,-2.90513034330622,1.59819444943326
1,200,200,-1.88628136188128,1.24435790996315
1,201,201,-2.01028790065087,1.96857722915543
1,202,202,-1.26164564965461,1.84970991681143
1,203,203,-1.35468649724962,2.24242736832355
1,204,204,-1.25696677568359,2.53696493594427
1,205,205,-1.51976812907233,2.36639518031504
1,206,206,-1.47524222355449,2.64146573847383
1,207,207,-1.95224790995813,1.24662640229674
1,208,208,-2.08370819597844,1.43915192584176
1,209,209,-1.9901263925226,1.63454100931377
1,210,210,-3.0209815864694,1.73010335252083
1,211,211,-2.22665465809016,1.73145810282055
1,212,212,-2.37976961492428,2.69112022278618
1,213,213,-2.06921785840025,2.79594371331221
1,214,214,-2.30378751297638,2.8124113068264
1,215,215,-2.2340273546918,2.51288900679779
1,216,216,-3.13904094174896,2.94147262216186
1,217,217,-2.48259209865324,1.24816045524631
1,218,218,-3.77177179836005,2.79266650679465
1,219,219,-3.39293731273106,3.14000193006502
1,220,220,-3.84808043475727,3.01273935982762
1,221,221,-2.09052211285504,2.49037206015239
1,222,222,-1.89696777288042,2.19627271998448
1,223,223,-1.23517917715144,2.51945489725841
1,224,224,-0.857115392266081,1.68226553062494
1,225,225,-1.24565305978847,1.54746552727142
1,226,226,-1.23988139342499,2.22658530839488
1,227,227,-1.93128199396566,2.34885775138042
1,228,228,-1.90452190758907,1.59024645834947
1,229,229,-1.92916334828913,1.63231191989864
1,230,230,-3.41599993819317,2.64215019880334
1,231,231,-3.40355896972916,2.59732211671343
1,232,232,-3.41623962471546,2.06005399161675
1,233,233,-1.77299022161011,1.6225982553942
1,234,234,-1.79445316248371,1.61040597207836
1,235,235,-1.72427803131341,1.63998454268668
1,236,236,-2.39112387348731,1.88363560198131
1,237,237,-2.02132873819799,1.57975780359596
1,238,238,-2.75742553221175,2.08375557609796
1,239,239,-2.77071849742408,2.13878629014561
1,240,240,-1.97965905035432,1.20594832764411
1,241,241,-2.14234555972956,2.26183639999918
1,242,242,-2.76959106829582,2.55792211617777
1,243,243,-2.35489543942352,3.04415948562951
1,244,244,-3.09980711345822,2.59661732341156
1,245,245,-2.6761649036174,2.43079476616701
1,246,246,-2.29868915962901,2.76790196483061
1,247,247,-1.56466582826332,2.83648257064739
1,248,248,-1.85797037506057,1.8110098429766
1,249,249,-1.43692177333334,1.73981008476461
1,250,250,-1.20453506483344,1.38687587870184
1,251,251,-1.76461442829149,1.25448211454175
1,252,252,-1.55888077752088,1.15894914284506
1,253,253,-1.98976513237553,1.95860144964433
1,254,254,-1.61056009965582,1.79561684098017
1,255,255,-2.13019462626065,1.46832865269599
1,256,256,-1.95647370386629,1.55119542907021
1,257,257,-2.94050239143581,1.88902663164474
1,258,258,-2.40698494768758,1.78212305548906
1,259,259,-3.61876115043194,1.9053335019143
1,260,260,-1.15781608511969,1.81698164915384
1,261,261,-1.39530556571175,2.18430262508587
1,262,262,-0.986191746892281,2.29559226095714
1,263,263,-1.4799605797318,2.08192477125697
1,264,264,-2.74536671314004,2.16901195685656
1,265,265,-1.47923296600502,1.82293916582829
1,266,266,-1.79405971497949,2.09560999719738
1,267,267,-2.33483678129069,2.33457508349573
1,268,268,-2.63456512017129,2.33567420005299
1,269,269,-2.54033442465257,2.08964095967591
1,270,270,-1.82285715739429,2.01861755287242
1,271,271,-1.91616645332662,2.29616921909649
1,272,272,-2.12172345022336,2.08235558395138
1,273,273,-2.9529692615347,2.49090513947378
1,274,274,-2.48979981403486,2.73356288857721
1,275,275,-2.52792013132911,2.04783561129251
1,276,276,-1.61138246356966,2.05189672404793
1,277,277,-1.66332175128557,2.00053091632522
1,278,278,-2.23205994404293,1.71719863135548
1,279,279,-2.27286622208797,1.52144702761406
1,280,280,-2.46122382220925,1.49700949642758
1,281,281,-2.93344015122193,2.05795235387717
1,282,282,-2.02145993749264,1.72237204222604
1,283,283,-2.26954462742228,1.77744703312953
1,284,284,-3.09166960531607,1.71356182506406
1,285,285,-3.39434120539084,1.69531809151207
1,286,286,-3.47125646920435,1.86820156512756
1,287,287,-3.43171518695964,2.00074917230452
1,288,288,-3.71571481999854,2.07215632044754
1,289,289,-2.43353816165991,1.72428767275104
1,290,290,-2.06877404639804,3.40268093107996
1,291,291,-1.67087947053691,3.070856523027
1,292,292,-1.73005535775517,2.12479418783553
1,293,293,-2.83316996623623,2.47862054140778
1,294,294,-1.95411774999739,1.78595760659793
1,295,295,-2.34670257132629,1.38637731049813
1,296,296,-1.76404761025727,1.29324496912564
1,297,297,-2.18528188510504,2.27218095243393
1,298,298,-1.53162023485156,2.13112657657994
1,299,299,-2.02534286122212,2.05133486442106
1,300,300,-2.60299672722529,2.43890733231229
1,301,301,-2.51843244757785,1.60226559402633
1,302,302,-2.37596513782527,1.80877547689722
1,303,303,-3.00149053691905,2.27992160966353
1,304,304,-1.65065746761163,1.17684845931459
1,305,305,-2.46873830987287,1.6786261778787
1,306,306,-2.01531114425177,1.58960123447902
1,307,307,-3.1292311564942,1.76538352499676
1,308,308,-3.0118493319797,1.97522927830638
1,309,309,-3.17631072853784,2.09301490527744
1,310,310,-2.5693489173392,1.58504054911695
1,311,311,-2.28664653153758,1.76317058349857
1,312,312,-2.64471613019339,2.07183644137392
1,313,313,-3.39330011313252,2.26650856368312
1,314,314,-3.40743637756842,2.41945019991236
1,315,315,-3.63391800255523,2.85350081600097
1,316,316,-1.39886374021553,1.54853161528168
1,317,317,-2.11371845370352,2.22667376005602
1,318,318,-0.848004955964358,1.45707445066468
1,319,319,-0.63663759777302,2.42211112386634
1,320,320,-0.684577618116956,2.41093398252636
1,321,321,-1.40563237704366,1.87027183156666
1,322,322,-2.27710685069775,2.48595938350832
1,323,323,-2.39490980733523,3.07175645855244
1,324,324,-2.82691393253651,2.64897360503418
1,325,325,-1.63377899360206,1.57983172284029
1,326,326,-2.0778916139561,1.83974014724827
1,327,327,-2.00141283742349,1.98169042294063
1,328,328,-1.37037241517967,1.78534081539755
1,329,329,-0.91477122526118,1.48993453068708
1,330,330,-1.03540576685084,1.51124184426274
1,331,331,-1.94986840749489,1.61243128370049
1,332,332,-2.42116818463514,1.68747783422918
1,333,333,-2.71344185175352,2.01747691780253
1,334,334,-1.7155031512565,2.04502975731736
1,335,335,-1.80767614366507,1.6912043846274
1,336,336,-1.54235491453479,1.6433692209869
1,337,337,-1.72132787945993,2.83632863666515
1,338,338,-1.82286067777719,2.96714572572351
1,339,339,-2.28092785333744,2.48337701738134
1,340,340,-1.81126798859438,2.2899443827863
1,341,341,-2.1266087436943,1.76860098719869
1,342,342,-1.21024468173408,2.95836148567274
1,343,343,-0.954103628590219,1.57828175099377
1,344,344,-1.39511304927598,1.21743463791487
1,345,345,-2.05736586569148,1.90042576026186
1,346,346,-2.20277031738851,2.01062334981382
1,347,347,-2.32349331565179,1.80903774086257
1,348,348,-2.22749220129761,1.61374298001754
1,349,349,-1.7900409758358,1.34614934108237
1,350,350,-2.39878793763761,2.00058847664447
1,351,351,-2.76690384401653,2.09430919230245
1,352,352,-2.19546742119415,2.69154022396253
1,353,353,-1.99637390952625,1.94973707348381
1,354,354,-1.75465401626054,2.07598848373027
1,355,355,-2.1911568967794,2.12558449964247
1,356,356,-2.06099357735533,1.49363227405798
1,357,357,-2.80296651162462,2.13067412838505
1,358,358,-2.49418348458658,2.16549175248828
1,359,359,-2.44576765853697,2.27233113290589
1,360,360,-1.85877579669019,2.92313445164457
1,361,361,-0.888274018388252,2.36389905211154
1,362,362,-2.82798174789226,3.77686479903393
1,363,363,-3.08566747263245,4.05772684757726
1,364,364,-1.2928967123071,2.10862695408683
1,365,365,-0.796076177731262,1.95765282640319
1,366,366,-0.711229495404796,1.65746771425123
1,367,367,-2.66565149094348,2.07357799379273
1,368,368,-2.75120067001561,1.89114843060273
1,369,369,-2.13379465068296,2.45634803511897
1,370,370,-3.33505909309014,2.32473912456331
1,371,371,-2.05756564979425,1.61298719811541
1,372,372,-2.9940333074985,1.52192547503715
1,373,373,-2.93287076044144,1.66024259138462
1,374,374,-3.63958171665553,2.86976218448221
1,375,375,-3.10427140479192,2.47623826657592
1,376,376,-2.85603558119429,2.85440056265216
1,377,377,-1.26323855878921,2.0394073905542
1,378,378,-0.433534175022899,2.96939628140832
1,379,379,-0.442091940561892,2.49130397926601
1,380,380,-0.747823893259122,2.55303259816786
1,381,381,0.150575514065651,4.02231927168339
1,382,382,-1.58026083844151,2.80511389442311
1,383,383,-2.03117514342458,2.0040329134301
1,384,384,-1.9233933485955,1.35372724006487
1,385,385,-1.86954494135072,2.17197941084652
1,386,386,-2.90605482669222,1.5810077813383
1,387,387,-3.20384344587945,2.13703420944514
1,388,388,-1.58873599256374,1.73692870919634
1,389,389,-2.5233831060911,1.49273646118815
1,390,390,-2.25330808597201,1.44201860261502
1,391,391,-2.99091310224337,1.45555646291754
1,392,392,-3.33312881713591,1.68705242205169
1,393,393,-3.60244292214987,1.94947644591133
1,394,394,-2.38802236691102,1.46791426760842
1,395,395,-2.74625015440655,1.38155657882649
1,396,396,-2.2472663528232,1.31929686240863
1,397,397,-2.79602322896039,1.69467412705624
1,398,398,-2.63440814517607,1.97527623954737
1,399,399,-2.66647991445134,2.06511298410294
1,400,400,-1.49025008994381,1.55353461381667
1,401,401,-2.26087746376743,1.84989083157882
1,402,402,-1.97423858806342,1.88854439351534
1,403,403,-1.97237346299083,2.21995434244244
1,404,404,-2.97287476605285,2.78749719230486
1,405,405,-1.95346949730203,1.68045738924488
1,406,406,-1.46965536901568,1.58348213624228
1,407,407,-1.56783290136889,1.88154645984626
1,408,408,-1.54240428767552,1.83162016077166
1,409,409,-1.75843252844807,1.34870257067001
1,410,410,-2.05149650438629,1.65411358382653
1,411,411,-2.02253686716837,1.85054657133831
1,412,412,-2.52499855806018,1.92011515215324
1,413,413,-1.93347577255047,2.11726725359133
1,414,414,-1.08154565186405,1.3945970307482
1,415,415,-0.969861417698098,1.14552538549024
1,416,416,-1.11861601847351,0.795983114249979
1,417,417,-2.78514514003884,2.30174261745268
1,418,418,-1.85828189270966,1.21554410468457
1,419,419,-2.67725813291214,1.50637088655858
1,420,420,-1.80789102993838,1.68048661187309
1,421,421,-3.44615108282331,1.84902879749171
1,422,422,-2.83395972179386,1.47362821816796
1,423,423,-2.50168960295119,1.27013890756846
1,424,424,-2.72014167247859,1.66148792401964
1,425,425,-1.44708401420515,1.03988101466534
1,426,426,-1.44831513316339,0.798607210693947
1,427,427,-1.78959326111061,1.34070547237067
1,428,428,-1.62290283908147,1.92217069626351
1,429,429,-2.09452577976012,1.97034972116531
1,430,430,-2.13193550523068,2.10856996461496
1,431,431,-1.27905496365459,2.14645121503633
1,432,432,-2.30805455165901,1.94185378187622
1,433,433,-2.41542309955004,1.49350910525886
1,434,434,-1.94695946828641,1.22020961496905
1,435,435,-1.95441712389694,1.71540380537411
1,436,436,-1.57102478718517,1.66324591942494
1,437,437,-1.19453652803742,1.62175174801113
1,438,438,-1.64170743704166,1.48866263723493
1,439,439,-2.05450933612333,1.45297812425473
1,440,440,-1.51554445518528,1.1147863906443
1,441,441,-2.18880935908227,1.51247561558543
1,442,442,-1.22331379377271,1.16283302804374
1,443,443,-1.348175924052,1.14784824689183
1,444,444,-1.32106447764501,1.20949656420239
1,445,445,-1.69881750011025,1.93507604166316
1,446,446,-2.70500988091207,1.40725414916852
1,447,447,-2.02510995854196,1.60426628920067
1,448,448,-1.81953290102153,1.67407797598631
1,449,449,-2.26475746087712,1.73702351756858
1,450,450,-2.23349903186896,1.93484823472466
1,451,451,-1.88732923687123,2.80997725504514
1,452,452,-0.80332115766084,3.47437872341063
1,453,453,-1.41150896218979,1.6696143481325
1,454,454,-1.60065606162818,3.43479618126538
1,455,455,-2.15482878282638,2.4795766522053
1,456,456,-2.22689352321891,2.41425260371481
1,457,457,-1.91493007398908,2.07416006355579
1,458,458,-2.04244292810228,1.8119741345022
1,459,459,-1.34715254904312,1.16392536897231
1,460,460,-2.39651788374437,1.63389046910923
1,461,461,-1.39843080320372,1.30931276863081
1,462,462,-2.83044123306375,1.79369770749695
1,463,463,-1.83699713503313,1.18662250298351
1,464,464,-2.61593517102215,1.79457400231732
1,465,465,-1.24968551026315,2.26971604181844
1,466,466,-0.73148645406544,2.71330542163902
1,467,467,-1.29650978133067,2.37715048711695
1,468,468,-0.919678098751715,2.85710844263356
1,469,469,-1.30487077251614,2.49965389765055
1,470,470,-0.826722004898628,1.92193004595455
1,471,471,-2.14653171123707,1.39625993689781
1,472,472,-1.40492586901126,1.32371001868102
1,473,473,-1.38463361403793,1.47698678260823
1,474,474,-1.61535271625474,1.72171307111905
1,475,475,-1.36831085433721,1.65772978235529
1,476,476,-1.90738409907271,1.83704346428659
1,477,477,-2.13216589906272,1.91968482779244
1,478,478,-2.34349456522204,1.77388966209448
1,479,479,-1.32044705492619,1.59473533866706
1,480,480,-1.7236339101203,1.95364745063305
1,481,481,-2.2131824573555,1.56288034063842
1,482,482,-2.60087126705858,2.03878580372425
1,483,483,-2.28053722174661,2.08999061481316
1,484,484,-1.47187183518959,1.99153504107785
1,485,485,-1.52411274950899,2.71212177668692
1,486,486,-1.6424395166632,2.71519755249776
1,487,487,-1.19005037620124,1.63985971630962
1,488,488,-1.75415371082698,1.69878813453632
1,489,489,-2.24570706902689,2.12020363420641
1,490,490,-2.23884498353554,3.04170864483768
1,491,491,-1.93511587036369,1.61596696249801
1,492,492,-1.80167679634464,1.30338583614702
1,493,493,-1.70517771018196,1.86229956729519
1,494,494,-1.80560305702912,1.93450921844265
1,495,495,-1.52635766484453,1.40546599400114
1,496,496,-0.934980824734836,0.917800391927892
1,497,497,-1.62318446104163,1.42267148715192
1,498,498,-2.14772786468852,2.40556459216699
1,499,499,-2.83161539018157,1.63112599518753
1,500,500,-2.18472430795835,1.67246746416372
1,501,501,-1.59389610204392,1.27372801501345
1,502,502,-1.56883887258807,2.0446390812916
1,503,503,-1.29936435060325,1.52805498229471
1,504,504,-2.03509539542666,1.38440200181814
1,505,505,-1.41722549002946,2.41693381640468
1,506,506,-1.47414745005989,2.16355734436783
1,507,507,-2.16954143045358,1.71150397004135
1,508,508,-1.48239283500388,1.88213812076124
1,509,509,-2.08880527384381,1.64422378071893
1,510,510,-1.33178051825103,1.40163236855601
1,511,511,-1.54375161060863,1.85892816607071
1,512,512,-3.13249146746353,1.90803023324725
1,513,513,-3.89350559173527,2.36653134239967
1,514,514,-3.79358392526301,2.34417156351726
1,515,515,-3.4054396908685,2.50584984680837
1,516,516,-2.47161745791629,1.93603022025171
1,517,517,-2.48240956534784,2.42307485500461
1,518,518,-2.45697959414115,2.61559415522834
1,519,519,-2.54539524164249,2.29645368625211
1,520,520,-2.60230159570835,2.31364326777038
1,521,521,-2.5292192894624,2.53786005665546
1,522,522,-1.80385998052976,1.78834989293193
1,523,523,-1.97875623914789,2.06973151380855
1,524,524,-1.54387109443359,1.55259140698075
1,525,525,-0.843345653264404,1.59400605556486
1,526,526,-2.61863861831827,2.29189797962297
1,527,527,-1.27972967953024,1.30957041629681
1,528,528,-0.909012386038901,1.91097115656984
1,529,529,-1.35754274093665,2.20396284259365
1,530,530,-2.35705666313876,2.32241566104648
1,531,531,-1.14063679470591,1.88726283329925
1,532,532,-0.975129389682111,1.29191114577723
1,533,533,-1.32790200057905,1.90556218966137
1,534,534,-1.74839559223404,1.28935921175199
1,535,535,-2.63105927986011,1.71891458837304
1,536,536,-1.89255552540735,1.8934647995677
1,537,537,-2.72436116567588,1.66328048579992
1,538,538,-2.97200389907069,2.24271844705067
1,539,539,-2.30774146994949,2.04956504939982
1,540,540,-1.85411387016051,1.73871092418212
1,541,541,-2.17457278955626,2.29950490078455
1,542,542,-2.48140802454961,2.6716156926227
1,543,543,-2.27056664981847,2.3569597225046
1,544,544,-2.46396718112801,2.41115611004319
1,545,545,-1.59778291019261,1.5810902178257
1,546,546,-2.16449036412721,2.47608017930904
1,547,547,-1.82569827940261,1.52331874785736
1,548,548,-2.18086436594935,2.50360367754592
1,549,549,-1.17155145423971,1.01567092948793
1,550,550,-1.14938627508314,0.87368798220716
1,551,551,-1.94099312524389,1.65648474488558
1,552,552,-1.55024350874158,1.29324176571305
1,553,553,-1.62904667226601,1.5551886383802
1,554,554,-2.26696386117718,2.78719065500945
1,555,555,-1.39517393145893,2.36113190913049
1,556,556,-1.77134806824533,2.67913355069805
1,557,557,-1.81192665454291,2.75750249195132
1,558,558,-2.1022326620181,3.03763929969117
1,559,559,-1.70230940620777,1.94950198136771
1,560,560,-2.00264294826514,2.26109944090059
1,561,561,-1.57599130457384,1.83541569265038
1,562,562,-1.00833187864602,1.98553442378168
1,563,563,-1.58946220340471,1.69446536295286
1,564,564,-1.53472738784054,1.90341778466301
1,565,565,-1.26615322025655,1.46058701863094
1,566,566,-1.54474162658957,0.886536719816432
1,567,567,-2.08375077717464,1.87376872765129
1,568,568,-2.4849216316135,2.21564195592328
1,569,569,-1.23266541792568,1.62956517503369
1,570,570,-1.3125722957933,1.93345210709215
1,571,571,-1.91438312221523,1.64450905586833
1,572,572,-0.995236806138977,2.58730572892957
1,573,573,-1.209795740768,2.04320698924026
1,574,574,-2.19522484705169,2.56226558994083
1,575,575,-2.30185676756941,2.21883694080757
1,576,576,-2.47961200166125,2.47930661792742
1,577,577,-1.9159552354138,1.6923887154589
1,578,578,-2.15797720628869,1.63522797749581
1,579,579,-2.2504571416902,1.71916378249293
1,580,580,-3.05215928204209,2.24822894107451
1,581,581,-2.90405674217538,2.10569198053426
1,582,582,-2.6952621498688,2.30764400289975
1,583,583,-2.76350123425386,1.93139601937528
1,584,584,-2.47194487732511,2.01069877128708
1,585,585,-2.81278939186708,1.9006658191509
1,586,586,-2.82771840839677,1.90558555703796
1,587,587,-2.34374948335725,2.07306026912813
1,588,588,-2.24764940247313,1.96068337611314
1,589,589,-1.93339775737266,1.61523618774576
1,590,590,-2.4650754513758,2.24925517214796
1,591,591,-2.99607186562403,1.7577850888532
1,592,592,-2.55672123288557,1.95858604270969
1,593,593,-2.92217382957885,2.09694546525719
1,594,594,-3.00990992475476,2.26259567593306
1,595,595,-2.77299275904464,2.04527231305373
1,596,596,-3.20276012721615,1.79691074456652
1,597,597,-3.10453842827313,1.82501302146188
1,598,598,-2.54296911321683,1.8503160010214
1,599,599,-2.85157646547006,2.08767552101087
1,600,600,-2.66484767236853,1.69961907248172
1,601,601,-1.12712749083771,1.78507243017779
1,602,602,-1.24434880806473,2.16779188255662
1,603,603,-1.04886671711232,1.53877187754454
1,604,604,-1.45571714716466,1.81636166876696
1,605,605,-1.72298363835105,1.52524199241511
1,606,606,-2.29878449818863,1.50218898444871
1,607,607,-2.6318621399821,1.40364344384356
1,608,608,-2.63580103302323,1.36407340344121
1,609,609,-2.31818691119154,1.22398961606529
1,610,610,-3.09862550115016,2.75091570805168
1,611,611,-2.66101297464588,2.31314138247364
1,612,612,-3.18241633001236,2.39656578175615
1,613,613,-2.51022059854558,2.20252558385431
1,614,614,-1.57563473315113,1.21389551154638
1,615,615,-2.20931070329606,2.56200937813733
1,616,616,-2.18323302135348,1.55668756829258
1,617,617,-1.91071970134442,1.40418609685919
1,618,618,-3.65371258421675,2.18652532369223
1,619,619,-3.25651772658998,1.94788838058405
1,620,620,-2.86054344356908,1.57161600758783
1,621,621,-2.09226255877104,2.30417047611826
1,622,622,-2.37898960116896,1.28359302713771
1,623,623,-2.13417884935186,2.5545473312737
1,624,624,-2.59940974991585,2.40160286126947
1,625,625,-2.34890170349165,2.35888726166035
1,626,626,-3.33333460558054,2.73222150719018
1,627,627,-2.11881997427586,2.10119821229379
1,628,628,-1.80941632080833,1.60387879965269
1,629,629,-2.0715531078808,1.86239221051404
1,630,630,-1.66344656875169,1.27378394830888
1,631,631,-2.50132018795378,1.68946465284393
1,632,632,-2.9017311408136,2.22002249831692
1,633,633,-3.2762317734488,1.72940637560227
1,634,634,-2.97263231305264,1.77089859229899
1,635,635,-3.02371136355966,2.05425669361289
1,636,636,-1.84979901926916,1.10027268790456
1,637,637,-2.18080208213694,2.23236782761175
1,638,638,-1.52282659538823,1.32498424426808
1,639,639,-2.07816871134575,2.19617631791601
1,640,640,-1.22489778128247,2.06677854722907
1,641,641,-1.64920606245298,1.92618008918396
1,642,642,-1.96494051751618,2.30732702558316
1,643,643,-1.94268887147167,1.62656932511295
1,644,644,-2.26849255248827,1.90718906054982
1,645,645,-2.30828434887412,1.90334257799703
1,646,646,-1.95658142369528,1.68394167664949
1,647,647,-1.6915820607741,1.71105942702077
1,648,648,-1.92585714772494,2.1918476682203
1,649,649,-1.47804832796123,1.74446385906528
1,650,650,-1.61353267298019,1.68219566114448
1,651,651,-2.26295801353062,1.40233214307886
1,652,652,-1.85542681371928,1.21781699091401
1,653,653,-1.92401841557688,1.75682753827378
1,654,654,-0.812516640480567,1.72638258181722
1,655,655,-0.205609587510086,2.75597120659499
1,656,656,-1.88061673799615,2.7305386836123
1,657,657,-1.83954657050712,1.65854940213627
1,658,658,-1.38444812257681,1.26834188430919
1,659,659,-2.38963286721653,2.26466715197093
1,660,660,-2.09047517825072,1.71036035396048
1,661,661,-2.40002238767419,2.15015654699515
1,662,662,-2.40859524459959,2.18174918712513
1,663,663,-3.42026678979239,2.394217971806
1,664,664,-2.1646829931831,1.98383047194626
1,665,665,-2.80369501887467,2.49743365764151
1,666,666,-1.9479028596139,3.01136108089701
1,667,667,-1.79582304148628,1.75213138722406
1,668,668,-2.41754590475832,2.05665723849598
1,669,669,-2.75784552200797,1.67535235901177
1,670,670,-2.96381226418426,1.72303077312708
1,671,671,-1.91423202376209,1.44988612978598
1,672,672,-2.36866629324666,1.64131635669093
1,673,673,-2.3888480800556,1.57002350987406
1,674,674,-2.21703950652036,1.61121670020325
1,675,675,-2.9160555985126,2.00386965269642
1,676,676,-1.90677151147231,1.51672351902044
1,677,677,-2.13982579503646,1.79384671690577
1,678,678,-2.634266494769,1.71055683187414
1,679,679,-3.27199983296503,1.98447132727056
1,680,680,-2.27202373531461,1.93961019620069
1,681,681,-2.98288358700223,1.5418378581698
1,682,682,-2.20986151581257,1.55609091872089
1,683,683,-2.4771534710586,2.22359785419338
1,684,684,-2.50388709722859,1.71216443244193
1,685,685,-2.36954849766203,1.69966866526435
1,686,686,-1.75994043583912,2.46841466775817
1,687,687,-1.72043797835449,1.11776787382436
1,688,688,-2.67415870072481,2.02255754611935
1,689,689,-1.25569308149135,2.10114184731709
1,690,690,-1.92561956982014,2.77238226495785
1,691,691,-1.77155651978728,2.06620598298616
1,692,692,-1.66629624623866,1.00525292714492
1,693,693,-2.9223494541128,1.82840253721874
1,694,694,-2.52025296874165,1.961686496687
1,695,695,-1.597714010918,1.65458853697777
1,696,696,-1.6657968959847,1.74479310133227
1,697,697,-1.67589428206255,2.0284914226888
1,698,698,-2.19273191564021,1.48928215065312
1,699,699,-2.16099686346707,1.34488924379629
1,700,700,-2.88975361397712,2.11926635161374
1,701,701,-2.38720170260945,1.65453649587637
1,702,702,-2.46021381524632,1.59637278019298
1,703,703,-2.30453435663092,2.08489665305991
1,704,704,-2.01192099553212,1.59422755089183
1,705,705,-2.54640716451999,2.32256823317683
1,706,706,-2.40993857200955,1.9525172700175
1,707,707,-2.23983226089505,1.56636544341614
1,708,708,-2.60573159531035,2.02023742874435
1,709,709,-2.84838002043071,2.01689692941504
1,710,710,-2.34789748157791,1.42545743023582
1,711,711,-2.5190605840639,1.86759726547465
1,712,712,-1.96547434556922,2.49448752561452
1,713,713,-1.9022593434469,1.61810173341804
1,714,714,-1.47472671409707,2.04403990106535
1,715,715,-1.42974403278257,1.75299686172683
1,716,716,-1.54775953858439,2.25834101585537
1,717,717,-1.84384090028542,2.26100592602311
1,718,718,-2.03979973458348,2.18276379173172
1,719,719,-3.31339717963055,2.67606616872242
1,720,720,-2.74590799176492,1.80391900702132
1,721,721,-2.20853145669142,1.65935992383937
1,722,722,-3.03984546850033,2.97489258613612
1,723,723,-2.65115123920396,2.87121534845975
1,724,724,-3.33933629777698,2.78229189276902
1,725,725,-3.75724000080604,2.8477417282322
1,726,726,-1.49101108259034,1.15618370150452
1,727,727,-2.55957731676308,1.83606617069439
1,728,728,-2.38699372510055,1.51420701229594
1,729,729,-3.08932838061672,1.84817468601115
1,730,730,-2.55978512141869,1.5455525344601
1,731,731,-2.74572118462599,1.6924488931555
1,732,732,-1.79719201404489,1.21767624674615
1,733,733,-2.84386329012938,1.51292500840449
1,734,734,-2.80950523325626,1.40381434007216
1,735,735,-2.23951432005249,1.76569257088511
1,736,736,-2.00131909687886,1.44409691211371
1,737,737,-1.58431402055037,2.78961691874119
1,738,738,-2.75880222477544,1.53161987035087
1,739,739,-2.58072737209973,1.42689658636499
1,740,740,-2.49193541815748,1.95064001279106
1,741,741,-1.67127179039812,1.56666657464412
1,742,742,-2.94954604253651,1.70803823794256
1,743,743,-2.51674380779171,2.77229406052894
1,744,744,-0.878465783601798,1.57381666883375
1,745,745,-0.875808328564127,1.38532588080179
1,746,746,-1.32306360778722,1.77531684139892
1,747,747,-2.53508073646844,1.59578385334036
1,748,748,-2.909495291617,2.04599379246095
1,749,749,-2.44417134989984,2.1899839160743
1,750,750,-1.78426360299652,2.56479939692191
1,751,751,-1.56435566253923,1.44249290576693
1,752,752,-1.12951657124887,2.35001380554861
1,753,753,-0.786440335316018,2.08122230766546
1,754,754,-1.58558779892563,1.84175953401857
1,755,755,-2.53372386267118,2.4979815698875
1,756,756,-1.21280692257581,1.11324687254927
1,757,757,-1.37250813767766,1.02506252288947
1,758,758,-3.27840630696392,1.64428438141289
1,759,759,-2.25098316992254,1.65791372945683
1,760,760,-3.08357535428004,2.00773053161019
1,761,761,-2.35473681064247,1.22014905035772
1,762,762,-2.79074575790156,1.87983228568627
1,763,763,-1.87323898455176,1.41584273898774
1,764,764,-2.46823579882814,1.69335381293761
1,765,765,-2.68776659443358,1.56239286559548
1,766,766,-3.32782997704842,2.19681676042874
1,767,767,-3.50222899472961,2.47382278083137
1,768,768,-2.31454724555733,1.37589291588872
1,769,769,-2.75804749510297,2.16294177314079
1,770,770,-2.55009792667838,1.53833657281871
1,771,771,-2.40626876170852,1.40588174538549
1,772,772,-2.48287884583784,1.76076116710883
1,773,773,-2.8623621853815,1.96468467546599
1,774,774,-2.4830130328865,2.22367463857044
1,775,775,-0.947844841419521,2.84757288123627
1,776,776,-1.07429414543543,2.85694598446826
1,777,777,-1.16285903472806,3.97120150735669
1,778,778,-0.478303086073704,4.36963736715338
1,779,779,-1.39669494500633,3.30458936474133
1,780,780,-1.90627134739597,1.65716155020089
1,781,781,-2.20010773160509,1.35556670379947
1,782,782,-1.85684177014911,1.74345521547552
1,783,783,-1.86415517542644,2.36690463239647
1,784,784,-1.54998195433893,1.68120818389253
1,785,785,-1.77847184436479,1.45258174093301
1,786,786,-1.33454210296113,1.945675551573
1,787,787,-1.33260226612424,2.08676463082352
1,788,788,-1.65740885518362,1.54491810278359
1,789,789,-1.8821654895205,2.06812062822022
1,790,790,-1.8314675256773,1.46569091094932
1,791,791,-2.00819772691647,2.43784625383173
1,792,792,-2.03544370417711,1.98336455398324
1,793,793,-1.81721326900764,2.36988002992839
1,794,794,-0.917384892001224,2.24921947430762
1,795,795,-0.854623685267148,1.95838013818403
1,796,796,-0.742872633639936,1.90685382587032
1,797,797,-1.26012295923449,1.62333149179244
1,798,798,-0.75588485618745,2.01258891648486
1,799,799,-0.701141490043741,3.12200405066632
1,800,800,-1.21761282551164,1.79658089411293
1,801,801,-1.1226008745964,2.10770717069265
1,802,802,-1.40373196490344,2.5147779376303
1,803,803,-0.522237778018887,1.73113809351553
1,804,804,-1.17945178840418,1.47780617166396
1,805,805,-1.16053044089085,2.3270727567057
1,806,806,-1.40514289828667,2.16516019723351
1,807,807,-2.5279992941962,1.6377489068917
1,808,808,-2.29713361752833,1.38014813493107
1,809,809,-1.97133577669249,1.20753317673069
1,810,810,-2.55392041757673,1.78409535357743
1,811,811,-2.23643618047329,1.88434335404743
1,812,812,-2.16023237534994,1.76952173498581
1,813,813,-2.14360655691677,1.77829617744464
1,814,814,-2.0773670269578,1.65567770845154
1,815,815,-2.08634286409707,1.69518103232769
1,816,816,-3.10814092987996,2.2921504642623
1,817,817,-3.129512171638,2.18989753478017
1,818,818,-3.05405201458599,2.12055530382822
1,819,819,-3.0481950489608,2.53944506192807
1,820,820,-4.11924939708388,2.75989051926537
1,821,821,-2.71285703994853,1.96738163283476
1,822,822,-2.62814653459378,2.27710197450539
1,823,823,-1.44594262829013,1.22803036653387
1,824,824,-1.50704317816891,1.14415718983709
1,825,825,-1.69391980872635,0.971811078240463
1,826,826,-1.50557494927992,0.93636493980394
1,827,827,-2.65632022909319,2.02460404076738
1,828,828,-2.72384884460457,2.05986347039448
1,829,829,-2.32097502521603,1.42678627426561
1,830,830,-3.61028036308187,2.48072858460354
1,831,831,-3.87833396904019,2.37928409751441
1,832,832,-3.23518284121639,2.02633499572037
1,833,833,-2.3763474502536,1.39626759870022
1,834,834,-2.25342902223072,1.25207962762212
1,835,835,-2.02345506783762,1.48325248190141
1,836,836,-1.29562255022817,2.44422571943006
1,837,837,-1.26406244812642,1.74042910083061
1,838,838,-1.74129278840082,1.45286785885233
1,839,839,-2.14503654989387,1.70697904184196
1,840,840,-2.38109829720371,1.73355920183674
1,841,841,-3.48376367337532,2.04002984755357
1,842,842,-3.01017359832235,1.63970203578873
1,843,843,-2.61154339127258,2.2394930109671
1,844,844,-1.56602568351389,2.23625300421172
1,845,845,-2.86765635871403,3.38371012291956
1,846,846,-3.40539425114408,3.10372952922183
1,847,847,-3.43835021896558,3.45391038299987
1,848,848,-3.37204954011937,2.91229072791964
1,849,849,-3.52708621560612,2.92398685461338
1,850,850,-2.12119471143202,1.29742065314216
1,851,851,-2.5621118368132,1.86904320417013
1,852,852,-2.77418428660175,2.17886972301893
1,853,853,-2.03871807794228,1.82731236292709
1,854,854,-1.95452782218335,2.08165668568489
1,855,855,-1.77195548010544,1.71818363144355
1,856,856,-0.985099050012726,2.00154201134895
1,857,857,-0.987841305174609,1.50647483993995
1,858,858,-2.42123758937554,1.70989656837
1,859,859,-2.21542400544006,1.9512181630898
1,860,860,-2.01992550358971,2.15655305274524
1,861,861,-1.88177347577576,2.07193446373651
1,862,862,-2.24184602688526,1.38562494024208
1,863,863,-1.72393200791974,1.71743271787448
1,864,864,-1.46299054939164,2.22802460696938
1,865,865,-2.21555340582111,2.69355412050262
1,866,866,-1.21051634018033,1.76180895208496
1,867,867,-1.75966034228793,2.93914245509898
1,868,868,-1.14627429155527,1.27541286178057
1,869,869,-3.73583629332276,1.99480822005747
1,870,870,-3.21929418489568,2.25549687996569
1,871,871,-2.67324238530788,1.96861553302986
1,872,872,-2.05285199872274,2.05821286424425
1,873,873,-2.83112555333009,1.88161648200555
1,874,874,-2.23481810599996,1.82211970724422
1,875,875,-2.9731352608511,1.70875417481624
1,876,876,-1.9878445522682,1.44561603092494
1,877,877,-2.67965127843664,1.70901132388421
1,878,878,-2.74406588511038,1.55994027830785
1,879,879,-2.6689369269252,1.82387861967357
1,880,880,-4.22144688995465,2.54389379786949
1,881,881,-2.19534746030368,1.9255062671071
1,882,882,-2.6918549721801,2.15797165727036
1,883,883,-2.056344052678,1.95207264407381
1,884,884,-2.39604803325368,1.82725169092269
1,885,885,-2.05009397701904,1.94471375152317
1,886,886,-1.85187000419771,1.97103141017797
1,887,887,-1.69986002347178,2.61730017365506
1,888,888,-1.06896296927134,1.91149993275921
1,889,889,-1.37437736970404,3.08405948674263
1,890,890,-1.4306813323537,1.55817514463178
1,891,891,-2.50728686987665,1.87418248268655
1,892,892,-1.82146894396117,2.17730050546038
1,893,893,-2.07682068096884,1.7233903425811
1,894,894,-1.99367744745543,1.9666520825928
1,895,895,-2.6054702761596,1.77735002828457
1,896,896,-3.04242018551325,1.63297945208043
1,897,897,-0.884439767715479,1.03329828233702
1,898,898,-2.18939418442873,1.13559732626859
1,899,899,-1.43502083740735,0.764535794304083
1,900,900,-1.5716203469539,1.79257197768184
1,901,901,-2.53259007039144,1.75083287499678
1,902,902,-1.23756835184275,2.01102222713014
1,903,903,-1.32431836143567,1.13096356456714
1,904,904,-1.29968182275803,1.16693877535814
1,905,905,-1.53453060794978,1.64709880765132
1,906,906,-1.60528626134029,1.35529127319321
1,907,907,-1.89913722640397,1.68130355545344
1,908,908,-1.77812581405476,1.50315798756516
1,909,909,-1.65264699286744,1.76063295226328
1,910,910,-1.75611276248183,2.19446886161075
1,911,911,-1.31419934008772,1.81541005089857
1,912,912,-2.43904726472647,2.27364385994719
1,913,913,-1.36902015498125,2.1731899164182
1,914,914,-2.29390746077046,2.15682137245733
1,915,915,-2.44310022222258,1.7905382203635
1,916,916,-1.66856295117032,1.23691302746929
1,917,917,-2.184543812345,1.97542728532923
1,918,918,-2.55480396134111,2.51643745232635
1,919,919,-2.40908993139486,2.15065052959811
1,920,920,-2.08732871829355,2.22650895450227
1,921,921,-2.11392003154121,2.1948336930996
1,922,922,-1.73649149664047,2.47076649378289
1,923,923,-1.41122826819427,3.11568847760227
1,924,924,-1.5172812860314,1.45266184568468
1,925,925,-2.69800836034734,2.64891287683667
1,926,926,-2.52344796411541,1.84540086337858
1,927,927,-2.30503638790247,1.79124524243505
1,928,928,-1.8650802709171,2.0422319316693
1,929,929,-1.74817921735999,2.96310331199799
1,930,930,-1.47656398779751,1.9784379350051
1,931,931,-2.17884188853384,2.26989399385698
1,932,932,-2.11679884319265,2.21347091289412
1,933,933,-2.22244901289342,1.50350185447824
1,934,934,-2.03254919528898,2.00372491504282
1,935,935,-1.96119529057379,1.34154352314335
1,936,936,-2.78234762628546,1.78521189294642
1,937,937,-2.92007356463049,2.11682304588876
1,938,938,-1.85664202377064,3.69344741919708
1,939,939,-1.59623738896328,3.54880128295194
1,940,940,-1.60674633271688,2.44963636774688
1,941,941,-1.84021303850408,3.00615295899946
1,942,942,-2.0945139420935,2.90036279998131
1,943,943,-1.27283302102559,1.11269648211204
1,944,944,-1.37176099901542,1.26779917650497
1,945,945,-1.35780063393098,1.77386349263936
1,946,946,-2.23307175389617,1.83254687212977
1,947,947,-2.57240581585735,1.80847399257465
1,948,948,-2.11822389270203,1.77981469067829
1,949,949,-2.07294238938318,1.86373447089105
1,950,950,-2.14786561961224,1.39565698918014
1,951,951,-1.45408485910207,1.77908782607628
1,952,952,-1.90266710043456,1.73036864990597
1,953,953,-1.46721069414001,1.83471326392995
1,954,954,-3.62924947003211,3.25233876080958
1,955,955,-2.91299694748734,2.72050337816944
1,956,956,-2.52053905308332,2.00999249542895
1,957,957,-2.46209180948801,1.61711399496446
1,958,958,-1.34773544243555,1.15706790622029
1,959,959,-1.70725035646177,1.85884261448627
1,960,960,-1.35109522256925,1.28422733749696
1,961,961,-1.68290063184623,2.33402515444427
1,962,962,-2.23805143900056,2.14684537520252
1,963,963,-2.185260002877,2.09509771627711
1,964,964,-1.62964842835626,1.00681991294081
1,965,965,-2.58077151379704,1.43332224177076
1,966,966,-1.91276527226568,1.06917645476504
1,967,967,-2.84283943212958,1.9024609273416
1,968,968,-1.60612444864913,1.00973218975844
1,969,969,-2.74591529456615,1.81154767249547
1,970,970,-2.34666833887274,1.62661036496445
1,971,971,-3.67867675304135,1.77173962253082
1,972,972,-3.35881484173804,1.80535364933162
1,973,973,-1.71829512191005,2.30775008700346
1,974,974,-2.28916068085236,2.15945909990133
1,975,975,-2.57418573692899,1.74367665789573
1,976,976,-2.30465294128471,2.56890889430623
1,977,977,-2.16942123400181,2.60348763244211
1,978,978,-1.91836273934233,2.8680405103592
1,979,979,-2.00973243327035,2.38843257621773
1,980,980,-2.38260687945684,2.69311334110433
1,981,981,-2.44583888513065,1.9475138825409
1,982,982,-2.88978069599836,1.72146651784797
1,983,983,-2.57415909569802,1.59176197771278
1,984,984,-2.84036067964736,1.91984626973718
1,985,985,-2.78368895556481,2.9588427665028
1,986,986,-0.990837185907706,2.52263277901273
1,987,987,-1.26025776097004,2.46550671781344
1,988,988,-0.313066783578618,2.42851344300756
1,989,989,-1.52147735929432,1.7674280973431
1,990,990,-2.62984412676232,1.84972537973029
1,991,991,-2.90385034334128,1.92950868465686
1,992,992,-2.38634942140433,2.07772577815282
1,993,993,-1.76716178817465,1.45912433192629
1,994,994,-1.93846708568426,1.43439078605614
1,995,995,-2.10957228179564,1.5449626299386
1,996,996,-1.53369627371432,1.2494673599575
1,997,997,-2.2894165559962,1.87579398715848
1,998,998,-2.11530634977624,1.61172583092709
1,999,999,-2.2945425112622,1.58801655410946
1,1000,1000,-2.66697162096135,1.66607251380884
1,1001,1001,-2.66015941361531,1.53663975173909
1,1002,1002,-3.4107565924541,2.65499046507313
1,1003,1003,-2.90649983943166,2.03127827092262
1,1004,1004,-2.89889230546357,1.99911436588457
1,1005,1005,-3.52648307851807,2.76456678204972
1,1006,1006,-3.20889306797737,3.19968750304148
1,1007,1007,-3.50380799638003,3.57407663139805
1,1008,1008,-2.39819010856287,1.46347452570457
1,1009,1009,-2.27275006857794,2.8914702938042
1,1010,1010,-2.24001083144073,2.23948941400465
1,1011,1011,-1.57502678230566,2.57006469378042
1,1012,1012,-2.16213643818944,2.7756198967516
1,1013,1013,-1.92982457188071,1.31705132489925
1,1014,1014,-3.02006355639564,1.84096368572098
1,1015,1015,-1.74423592693071,1.22092259527156
1,1016,1016,-3.05294848413256,2.09047370755345
1,1017,1017,-1.51532824403035,1.83845388624509
1,1018,1018,-1.75606011477004,1.73772679878745
1,1019,1019,-2.11165703298659,1.7580322829562
1,1020,1020,-1.65268022241673,1.4631367837154
1,1021,1021,-2.25678243273097,2.43663255088261
1,1022,1022,-2.12991929605734,1.62062519015734
1,1023,1023,-2.7572042780325,2.15872889363301
1,1024,1024,-1.20058033187077,1.21726855913829
1,1025,1025,-1.83157551679803,2.22303282874386
1,1026,1026,-1.83997991715718,2.11213147485736
1,1027,1027,-2.20100737664956,1.434164319695
1,1028,1028,-2.58624166739921,2.00753279492603
1,1029,1029,-1.77664337267651,1.24623344797757
1,1030,1030,-0.917354564308417,2.82852181258729
1,1031,1031,-0.767655826207214,2.56845872965169
1,1032,1032,-0.806315416842915,2.75593363194604
1,1033,1033,-0.528455660237766,2.36346216949882
1,1034,1034,-1.22514808837373,1.9755904999028
1,1035,1035,-1.00088879460657,2.81883837947417
1,1036,1036,-1.0047437748522,3.10761739051946
1,1037,1037,-1.79731529116582,2.10945638051713
1,1038,1038,-1.64679576136195,2.22998469868659
1,1039,1039,-1.7691067607487,2.03316834649903
1,1040,1040,-1.88504154713427,1.6051131872402
1,1041,1041,-1.97562951453228,1.65257325552762
1,1042,1042,-2.12612168524226,2.29411829374102
1,1043,1043,-2.22405623936612,2.49165343939872
1,1044,1044,-2.46235695566605,2.41773995374455
1,1045,1045,-1.99946491446553,2.23264165516746
1,1046,1046,-1.39883198880144,1.55156721380214
1,1047,1047,-1.49788735662301,1.64996761619837
1,1048,1048,-2.16517646268046,2.04766891528477
1,1049,1049,-1.61250590233806,2.09642545925985
1,1050,1050,-2.60475086116725,2.06252999960155
1,1051,1051,-2.0648681638468,2.07713174898039
1,1052,1052,-1.96286325243761,1.98384188013052
1,1053,1053,-2.03058845930712,2.1338688623353
1,1054,1054,-2.53144046485834,1.49461161854349
1,1055,1055,-2.70326435110262,1.94843874366928
1,1056,1056,-2.45660562775828,2.04665531440046
1,1057,1057,-1.65230948049094,2.02664153981029
1,1058,1058,-1.93104239493852,2.12488904111294
1,1059,1059,-2.02913565672938,1.17683667167362
1,1060,1060,-1.41228026118769,1.64012271351906
1,1061,1061,-2.03146652985028,2.20650420969057
1,1062,1062,-2.32526744483593,1.34169732935148
1,1063,1063,-1.55974033434833,1.90979737682812
1,1064,1064,-1.23197464166354,1.93076710440948
1,1065,1065,-1.69530681970032,1.85862693791449
1,1066,1066,-1.04328373077482,1.34696056449316
1,1067,1067,-1.0817529653995,1.24642264835586
1,1068,1068,-2.34871408748935,1.73447441959929
1,1069,1069,-1.90875923653188,1.3988231669871
1,1070,1070,-2.09565798886934,2.53195008158523
1,1071,1071,-1.73779054543133,2.60883071128065
1,1072,1072,-2.77723084713689,2.17133052861983
1,1073,1073,-2.78012703359918,2.59471324722766
1,1074,1074,-2.05352169714712,1.3225087100816
1,1075,1075,-1.75916778731553,1.78234718850962
1,1076,1076,-1.44677206721461,2.17321946467804
1,1077,1077,-1.84649237486682,1.98294286837183
1,1078,1078,-1.62679027183626,2.18547827582854
1,1079,1079,-1.88890499478055,1.8508688283663
1,1080,1080,-1.51601038638832,2.23857469417213
1,1081,1081,-1.188309506192,1.84733589853998
1,1082,1082,-1.44854056730327,2.44424303012908
1,1083,1083,-0.880114125321364,1.77357421395179
1,1084,1084,-2.4568385352342,2.54608193860414
1,1085,1085,-2.19301816004517,2.23081683680323
1,1086,1086,-1.62949217971583,2.34376031773415
1,1087,1087,-1.42089475096348,1.6749253460763
1,1088,1088,-1.41528117292055,1.69953660874272
1,1089,1089,-2.3905410926998,2.13831802725286
1,1090,1090,-2.30729851819962,1.67055451834261
1,1091,1091,-1.32565703082212,1.31713539865499
1,1092,1092,-1.44848626224404,1.19576217371012
1,1093,1093,-1.40979996669232,2.27326920369203
1,1094,1094,-2.36919433563568,2.0359533069561
1,1095,1095,-1.12698061091293,1.5283354507859
1,1096,1096,-1.94315639661289,1.5345925874528
1,1097,1097,-1.77048434230309,1.89000762213016
1,1098,1098,-2.10444964615525,1.58680726582269
1,1099,1099,-3.0990731566371,2.62023035024408
1,1100,1100,-2.83545137507284,1.5884629851078
1,1101,1101,-3.03692311249896,1.52339092084646
1,1102,1102,-2.25137490211304,2.05361699743238
1,1103,1103,-2.16634183562827,1.76297193470612
1,1104,1104,-2.76869084867345,2.35924913930533
1,1105,1105,-2.33424620824112,1.87746109161338
1,1106,1106,-2.26932682264191,1.7311252369959
1,1107,1107,-2.32335579989133,1.64947840763601
1,1108,1108,-1.91820032031189,2.55402206110814
1,1109,1109,-1.51947520167083,1.335522621259
1,1110,1110,-2.59518562721698,1.80931739154842
1,1111,1111,-1.97989104964529,1.37691463935423
1,1112,1112,-1.92587952485998,1.39811868380227
1,1113,1113,-2.12495910516043,1.63426504002412
1,1114,1114,-1.79583465124134,1.62340223644497
1,1115,1115,-2.17058773960331,1.79352485341491
1,1116,1116,-1.2495806296409,2.75399597081515
1,1117,1117,-1.66218727936012,1.83874034865766
1,1118,1118,-1.89054878229611,2.06695104060621
1,1119,1119,-1.7703020257134,2.3479006788668
1,1120,1120,-2.48751411657491,2.13520985541204
1,1121,1121,-3.08119072623049,1.80706734488038
1,1122,1122,-2.74015071754878,1.67086727538164
1,1123,1123,-2.42606399488408,1.61303459825067
1,1124,1124,-2.09052480668421,1.58685100775073
1,1125,1125,-1.9834030209482,1.70441110893384
1,1126,1126,-2.20745584181752,2.78816259768262
1,1127,1127,-1.90598901141205,2.01403567934173
1,1128,1128,-2.32577168009742,2.32844823230103
1,1129,1129,-2.42378548860823,1.91608209350403
1,1130,1130,-1.88052808259862,1.78165825025286
1,1131,1131,-1.99840066974809,1.78247811270472
1,1132,1132,-2.06624408029838,1.30054497792959
1,1133,1133,-1.75548942733514,1.7743332951857
1,1134,1134,-1.67482928455724,1.37074394414725
1,1135,1135,-2.23156290664475,1.59506189843472
1,1136,1136,-1.42606074780491,1.5893233460574
1,1137,1137,-2.46716681246016,2.36954321391457
1,1138,1138,-1.84296468650141,2.49820298911408
1,1139,1139,-1.77733520807246,2.6011058027077
1,1140,1140,-1.68232207041873,1.99526482315252
1,1141,1141,-1.6440084706735,2.02301890921267
1,1142,1142,-1.98794947877606,2.21024527163618
1,1143,1143,-1.54034486876393,1.3111827609836
1,1144,1144,-1.61059417564347,1.02558645492213
1,1145,1145,-1.77723178162955,1.17967495685763
1,1146,1146,-2.08850638142542,1.1295288408961
1,1147,1147,-1.65322659019489,0.898001348859282
1,1148,1148,-1.58316623374862,0.779652834916186
1,1149,1149,-1.91601416584456,0.881135351344631
1,1150,1150,-2.3506396835234,1.15058302338645
1,1151,1151,-2.35238158471134,1.59484807485298
1,1152,1152,-2.49037847947862,1.44137861012975
1,1153,1153,-2.24319213120007,1.00518351715487
1,1154,1154,-2.27711982718621,1.02085296235698
1,1155,1155,-2.75912026083169,2.32780104740608
1,1156,1156,-2.34707244932056,1.24690741524779
1,1157,1157,-2.57165169054998,1.76543915491575
1,1158,1158,-1.35577608623444,1.98946612931743
1,1159,1159,-1.12480281530181,1.81922369663497
1,1160,1160,-1.45042466607597,1.77477693577871
1,1161,1161,-1.92521394012926,1.56453297012676
1,1162,1162,-1.54229856875242,1.65346932843403
1,1163,1163,-2.20587910910323,2.0047604703735
1,1164,1164,-2.39445328641812,2.34036126199166
1,1165,1165,-2.19330576601939,1.54405486682841
1,1166,1166,-2.57409361494888,1.78013810158262
1,1167,1167,-1.95421357794487,2.27452612993614
1,1168,1168,-1.60183368644174,1.71286740564135
1,1169,1169,-1.99560334266516,2.16136990896851
1,1170,1170,-1.50776543158916,1.61163760752029
1,1171,1171,-1.49294590848075,3.34961046366439
1,1172,1172,-1.27426235957717,1.4103718010447
1,1173,1173,-2.18568678855562,2.1004141089777
1,1174,1174,-2.22117546549868,2.02916724154937
1,1175,1175,-1.52540380464066,1.24701997790566
1,1176,1176,-1.63100682628654,1.31491309916892
1,1177,1177,-2.6109063645056,2.22744959521974
1,1178,1178,-1.57101774948649,1.66283655858669
1,1179,1179,-1.87688420774794,1.68571121330082
1,1180,1180,-1.59195732189449,1.92893946828745
1,1181,1181,-1.57668215701788,1.43270567842519
1,1182,1182,-1.9020833979791,1.93215354024632
1,1183,1183,-1.29949561636547,1.57911140332864
1,1184,1184,-2.16752404094051,1.51856695740576
1,1185,1185,-2.802028836667,1.69776926071546
1,1186,1186,-2.84632886175971,1.59167032232425
1,1187,1187,-1.17796531174968,2.14506188840144
1,1188,1188,-2.24713948704641,1.55319766321732
1,1189,1189,-1.96724279713201,1.62218352580444
1,1190,1190,-1.73179480309624,1.13550208114429
1,1191,1191,-2.96583568804711,1.74936063058583
1,1192,1192,-1.13270604526023,1.45764693763845
1,1193,1193,-1.47780276280167,1.3870948642572
1,1194,1194,-0.597851452784244,1.48974469023395
1,1195,1195,-1.2917632651403,2.12079102061161
1,1196,1196,-1.52656443071933,1.97177706131877
1,1197,1197,-1.49379279460535,1.87988962318294
1,1198,1198,-1.63185939756613,2.94441001006554
1,1199,1199,-0.713514456323814,1.62773665813906
1,1200,1200,-1.68614003283299,2.09979623253131
1,1201,1201,-1.00795470592171,2.02787993552411
1,1202,1202,-1.51931680963238,1.9857694431583
1,1203,1203,-2.02477815010489,2.10741500624292
1,1204,1204,-2.12335485050433,1.64727244672256
1,1205,1205,-2.38781353119642,2.38573289942714
1,1206,1206,-1.50167324462383,1.60872941182453
1,1207,1207,-2.4281780912963,1.96336842997712
1,1208,1208,-2.13889272737326,1.9154990342359
1,1209,1209,-3.28458999061846,2.33705156747472
1,1210,1210,-3.22285214296398,2.34666498960184
1,1211,1211,-2.74546317003978,2.08989608954148
1,1212,1212,-3.49107373305411,2.79544118378842
1,1213,1213,-1.91226848900883,1.27014933573931
1,1214,1214,-1.3661585387141,1.05285677643661
1,1215,1215,-2.06076049328649,2.8532805010808
1,1216,1216,-1.9994761498749,2.54175605984095
1,1217,1217,-2.58677247976672,2.34841279320866
1,1218,1218,-2.29323930503749,1.81129356930615
1,1219,1219,-2.49323931293453,1.38622520635981
1,1220,1220,-2.13224301882753,1.40837366751408
1,1221,1221,-2.57614002568285,2.57466506320137
1,1222,1222,-2.52870167724922,2.23403880095118
1,1223,1223,-2.49795083914915,1.22976660977929
1,1224,1224,-1.924293916888,1.75660072154
1,1225,1225,-1.98691028771954,1.16738695051585
1,1226,1226,-1.91699753383692,1.83719044948747
1,1227,1227,-3.29233437827235,2.32320310021392
1,1228,1228,-3.02484202754602,2.23756354205981
1,1229,1229,-2.69698408584324,2.77092666754255
1,1230,1230,-2.50895314064852,2.51966822122625
1,1231,1231,-2.45788805139412,2.47351412634052
1,1232,1232,-1.19353309431093,1.767822148504
1,1233,1233,-1.68220929665359,2.23851944054375
1,1234,1234,-2.36711874295791,1.54315832092808
1,1235,1235,-2.57610631177873,3.31766205847295
1,1236,1236,-1.9343626473346,2.48584518943938
1,1237,1237,-2.1139094626179,1.58292717767251
1,1238,1238,-1.65776253393709,2.03201573732105
1,1239,1239,-2.448969067742,2.82332770935845
1,1240,1240,-1.42887936088257,2.31557391870687
1,1241,1241,-1.84279310181848,1.41252177606251
1,1242,1242,-2.22412604992964,1.86039924733165
1,1243,1243,-2.36942158788387,1.20195610385168
1,1244,1244,-1.7987281077731,1.54725514289609
1,1245,1245,-2.31977273149944,1.67027244864308
1,1246,1246,-2.18037473043446,2.62813311077148
1,1247,1247,-2.23671241184261,2.38685682095091
1,1248,1248,-2.69109833119314,3.14328491987647
1,1249,1249,-1.46730894432198,1.28609422956802
1,1250,1250,-2.55353508299291,1.94962010935788
1,1251,1251,-2.46051841611171,1.67900745157872
1,1252,1252,-1.83223887057914,1.44795853893041
1,1253,1253,-1.57178740426286,1.39688112906916
1,1254,1254,-2.24043933440067,1.71496634380941
1,1255,1255,-2.32462790428222,1.9417353673427
1,1256,1256,-1.62803683875694,1.68097489932647
1,1257,1257,-2.53179578159647,1.28400883055149
1,1258,1258,-2.1162973914096,1.35479727751183
1,1259,1259,-2.36458277339691,1.45781977545953
1,1260,1260,-1.17825239332344,2.80060306243059
1,1261,1261,-0.944315931942147,2.46074282032417
1,1262,1262,-1.74704481208065,3.98943016680005
1,1263,1263,-2.2972458400614,1.75235803156816
1,1264,1264,-1.58254743191658,1.57893179976135
1,1265,1265,-2.24796822462236,1.58727542373209
1,1266,1266,-2.20486927040549,1.82952419575812
1,1267,1267,-1.78521757652159,1.55579582476702
1,1268,1268,-2.27601778542938,1.52691359047673
1,1269,1269,-1.14664692857156,1.57469217820163
1,1270,1270,-2.70012514876541,1.95385094499091
1,1271,1271,-2.01089200169563,1.83803393350336
1,1272,1272,-2.97670702838859,2.03954187800387
1,1273,1273,-2.87189203289828,1.9117904198874
1,1274,1274,-2.36787249343527,2.04897862005383
1,1275,1275,-2.56462905604751,1.32738789004276
1,1276,1276,-1.82010839370458,1.69485262607025
1,1277,1277,-2.20944769463452,1.69776474061464
1,1278,1278,-3.43151270951233,2.8382775271363
1,1279,1279,-2.6773659798377,2.02495141397903
1,1280,1280,-2.52914151218814,1.85748818070399
1,1281,1281,-2.07961072735629,1.51124878199007
1,1282,1282,-2.08345228131985,1.58739141578296
1,1283,1283,-2.28627764605412,1.35690275803026
1,1284,1284,-1.42483837643828,2.51024574199376
1,1285,1285,-2.06180543123532,2.6346294444771
1,1286,1286,-1.92676281347338,2.5288408677179
1,1287,1287,-1.96489915360499,2.09381703258319
1,1288,1288,-2.12028605148466,2.16726571857762
1,1289,1289,-1.30253659575137,1.56072446326751
1,1290,1290,-0.303529536498779,2.37792349814658
1,1291,1291,-0.430758910280374,2.32366441651927
1,1292,1292,-1.00971938485721,2.42402537798757
1,1293,1293,-1.33757284515136,1.81393088744886
1,1294,1294,-2.58234417326606,2.09908448336718
1,1295,1295,-2.86883318097544,1.56032129004348
1,1296,1296,-2.25754137722507,2.11873156303743
1,1297,1297,-2.7087774325997,2.41894096395612
1,1298,1298,-1.99308368268946,1.46802103695085
1,1299,1299,-2.45048250228885,2.69581294226555
1,1300,1300,-1.83374889348323,2.37654757713139
1,1301,1301,-2.45737379223742,3.63403214245912
1,1302,1302,-2.10673877254616,2.54546042172426
1,1303,1303,-2.12910841437477,1.99938737736733
1,1304,1304,-1.13645948699846,1.85588466423106
1,1305,1305,-1.25321479046255,2.28417938147359
1,1306,1306,-2.30636573801308,1.56824419329614
1,1307,1307,-2.33784245360473,1.5715148106496
1,1308,1308,-2.80601753857412,1.60053486407937
1,1309,1309,-1.6178511459458,2.23478365848797
1,1310,1310,-1.34973471043732,1.67439726986669
1,1311,1311,-1.610411745059,2.7857400980527
1,1312,1312,-1.31613515059308,2.3757928422251
1,1313,1313,-2.41674898169711,1.4776046685297
1,1314,1314,-2.84321673513357,2.45844920890003
1,1315,1315,-1.6613395012337,1.75742269640715
1,1316,1316,-1.77938957947091,2.0380567434723
1,1317,1317,-1.33935860595447,2.07050246657649
1,1318,1318,-1.98001643470041,1.49890360860742
1,1319,1319,-1.56197190247744,1.61094634401362
1,1320,1320,-1.71739083024894,2.53664596816576
1,1321,1321,-1.3823573396271,1.67390078779358
1,1322,1322,-1.41887944625205,1.75698370817185
1,1323,1323,-1.98838235776634,2.19839177634089
1,1324,1324,-1.93075238744752,2.56168720577366
1,1325,1325,-1.9475957301446,2.49315437293721
1,1326,1326,-1.9110602741001,1.72094602443141
1,1327,1327,-1.84324986242784,1.52203965381167
1,1328,1328,-1.88664216702413,2.37374505245075
1,1329,1329,-2.11599681752281,1.67724011370271
1,1330,1330,-2.48980281397592,1.74852118642584
1,1331,1331,-2.64829259945596,1.7616624078127
1,1332,1332,-2.16773107361191,1.94001962171183
1,1333,1333,-1.39383308626196,1.99791454421359
1,1334,1334,-1.83828533092704,1.39783462052662
1,1335,1335,-2.37555578637691,1.89635013426614
1,1336,1336,-1.38734259100245,1.42798852040092
1,1337,1337,-1.89436375434604,1.71975039048279
1,1338,1338,-2.03968601343437,1.33941752772169
1,1339,1339,-1.89056328636602,1.26149650792429
1,1340,1340,-1.72378290010405,1.11063735035558
1,1341,1341,-1.62960580716377,1.1197506572597
1,1342,1342,-2.07749531623769,2.82917994837339
1,1343,1343,-1.6426415646805,1.1984757250136
1,1344,1344,-2.95454886575541,1.72494972839736
1,1345,1345,-2.27341187745016,1.41345698429904
1,1346,1346,-1.86450926316042,1.30351803537996
1,1347,1347,-2.82540447776563,2.04851961932563
1,1348,1348,-3.05524730992987,1.47179043025006
1,1349,1349,-3.0443086524082,1.41903728914225
1,1350,1350,-2.40335103957452,1.82870082091751
1,1351,1351,-2.84622607939698,2.05246930998374
1,1352,1352,-2.1275466591067,1.61601455448107
1,1353,1353,-2.86176187257709,2.19636412321573
1,1354,1354,-2.08672610656796,1.8959434015682
1,1355,1355,-2.78472171187072,2.34235814349911
1,1356,1356,-1.83124419009771,1.32298758525937
1,1357,1357,-1.45578407882559,2.11479998809554
1,1358,1358,-2.18251959143161,3.8518720278957
1,1359,1359,-1.52440313915077,3.05956284096718
1,1360,1360,-2.43215684780839,3.65314503116481
1,1361,1361,-2.45690304854927,3.72720527795737
1,1362,1362,-2.57672950188679,2.39327116252144
1,1363,1363,-2.8977697633582,2.4844682868807
1,1364,1364,-2.2053169960263,1.82563284912454
1,1365,1365,-2.30610200546721,1.75781757078815
1,1366,1366,-2.31367926852888,1.51128808069774
1,1367,1367,-2.43843346053218,2.88020864031313
1,1368,1368,-2.09883237021911,2.33122060145921
1,1369,1369,-1.49755873562162,1.73744657998198
1,1370,1370,-1.55676917128057,1.68810137813641
1,1371,1371,-1.87592677679949,1.93122090634662
1,1372,1372,-3.31442613777567,2.19887724282629
1,1373,1373,-1.98332855182264,1.90335425597689
1,1374,1374,-1.59090527362831,2.28006445950573
1,1375,1375,-2.90662723687404,2.0549025407742
1,1376,1376,-2.21118440825546,1.51881763946458
1,1377,1377,-2.38845445604041,1.82012710413948
1,1378,1378,-1.5761865443493,2.46301911158755
1,1379,1379,-1.85273949432571,2.47935881862927
1,1380,1380,-2.01105745521204,2.23410940845336
1,1381,1381,-2.23750603468994,1.79560350763694
1,1382,1382,-1.44327955936515,2.3308752862351
1,1383,1383,-2.33289122753869,2.1831842689801
1,1384,1384,-1.8541637628086,2.22959331831277
1,1385,1385,-2.30247385400928,1.20023630920881
1,1386,1386,-2.06524327380746,1.24610268852238
1,1387,1387,-2.33105135704003,1.19594022916977
1,1388,1388,-2.34538056426297,1.06208432023802
1,1389,1389,-1.68335595235015,1.90246415770157
1,1390,1390,-1.96189014763548,1.86626065218161
1,1391,1391,-1.98033771335349,1.47800521601922
1,1392,1392,-2.05138720296772,1.84351313935651
1,1393,1393,-2.23711885564201,1.76911788735101
1,1394,1394,-2.25127004438085,2.131021317517
1,1395,1395,-1.29860743425529,1.41598528778726
1,1396,1396,-1.56402614330789,1.72085927375279
1,1397,1397,-1.87765461172564,1.86939628551433
1,1398,1398,-1.53121134350006,1.15086500415725
1,1399,1399,-1.2162082772581,0.969211623356229
1,1400,1400,-1.76980113349776,1.41694690918926
1,1401,1401,-2.15289726541481,1.45255794209528
1,1402,1402,-2.45638345402686,1.54737052746587
1,1403,1403,-2.67450474552106,1.77743714185256
1,1404,1404,-2.53011078554599,1.44849597064858
1,1405,1405,-2.53706843950334,1.44572167538848
1,1406,1406,-2.19073857452313,1.14842112521862
1,1407,1407,-2.09439670927688,0.793384941045395
1,1408,1408,-2.37431721557267,0.945906591380503
1,1409,1409,-1.90402694865987,0.805672352913999
1,1410,1410,-2.65005309113829,1.35379138989782
1,1411,1411,-2.14246055102236,1.32961821124684
1,1412,1412,-1.76612032523885,1.0716667533709
1,1413,1413,-1.72358287586164,2.52271350315155
1,1414,1414,-1.97282199337428,2.09573550410359
1,1415,1415,-1.64028420093555,2.35674759612932
1,1416,1416,-1.89617666158447,2.6269775145398
1,1417,1417,-2.37128482361165,2.27877959593579
1,1418,1418,-2.19209433335718,1.78408782624205
1,1419,1419,-2.00641758729228,1.39442065343099
1,1420,1420,-4.12864986169246,2.58301004835862
1,1421,1421,-4.35773964319813,2.72831335846008
1,1422,1422,-3.40132464100563,2.56221741329562
1,1423,1423,-1.52186416942408,1.27475850085187
1,1424,1424,-1.89692091610027,1.13371520952402
1,1425,1425,-2.04964336461953,1.56538318695327
1,1426,1426,-2.07721418449193,1.43712686024147
1,1427,1427,-2.01989868559498,2.02573738537692
1,1428,1428,-2.31424255040453,2.89602259057624
1,1429,1429,-2.27915250068549,2.92733966007238
1,1430,1430,-2.15516602644185,1.94976040048885
1,1431,1431,-2.04388486833761,2.14221106037484
1,1432,1432,-2.02359819888216,2.48050023863451
1,1433,1433,-2.14282047862432,2.23541369538634
1,1434,1434,-1.81110821496649,2.46607316947003
1,1435,1435,-1.83376286570254,2.0230842269499
1,1436,1436,-2.9215197326636,2.18121723342857
1,1437,1437,-3.27888128215886,2.02753505044468
1,1438,1438,-2.65573787734919,1.26169662555365
1,1439,1439,-2.23668318295146,1.23507816474651
1,1440,1440,-3.04358228240978,1.92390287075556
1,1441,1441,-2.34269689676287,1.72249920557233
1,1442,1442,-2.08487284531626,1.9309222535344
1,1443,1443,-2.60079059303791,2.31846819363556
1,1444,1444,-2.42053393434693,2.10840984769537
1,1445,1445,-1.66522672516688,2.18138500915147
1,1446,1446,-1.43284832545155,2.14851272419751
1,1447,1447,-1.22702214973938,2.42823159813377
1,1448,1448,-1.88733117519972,2.12315984050212
1,1449,1449,-1.73221989122758,1.62083260100729
1,1450,1450,-2.47002299204554,1.78096741920246
1,1451,1451,-1.86061864721152,1.91909368783115
1,1452,1452,-2.27496100548218,2.0892441455819
1,1453,1453,-1.24652921063439,1.47389228908751
1,1454,1454,-1.6456356078183,1.67488432018283
1,1455,1455,-1.2881107953925,1.64378860748623
1,1456,1456,-1.88363520732108,1.66946096787728
1,1457,1457,-1.41019554523139,1.87366486082791
1,1458,1458,-2.572033488019,2.76022538971176
1,1459,1459,-1.84624093527062,1.97972588614483
1,1460,1460,-1.90360215047475,1.55560957489478
1,1461,1461,-2.67128966224934,2.41465286371592
1,1462,1462,-1.55043099640708,1.98692426829739
1,1463,1463,-2.31547546258396,2.34028044240423
1,1464,1464,-1.88660828862249,2.10895558722718
1,1465,1465,-2.31063365385649,1.76568704433855
1,1466,1466,-1.8133436227821,2.92654803561661
1,1467,1467,-2.32481281461716,1.44825315299657
1,1468,1468,-2.20838689316979,2.12148845593429
1,1469,1469,-2.98095958664994,2.64587150963998
1,1470,1470,-2.5891180905885,2.55145189714719
1,1471,1471,-1.69269413478262,1.80557853846425
1,1472,1472,-2.42120851466837,2.11775052203455
1,1473,1473,-2.57367846904827,2.13151002703617
1,1474,1474,-1.8461722535457,2.00828704366658
1,1475,1475,-3.25123028755334,2.36658574856411
1,1476,1476,-3.1924005302062,2.30068117112862
1,1477,1477,-2.00823646971559,2.81063743447441
1,1478,1478,-2.21614940769926,1.2990547264278
1,1479,1479,-1.94064803536211,1.58097611705024
1,1480,1480,-1.79239018950888,1.61377932930969
1,1481,1481,-1.80685520133443,2.7812838158562
1,1482,1482,-2.29597384362499,3.04480121636562
1,1483,1483,-2.26195494561678,2.062953441352
1,1484,1484,-2.88454867201326,2.84816871335314
1,1485,1485,-3.01883644687886,3.29953839469168
1,1486,1486,-2.3555457074132,2.28781841674786
1,1487,1487,-2.94483818651378,2.07867517587762
1,1488,1488,-1.85852508880182,2.28456355767708
1,1489,1489,-2.77921766728679,1.81214579763914
1,1490,1490,-2.10453666408465,1.6514661771532
1,1491,1491,-2.94554878503304,2.1493378636113
1,1492,1492,-2.19886463218745,1.27212101050538
1,1493,1493,-2.76603956180581,1.7909781966021
1,1494,1494,-2.51138708656225,1.41468746932299
1,1495,1495,-2.79858194951813,2.22561312327095
1,1496,1496,-2.53289731325574,1.79708443877559
1,1497,1497,-1.64788334286163,2.16631567655289
1,1498,1498,-2.79851710857677,2.03692417937013
1,1499,1499,-3.12660671501573,1.77777998453976
1,1500,1500,-3.18758513986658,1.90488145526104
1,1501,1501,-1.31002958336538,1.85390857684321
1,1502,1502,-1.44398897875043,2.74862447094431
1,1503,1503,-1.80248542216664,1.98715174317201
1,1504,1504,-1.90011714811195,2.23756653366722
1,1505,1505,-1.94180163593974,1.35775336608108
1,1506,1506,-1.58050286220409,1.23584186627527
1,1507,1507,-1.89745825702669,1.24304943636564
1,1508,1508,-2.63293479149444,1.95928022875036
1,1509,1509,-2.13785403116257,1.64221369922576
1,1510,1510,-2.78493344538107,2.61786222840705
1,1511,1511,-1.46588367761515,1.45392905601073
1,1512,1512,-1.63033806401513,1.54843542357785
1,1513,1513,-2.16182743791374,1.64955232854952
1,1514,1514,-2.14166654015943,1.81878128511431
1,1515,1515,-1.36666544010909,1.00241075820626
1,1516,1516,-1.3245860211062,0.727146843369092
1,1517,1517,-1.94060207916026,0.790160666407634
1,1518,1518,-1.28391156729399,0.622849220277588
1,1519,1519,-2.86187389615017,2.45186667394504
1,1520,1520,-2.52020647736908,1.77179269979113
1,1521,1521,-2.83149937390375,1.90113769203155
1,1522,1522,-2.48344959796741,1.60990373098042
1,1523,1523,-3.07838647257217,1.74553805447243
1,1524,1524,-1.9664331488799,1.085477952742
1,1525,1525,-2.08971100223825,1.50463391560374
1,1526,1526,-1.97817929543381,1.54786348596891
1,1527,1527,-1.63345673144995,1.2709449374984
1,1528,1528,-1.61625595644808,1.27944729691942
1,1529,1529,-2.51193543925901,2.03997200392554
1,1530,1530,-2.37144854526565,1.77814429093414
1,1531,1531,-2.80788210403681,1.95737364861811
1,1532,1532,-1.87372580510316,1.23032155721244
1,1533,1533,-1.62689486022275,1.21445931208347
1,1534,1534,-1.46994381314894,1.48958290462431
1,1535,1535,-2.42022062558986,1.94774537066877
1,1536,1536,-2.42929309926101,1.01378061283197
1,1537,1537,-3.08298222453601,1.85236092353982
1,1538,1538,-2.16944886968265,1.61295180422998
1,1539,1539,-2.28006712737888,2.02071758267272
1,1540,1540,-2.56793236421606,2.37113443762015
1,1541,1541,-2.72052278632505,1.88446664409766
1,1542,1542,-2.30965612302551,1.64646220505562
1,1543,1543,-2.2804751148444,1.81533863492683
1,1544,1544,-2.25860685867462,2.12126192117228
1,1545,1545,-1.56914570673654,1.78933710599056
1,1546,1546,-2.07075307412811,2.42024102374734
1,1547,1547,-2.6336544897815,1.88123601769441
1,1548,1548,-2.32595902172387,2.67320865815512
1,1549,1549,-2.91864942533734,1.45258146776019
1,1550,1550,-2.76962710389767,1.53371739126966
1,1551,1551,-1.11015477742794,0.933811016491198
1,1552,1552,-1.86627030773383,1.62163632602932
1,1553,1553,-2.43345565933109,1.63904382818508
1,1554,1554,-2.10481447900611,2.42558479567729
1,1555,1555,-2.14137152623293,2.00464237390417
1,1556,1556,-2.67194405799366,2.13019535214034
1,1557,1557,-1.92586115515514,1.45590721134864
1,1558,1558,-2.0222117236805,1.05608938541844
1,1559,1559,-2.17639706990202,1.81589210711735
1,1560,1560,-3.68294156002895,2.77788666993841
1,1561,1561,-2.08051230808749,1.5256169497135
1,1562,1562,-2.47996219729251,1.98031431496556
1,1563,1563,-2.52828627270978,1.55037192967493
1,1564,1564,-2.34953326873967,1.49349847499407
1,1565,1565,-2.38550941581773,1.8760970184583
1,1566,1566,-1.50092348543503,1.56798245936811
1,1567,1567,-2.03855093564817,2.00670332240955
1,1568,1568,-2.04803489558001,1.79012509275575
1,1569,1569,-3.29516630739235,2.02470036197978
1,1570,1570,-2.06187400208074,1.32443278419516
1,1571,1571,-1.75723891238147,1.19592865167323
1,1572,1572,-2.40627524821528,1.95336575080435
1,1573,1573,-2.18997168555056,1.94324309575253
1,1574,1574,-2.72723628474153,2.33145488974238
1,1575,1575,-2.63674055406188,2.36115793955963
1,1576,1576,-2.43509260076421,2.55264986794815
1,1577,1577,-1.5806370450528,1.66379271183591
1,1578,1578,-1.64624041380459,1.59829001797261
1,1579,1579,-0.802800652289563,2.86203886309881
1,1580,1580,-0.278199600203512,2.03048159147964
1,1581,1581,-1.46748513160893,2.04267838440431
1,1582,1582,-1.41318665567677,1.68291040809571
1,1583,1583,-2.2858209415586,1.76313823228259
1,1584,1584,-1.47564659952966,1.58551583276036
1,1585,1585,-2.46692393379501,2.16665176329931
1,1586,1586,-3.17614042687184,2.27736571831923
1,1587,1587,-2.75438336728962,2.09247347483646
1,1588,1588,-2.50199542380238,1.69927621087658
1,1589,1589,-2.80463997712635,1.72073137552778
1,1590,1590,-2.0009787899786,1.63193308012932
1,1591,1591,-2.17223734990845,1.68550365004209
1,1592,1592,-1.54197330054311,1.23808807975148
1,1593,1593,-1.95287249422981,1.77625919072725
1,1594,1594,-1.90146621957526,1.79321420976048
1,1595,1595,-2.10500354980169,1.53157019885295
1,1596,1596,-2.20533783086904,1.80755240482869
1,1597,1597,-2.49730091287499,1.94529602103944
1,1598,1598,-2.87655853986755,2.05401247045888
1,1599,1599,-2.5515322958084,1.88556529152844
1,1600,1600,-1.74072716922348,1.19563172958708
1,1601,1601,-2.4363530988762,1.99779511880977
1,1602,1602,-1.95161581400623,2.39931788714201
1,1603,1603,-1.86797690683209,1.9954909804903
1,1604,1604,-0.794279403542143,2.15003577874321
1,1605,1605,-1.89537448767962,2.49910775900474
1,1606,1606,-1.21470811736414,1.93350841012026
1,1607,1607,-0.494727609427215,2.1922849154668
1,1608,1608,-0.896990569467617,2.41565754370982
1,1609,1609,-2.47213601553494,1.17102769830423
1,1610,1610,-2.40537529171432,1.226859009037
1,1611,1611,-3.27242959843294,2.08510095716133
1,1612,1612,-1.29178100806511,1.67075069514427
1,1613,1613,-1.35794351529561,1.02907575041043
1,1614,1614,-2.1599633655618,2.56743131295415
1,1615,1615,-2.27263648767656,2.65025594791346
1,1616,1616,-2.34152944673229,1.63373686318146
1,1617,1617,-2.35672342544438,1.79979198411273
1,1618,1618,-2.06012515374444,1.58535724793081
1,1619,1619,-2.35398643674299,1.21796835123698
1,1620,1620,-2.70231151962177,1.80771977686866
1,1621,1621,-2.31811908305207,1.56690402366252
1,1622,1622,-1.94848051279466,1.55215194988465
1,1623,1623,-2.18862598625476,1.4290729213581
1,1624,1624,-2.29767101717252,1.3811090635868
1,1625,1625,-2.31496864446104,1.64921269971383
1,1626,1626,-2.42859333205462,2.23972519191414
1,1627,1627,-1.55758973370036,1.48148379032629
1,1628,1628,-1.97352196691773,1.59324425405586
1,1629,1629,-2.377408657243,2.10478389827605
1,1630,1630,-1.6379085018782,1.92508955776036
1,1631,1631,-2.1444474524078,2.43281565654771
1,1632,1632,-2.21563163535125,2.33554332202426
1,1633,1633,-1.45141390621331,1.45200558278404
1,1634,1634,-1.70460902626036,1.43035511012697
1,1635,1635,-1.41812799999039,1.16971643505107
1,1636,1636,-2.1525485422893,1.71427374409295
1,1637,1637,-2.06255174450606,2.44804850465768
1,1638,1638,-2.62826187155294,1.58618985369338
1,1639,1639,-2.82022976430126,1.6777553758916
1,1640,1640,-3.30245619726232,1.93413045281405
1,1641,1641,-2.10944104180846,2.18842837600252
1,1642,1642,-2.76861244520933,2.40014593339288
1,1643,1643,-1.31548759128578,1.73622650314648
1,1644,1644,-1.64163898527106,1.65696513763057
1,1645,1645,-1.8422790142439,1.30394446937504
1,1646,1646,-1.81766389177337,1.38993081151256
1,1647,1647,-1.46402456926529,2.01602805856289
1,1648,1648,-1.25968423127703,2.18256694818042
1,1649,1649,-1.3909277854851,1.62452465806207
1,1650,1650,-1.66615795334506,2.36277357403542
1,1651,1651,-1.74260737861628,1.99650328267213
1,1652,1652,-1.41522361937137,1.48624874858674
1,1653,1653,-1.82500448685607,1.55064074856282
1,1654,1654,-1.98212192031538,1.60372891166455
1,1655,1655,-2.02609744587887,1.52550054842664
1,1656,1656,-1.73178424956777,1.48942827753662
1,1657,1657,-1.71872813767005,1.90532597165269
1,1658,1658,-1.50532474535744,1.30702192929127
1,1659,1659,-2.0099956761253,1.38900150286663
1,1660,1660,-1.91841234598162,2.46430552011813
1,1661,1661,-1.61046355477578,1.86672610455731
1,1662,1662,-1.70116611700857,1.25831001454613
1,1663,1663,-1.73040374859323,1.45051171911353
1,1664,1664,-1.99769028975803,1.33901682986656
1,1665,1665,-2.02925593923749,1.78735458843868
1,1666,1666,-2.98573703610696,1.55401903674903
1,1667,1667,-2.81112765856213,2.04312392673484
1,1668,1668,-2.01461265024686,1.35459972052733
1,1669,1669,-2.60441205767857,1.55222459330766
1,1670,1670,-2.37126513842069,1.53827486034437
1,1671,1671,-2.26807926319856,1.31950386347749
1,1672,1672,-2.57986964028492,1.9738706870815
1,1673,1673,-3.0083485265234,2.24041227048387
1,1674,1674,-2.60865909154185,1.5713031993292
1,1675,1675,-1.69330148178967,2.01252287629078
1,1676,1676,-2.88421725160894,2.26077840829164
1,1677,1677,-2.27634547935198,2.84718324574669
1,1678,1678,-2.84482018831062,1.41489374571534
1,1679,1679,-3.04745644916456,1.57366295077813
1,1680,1680,-2.60115211547525,2.23745296388279
1,1681,1681,-2.34436336496564,1.49866919133014
1,1682,1682,-3.39146966433111,2.58868330608312
1,1683,1683,-2.39088966460236,1.6961039923397
1,1684,1684,-3.14571426201121,2.3601214499187
1,1685,1685,-3.1432021302999,3.41275856927965
1,1686,1686,-3.20119258326464,3.52907519653591
1,1687,1687,-1.4128621217101,1.56227345898352
1,1688,1688,-1.94694292409029,2.31461441174148
1,1689,1689,-2.35531571212045,1.56027954575153
1,1690,1690,-2.58882207417077,1.72967778499985
1,1691,1691,-3.25986490769641,2.3341630969505
1,1692,1692,-2.77261980368377,2.4019127405836
1,1693,1693,-2.47118709679508,2.10367539220501
1,1694,1694,-2.52316872511571,2.11732922147055
1,1695,1695,-2.02558434925905,1.49647496692711
1,1696,1696,-2.10231084381668,2.10415890610247
1,1697,1697,-1.98608198168303,2.15544933790249
1,1698,1698,-2.21645277287356,2.25802244588475
1,1699,1699,-2.26712469720336,2.13579005385831
1,1700,1700,-2.43441804374031,2.22966029288035
1,1701,1701,-1.95957341534363,2.06853597599967
1,1702,1702,-2.73031350059551,1.53070319936137
1,1703,1703,-2.11466373711211,1.76856404963291
1,1704,1704,-1.93844433852785,2.38312818395477
1,1705,1705,-2.62697055494941,2.33104722071553
1,1706,1706,-2.46719657143432,1.97980736764203
1,1707,1707,-1.67941407895408,1.82506827405309
1,1708,1708,-0.68090155357528,1.96640929170991
1,1709,1709,-1.10113933965508,2.01222508655184
1,1710,1710,-0.898000753067816,2.04375461512542
1,1711,1711,-1.55339903335001,1.77696755268995
1,1712,1712,-2.20191419301555,1.82413544907863
1,1713,1713,-2.26099522258211,1.6914370096894
1,1714,1714,-3.4528971046883,1.74952407244776
1,1715,1715,-3.36156494063138,2.7462951671455
1,1716,1716,-2.78822631117875,2.46455246362487
1,1717,1717,-2.23220089067169,1.71281862415107
1,1718,1718,-2.06878669422129,2.16541098178539
1,1719,1719,-2.34007426746684,2.20813923985845
1,1720,1720,-2.31539082768865,2.43019206900057
1,1721,1721,-0.890617833732532,1.6146305149202
1,1722,1722,-1.98763463127276,2.83025936606216
1,1723,1723,-1.29525397675173,2.29726108504241
1,1724,1724,-1.27700225699721,1.4956148153686
1,1725,1725,-1.91542866622746,2.22918374006734
1,1726,1726,-2.41293442769583,1.99036912173704
1,1727,1727,-2.764527898174,2.05211405761724
1,1728,1728,-1.88253104559556,1.8141157921926
1,1729,1729,-2.04843829861452,1.01802815813217
1,1730,1730,-2.30495486854652,1.61683966635273
1,1731,1731,-2.60456432857507,1.67933813205366
1,1732,1732,-1.99760611902055,1.54348365728172
1,1733,1733,-2.0729252787867,1.63784753055012
1,1734,1734,-2.86879293266287,1.82697066594562
1,1735,1735,-2.36816053770872,1.80875191306685
1,1736,1736,-1.98910358009372,1.81690281264422
1,1737,1737,-2.43217636125189,1.92690640607974
1,1738,1738,-2.82599850844036,1.98057351620015
1,1739,1739,-1.6182976811399,1.85559678218746
1,1740,1740,-1.15081812838523,1.55705367256733
1,1741,1741,-1.37075175060262,1.75778619473079
1,1742,1742,-1.4895537192488,1.75764743498146
1,1743,1743,-0.895104272076183,2.08282528435265
1,1744,1744,-1.81769934666972,2.77130132238307
1,1745,1745,-1.88520376501931,2.81722211669567
1,1746,1746,-1.49276984380821,1.58715001146805
1,1747,1747,-2.32185986460931,1.83849561048905
1,1748,1748,-1.86555805096835,1.65423308734221
1,1749,1749,-2.99472630070676,1.7218168154782
1,1750,1750,-2.61841618452525,1.13797333401518
1,1751,1751,-1.85985485113154,1.33959767634942
1,1752,1752,-2.02275402434689,1.23705623033903
1,1753,1753,-1.91295723023449,2.06237829935063
1,1754,1754,-2.8210873807337,1.57523289286381
1,1755,1755,-2.76215643983775,2.18995593169569
1,1756,1756,-2.68474168249024,1.35046971039704
1,1757,1757,-2.58112750317764,2.14382272082262
1,1758,1758,-1.50501700673851,1.28287756810067
1,1759,1759,-1.53708274043037,1.1843895510957
1,1760,1760,-1.68119598672673,1.17868129358338
1,1761,1761,-2.12355697256082,1.42109494736667
1,1762,1762,-0.489346372466149,2.50555351945963
1,1763,1763,-1.55922379889014,1.63630522234094
1,1764,1764,-0.893430015424961,3.50309487186105
1,1765,1765,-1.28790859481185,3.47184288374454
1,1766,1766,-1.18136071714966,3.65263178414834
1,1767,1767,-0.395826344122917,1.97955931982428
1,1768,1768,-1.55458700568278,2.20782226219361
1,1769,1769,-3.11636002083897,1.40248817648471
1,1770,1770,-2.23897647061059,1.69603097549129
1,1771,1771,-1.85462360231238,2.24505059454254
1,1772,1772,-1.7314613259989,2.69667575011312
1,1773,1773,-0.676372190300877,2.03119671196497
1,1774,1774,-2.59827642179003,1.74037279866808
1,1775,1775,-3.24101991336152,1.83294371181097
1,1776,1776,-2.54620884198868,1.66203767221283
1,1777,1777,-1.52066826754947,2.12162301545178
1,1778,1778,-1.66397679638877,2.02030506347133
1,1779,1779,-2.12825204820748,2.48019872388113
1,1780,1780,-2.41438492724611,2.03800526061617
1,1781,1781,-2.5679801984551,1.77800555996434
1,1782,1782,-1.42654031871486,1.98683535877105
1,1783,1783,-1.92511527857665,2.88554134037835
1,1784,1784,-2.12668783699943,2.55891124938367
1,1785,1785,-1.46768472407511,2.44857143739764
1,1786,1786,-0.77643071262495,2.88346069823785
1,1787,1787,-1.76787427142022,3.10421218702
1,1788,1788,-2.44799310221705,2.27827394891768
1,1789,1789,-2.76795009283188,1.58084506899518
1,1790,1790,-3.48038385946735,2.9701648076055
1,1791,1791,-3.27590787476783,3.34983979891463
1,1792,1792,-3.11102693636555,2.36281676103144
1,1793,1793,-3.1797413287466,2.11968476316664
1,1794,1794,-3.53927288116132,2.52023941041154
1,1795,1795,-1.53125512013881,1.85623260686188
1,1796,1796,-1.45776056613309,1.8049877039007
1,1797,1797,-1.14039872273844,1.26511984908631
1,1798,1798,-1.55953516682227,1.39212299240912
1,1799,1799,-1.16334178171099,1.25149769328133
1,1800,1800,-2.30394246521726,1.45744186632704
1,1801,1801,-1.96929323396242,1.8397337176656
1,1802,1802,-2.55072610789742,2.03523438544761
1,1803,1803,-2.41577226114227,2.17785997997224
1,1804,1804,-2.19033279590214,1.69023965220833
1,1805,1805,-2.53145904301726,2.18994345514876
1,1806,1806,-1.88540227807924,1.91194293269214
1,1807,1807,-1.81613958724342,1.69003511792996
1,1808,1808,-2.39357115934683,2.14722215133637
1,1809,1809,-3.24353743411628,1.7137394128453
1,1810,1810,-2.81994141766656,1.68182453132558
1,1811,1811,-3.96175083507694,2.79719270908985
1,1812,1812,-3.71894632819804,3.33920102105562
1,1813,1813,-4.2739867903754,3.53674935159114
1,1814,1814,-4.25571766903987,3.52210461000537
1,1815,1815,-3.79714256450454,2.70837327613445
1,1816,1816,-2.37326031785074,1.8893337661583
1,1817,1817,-1.92708066183322,1.38423443664104
1,1818,1818,-2.55988529967508,1.68081046501602
1,1819,1819,-1.5163100102873,2.11655722309439
1,1820,1820,-2.51115573224412,1.84603605860408
1,1821,1821,-2.27683139894554,1.73346958758911
1,1822,1822,-1.15088514020797,1.37825339378566
1,1823,1823,-1.11234103413722,1.36696652707304
1,1824,1824,-1.93599887919081,1.82436932850106
1,1825,1825,-1.99763034306289,1.72933687548385
1,1826,1826,-2.92060868781554,2.3435292496274
1,1827,1827,-2.68768150677346,2.11025079781899
1,1828,1828,-2.03166464104216,2.04678890070825
1,1829,1829,-1.35702596581631,1.44247796137371
1,1830,1830,-1.87085586356741,1.8417053750601
1,1831,1831,-1.77175839944108,1.80135629553184
1,1832,1832,-0.859787073689592,0.72166049377762
1,1833,1833,-2.21574727439455,1.35388659373493
1,1834,1834,-2.54804126360123,1.67418581877334
1,1835,1835,-2.62674405839654,2.15773842028769
1,1836,1836,-1.88591361872381,1.32379038582408
1,1837,1837,-1.90875048102067,1.51851254291465
1,1838,1838,-2.14562624099952,1.64876921292114
1,1839,1839,-2.268329126494,1.53709442001168
1,1840,1840,-2.11347973332913,1.24346238765472
1,1841,1841,-2.18578959091815,1.35434435554682
1,1842,1842,-2.17079434053406,1.35475845166132
1,1843,1843,-1.92395709356143,1.68930585577568
1,1844,1844,-1.9281222575282,1.69963258369621
1,1845,1845,-2.02018271234624,1.87548708586389
1,1846,1846,-1.61908496139375,2.12142218789067
1,1847,1847,-2.27129084310297,2.17747291399601
1,1848,1848,-2.11066816677066,1.16885911886946
1,1849,1849,-1.91415775424876,1.06084408199349
1,1850,1850,-2.3645456678629,1.47051479810832
1,1851,1851,-2.02678117275905,1.26012393339628
1,1852,1852,-2.70187366675085,1.63245249896486
1,1853,1853,-2.33989777652145,1.53263335173425
1,1854,1854,-2.55319462926472,1.77523499894318
1,1855,1855,-3.56983934508004,2.12844488749379
1,1856,1856,-3.40752704466483,1.65257393740668
1,1857,1857,-3.18246390943566,1.95541580901322
1,1858,1858,-3.35999054427895,2.16028279269807
1,1859,1859,-3.37866287402173,1.98311547707728
1,1860,1860,-2.81048640779242,1.52689378790293
1,1861,1861,-2.62709949823567,2.14216270750386
1,1862,1862,-1.79663038380323,0.990556725038574
1,1863,1863,-1.87235640618895,1.35197030121876
1,1864,1864,-2.27853373514614,1.6349392056911
1,1865,1865,-1.26770615130075,1.84722280956112
1,1866,1866,-2.07981529028482,2.11453718032937
1,1867,1867,-1.07893612538329,2.94562586737832
1,1868,1868,-0.768481804527642,3.27286424769825
1,1869,1869,-0.671636305428126,2.60527913164005
1,1870,1870,-1.41628338734738,1.64758741720548
1,1871,1871,-1.20100619811913,1.70237569943869
1,1872,1872,-2.30959336593049,1.75305854043857
1,1873,1873,-1.55027221823011,1.53414865943973
1,1874,1874,-1.49621208942401,1.58981460979798
1,1875,1875,-2.26916085600729,1.88126237360105
1,1876,1876,-0.214466904502257,1.48953851800129
1,1877,1877,-2.00414339920785,0.870116565086127
1,1878,1878,-2.15790678906829,1.30328163354287
1,1879,1879,-1.94976080416546,1.58914707814838
1,1880,1880,-1.92087701547941,1.83832547281773
1,1881,1881,-1.70764563773305,1.75813139473215
1,1882,1882,-2.37216715234335,1.48725945320374
1,1883,1883,-2.61424201923641,1.65983233280636
1,1884,1884,-1.91306001523484,1.90504499218824
1,1885,1885,-1.21136786150423,3.12254861120489
1,1886,1886,-1.27560307880369,2.53096487375458
1,1887,1887,-1.65163003162465,1.65358304090696
1,1888,1888,-1.82262105180955,1.59100538620319
1,1889,1889,-1.53608533342378,1.54258199305566
1,1890,1890,-2.05908550171113,1.43552959085497
1,1891,1891,-1.73230598695812,1.22533321613531
1,1892,1892,-1.70000480690093,1.41930552372702
1,1893,1893,-1.6601600436305,1.44811825218707
1,1894,1894,-1.53216922510619,1.52991004948273
1,1895,1895,-1.52085361130257,1.56960504476435
1,1896,1896,-1.31634695968402,2.08139654174476
1,1897,1897,-1.56645517209632,1.73021187398921
1,1898,1898,-2.60889714515389,2.60485551503271
1,1899,1899,-3.12755598050908,2.8200166758577
1,1900,1900,-2.84678370159087,2.20308878812153
1,1901,1901,-2.3908630965125,1.93288418023132
1,1902,1902,-2.15799216579125,2.11602427795299
1,1903,1903,-1.1289343163811,1.92568027001904
1,1904,1904,-1.22035304944243,2.05932202878245
1,1905,1905,-1.63858876462989,1.97185111346633
1,1906,1906,-1.66529257161409,1.76060944636185
1,1907,1907,-1.51265871402626,1.59880288543277
1,1908,1908,-1.30582951740995,2.00866572539815
1,1909,1909,-1.00793347943673,2.16985140890242
1,1910,1910,-1.4002368549583,1.91645073659921
1,1911,1911,-1.66095572321493,1.57295732804266
1,1912,1912,-1.32013781517767,1.760946632997
1,1913,1913,-2.45047078281248,1.91557521042881
1,1914,1914,-1.18253645290792,1.71483757486301
1,1915,1915,-2.69970330824769,2.58033539200775
1,1916,1916,-1.77220702093353,1.79248784024716
1,1917,1917,-1.45216222867674,2.05373854111676
1,1918,1918,-1.40473412081003,1.9933110706109
1,1919,1919,-1.14946884349831,2.32853601922307
1,1920,1920,-1.15377299913488,1.75842155413854
1,1921,1921,-1.28699166921422,1.69103122959742
1,1922,1922,-0.781324354229059,2.42666932287964
1,1923,1923,-1.13319898287077,2.16711753317167
1,1924,1924,-2.1223776754705,2.6798842874793
1,1925,1925,-2.00396245251544,1.98531858444611
1,1926,1926,-2.02131501175137,1.91944556327566
1,1927,1927,-0.833076126149967,2.58149101850284
1,1928,1928,-1.85548523261941,2.54032618780606
1,1929,1929,-2.82564351095181,2.39311261604442
1,1930,1930,-2.7831194742201,2.31966273146911
1,1931,1931,-2.86736597210913,2.27857434549587
1,1932,1932,-1.94439712639339,2.06603413282692
1,1933,1933,-2.5145135593571,1.6784126147417
1,1934,1934,-2.10806519214852,1.49161349465422
1,1935,1935,-1.42614916302752,1.16548605274211
1,1936,1936,-2.38263568616224,1.91753794372015
1,1937,1937,-1.23911752718749,1.48456827142302
1,1938,1938,-1.09419610779964,1.34071193057506
1,1939,1939,-1.68112201170045,0.992766965834583
1,1940,1940,-2.25659004918872,1.859427192591
1,1941,1941,-2.8598697927337,2.31365445636711
1,1942,1942,-2.72889459190026,2.04219198507691
1,1943,1943,-3.29854521919192,2.88993152922904
1,1944,1944,-2.44961146636661,2.13051079246341
1,1945,1945,-2.43160899657767,2.15653055825363
1,1946,1946,-2.23846719721522,1.91203487144099
1,1947,1947,-2.61089557528184,1.33691326928256
1,1948,1948,-2.54625147575481,1.45511792106291
1,1949,1949,-2.41960700370133,1.4853906323309
1,1950,1950,-2.63162845128998,1.69643819944149
1,1951,1951,-4.20618244473451,2.44941357495663
1,1952,1952,-3.44317399635033,2.18062937681565
1,1953,1953,-3.08292929162328,2.39966753572301
1,1954,1954,-3.16581747746967,2.96911427633697
1,1955,1955,-3.1196146497187,2.9136349035675
1,1956,1956,-2.40447899062086,1.9566282881577
1,1957,1957,-1.9325009751111,2.14460584403735
1,1958,1958,-1.73595737994263,2.1799882953805
1,1959,1959,-1.68842515036461,2.54321840676937
1,1960,1960,-2.47697988803803,3.07489008600087
1,1961,1961,-2.40755165243076,1.9817601401476
1,1962,1962,-2.15399443380674,2.23417486688581
1,1963,1963,-2.24318761370904,2.08185216065309
1,1964,1964,-2.48367310462432,1.75650761647301
1,1965,1965,-2.20776723343453,1.92005533280815
1,1966,1966,-2.08773137999502,1.65426131029554
1,1967,1967,-2.14935128731674,1.62073467693276
1,1968,1968,-1.47466432541291,2.21220154149563
1,1969,1969,-2.19104037637464,1.55418309269711
1,1970,1970,-1.45831569233793,2.57007659237495
1,1971,1971,-1.50928000345731,2.50958428009684
1,1972,1972,-1.53926841853184,2.6037286537139
1,1973,1973,-1.69147061645046,1.24241924412896
1,1974,1974,-2.08980673565873,1.36169923925193
1,1975,1975,-1.55548297650627,0.971377848080401
1,1976,1976,-1.94737449414247,1.4901425465601
1,1977,1977,-1.55479581690078,1.41758703123506
1,1978,1978,-1.70665239004422,1.16299102920775
1,1979,1979,-2.43923658330678,1.60508667418143
1,1980,1980,-1.27324322649355,1.46292823597756
1,1981,1981,-1.78561437080659,1.22448636320166
1,1982,1982,-1.57555557321215,1.65795696219636
1,1983,1983,-1.53739978995856,1.22402071396499
1,1984,1984,-1.86198095393119,1.3477662336662
1,1985,1985,-1.71330327437793,1.20724292019665
1,1986,1986,-1.79136869132911,1.55955098958567
1,1987,1987,-2.04900047269842,2.24397412031744
1,1988,1988,-1.91727398960603,1.0696805509316
1,1989,1989,-2.84852891258826,2.06270452251018
1,1990,1990,-1.80239917002822,2.01456633228582
1,1991,1991,-1.63749572966749,1.67634462942206
1,1992,1992,-2.17752771044685,1.99278428423299
1,1993,1993,-1.95241343225664,1.73637866430917
1,1994,1994,-2.90132119337892,2.01697569253676
1,1995,1995,-1.85407144904108,2.4845282112032
1,1996,1996,-3.17084086256394,2.15746719926543
1,1997,1997,-1.83002940895853,1.83927062812591
1,1998,1998,-2.38148375687363,1.78732570575555
1,1999,1999,-1.60113822584639,2.1944898847925
1,2000,2000,-1.79793163941796,3.13902661125883
2,1,2001,-1.89532196700828,1.92051556154202
2,2,2002,-2.04096622976939,2.08088726003756
2,3,2003,-0.95547672157379,3.11376098429947
2,4,2004,-1.50692609699237,2.99264033598559
2,5,2005,-1.32614190783533,2.55883205194667
2,6,2006,-2.19008093587809,2.3219938847948
2,7,2007,-2.34742988926704,2.55036355181682
2,8,2008,-1.45065396627916,2.29463575235111
2,9,2009,-2.30879683582994,2.50897331260795
2,10,2010,-2.49075966038311,1.65126040192096
2,11,2011,-1.65534229720662,1.8113061525991
2,12,2012,-1.95815451569329,1.43062410597234
2,13,2013,-1.11576284395919,1.27373380839085
2,14,2014,-2.08543678461482,1.23952221120528
2,15,2015,-3.18726154820693,2.44208446496044
2,16,2016,-3.48778419850618,2.0932665226821
2,17,2017,-2.89482959840675,1.71515534894871
2,18,2018,-3.84693927039396,2.49021713714179
2,19,2019,-3.54557898744038,1.45430960550636
2,20,2020,-2.10031850929587,1.18521691527694
2,21,2021,-2.61829210203832,2.28261271480944
2,22,2022,-2.75917456058163,2.63397238036297
2,23,2023,-1.37965205206683,1.27788474142574
2,24,2024,-2.67145863548186,1.72847355004032
2,25,2025,-1.83489109700325,1.28981662267159
2,26,2026,-1.66491659647271,1.63430470424255
2,27,2027,-0.961828067316601,1.5093293320664
2,28,2028,-0.933058900975909,2.31296873336676
2,29,2029,-1.69561639839377,2.10248505430132
2,30,2030,-1.59446913859172,2.16539936426171
2,31,2031,-1.00482896458389,1.64322677805895
2,32,2032,-0.950825065700302,1.93908581683988
2,33,2033,-0.867534849251401,1.8653122633723
2,34,2034,-2.31819551411213,2.78828566050812
2,35,2035,-2.00300667489267,2.07246239956051
2,36,2036,-1.58289058016517,1.96670074859354
2,37,2037,-1.36904906239744,2.04161720469731
2,38,2038,-1.26274879566614,2.14928471945999
2,39,2039,-1.13766738706545,2.59295350708283
2,40,2040,-1.3338993319364,2.38338063115682
2,41,2041,-1.73811890759811,1.82609838872889
2,42,2042,-2.94594958179707,1.8830952463457
2,43,2043,-2.93232180137702,2.24802669407207
2,44,2044,-2.83412811190021,2.534172595509
2,45,2045,-3.2161276387119,2.56062545581611
2,46,2046,-2.39095161529925,2.4092639080898
2,47,2047,-2.68075337505862,1.95345070183267
2,48,2048,-2.39970859146502,1.81087886476174
2,49,2049,-3.97774020693493,2.75129566072623
2,50,2050,-3.95339021226879,3.33755827958177
2,51,2051,-4.00986619988029,2.94304553501072
2,52,2052,-3.65638006284039,2.8398448846548
2,53,2053,-4.10828262871076,3.08414871247113
2,54,2054,-3.85433771798566,2.77603946049704
2,55,2055,-3.50377186088445,2.61503222925488
2,56,2056,-3.52681741640611,2.71218058155981
2,57,2057,-3.48332576055887,2.20707855006147
2,58,2058,-2.874999988559,3.10561572114908
2,59,2059,-2.8453221981809,2.21165604876887
2,60,2060,-2.50801825448099,2.32460357819242
2,61,2061,-2.00378243626334,2.2169590809597
2,62,2062,-2.51336165309428,1.88888602289973
2,63,2063,-2.6828167446743,1.98650659736147
2,64,2064,-2.0628430506004,1.38058663742104
2,65,2065,-1.80126197228871,1.18550542997884
2,66,2066,-1.78698103822822,2.24588985454625
2,67,2067,-1.58968388255985,1.73857853880192
2,68,2068,-1.64165955487183,1.30951503740547
2,69,2069,-2.24800376461706,2.1646925889149
2,70,2070,-2.05785879638093,1.71247116990409
2,71,2071,-1.50712249309063,1.26400570160507
2,72,2072,-1.49095989841129,1.20674375874641
2,73,2073,-2.11587799743267,1.7329583161869
2,74,2074,-2.2666771170772,1.66930910585723
2,75,2075,-2.47228653506939,2.10625843055953
2,76,2076,-2.8405340559375,2.15418346875826
2,77,2077,-2.5989343221369,2.51293321626932
2,78,2078,-2.13318667705899,1.82202472905
2,79,2079,-2.04929332179845,1.89385931160554
2,80,2080,-2.10001196342364,2.47871961856454
2,81,2081,-1.97191752443206,2.21159949775861
2,82,2082,-2.21500058864006,1.96702426742929
2,83,2083,-2.19968531133283,1.90048283711695
2,84,2084,-2.63895869524338,1.70202178693312
2,85,2085,-1.72957064287889,1.37727337873
2,86,2086,-1.46254437540569,1.38427779575165
2,87,2087,-3.29702338176452,1.48714416726457
2,88,2088,-3.29972189598593,1.42389006219747
2,89,2089,-1.83230968773099,1.55631390186984
2,90,2090,-1.67226558258305,1.18290924773223
2,91,2091,-1.64599798517508,1.21240278605392
2,92,2092,-2.16452855987955,1.37745523801934
2,93,2093,-1.43540288676918,1.02457352020031
2,94,2094,-1.033560252116,0.72725148010927
2,95,2095,-1.47951385009086,0.8360757397043
2,96,2096,-1.78781335138662,0.827601777716983
2,97,2097,-1.76003587706042,1.01607215417084
2,98,2098,-0.608016076003893,0.438462543829884
2,99,2099,-0.715782901890759,1.55460310875804
2,100,2100,-1.89024033239002,1.53897673110423
2,101,2101,-1.66039768537875,1.78331317035277
2,102,2102,-1.42914218305018,1.50902558898165
2,103,2103,-2.51279280075641,2.98549251553441
2,104,2104,-2.63159021923312,2.22911822992284
2,105,2105,-2.62764876199761,2.16185361685613
2,106,2106,-2.10821829752003,1.64074806842904
2,107,2107,-2.8837931818086,1.91152646615942
2,108,2108,-2.50661931107453,1.696645922651
2,109,2109,-1.66260793453097,1.87942299853304
2,110,2110,-1.61838811856842,1.96341289414248
2,111,2111,-1.10969983685008,1.35106531886791
2,112,2112,-2.37788448587317,1.55296128771561
2,113,2113,-1.43660695000687,0.963916910832801
2,114,2114,-1.42193954390733,1.10822449227182
2,115,2115,-2.34257188107475,1.66252441256067
2,116,2116,-1.75598476425729,1.67010996142421
2,117,2117,-2.27915030595142,1.8693752203395
2,118,2118,-1.60741864354352,1.33534959109851
2,119,2119,-1.64275445346736,1.59367712672192
2,120,2120,-1.86820739757236,1.59175327394852
2,121,2121,-1.80143500534139,1.15496929705867
2,122,2122,-1.80469191185143,1.07062513247587
2,123,2123,-2.79863973839851,1.30634905300614
2,124,2124,-2.79980219632668,2.38554826802076
2,125,2125,-2.15212182811355,1.85634011231734
2,126,2126,-3.57455661929137,2.74742278946955
2,127,2127,-2.95558394161994,2.19921090410971
2,128,2128,-3.26293227356164,2.29838800351622
2,129,2129,-2.58069978676408,1.6707486057694
2,130,2130,-2.08293453355366,1.71564652679757
2,131,2131,-2.32202428301065,1.78642790618808
2,132,2132,-1.67516074383484,2.23587362401645
2,133,2133,-1.62857948538633,1.42313615825836
2,134,2134,-1.98857124117934,1.89849528639415
2,135,2135,-2.08266010776428,2.58042047898704
2,136,2136,-2.25264863536298,1.92889632262118
2,137,2137,-1.33264044626095,1.27614248385761
2,138,2138,-2.58472849132673,1.44819288698387
2,139,2139,-2.25548968666762,1.58047770470076
2,140,2140,-2.48149306918609,1.95096862064166
2,141,2141,-1.91056641750575,1.92243501545537
2,142,2142,-1.88055034906341,1.28534268711013
2,143,2143,-1.27382992105346,1.58460149126141
2,144,2144,-2.11535291235904,1.44005732152519
2,145,2145,-1.86168251059708,1.60659058053196
2,146,2146,-1.60640244755377,2.73331807637052
2,147,2147,-2.71549936184643,1.96399744771037
2,148,2148,-2.24675150305248,2.20645044926422
2,149,2149,-2.42050921175609,2.09637189345868
2,150,2150,-1.98595838509635,1.7688539239204
2,151,2151,-2.64374442519946,3.20795741885038
2,152,2152,-2.24144951846787,3.04065273493496
2,153,2153,-1.81271029392882,1.57958140430946
2,154,2154,-2.68549804986477,2.16499397174022
2,155,2155,-2.38661499839535,2.17287074517555
2,156,2156,-2.88825536005192,1.38340765363017
2,157,2157,-3.06567453439318,1.53970740291276
2,158,2158,-2.99797913765241,1.58333781779018
2,159,2159,-2.71441830789604,1.42058927587176
2,160,2160,-3.53344711687938,2.12381197542194
2,161,2161,-2.637712538276,2.27640578010063
2,162,2162,-2.48848575438798,1.58415488871971
2,163,2163,-3.14595125166518,2.55344349062262
2,164,2164,-2.15873709070326,2.05445406592726
2,165,2165,-2.2655944378574,1.79295289862168
2,166,2166,-2.86994813280164,2.08967401406967
2,167,2167,-3.20861498993969,2.06710979345567
2,168,2168,-2.52207480050836,1.2609725152429
2,169,2169,-2.46276111911046,1.32044021616583
2,170,2170,-3.39874376837016,1.38411493808089
2,171,2171,-1.65884320569439,3.01257806995939
2,172,2172,-1.25843453881109,1.75742284653104
2,173,2173,-1.84221408002375,1.55128956565045
2,174,2174,-1.89446168654029,1.59634060302019
2,175,2175,-1.96868594741509,1.28497421017319
2,176,2176,-1.82897221458448,0.97373754286602
2,177,2177,-1.74377240792489,1.07945156078599
2,178,2178,-2.76426063478845,2.07120608313702
2,179,2179,-2.67506375136724,2.15966228873909
2,180,2180,-2.88550042103398,2.29526117615115
2,181,2181,-3.05828111701117,2.7423249551134
2,182,2182,-2.21107902325891,1.91055091161273
2,183,2183,-2.21271561469254,1.72452348377558
2,184,2184,-2.18377651895317,2.53972871651134
2,185,2185,-2.09606081252485,2.6665116764112
2,186,2186,-1.75520563918034,2.55065594121543
2,187,2187,-1.54999566330501,2.35623404827598
2,188,2188,-1.7854327733834,3.17497654520115
2,189,2189,-2.36639452860372,1.60193956695232
2,190,2190,-1.66969612181423,2.43775408397368
2,191,2191,-2.38890625794319,1.81497159774116
2,192,2192,-1.50231812433581,1.19529339012937
2,193,2193,-1.817833848454,1.45539783946197
2,194,2194,-2.59908699772659,1.4350206027246
2,195,2195,-1.8256499599731,2.03244003372015
2,196,2196,-1.96232846498772,1.62495408298426
2,197,2197,-2.24522893071745,1.37440749758793
2,198,2198,-2.27058559647294,1.49086813863655
2,199,2199,-2.86449781149821,1.57627932175842
2,200,2200,-2.16470706613264,1.36370290031063
2,201,2201,-2.23461284357001,1.43550923551182
2,202,2202,-2.21822265664926,0.830054411909794
2,203,2203,-2.1132038649144,0.804995702359075
2,204,2204,-1.22709878372721,1.87318165441384
2,205,2205,-3.26978291242054,1.85357487585599
2,206,2206,-1.65420852008704,1.34631788406004
2,207,2207,-3.22816255906364,2.31277713600201
2,208,2208,-1.26333567268484,2.22856113418747
2,209,2209,-1.29416203934875,2.2493349345592
2,210,2210,-2.96526459678399,2.64803503389854
2,211,2211,-2.14605440856408,2.12501531227139
2,212,2212,-2.24424398332208,1.88644977889887
2,213,2213,-1.95566271060116,1.79686737035253
2,214,2214,-1.73475053557745,1.54765993487939
2,215,2215,-1.90622196048568,1.77384717341467
2,216,2216,-1.86849805858888,1.31223607931195
2,217,2217,-2.35374670632027,1.35502769220223
2,218,2218,-1.68121994875296,1.3600023030416
2,219,2219,-1.77772251887434,1.27978591854106
2,220,2220,-1.56710710506845,1.06619264815127
2,221,2221,-1.6980977858542,1.38840575259265
2,222,2222,-1.78454597534092,1.46336071493898
2,223,2223,-1.76438230085459,1.52906456625124
2,224,2224,-1.22387225440543,1.03634630747775
2,225,2225,-1.56113475159982,1.514473342377
2,226,2226,-0.39981161062995,1.72030203283881
2,227,2227,-1.31858971004831,1.63832496744984
2,228,2228,-2.229406732901,1.79098011670862
2,229,2229,-3.00600850886198,2.42216201512641
2,230,2230,-3.06322697749645,2.06078260665928
2,231,2231,-2.06435442163358,1.76777998751543
2,232,2232,-1.93708440337821,1.75834160620769
2,233,2233,-2.8482557215013,2.20917395601707
2,234,2234,-2.58708927953694,1.46694384223091
2,235,2235,-2.74172900543774,3.1642021903331
2,236,2236,-2.59665894379105,2.59709479445258
2,237,2237,-1.69967665877946,0.871049507433473
2,238,2238,-1.76842157246187,0.99515002134654
2,239,2239,-1.32293364983079,1.18940495881065
2,240,2240,-1.75163030188398,1.48060883897104
2,241,2241,-1.52922546104674,1.24453746318051
2,242,2242,-1.87083692573387,1.36139439416493
2,243,2243,-1.39995570684019,1.56308929325106
2,244,2244,-1.61245034496273,1.68826135182237
2,245,2245,-1.64136197584659,1.75597498731729
2,246,2246,-1.65961572658354,2.01439963920685
2,247,2247,-2.57443184128753,2.20459829150067
2,248,2248,-2.92304070682106,2.05597127456424
2,249,2249,-1.18723927741912,2.9279973377793
2,250,2250,-1.08754472399234,2.79132230953754
2,251,2251,-0.80728267871767,2.27570106389576
2,252,2252,-1.04428137972218,2.3009905920346
2,253,2253,-1.32545122654599,1.88334796437498
2,254,2254,-1.93036843832211,1.71386024951736
2,255,2255,-2.01215425885457,2.07598728669419
2,256,2256,-2.76609358900372,2.79239417226588
2,257,2257,-3.28004206278774,2.45020411743109
2,258,2258,-2.44899250302524,1.45837046338953
2,259,2259,-3.5907819439783,1.84093807527471
2,260,2260,-3.36307228834437,1.5390817055485
2,261,2261,-3.07946717398643,2.37594049294413
2,262,2262,-2.91321942862642,2.15852385206165
2,263,2263,-3.18340618385917,2.01738930084009
2,264,2264,-3.28843723205252,2.31696111399196
2,265,2265,-2.3516690896843,1.72176690905555
2,266,2266,-2.1712593567509,1.41533342873935
2,267,2267,-2.1926035221891,1.4383709647167
2,268,2268,-1.77633328178657,1.84851687728413
2,269,2269,-1.69734041829778,1.72822823660951
2,270,2270,-2.14027332648134,1.75167888524316
2,271,2271,-1.89218019679811,1.639543785172
2,272,2272,-2.11753437894855,1.92929376339112
2,273,2273,-2.0553720478693,1.39438924147537
2,274,2274,-1.2888132373116,1.74706584400287
2,275,2275,-1.95853745107142,1.78574012672473
2,276,2276,-3.17918860554647,2.00227870876749
2,277,2277,-3.42448276482772,2.82877345082108
2,278,2278,-2.3924733583241,2.12189409179695
2,279,2279,-2.22447474295283,2.39950031841914
2,280,2280,-1.63762183298927,3.55932436612834
2,281,2281,-1.81767527570054,3.08643453090827
2,282,2282,-0.911298546376389,2.27857669217139
2,283,2283,-0.829157062138319,2.62833230136929
2,284,2284,-1.20283998355287,1.88389070377633
2,285,2285,-1.81178201457705,1.7368013809724
2,286,2286,-1.52096385917006,1.21161803928949
2,287,2287,-1.22754379972113,1.85573694947052
2,288,2288,-1.38068171568447,1.75163723078805
2,289,2289,-1.32946467689029,1.61735929853965
2,290,2290,-1.23327819580235,1.85056768179881
2,291,2291,-1.10708845897736,2.03637123302634
2,292,2292,-1.19557391583423,2.38543846645827
2,293,2293,-1.48675550432675,3.3427385904096
2,294,2294,-2.48572203904834,1.62567730791659
2,295,2295,-2.54398036689657,1.91420316793751
2,296,2296,-1.77297854386343,1.57052330815888
2,297,2297,-1.97854384793408,1.67534862436619
2,298,2298,-2.40136425226343,1.6353126838183
2,299,2299,-2.29348800570522,1.54594117255361
2,300,2300,-2.00197380857663,1.79533975497549
2,301,2301,-1.95881206312955,1.57154934791039
2,302,2302,-2.19945243541611,2.16078077647466
2,303,2303,-1.33527351773702,1.47201506775101
2,304,2304,-1.41733947792808,1.44368542180769
2,305,2305,-1.1201396754521,1.63105496353109
2,306,2306,-1.27880863459848,1.39090989089124
2,307,2307,-1.99400353860583,1.90719583093385
2,308,2308,-1.23393772155488,1.89173828488589
2,309,2309,-2.16346575893057,2.5379535732931
2,310,2310,-1.40226401926762,2.01571745026316
2,311,2311,-2.94588150491205,1.89652999397811
2,312,2312,-1.85496916245692,2.18164995075564
2,313,2313,-2.02493528464484,2.06169691558745
2,314,2314,-2.66983890477608,2.36721665791562
2,315,2315,-2.38957011238453,1.87711620966316
2,316,2316,-2.5834768526117,1.88054152507834
2,317,2317,-2.17857715277601,1.73954080907643
2,318,2318,-2.4168381372847,2.23755709881846
2,319,2319,-3.77578546066285,2.77350662965817
2,320,2320,-3.17314342603139,2.76335928329286
2,321,2321,-2.0656291695784,1.98378341297088
2,322,2322,-2.49151740128731,3.32896975899433
2,323,2323,-1.01147096833563,2.03968065706091
2,324,2324,-1.74756074817086,2.22347434638304
2,325,2325,-2.49965244335249,1.67271087796145
2,326,2326,-2.69531999307134,2.87500241360933
2,327,2327,-2.40958451971735,2.89878156557298
2,328,2328,-1.97722943870724,1.83780716491915
2,329,2329,-1.72169202661435,1.99136672608497
2,330,2330,-1.29776681600383,1.53049239469853
2,331,2331,-1.74756111230672,1.82694388833447
2,332,2332,-1.72932740990522,1.91434512762442
2,333,2333,-2.66125722788902,2.62253155650717
2,334,2334,-2.8503161413596,2.69429003609202
2,335,2335,-2.36005683497662,2.03417420583541
2,336,2336,-1.87620518231278,1.8153221612512
2,337,2337,-1.69508747876505,2.36927386702048
2,338,2338,-1.72868785599885,2.01301197458822
2,339,2339,-1.41009609356543,1.6576709694726
2,340,2340,-2.1376354934731,1.65518242000518
2,341,2341,-3.09082933629354,2.36850727858032
2,342,2342,-3.37357302704735,2.324941375915
2,343,2343,-2.49244870076608,1.6947335273262
2,344,2344,-2.94434153483381,1.76281618321969
2,345,2345,-2.32767769304226,1.47872626294194
2,346,2346,-1.83897279266353,1.57869807697377
2,347,2347,-1.94332783257241,2.23922172770197
2,348,2348,-1.72311687895645,1.97452142941349
2,349,2349,-2.20674393242011,2.05283999494401
2,350,2350,-2.00453227434035,1.94648515045946
2,351,2351,-2.49245749808977,2.76588546566198
2,352,2352,-3.12465133755085,3.0317490081968
2,353,2353,-1.74641969849404,1.4646102632542
2,354,2354,-1.74785198611921,1.54933294597769
2,355,2355,-2.88993282773261,1.19328732917166
2,356,2356,-2.50094796804004,1.22166704781193
2,357,2357,-2.82416908810251,2.16602801757911
2,358,2358,-2.65710771280219,2.10058003838333
2,359,2359,-2.04619140208153,1.35127652459175
2,360,2360,-1.45891179436375,1.91907067802836
2,361,2361,-1.65113723709318,2.20710326737598
2,362,2362,-2.12661000760987,1.6095811503482
2,363,2363,-4.11974932460379,3.1179759291996
2,364,2364,-3.72132767566635,2.24035088124506
2,365,2365,-3.80342564954744,2.39772409624842
2,366,2366,-2.95298878766953,1.54662784106715
2,367,2367,-3.24002796446445,2.54520336730634
2,368,2368,-1.95275821961352,1.3833913409675
2,369,2369,-2.12253760142731,2.4066195320656
2,370,2370,-2.59908296262282,2.43401697710717
2,371,2371,-1.9025437000078,2.12134542203002
2,372,2372,-2.07265492348964,2.3218998590146
2,373,2373,-2.02682883598142,1.55755667268948
2,374,2374,-2.54400007487356,2.66005672882103
2,375,2375,-3.10942765632027,2.54041312096431
2,376,2376,-1.32676611271215,1.45605841735852
2,377,2377,-1.44870373283099,2.22058829339393
2,378,2378,-1.06136911333431,1.37777065800293
2,379,2379,-1.58207594457934,2.2826385947139
2,380,2380,-1.05198205493003,1.50821424746977
2,381,2381,-1.43471445290191,1.77175268010841
2,382,2382,-1.49061462597824,1.90798022556245
2,383,2383,-1.47563335061304,1.81449623684847
2,384,2384,-1.84773415182696,1.52317681238718
2,385,2385,-2.22219625501082,1.83090785459883
2,386,2386,-2.0356143033578,1.34892428123052
2,387,2387,-4.14921658926153,2.52447933416959
2,388,2388,-3.50368221681642,2.31206247725692
2,389,2389,-3.28424267628546,2.38807886527202
2,390,2390,-2.34818931001898,3.18406373467752
2,391,2391,-1.90579993680851,3.7212414821666
2,392,2392,-1.4290926105132,2.7095903333235
2,393,2393,-2.25396317355188,4.36791521242308
2,394,2394,-1.63006447903006,3.42559882173652
2,395,2395,-1.25398745180678,2.60754683786133
2,396,2396,-1.43418593620434,2.09048173877267
2,397,2397,-2.1330182767222,2.17755345677416
2,398,2398,-2.24555474522791,2.34392908825832
2,399,2399,-2.32194003650083,2.32867362202818
2,400,2400,-1.65064891031505,1.60613867353216
2,401,2401,-1.99081135052262,1.63360554459794
2,402,2402,-1.78538050599492,2.26100623139278
2,403,2403,-2.52369560816287,1.88964531637887
2,404,2404,-2.46990097195497,2.26180783062174
2,405,2405,-1.62562390653894,1.7788418721813
2,406,2406,-1.93729565605486,1.76615142596933
2,407,2407,-1.83281967261907,1.58895539839635
2,408,2408,-1.78057746992067,1.6971747847328
2,409,2409,-2.78841583944401,1.1083029489097
2,410,2410,-1.64684713632411,0.968734899592514
2,411,2411,-2.13457386527741,1.10687664971289
2,412,2412,-2.04579366445294,0.966907828693072
2,413,2413,-2.27598611200201,1.9380867287206
2,414,2414,-1.47249426167129,2.40025662270566
2,415,2415,-1.90992974612812,3.33432836552689
2,416,2416,-1.98716508271676,1.97967937712734
2,417,2417,-2.21753614120021,2.16751514191672
2,418,2418,-2.40079590192935,2.06025756213063
2,419,2419,-2.54173781956777,1.99059950422682
2,420,2420,-2.15879627513751,1.68964731684322
2,421,2421,-1.54244618233719,2.88833381101605
2,422,2422,-2.02909728690903,1.91754521386112
2,423,2423,-2.04501564708753,2.64219170592473
2,424,2424,-2.41326259748888,2.42083523338397
2,425,2425,-2.69955613317447,2.68736349224629
2,426,2426,-2.27247179256565,2.40512452947796
2,427,2427,-1.51006645477716,1.63283405596561
2,428,2428,-1.42447697357228,1.45007006425631
2,429,2429,-2.14811981253354,1.68652902638416
2,430,2430,-2.07038204414443,1.61864879378459
2,431,2431,-3.00108983942725,1.42841134567029
2,432,2432,-1.62207719619593,2.03843928562648
2,433,2433,-1.60862486576179,1.60275326775085
2,434,2434,-1.10833428824716,1.78710170540887
2,435,2435,-1.66478766810208,2.76715821482652
2,436,2436,-1.86656202998255,1.75635411048762
2,437,2437,-1.72956284622109,1.53157409254307
2,438,2438,-1.42885962685806,1.90739793259136
2,439,2439,-1.00221402604315,1.8959663065319
2,440,2440,-1.92943267813704,1.27375121976683
2,441,2441,-2.05609937872081,1.47366858857391
2,442,2442,-3.14184594898545,2.47076767393004
2,443,2443,-3.00664094694853,2.94268050861174
2,444,2444,-2.44957852956943,2.67442757478777
2,445,2445,-1.63448812844532,2.08675040143086
2,446,2446,-2.12478015016483,1.97015638375175
2,447,2447,-1.39106264278952,1.90507511770597
2,448,2448,-2.06433841567182,1.66848792031903
2,449,2449,-2.48385464262272,1.6284450689414
2,450,2450,-2.12283623907821,1.08570767949067
2,451,2451,-1.87762400999733,0.977262551144299
2,452,2452,-1.66733546191792,1.48507753963384
2,453,2453,-1.87907289950225,1.76225451290026
2,454,2454,-2.58433905782951,1.61192186894273
2,455,2455,-2.07176852837403,1.28329695873516
2,456,2456,-1.34788315668753,1.31522040320166
2,457,2457,-2.18259879727554,1.73014446378569
2,458,2458,-1.31218369587751,2.53674826679661
2,459,2459,-1.24515687109905,2.47634873792179
2,460,2460,-1.20863619227791,2.35133033662757
2,461,2461,-1.2277743890479,1.88919476569438
2,462,2462,-0.88312892439975,1.41023462865608
2,463,2463,-3.03600698138219,1.34044619615987
2,464,2464,-3.19284604279847,1.44617670827747
2,465,2465,-2.28360648418714,1.22832286721487
2,466,2466,-2.23410558905853,2.11699915167333
2,467,2467,-2.99333146234396,2.77595468970313
2,468,2468,-1.55813483252609,1.87549967157858
2,469,2469,-1.61239926339194,2.03583945149645
2,470,2470,-1.79728687832235,2.12473248370302
2,471,2471,-1.61067397986924,1.68264966560628
2,472,2472,-2.78060561783783,1.44805615670344
2,473,2473,-3.0771000435033,1.58867482002038
2,474,2474,-2.28260224657338,1.46387094593246
2,475,2475,-2.63393437568092,1.50183264681461
2,476,2476,-3.05656660652876,3.09967528778314
2,477,2477,-2.0895506861023,1.74503741686005
2,478,2478,-2.2992106090311,2.07699669540103
2,479,2479,-2.06294689983056,1.65836933273604
2,480,2480,-2.31151799493771,1.87765017669618
2,481,2481,-1.93774772984536,1.7936547896842
2,482,2482,-2.96319637788988,2.5778261473508
2,483,2483,-2.46232443000381,2.05435788581237
2,484,2484,-2.30581542933761,1.55610724940453
2,485,2485,-2.6353682897347,2.18426960354164
2,486,2486,-1.85290496389135,1.90300131181554
2,487,2487,-2.44012519571297,2.30359260534262
2,488,2488,-2.77310489775112,2.43180180356106
2,489,2489,-3.21551477430093,2.63413468342162
2,490,2490,-1.85254381633752,1.43405822248153
2,491,2491,-2.37754466407053,2.03859369365488
2,492,2492,-1.60275346315454,1.45135066634058
2,493,2493,-1.89582341881251,2.05540812728107
2,494,2494,-2.16866072185784,2.85977683500977
2,495,2495,-1.54221376069796,1.95691197474075
2,496,2496,-3.00233301577329,2.02880318441287
2,497,2497,-2.91084161889077,2.02036547084888
2,498,2498,-2.8967252506217,2.77341559845191
2,499,2499,-2.02777461588737,2.04155248850998
2,500,2500,-1.99499541129423,1.77502745584849
2,501,2501,-1.39704930292437,1.04334675418674
2,502,2502,-2.09004964455156,2.78724215426556
2,503,2503,-1.18885146661447,1.68663853340293
2,504,2504,-1.49095229572426,2.03893581712211
2,505,2505,-1.60639888463683,3.18835068045659
2,506,2506,-2.23529105420935,1.9971087075052
2,507,2507,-2.73015541116247,2.5163400537409
2,508,2508,-2.53496625288231,2.12463972826799
2,509,2509,-1.75640267018679,2.53473280836199
2,510,2510,-1.19311118054718,2.25592973881312
2,511,2511,-1.33058296616756,1.98505883139258
2,512,2512,-1.27840256357274,2.35711213123936
2,513,2513,-1.67481631218895,2.05797817450682
2,514,2514,-1.41610899000911,1.95207453202272
2,515,2515,-1.70454962289126,2.17309868490463
2,516,2516,-2.1178118714921,4.29835955525252
2,517,2517,-2.62535983928006,3.22080242684496
2,518,2518,-0.920574507654331,1.81093888847123
2,519,2519,-1.34472252642707,2.9343948755346
2,520,2520,-1.21395847001383,2.39083747782732
2,521,2521,-1.59341185391521,1.43742087404743
2,522,2522,-1.38581327490563,1.31032071610193
2,523,2523,-1.34920933909559,1.35843679480874
2,524,2524,-1.8791039876397,1.67005577820364
2,525,2525,-1.493645940711,1.5679779717722
2,526,2526,-1.81584323521666,1.56317427199872
2,527,2527,-2.37153028587452,1.94159038075397
2,528,2528,-2.7695151543373,1.94132728358579
2,529,2529,-2.87623041007258,2.06772486887905
2,530,2530,-1.60685005178711,1.90622428096532
2,531,2531,-1.35330142137177,1.8475323473577
2,532,2532,-2.87191056087613,1.9502863403907
2,533,2533,-2.35794695067849,1.34511192123889
2,534,2534,-1.87679455856956,1.08473616976387
2,535,2535,-1.61379280696044,1.20333725877607
2,536,2536,-2.6270089178551,1.97774406803605
2,537,2537,-2.0873941353703,1.48300265193668
2,538,2538,-2.10140714666941,1.49920581822672
2,539,2539,-1.43018240381867,2.19202682387479
2,540,2540,-1.44929785483716,1.49707979145758
2,541,2541,-1.55275650236628,1.36528188905461
2,542,2542,-2.9510880980901,1.91760925765794
2,543,2543,-2.47777714177893,1.53829136328036
2,544,2544,-3.74373802143998,2.59146261475344
2,545,2545,-2.13648893223133,1.66241725423946
2,546,2546,-1.77789034626932,1.18241931341037
2,547,2547,-1.83792904757056,1.24749410912152
2,548,2548,-1.5334900327337,1.28111317783416
2,549,2549,-1.62338151474982,0.920676846207122
2,550,2550,-1.69392657974194,0.984053600546998
2,551,2551,-1.60894312183141,1.03766791099997
2,552,2552,-1.50404372400902,0.984962937933033
2,553,2553,-2.04181694785571,0.920409467381816
2,554,2554,-1.82362715538374,0.828877739674815
2,555,2555,-2.17623024086318,0.793816350940067
2,556,2556,-2.03207058226728,0.772545854288532
2,557,2557,-1.64249150214694,0.749331610288617
2,558,2558,-2.08930309341122,1.99526659704799
2,559,2559,-2.49165653251336,2.0309042374547
2,560,2560,-2.39319580202587,1.40395779247716
2,561,2561,-2.04992967963144,1.44980233010398
2,562,2562,-1.43785524182852,1.60676852238994
2,563,2563,-1.44437122976496,1.46587803437361
2,564,2564,-1.37280098811823,1.66997855043809
2,565,2565,-1.402078405289,1.54941204977271
2,566,2566,-1.79323958396022,2.01813507635914
2,567,2567,-1.53820816796267,1.42176101522142
2,568,2568,-2.23290269278626,1.75611781058875
2,569,2569,-2.19275312010877,1.8574134498094
2,570,2570,-2.35618031148987,1.96092127378419
2,571,2571,-2.00738323835753,1.92093953404897
2,572,2572,-1.78330500400972,1.84421036177157
2,573,2573,-1.81989821685922,1.48473752495618
2,574,2574,-1.98650926388891,1.54284554091242
2,575,2575,-1.47850158520777,1.57451372207908
2,576,2576,-2.34621351059565,1.48865336308799
2,577,2577,-3.41855790791801,2.91777617115043
2,578,2578,-1.23068922872232,2.36930232101582
2,579,2579,-1.51412462712446,2.60467022554268
2,580,2580,-1.17805314929068,3.46993485867729
2,581,2581,-2.02422061220833,2.50480720940531
2,582,2582,-1.91380098725476,2.46164190381616
2,583,2583,-2.18908607792725,2.78268740102978
2,584,2584,-2.58211350776746,2.54682562149671
2,585,2585,-2.56206951624987,1.72954693090569
2,586,2586,-2.57683680743167,1.76650011699908
2,587,2587,-2.77064908986863,1.76701065959721
2,588,2588,-1.05311112728969,2.51258771389375
2,589,2589,-1.14441823784885,1.86419120554227
2,590,2590,-1.19782673836702,2.30912235769131
2,591,2591,-1.48069394763056,1.62407009717449
2,592,2592,-1.89214054384945,2.11393005274508
2,593,2593,-1.90707221145172,2.11866879407437
2,594,2594,-1.27590922769361,1.63884881815484
2,595,2595,-2.38264879242784,1.61321129374686
2,596,2596,-2.07372533332865,1.60671467550813
2,597,2597,-2.19754599366471,2.63026616277707
2,598,2598,-2.37051981181675,2.60583989134369
2,599,2599,-2.05661019384208,2.52568420765202
2,600,2600,-2.05530279446337,2.49038588671713
2,601,2601,-1.30320363994569,1.63504344141914
2,602,2602,-2.26114291352665,1.83364339513885
2,603,2603,-1.51936820320601,1.37862134532054
2,604,2604,-2.90104992513716,2.43427543408532
2,605,2605,-3.32579739589427,3.1362851322903
2,606,2606,-2.08268573175262,2.35445046815516
2,607,2607,-1.81940009215181,2.14393000884187
2,608,2608,-2.37139161942787,2.52778190587722
2,609,2609,-2.65905568721953,2.92250651733176
2,610,2610,-2.54672908036923,4.51854605414425
2,611,2611,-2.53069087394405,3.99927920455639
2,612,2612,-2.08113157293064,2.93273433048456
2,613,2613,-1.50363472705711,2.62564582663022
2,614,2614,-1.77419287710358,2.14102963321644
2,615,2615,-1.5863363984499,1.90502474568523
2,616,2616,-1.66858135193971,1.74691668311783
2,617,2617,-2.41446160112194,1.90409238181191
2,618,2618,-1.78882101341526,1.80456930791295
2,619,2619,-2.43735170826436,1.42135367041687
2,620,2620,-2.70234432245302,1.59302557397714
2,621,2621,-2.89140863326137,1.61054941189115
2,622,2622,-3.38946337936692,1.84276958415516
2,623,2623,-3.33763265913948,1.69749645838398
2,624,2624,-3.28563127810379,1.59541795370765
2,625,2625,-2.7952635268023,1.89957464764279
2,626,2626,-2.22621089454788,1.71774001181652
2,627,2627,-2.21608789310185,1.65795080566763
2,628,2628,-2.85172346458224,1.6207917528397
2,629,2629,-2.95039558230546,1.49191855339795
2,630,2630,-2.79234439311585,1.7096804062125
2,631,2631,-2.72048385897251,1.53387739545344
2,632,2632,-0.966673422660536,2.68066896012703
2,633,2633,-1.12588397276894,2.93066541742069
2,634,2634,-1.32763356595998,2.7430812676617
2,635,2635,-0.386240285073731,2.37216105601497
2,636,2636,-1.96916822573904,2.08368470652754
2,637,2637,-2.02028407838305,2.46297948378385
2,638,2638,-2.06556419718155,1.45915964065453
2,639,2639,-1.52054387567219,1.60917696354172
2,640,2640,-2.07708035577282,1.85243154373937
2,641,2641,-2.69810145774147,1.76128178083209
2,642,2642,-2.70462176975785,2.17113742634257
2,643,2643,-2.73087292795211,1.67850053090456
2,644,2644,-2.43684999009742,1.42511311303567
2,645,2645,-2.27338523834875,1.67858120782876
2,646,2646,-1.86729347623023,1.20001063035151
2,647,2647,-2.31365676247579,1.37808327054377
2,648,2648,-2.35989385905462,1.34802990695908
2,649,2649,-2.2663030134452,1.32865595180508
2,650,2650,-2.82442355167828,1.3092312234842
2,651,2651,-1.24342555900124,2.31164103026435
2,652,2652,-0.947261300574082,2.2100200308087
2,653,2653,-1.98130865434461,2.01768009858968
2,654,2654,-1.6505221193881,1.73785340913014
2,655,2655,-1.91403452358903,1.44393335485432
2,656,2656,-2.74906792132427,1.79627682752402
2,657,2657,-1.61412307682749,1.4496525174729
2,658,2658,-1.45512758316446,2.07648530366806
2,659,2659,-1.93053393164004,2.50711862852514
2,660,2660,-2.3210191918044,2.24402390902631
2,661,2661,-1.58284382545172,1.44760372090112
2,662,2662,-1.46838475959323,1.31532817684194
2,663,2663,-2.32848076639805,1.77774580625142
2,664,2664,-2.58823560674639,1.76814041557705
2,665,2665,-3.2856660845999,2.11521056677501
2,666,2666,-3.20527889806222,1.72591864758681
2,667,2667,-3.37869345662843,2.27482843882015
2,668,2668,-1.6786248763063,1.5593290190616
2,669,2669,-1.39955100755919,1.56026093409689
2,670,2670,-1.5649555628608,1.49320572536546
2,671,2671,-1.66768733162558,1.58984313080634
2,672,2672,-1.22925777738075,1.36133345892655
2,673,2673,-1.77039869531839,1.63270854190501
2,674,2674,-1.31496185746608,1.80457164244042
2,675,2675,-3.10503414588612,2.00625730489633
2,676,2676,-1.4777625054896,2.23092356997458
2,677,2677,-1.23941867705167,2.28298956433277
2,678,2678,-2.48610672789512,2.67900965554677
2,679,2679,-0.716423552498569,3.47881164043417
2,680,2680,-1.20381905859021,3.9794718883047
2,681,2681,-0.609843450378685,2.6169938243698
2,682,2682,-1.31635875164979,2.14077062592546
2,683,2683,-1.11429052760053,2.24804287112639
2,684,2684,-1.12806891666243,2.13210175849121
2,685,2685,-1.09439099812102,2.44550264095786
2,686,2686,-1.24553009568707,2.22686606278403
2,687,2687,-1.37734159671806,2.35962325901052
2,688,2688,-1.97922749766141,3.27016871144488
2,689,2689,-1.53902142301661,2.39996539077568
2,690,2690,-2.33259970234344,2.56155884585934
2,691,2691,-2.17334800034952,2.14515307560943
2,692,2692,-2.38617005420957,2.28326111979807
2,693,2693,-2.96512651098502,3.19965384563967
2,694,2694,-2.83225348703254,1.88884706454527
2,695,2695,-2.66896483203402,2.01450347723871
2,696,2696,-2.61776110732421,2.78411457732287
2,697,2697,-1.59125138050648,2.29191009497008
2,698,2698,-1.47180238697887,2.54918867976888
2,699,2699,-0.711542905325058,1.93923952043644
2,700,2700,-0.330759980935192,1.8267614335519
2,701,2701,-1.06271396265547,2.41543742389095
2,702,2702,-1.42013864766786,3.01031440917601
2,703,2703,-1.28331063876629,2.2730028404556
2,704,2704,-2.0597704839019,1.92335939158103
2,705,2705,-2.36497689448416,1.98758816487491
2,706,2706,-2.4615526773328,1.86489663406545
2,707,2707,-2.9952982443153,2.14464930359954
2,708,2708,-2.47460329116421,1.55645384855421
2,709,2709,-2.59363924280246,1.71269931273772
2,710,2710,-1.99689679102437,1.80154145825715
2,711,2711,-2.09184842165565,1.5606389448802
2,712,2712,-3.83719806110333,1.93340163707348
2,713,2713,-3.07101843053403,2.27087010275917
2,714,2714,-2.68242065920028,2.63079925231004
2,715,2715,-2.73525862215177,2.55555501559084
2,716,2716,-2.67930765671994,2.27028137961968
2,717,2717,-2.58648248508918,2.3073608014645
2,718,2718,-2.87239158563442,2.40894515508311
2,719,2719,-1.13194284518457,2.54633007874828
2,720,2720,-0.795732237561789,2.30291367241328
2,721,2721,-1.47174561244727,1.80136516249827
2,722,2722,-2.64196209453267,1.58065727303255
2,723,2723,-2.74402848472093,1.83089929476658
2,724,2724,-3.17318039969713,1.93393132540662
2,725,2725,-2.61984052242399,1.89330917718372
2,726,2726,-2.56140321888754,1.46625814903137
2,727,2727,-2.12398917978487,1.51643568284106
2,728,2728,-2.81179490886222,2.86432583423445
2,729,2729,-2.26780133994507,2.41823287238719
2,730,2730,-3.35141127719597,1.9910093680948
2,731,2731,-1.76275677612487,2.61067048686616
2,732,2732,-1.14861766920581,2.03530903243059
2,733,2733,-1.31234478787247,2.32170856630565
2,734,2734,-1.26429158922109,1.55735038315873
2,735,2735,-1.3259623394185,1.64874704361741
2,736,2736,-2.6236820845515,1.9116418508689
2,737,2737,-2.1094228398607,1.75234969532976
2,738,2738,-1.77964098663655,1.48658233458509
2,739,2739,-2.47324494499981,2.21627955544294
2,740,2740,-1.65634838159372,2.75252540442191
2,741,2741,-1.78598900995828,2.76081966160412
2,742,2742,-1.81045351326653,2.19906513854754
2,743,2743,-2.16699865093108,2.90338177935197
2,744,2744,-1.78594662169318,1.77766878003239
2,745,2745,-1.97018426167158,1.16033575218117
2,746,2746,-2.08257959151845,1.17875005623413
2,747,2747,-1.7616270952693,1.06545598822474
2,748,2748,-1.84541927914575,1.07468009153022
2,749,2749,-2.73401585610129,1.7649951675883
2,750,2750,-2.14375463489666,1.48927603985354
2,751,2751,-2.99549960854519,1.69131556822734
2,752,2752,-1.98656760823241,2.20736769396708
2,753,2753,-2.87938802806461,2.00806974190274
2,754,2754,-2.3628549888752,1.82534949100777
2,755,2755,-2.02760930816497,1.25463928248378
2,756,2756,-2.30167186460894,1.90240910459785
2,757,2757,-2.62216206771919,1.18744754622283
2,758,2758,-2.52438773867446,1.08947576360963
2,759,2759,-2.33206125653885,0.973311523404202
2,760,2760,-2.37852478253126,1.71279231571024
2,761,2761,-2.52822034329919,1.2959564848592
2,762,2762,-1.85258034950843,0.900620164779688
2,763,2763,-2.28359679118732,2.02900126474003
2,764,2764,-1.94280349384311,1.62200945962355
2,765,2765,-1.21202126790715,1.34833429336131
2,766,2766,-1.11536640915851,1.42080635050652
2,767,2767,-1.89118923894653,1.84503824227465
2,768,2768,-1.6525569026386,1.77549654790519
2,769,2769,-1.09779900472204,2.10318717175825
2,770,2770,-0.82716321397009,2.03016039166728
2,771,2771,-1.65042778141079,2.22997491553074
2,772,2772,-1.82985773958468,2.10942890091698
2,773,2773,-1.87258441695767,2.16471037784177
2,774,2774,-1.78736862730374,1.90117455622744
2,775,2775,-1.85548361738092,1.66236507573161
2,776,2776,-1.82446843524795,1.5554323007757
2,777,2777,-1.77768348678257,1.3649623951947
2,778,2778,-2.02594590862543,1.66070824582344
2,779,2779,-1.7267100483535,1.56748689822739
2,780,2780,-1.67435175293039,2.35523477565372
2,781,2781,-1.68918007295877,1.46901582111351
2,782,2782,-2.52303043415191,2.01448228438743
2,783,2783,-2.56120610601161,1.70443146545375
2,784,2784,-1.28819166294099,1.11282182046385
2,785,2785,-1.68688521686033,1.11802204736522
2,786,2786,-1.70510125347891,1.39528967328851
2,787,2787,-1.43416332648599,1.13250812386253
2,788,2788,-1.88225145862793,1.4430596297911
2,789,2789,-2.79126933252446,2.51038106917997
2,790,2790,-1.97381446053935,1.4997647080938
2,791,2791,-2.38361900126885,1.8482218092876
2,792,2792,-1.81896464932795,1.97464547094119
2,793,2793,-3.084723525067,2.02839988162965
2,794,2794,-1.90515866984567,2.3879418680171
2,795,2795,-1.57126263576883,2.43588602093288
2,796,2796,-2.15990106143447,2.243711806606
2,797,2797,-0.846031561590882,1.8784413896615
2,798,2798,-2.17762994732052,2.4258447762645
2,799,2799,-1.77664859094698,2.378305480617
2,800,2800,-1.84954120635881,1.49950667159213
2,801,2801,-1.41744443138833,1.67772643420703
2,802,2802,-3.29896319196622,4.38375819195628
2,803,2803,-3.01815236813092,3.8386616562619
2,804,2804,-3.13277746951735,4.28970581058551
2,805,2805,-3.082733191974,3.89378979795393
2,806,2806,-3.01622342687783,3.49307355490265
2,807,2807,-2.69989101012124,2.36044178745279
2,808,2808,-2.53646565260013,2.71939456139498
2,809,2809,-2.53320417544507,2.72074717064266
2,810,2810,-2.50567024543375,2.62280205867686
2,811,2811,-1.78347202988439,1.47768407292596
2,812,2812,-1.78244707507746,1.68615920215228
2,813,2813,-2.7552947132248,1.36817882618668
2,814,2814,-2.57017838458223,1.49973513256677
2,815,2815,-2.58778806252056,1.37056867535737
2,816,2816,-2.57284743996569,1.24403942149093
2,817,2817,-2.1597032860072,1.61428181355712
2,818,2818,-1.455663794814,1.53805016776435
2,819,2819,-1.55980119940823,1.32040541407178
2,820,2820,-2.34068472111677,2.22106220516373
2,821,2821,-1.23309280297855,1.98558871847213
2,822,2822,-2.44169336975859,1.79447644507319
2,823,2823,-1.97255300282553,1.39512410739064
2,824,2824,-1.18259345394747,1.84372713808747
2,825,2825,-2.2320406708238,1.93369799490235
2,826,2826,-2.31677653551746,1.94336873614466
2,827,2827,-2.0634980262636,1.87323216448259
2,828,2828,-3.20816760768694,2.47442162854604
2,829,2829,-1.3610512828047,1.66671984685811
2,830,2830,-2.47404091103697,2.42780810524813
2,831,2831,-2.21641977682622,1.49877731672207
2,832,2832,-3.11671264352965,1.61617119041576
2,833,2833,-1.43461264167511,1.52748482855871
2,834,2834,-2.9868647274824,2.16092029262205
2,835,2835,-2.29597595596082,2.05594918638596
2,836,2836,-1.89569477500011,1.55602652850541
2,837,2837,-2.39748579380101,1.80363568627769
2,838,2838,-1.28315883213783,1.27115214684569
2,839,2839,-1.90708558543466,2.24698893386757
2,840,2840,-1.85447434314071,2.22951929004384
2,841,2841,-1.85140353795345,1.4950186305218
2,842,2842,-2.24226253294953,1.59174242347847
2,843,2843,-2.49645487786658,1.94877077181162
2,844,2844,-3.0490872802884,2.5365576909636
2,845,2845,-1.31391272113934,1.63282875790417
2,846,2846,-2.19083482458385,1.55630289130355
2,847,2847,-1.99527142710697,1.32820316059367
2,848,2848,-2.34223498447649,0.939430105954747
2,849,2849,-2.22019613212117,0.970328679366956
2,850,2850,-2.75742898981916,1.37967802582654
2,851,2851,-1.04382244170234,0.950256567872849
2,852,2852,-2.07805114279144,2.08952175262694
2,853,2853,-1.50195196293853,2.47371521495376
2,854,2854,-2.10236222400963,2.52911366449991
2,855,2855,-0.0683000901028161,1.70902406736436
2,856,2856,-0.725074510016142,2.58470715689341
2,857,2857,-0.798580837965579,3.25924235619847
2,858,2858,-0.755254507825328,3.23368445262775
2,859,2859,-0.739755537955596,2.26463904353717
2,860,2860,-0.992332152359222,2.71310181311461
2,861,2861,-0.817864565547306,2.5050928529099
2,862,2862,-1.94182662797098,2.37308223632043
2,863,2863,-1.6831250250485,2.20959554586953
2,864,2864,-1.97708262693236,1.9820066927765
2,865,2865,-1.6791797617643,1.95537013769921
2,866,2866,-2.63974827079979,3.00868093381782
2,867,2867,-1.57538273817303,2.54082231026513
2,868,2868,-0.947638916054867,1.37464509125648
2,869,2869,-2.06758282146094,2.49272798586839
2,870,2870,-1.9256495535127,1.61187146601012
2,871,2871,-2.33539599249489,1.61560650241763
2,872,2872,-2.38567749749492,1.76705681863795
2,873,2873,-2.58378378281794,1.59156662635205
2,874,2874,-2.11683801950394,2.44143435033248
2,875,2875,-2.16274612776162,2.9022414915354
2,876,2876,-1.99692203017782,2.54555285281158
2,877,2877,-2.04121158807924,1.22892385111202
2,878,2878,-1.74723469360427,1.36998518269607
2,879,2879,-2.52772698472604,2.36002731758449
2,880,2880,-2.34529666216787,2.17530635293551
2,881,2881,-2.04956993484435,2.36083546598633
2,882,2882,-2.26567551328004,2.43911468989121
2,883,2883,-2.18370725189507,2.13851903689673
2,884,2884,-3.38399858741439,2.55995609874705
2,885,2885,-2.97339901241829,2.33030433127828
2,886,2886,-3.16010849520073,2.31284177022085
2,887,2887,-3.05297529241997,2.14381352482295
2,888,2888,-3.41508180814729,2.30067570775548
2,889,2889,-2.3772272984726,1.34604070802401
2,890,2890,-3.01609504279752,2.38984063362993
2,891,2891,-3.04119417416316,1.90810897400175
2,892,2892,-2.90570959512025,2.51244581484589
2,893,2893,-2.66702245109043,2.49883484259952
2,894,2894,-2.69086954053825,2.45739525827481
2,895,2895,-3.99168907832627,2.82790528945056
2,896,2896,-3.51842087177428,2.41573923133204
2,897,2897,-3.63436301131585,2.42522334552595
2,898,2898,-3.654439034757,2.29805534278977
2,899,2899,-2.89124068522841,1.89423782473722
2,900,2900,-2.69354931217261,1.60743305657034
2,901,2901,-2.93635777000927,1.49670749817114
2,902,2902,-2.25792872406385,1.50889678314349
2,903,2903,-2.3064076312144,1.37855332126302
2,904,2904,-3.00508423146104,1.89479580593348
2,905,2905,-2.5402340929859,1.77740064956133
2,906,2906,-3.56417842848408,2.44916156564468
2,907,2907,-2.77532435441727,1.61341066965057
2,908,2908,-3.06164898438893,1.68845232231905
2,909,2909,-1.94929544936188,1.24209562805619
2,910,2910,-2.43934064702031,1.31462428312129
2,911,2911,-1.95355145806722,0.860989600097899
2,912,2912,-2.55580258446997,1.23618550365547
2,913,2913,-2.75470887321287,1.75919140213275
2,914,2914,-2.88986503539426,1.58638954443242
2,915,2915,-0.933203893172755,3.09351792450792
2,916,2916,-1.37587153296704,1.91043531006137
2,917,2917,-1.2324507227873,2.32988698563782
2,918,2918,-2.34145115810476,2.01861376982708
2,919,2919,-3.02649009917257,2.00390431405891
2,920,2920,-2.47372562020094,1.90605810502907
2,921,2921,-3.45167542565339,3.32292674039237
2,922,2922,-2.07579219649554,1.28734607861982
2,923,2923,-1.7089404748248,1.21101212734044
2,924,2924,-0.606577907673152,1.19312988251697
2,925,2925,-0.746190132312375,1.34398436003741
2,926,2926,-1.03819945657045,1.49112258002177
2,927,2927,-0.726185640216709,1.29336572501295
2,928,2928,-1.67075011419715,1.26395881893581
2,929,2929,-1.54625188072029,1.11106977893726
2,930,2930,-2.05945865220936,1.82240660013525
2,931,2931,-2.00051310631035,1.87746662351604
2,932,2932,-1.88866002826427,1.85190612953071
2,933,2933,-1.96375873477423,1.83560546637159
2,934,2934,-2.21705310589114,1.79044412258948
2,935,2935,-1.87183089656796,1.48409646398088
2,936,2936,-2.30908064320528,1.80103316446679
2,937,2937,-2.32788885148094,2.82652088487151
2,938,2938,-2.80639163288941,2.00754559146041
2,939,2939,-2.37699227594987,2.20445691472881
2,940,2940,-2.3530896219058,2.18004547292751
2,941,2941,-1.88761075701975,2.16846762892447
2,942,2942,-1.7369177734825,2.15063501445709
2,943,2943,-1.78894847108504,1.94121958267359
2,944,2944,-2.61796505153647,2.64639712982418
2,945,2945,-1.98282786707505,3.32646073484349
2,946,2946,-1.37405813987088,1.81169204293037
2,947,2947,-1.48992205069747,1.47240197522409
2,948,2948,-1.00694319763182,2.20485624364686
2,949,2949,-0.938189236325157,1.91331784092587
2,950,2950,-1.55668582643026,1.93820859597599
2,951,2951,-2.01972650981487,1.39744619241006
2,952,2952,-1.96745953274886,1.56632640981381
2,953,2953,-2.43766130680565,2.0037989230403
2,954,2954,-1.83878766157351,2.10617210653747
2,955,2955,-2.64919564337919,3.44233884654304
2,956,2956,-2.30249942194003,2.83538091724507
2,957,2957,-2.12335013441227,2.45735661554643
2,958,2958,-2.21210896134116,2.11211699752493
2,959,2959,-1.99263836116035,1.93321398269265
2,960,2960,-2.08934137599846,2.12551526865805
2,961,2961,-1.40127800157394,2.05372591784057
2,962,2962,-2.09006753148452,2.9883893586722
2,963,2963,-2.15421680605773,2.48700727062246
2,964,2964,-1.30821801331858,1.87460311419286
2,965,2965,-1.68714844512551,1.78607464630394
2,966,2966,-1.58709799238314,1.63060417711368
2,967,2967,-2.6341326886858,2.42761232243609
2,968,2968,-2.87597922064096,2.60748397427636
2,969,2969,-1.37223673206643,1.80985332869764
2,970,2970,-2.398832946751,1.84260890433642
2,971,2971,-2.25451666378037,1.69164109496095
2,972,2972,-1.30551161273074,1.45051403981282
2,973,2973,-2.08515488893378,1.4399284009621
2,974,2974,-1.92858538717879,1.22078850017006
2,975,2975,-2.05289200290275,1.38997399663311
2,976,2976,-1.3408523454449,0.95405452812321
2,977,2977,-1.64009176556381,1.57386920630998
2,978,2978,-1.2454589393675,0.915188789259056
2,979,2979,-1.38648427545019,1.12416944800412
2,980,2980,-1.27647569118243,1.38091271137828
2,981,2981,-1.6048068359325,1.8049671257717
2,982,2982,-0.97872589636271,1.49114259658711
2,983,2983,-2.1803601458975,2.64229378776879
2,984,2984,-1.93826419349742,2.25777187939407
2,985,2985,-2.67871843931639,2.11823447014304
2,986,2986,-2.57554219094929,2.05171023673625
2,987,2987,-1.66213493818757,2.05475315675872
2,988,2988,-1.71404185532897,1.73516933681764
2,989,2989,-2.29878021597021,1.37247668837089
2,990,2990,-2.73001719906883,1.61808880038707
2,991,2991,-2.35503760414901,1.35286928387711
2,992,2992,-2.2861574181089,1.80444910927178
2,993,2993,-1.57150746768262,1.71491893005987
2,994,2994,-1.32798886144819,1.24670108668355
2,995,2995,-2.39141325240319,2.07867206484279
2,996,2996,-1.50364410603941,2.02489134524296
2,997,2997,-1.4535630843249,2.07295717709064
2,998,2998,-2.10004403572327,2.64695671878149
2,999,2999,-2.02992177353817,2.48492433273485
2,1000,3000,-2.16765858894346,1.51071460879833
2,1001,3001,-4.40529980268766,2.47431222602385
2,1002,3002,-3.22546924257762,2.14099481287231
2,1003,3003,-2.88050874380293,2.40688094951761
2,1004,3004,-3.44897638438915,2.3900052613296
2,1005,3005,-3.46406060051937,2.59780529115019
2,1006,3006,-3.05346965533505,2.02119283912431
2,1007,3007,-2.24376001727544,1.99843398437332
2,1008,3008,-2.31022088577122,1.6773030758074
2,1009,3009,-1.62373775451533,1.17727767135849
2,1010,3010,-1.50267920057763,1.04102134937484
2,1011,3011,-1.53970412371807,0.925360049384551
2,1012,3012,-1.62751977638749,1.30090290260028
2,1013,3013,-1.55407307483808,1.25469818626277
2,1014,3014,-1.59169289928743,1.20667273941188
2,1015,3015,-1.38084146375897,1.36673724717558
2,1016,3016,-2.39917938805779,1.47050526829662
2,1017,3017,-2.94302736855499,1.86192555322305
2,1018,3018,-2.12114109137365,1.87213140750152
2,1019,3019,-2.15069711362724,1.99812476319453
2,1020,3020,-2.00108336590266,1.98151227247924
2,1021,3021,-2.53159076142107,2.73085544136839
2,1022,3022,-2.52907156624384,2.77072240845355
2,1023,3023,-1.70677916845723,1.89161855481105
2,1024,3024,-0.934113767433042,1.83039483585436
2,1025,3025,-0.61691359408803,2.59506283542863
2,1026,3026,-1.04154858908555,1.93655283744543
2,1027,3027,-1.54341657161229,1.83595384921629
2,1028,3028,-1.36567576351675,1.79901033054138
2,1029,3029,-1.72353641620742,1.90568578098466
2,1030,3030,-1.70148473841861,1.90853858727754
2,1031,3031,-1.98557346721579,1.38200415423893
2,1032,3032,-1.62488378162317,1.54542110319231
2,1033,3033,-2.17681004892276,1.54061721758782
2,1034,3034,-2.11703057061486,1.67374207247781
2,1035,3035,-2.46923932902867,1.22912416142676
2,1036,3036,-2.94400350437852,1.84119190826782
2,1037,3037,-2.71670929569392,1.62709098742715
2,1038,3038,-2.95770631694398,1.9919824293719
2,1039,3039,-2.86286307471546,1.85082590810716
2,1040,3040,-3.18486979385209,2.31700078283448
2,1041,3041,-3.4615481383841,2.36042690799677
2,1042,3042,-2.71675336103465,2.60851002871756
2,1043,3043,-1.72260494267839,2.30422737716686
2,1044,3044,-1.75323050958887,2.14283615808752
2,1045,3045,-0.716822911338331,3.07782291506152
2,1046,3046,-1.41693119535041,1.21909800455664
2,1047,3047,-1.38427818669619,1.92247963822042
2,1048,3048,-1.66480581464119,1.91714527065218
2,1049,3049,-1.66951238522388,1.75037994344579
2,1050,3050,-1.98884003051483,1.78481129369302
2,1051,3051,-1.7539417528427,2.74135001754813
2,1052,3052,-1.99867190681865,2.19100217849644
2,1053,3053,-1.56328734090003,2.21428090502116
2,1054,3054,-2.78947312077486,2.58854952101953
2,1055,3055,-1.84249485872238,1.87066668783123
2,1056,3056,-2.78712384735847,2.06060455339706
2,1057,3057,-1.85436103785141,1.44760697795487
2,1058,3058,-3.4276752571136,1.78439127615106
2,1059,3059,-2.55100421907045,1.41375724363222
2,1060,3060,-2.43751800559252,1.42777400085782
2,1061,3061,-2.8092585156501,1.62903967318724
2,1062,3062,-2.22297603171236,1.46914296645635
2,1063,3063,-2.8040150960859,1.54839205490335
2,1064,3064,-1.75985481476526,1.83997860612411
2,1065,3065,-2.93590694783425,2.35016090488636
2,1066,3066,-2.76536881799441,2.67768654825176
2,1067,3067,-1.45959749828412,1.18007720238742
2,1068,3068,-2.20870374602722,1.40022813550741
2,1069,3069,-1.99459608670872,1.23559105623091
2,1070,3070,-2.30373464322473,1.65927770324723
2,1071,3071,-1.2914632523212,1.04255636836473
2,1072,3072,-1.96349991533529,1.42193921474677
2,1073,3073,-1.73672616272756,1.06360949541204
2,1074,3074,-2.27973155733941,1.21681489752393
2,1075,3075,-2.294058411792,1.20371967186827
2,1076,3076,-1.91130329387932,1.42307663658557
2,1077,3077,-2.37482310954699,2.34279498747525
2,1078,3078,-2.07055755684856,1.47290419744982
2,1079,3079,-2.20418183584179,1.63884866660604
2,1080,3080,-2.8239905633968,1.60483036630822
2,1081,3081,-2.60599607850746,1.54216031938016
2,1082,3082,-2.72826373499975,2.69185684037812
2,1083,3083,-2.36789364795803,2.48774727459111
2,1084,3084,-1.76136763189202,1.64423962663791
2,1085,3085,-2.0600300513515,1.5527111188805
2,1086,3086,-1.68451468423592,2.36719635780549
2,1087,3087,-1.5666737316543,1.98614065618576
2,1088,3088,-1.58641694304061,2.1919911016875
2,1089,3089,-1.83920897556612,1.75239566165887
2,1090,3090,-2.07517868670044,1.40480239782319
2,1091,3091,-1.88987623739601,1.45481956722073
2,1092,3092,-0.88945769791584,1.3948984306108
2,1093,3093,-1.25323848513963,1.35357476651362
2,1094,3094,-1.55144019385132,1.53196804326655
2,1095,3095,-1.60434148393337,1.86174308890857
2,1096,3096,-1.78668897703985,2.04746652604108
2,1097,3097,-2.28446792032437,1.68493302254617
2,1098,3098,-2.53688757248133,1.67403406072905
2,1099,3099,-2.14150559339284,1.65926381895303
2,1100,3100,-2.27845889912565,1.98093453272538
2,1101,3101,-1.7169381550427,1.39674267777032
2,1102,3102,-1.81764078445108,1.66477524171495
2,1103,3103,-2.49959345983661,2.24100735699561
2,1104,3104,-1.72568759569679,1.33732610445785
2,1105,3105,-2.4948818970752,1.8932899088727
2,1106,3106,-1.67187343824607,1.93239988970464
2,1107,3107,-1.54238060124696,1.95262787937382
2,1108,3108,-1.61912306697614,2.11595058384722
2,1109,3109,-1.50122576177835,1.28870428601578
2,1110,3110,-1.31225725897721,1.31257319596884
2,1111,3111,-1.96230087992955,1.80089812201299
2,1112,3112,-1.51310974315925,2.09525297497112
2,1113,3113,-1.63846327714486,2.2993704812292
2,1114,3114,-1.62948168281016,2.3856232755976
2,1115,3115,-2.04477733629517,2.19338694225459
2,1116,3116,-1.35195569166558,2.33332380169164
2,1117,3117,-1.51190018011025,1.54142286513091
2,1118,3118,-2.6045205173748,2.10661704474178
2,1119,3119,-3.22404470723173,2.48862314463796
2,1120,3120,-2.69663718210565,2.36600547324884
2,1121,3121,-3.35890676032707,2.30632345872796
2,1122,3122,-3.67909544966592,2.2660314119653
2,1123,3123,-2.46883170156608,1.62649707338551
2,1124,3124,-2.85055265244412,2.06366752382933
2,1125,3125,-1.63926926722318,1.25236424442167
2,1126,3126,-1.96882350610508,1.60337977235596
2,1127,3127,-1.77221128616672,1.57044151582648
2,1128,3128,-1.90494703600783,1.86789588095471
2,1129,3129,-1.87327706868683,1.7214783079357
2,1130,3130,-2.62389609679341,2.27533517503198
2,1131,3131,-2.3519578628647,3.02433973556094
2,1132,3132,-2.20265067974414,1.71745771688799
2,1133,3133,-2.37295476135061,1.66258585943024
2,1134,3134,-2.74077023514679,1.99739685342197
2,1135,3135,-1.73372315853609,2.44764495260555
2,1136,3136,-1.8666423109415,1.72379979519579
2,1137,3137,-1.90099072015375,1.8956997988392
2,1138,3138,-1.87064368752028,2.07260612465541
2,1139,3139,-2.00389455447544,1.65397910995871
2,1140,3140,-1.71087394673821,1.88249423040451
2,1141,3141,-1.5352050448925,1.69951454194247
2,1142,3142,-2.55755466463854,1.97422798467415
2,1143,3143,-2.31083172743323,1.52887655952758
2,1144,3144,-2.43811788287798,2.58521845231895
2,1145,3145,-2.76939439827073,3.27325638705583
2,1146,3146,-2.59283101446591,3.46603906185653
2,1147,3147,-1.49427911751989,1.89814679826034
2,1148,3148,-1.6600096101617,1.98784397273522
2,1149,3149,-1.87046396834767,1.81678149696015
2,1150,3150,-1.68597883639506,2.7305383628052
2,1151,3151,-2.37831988265068,1.83159020447956
2,1152,3152,-2.61466870838144,1.71124786861704
2,1153,3153,-2.86125050820732,1.91992527529268
2,1154,3154,-2.64444774252504,2.19967752736416
2,1155,3155,-1.63535050150993,3.44543990043143
2,1156,3156,-1.95823597873866,2.72924622679274
2,1157,3157,-3.20951227401785,1.75214729844019
2,1158,3158,-3.59976527384858,1.95257228569038
2,1159,3159,-3.24588462739792,1.85852152368642
2,1160,3160,-2.87108384221981,1.72485695987021
2,1161,3161,-2.08610204505183,1.88782896410819
2,1162,3162,-1.7500000210892,1.27961080910126
2,1163,3163,-1.85273960221752,1.34425461522893
2,1164,3164,-1.60873851618264,1.585901603085
2,1165,3165,-1.58776908531712,1.7637065247949
2,1166,3166,-1.60237164507814,1.79043546896097
2,1167,3167,-1.25697362903309,1.77959402198439
2,1168,3168,-2.07077585089448,2.32550553065859
2,1169,3169,-1.98632900262646,2.46964639805844
2,1170,3170,-2.7978274168794,2.7038189305071
2,1171,3171,-3.48944305044087,1.81634471144045
2,1172,3172,-3.63037482834122,2.12082187631735
2,1173,3173,-3.31721017756156,1.7078820970349
2,1174,3174,-4.64720877111922,2.28210187556529
2,1175,3175,-2.35775794893521,1.25770382289495
2,1176,3176,-2.38404803261471,1.2554573086705
2,1177,3177,-4.28814567393311,1.76366799605176
2,1178,3178,-2.65224321224276,1.77571722334162
2,1179,3179,-1.78416800765241,1.73560625510429
2,1180,3180,-1.99734989839524,2.1341445755493
2,1181,3181,-1.84663572801663,1.93827926856438
2,1182,3182,-2.44565377892796,1.95638971988526
2,1183,3183,-1.6707642122891,1.5534950485499
2,1184,3184,-2.35891507687741,2.01081428880575
2,1185,3185,-2.18187011793465,2.93700837087997
2,1186,3186,-2.42421479630381,2.27116053755848
2,1187,3187,-1.84921653089824,2.86576908377623
2,1188,3188,-2.13361038101806,3.09520216949904
2,1189,3189,-2.06659936391338,2.57308186589549
2,1190,3190,-2.27933278702397,2.49607640572347
2,1191,3191,-2.49071061103017,2.44202747996598
2,1192,3192,-1.43962235572362,1.64593388980014
2,1193,3193,-2.90244587340991,1.81716881728628
2,1194,3194,-2.02262207185847,1.80820857956954
2,1195,3195,-3.02434757388749,2.09657194469887
2,1196,3196,-2.79844921328446,2.21749574182803
2,1197,3197,-0.983893062765078,1.99103950815667
2,1198,3198,-2.13738943791339,2.29835293484529
2,1199,3199,-2.80290611789438,2.99511145411955
2,1200,3200,-2.55261273632057,2.92090488265311
2,1201,3201,-2.47132208604361,2.46499898990225
2,1202,3202,-2.61484401428665,2.4189038376151
2,1203,3203,-1.4254686420739,1.92811675869835
2,1204,3204,-1.50218641492483,2.57952289218653
2,1205,3205,-1.76512215492211,2.66958370954872
2,1206,3206,-1.60955673233057,2.42841412389732
2,1207,3207,-2.46737121151646,2.65326710490318
2,1208,3208,-2.47117330181205,2.50602418687474
2,1209,3209,-1.8805065963545,1.99017034178958
2,1210,3210,-1.94008582468496,2.10997022586941
2,1211,3211,-1.45875118701198,1.78285846391147
2,1212,3212,-1.7812770100509,1.69816364002722
2,1213,3213,-1.44597734099438,1.45552097453772
2,1214,3214,-2.27078526665424,2.03072338118673
2,1215,3215,-1.98618312969804,1.87693261948149
2,1216,3216,-2.70027789719129,1.88681088125983
2,1217,3217,-2.70995311515834,1.70275151086103
2,1218,3218,-3.08836097802994,1.76125277879639
2,1219,3219,-2.75165283067451,1.29974473395442
2,1220,3220,-2.68423937898439,1.18831887872196
2,1221,3221,-2.62977338647023,1.15452180783952
2,1222,3222,-2.18209864675201,1.40726190364387
2,1223,3223,-2.3309737896733,1.70365179593874
2,1224,3224,-2.18663208768234,1.37350274066426
2,1225,3225,-2.00581015753204,1.53961965106352
2,1226,3226,-1.60894902799957,1.45467841066023
2,1227,3227,-1.75909673815464,1.49798092926755
2,1228,3228,-1.60617670267546,1.54650050966166
2,1229,3229,-1.29323846780456,1.59154584069009
2,1230,3230,-2.45900100728174,1.79344434654762
2,1231,3231,-2.2283702857945,1.67577235258729
2,1232,3232,-2.03789750279299,1.59895907875531
2,1233,3233,-2.58161024987151,2.41144792156937
2,1234,3234,-2.03625457644096,2.63648024895058
2,1235,3235,-2.71139411114101,2.89441051265171
2,1236,3236,-1.36736458854277,1.30464597019419
2,1237,3237,-2.44717814076909,1.49106323745694
2,1238,3238,-2.06441760868014,1.76922635768822
2,1239,3239,-2.12530524603127,1.70723971805789
2,1240,3240,-2.20100404983595,2.45275462370661
2,1241,3241,-1.76742395405195,1.68636684843275
2,1242,3242,-1.55883223688029,1.54092417029677
2,1243,3243,-1.75039385604113,2.03645144288816
2,1244,3244,-1.7866168872479,1.74092673942653
2,1245,3245,-2.15453678659558,2.0134362220888
2,1246,3246,-1.88259633763051,1.39115032716334
2,1247,3247,-1.43629156486234,1.14450682851626
2,1248,3248,-2.72082953377597,2.52846199113439
2,1249,3249,-2.78365392622471,2.53841022958844
2,1250,3250,-3.42797820500127,2.59106823989485
2,1251,3251,-2.85309430466459,2.03324363061326
2,1252,3252,-2.37279448293298,2.01833663378094
2,1253,3253,-1.90353477836648,1.75931946619167
2,1254,3254,-1.53930240447888,1.0988469461806
2,1255,3255,-2.07844861479352,2.15598459004969
2,1256,3256,-1.52015758079163,1.54038864218153
2,1257,3257,-1.79826321112176,1.71525732525724
2,1258,3258,-1.27491254464612,1.53048345691865
2,1259,3259,-1.28256241876172,1.98158186508863
2,1260,3260,-3.47876861129638,1.80002634915773
2,1261,3261,-3.16447361527139,1.54073759544378
2,1262,3262,-2.94691698716705,1.58971902281406
2,1263,3263,-2.80753946124301,1.45264362057342
2,1264,3264,-2.03473265852864,1.99113157815283
2,1265,3265,-2.28667190023976,2.38091266707428
2,1266,3266,-2.57458202704365,2.51492176308521
2,1267,3267,-3.3070172637694,2.76436869988732
2,1268,3268,-2.16432337425545,2.70034390606351
2,1269,3269,-1.30296774258192,2.36463418704853
2,1270,3270,-1.72901800373012,1.96432172612252
2,1271,3271,-2.79661692977635,1.8155498734872
2,1272,3272,-2.3975603912721,1.55174293094708
2,1273,3273,-1.99220092172721,2.52996078935433
2,1274,3274,-1.23746035921118,2.0713107294438
2,1275,3275,-2.45166387033937,2.66859413338042
2,1276,3276,-0.72568127374933,2.13875237024137
2,1277,3277,-2.50195314505435,2.5023742915692
2,1278,3278,-2.21909286183289,1.57342543177027
2,1279,3279,-2.83336511411614,2.29024285223032
2,1280,3280,-1.83974931102434,1.29242895170276
2,1281,3281,-1.83792403883368,2.37227465329287
2,1282,3282,-1.68249570249579,2.50692086837575
2,1283,3283,-1.90297134059973,1.76480306284491
2,1284,3284,-2.0937507226881,1.83285582405954
2,1285,3285,-1.72624393312655,2.37510603302026
2,1286,3286,-1.37928123592072,1.58289678180884
2,1287,3287,-1.74502704557831,2.76925105407053
2,1288,3288,-2.01669030841974,2.7139139438035
2,1289,3289,-3.08590099019422,2.89248506410496
2,1290,3290,-1.75599029528479,1.32616545676471
2,1291,3291,-2.62434805947985,1.85377105809015
2,1292,3292,-2.14536050974236,1.37150934487236
2,1293,3293,-1.61212256161711,1.00392141896391
2,1294,3294,-1.60941146618348,1.00168504640654
2,1295,3295,-1.68529997004721,1.04800597246791
2,1296,3296,-1.83712588340097,1.58341000117259
2,1297,3297,-1.73403925844648,1.78155400392375
2,1298,3298,-2.08036654727612,1.59987997877628
2,1299,3299,-1.8001762846618,1.44059528144658
2,1300,3300,-2.23855360949779,2.44338054811607
2,1301,3301,-2.2285131611563,2.28695856635027
2,1302,3302,-1.34345682970208,1.92606790543791
2,1303,3303,-2.67416363147334,2.14314553311665
2,1304,3304,-2.78744213648862,2.63032571651473
2,1305,3305,-2.39871040135623,2.12088325424255
2,1306,3306,-1.89066893732907,1.90431458042297
2,1307,3307,-1.92077305194219,1.96796433730414
2,1308,3308,-2.63036910115248,2.83879111624029
2,1309,3309,-1.38841994210778,2.25471181404778
2,1310,3310,-1.2571924324571,1.47757069210375
2,1311,3311,-1.60515414935424,2.05266438955744
2,1312,3312,-2.02647515904034,2.21183632181038
2,1313,3313,-1.84415170445152,1.60657107416582
2,1314,3314,-2.13528322719774,1.70027942647969
2,1315,3315,-3.30889281069095,2.09664811854947
2,1316,3316,-2.94391200109381,1.82627182901465
2,1317,3317,-2.77749978309967,2.31182888141599
2,1318,3318,-2.55529004382082,1.40555651239077
2,1319,3319,-2.40166416281456,1.34202646763828
2,1320,3320,-2.4371862071203,1.29103669748736
2,1321,3321,-1.51067397732302,1.07675066328859
2,1322,3322,-2.42831120491459,1.41584370770347
2,1323,3323,-1.44684055640132,1.56590935851333
2,1324,3324,-1.45111123181795,2.30820302571226
2,1325,3325,-1.4923192990749,2.06709076037806
2,1326,3326,-0.82023421528002,2.96561279018252
2,1327,3327,-1.28122353817537,2.54696489886572
2,1328,3328,-1.64007925353452,1.90996357432104
2,1329,3329,-1.53461913186344,2.16160221756591
2,1330,3330,-1.9932429294013,1.96884815912481
2,1331,3331,-2.10283253274338,1.57447488889564
2,1332,3332,-2.37455581218537,3.02594143908524
2,1333,3333,-1.86764515799427,2.20144358753554
2,1334,3334,-2.30082599158739,1.81533070352248
2,1335,3335,-2.12631922648781,1.69194865125242
2,1336,3336,-2.12682114835243,2.44527184998747
2,1337,3337,-1.67643359181552,1.62288884930772
2,1338,3338,-1.57055006454222,1.58524190653412
2,1339,3339,-1.41618425474905,1.59020911598598
2,1340,3340,-1.7784639325469,1.71720595837823
2,1341,3341,-2.00703954157937,1.63688988517834
2,1342,3342,-1.58365368641662,1.52775340117531
2,1343,3343,-1.49467593439427,1.86779992031833
2,1344,3344,-1.44202405845745,2.1067483652069
2,1345,3345,-1.50304422461379,1.91164656459141
2,1346,3346,-1.92883035367743,2.65645906710896
2,1347,3347,-1.40093033289759,1.71012482551285
2,1348,3348,-1.2447307902207,1.61431146344396
2,1349,3349,-2.3784877146508,2.37005830926847
2,1350,3350,-2.70605224702878,1.7308014563184
2,1351,3351,-3.43448820791598,2.09768643312806
2,1352,3352,-1.39564156046568,1.99355746891808
2,1353,3353,-1.09567504892349,1.67867746343498
2,1354,3354,-1.61029181320844,1.93244980665473
2,1355,3355,-1.42316781021426,1.37478169341548
2,1356,3356,-2.40696629034331,1.56208433550768
2,1357,3357,-2.47932920319294,1.56630151115574
2,1358,3358,-2.02879382156879,2.20342825375986
2,1359,3359,-2.35100128564213,1.13150043141171
2,1360,3360,-2.09557349072153,1.0891476850846
2,1361,3361,-2.02560933159086,1.068993077674
2,1362,3362,-2.88567090924111,1.72719930871948
2,1363,3363,-2.52691552831781,1.85020750520854
2,1364,3364,-2.73349485276876,1.66318943141053
2,1365,3365,-2.93020153886988,2.21370385686406
2,1366,3366,-2.88975401000828,2.5291919186745
2,1367,3367,-2.030885391564,1.37884518206554
2,1368,3368,-0.997329361733943,2.09994122202759
2,1369,3369,-0.962143084509462,2.06604333367026
2,1370,3370,-2.00955918295413,2.60379389761503
2,1371,3371,-1.69466237550722,1.58831563138137
2,1372,3372,-2.81173282106224,2.3118945669655
2,1373,3373,-2.20441325590541,1.98319025684044
2,1374,3374,-2.20298821237645,2.21657383902793
2,1375,3375,-0.482886354107269,2.27483781701502
2,1376,3376,-1.1941459906096,2.24496064625773
2,1377,3377,-0.751203186946998,1.62643480944014
2,1378,3378,-1.63367003024634,1.7355735804809
2,1379,3379,-1.82440448814426,2.15338458516963
2,1380,3380,-2.53653833976168,1.93706757605983
2,1381,3381,-2.3570222561792,1.55288422883273
2,1382,3382,-2.47456433558237,1.69770608685129
2,1383,3383,-2.70398186765624,2.73516338981085
2,1384,3384,-3.48447407836424,2.73695612744808
2,1385,3385,-3.86977291395181,4.09063683357798
2,1386,3386,-3.72055006957172,3.35422869022132
2,1387,3387,-3.44968809907519,3.05754322779913
2,1388,3388,-1.39081126655868,2.33896254233836
2,1389,3389,-1.14826548367103,2.30021542410335
2,1390,3390,-1.87682718221976,2.55494522013354
2,1391,3391,-1.93781860945355,1.90847115469599
2,1392,3392,-1.84437390070146,1.9574541569164
2,1393,3393,-1.54306712450652,1.97612379156632
2,1394,3394,-3.434410254158,2.65057576518053
2,1395,3395,-2.90441731183219,2.74708437456016
2,1396,3396,-1.96467343986898,2.87009986896162
2,1397,3397,-1.36813581749738,1.85555602163424
2,1398,3398,-1.81307756672365,2.44410053106126
2,1399,3399,-1.65058102880588,2.31942690898356
2,1400,3400,-1.62622909549368,2.18365218673664
2,1401,3401,-2.78832187720395,2.12171171141581
2,1402,3402,-1.94298489699665,1.54534755986374
2,1403,3403,-2.25058079081303,1.64218402163109
2,1404,3404,-2.45092116525822,1.8382166552092
2,1405,3405,-1.72564032856987,1.38842975954663
2,1406,3406,-2.06676380892676,1.61613788373413
2,1407,3407,-1.62043892240906,2.78987645422654
2,1408,3408,-2.83147794698814,2.44557941146124
2,1409,3409,-3.18264229086861,2.63521126666855
2,1410,3410,-3.506588766186,2.50285861888641
2,1411,3411,-2.98935979365687,2.18063271214912
2,1412,3412,-2.55835133873477,1.96552053662711
2,1413,3413,-2.33231011599947,1.41634167193425
2,1414,3414,-1.8508638862991,1.80654996041111
2,1415,3415,-1.70028841754881,1.62535737582768
2,1416,3416,-2.54785040623305,1.7732191434854
2,1417,3417,-1.9336851683256,1.95886426038256
2,1418,3418,-2.58346242130298,2.52134639188943
2,1419,3419,-2.42033619278531,2.19498076018631
2,1420,3420,-2.35060035727703,1.43328927607939
2,1421,3421,-3.19522556100367,1.99259067465378
2,1422,3422,-2.66961973965334,2.1910946126815
2,1423,3423,-2.37774393057294,1.59972800807844
2,1424,3424,-2.76697366764549,1.83968429601037
2,1425,3425,-3.47893291688931,1.79630824262498
2,1426,3426,-3.18181650247899,1.83891876526863
2,1427,3427,-1.95649716658407,1.16698367417065
2,1428,3428,-1.32092014083981,1.62617538415423
2,1429,3429,-1.86292941259908,1.89111204760653
2,1430,3430,-1.80772707400986,2.95696292675674
2,1431,3431,-1.32103799959607,1.6771828136791
2,1432,3432,-1.30112638553392,1.65601014883544
2,1433,3433,-2.85352046045435,2.7707590298314
2,1434,3434,-2.94740144749655,1.79260223927671
2,1435,3435,-3.09181926937787,1.8197422486338
2,1436,3436,-2.07925620632813,2.41966954952708
2,1437,3437,-2.89993803900436,2.90755137476772
2,1438,3438,-1.99837492302969,3.22780990793046
2,1439,3439,-1.80414293252569,2.23041359620464
2,1440,3440,-2.06616041792416,2.44708029094289
2,1441,3441,-2.09120311946624,2.40864242660096
2,1442,3442,-3.04034665541842,1.86140098955581
2,1443,3443,-2.820048349378,1.57305384360032
2,1444,3444,-2.00033015949545,1.45694109863625
2,1445,3445,-2.08573006255875,2.56105767981649
2,1446,3446,-1.64551719519304,1.86144628878768
2,1447,3447,-1.51023987771031,1.65961409054525
2,1448,3448,-1.89788636399204,1.55419348588088
2,1449,3449,-2.23145261279801,2.1222116847506
2,1450,3450,-2.16079364496828,2.61454271154522
2,1451,3451,-2.2957268882915,3.28612522310245
2,1452,3452,-1.93865029864323,1.94910156227014
2,1453,3453,-2.16789750853333,1.514319427888
2,1454,3454,-2.14610138681231,1.49541829410196
2,1455,3455,-2.0809960042852,1.1766491543819
2,1456,3456,-2.01612727661734,1.46488267352071
2,1457,3457,-2.64717695449814,1.47291044633436
2,1458,3458,-2.20628676886754,1.48310251113966
2,1459,3459,-2.4369131831284,1.32122566558892
2,1460,3460,-3.36133808435904,1.2905903054691
2,1461,3461,-3.79702045407399,1.65601853706279
2,1462,3462,-2.59032276661672,2.15111970870047
2,1463,3463,-2.70727654022786,1.75903493812666
2,1464,3464,-2.04645902876982,1.98776697133927
2,1465,3465,-2.5590554524752,1.64398971525109
2,1466,3466,-2.32286999412436,2.01461338090906
2,1467,3467,-1.26454705696926,1.22324216417068
2,1468,3468,-2.08764335103191,1.39488827624048
2,1469,3469,-1.3797522102423,1.08731618215796
2,1470,3470,-1.68892512338547,1.51505317756759
2,1471,3471,-2.11832645763942,1.41881381859896
2,1472,3472,-2.09787200669313,1.37885653400054
2,1473,3473,-1.79370710259072,1.11042838952198
2,1474,3474,-2.00170992645227,1.37608256410098
2,1475,3475,-1.88398276759766,1.35462023481776
2,1476,3476,-1.53836778602509,1.66751922728628
2,1477,3477,-2.38795062659592,3.90719694960218
2,1478,3478,-2.36971225591187,1.6272048750362
2,1479,3479,-3.2377217794045,1.59064252699346
2,1480,3480,-3.56368454100844,1.90786393688062
2,1481,3481,-3.90310758729861,2.68509299987913
2,1482,3482,-3.86007407187839,2.61764999483073
2,1483,3483,-2.40861010440147,1.90219210029689
2,1484,3484,-2.6282154625075,2.09981530787753
2,1485,3485,-1.37165739615426,0.939695093735214
2,1486,3486,-2.05202536040052,1.32270282068118
2,1487,3487,-2.22182287324599,1.01940448248715
2,1488,3488,-2.07122153829084,1.08626567895596
2,1489,3489,-2.94020578836874,1.31764376520398
2,1490,3490,-1.34115125801082,1.07301202242272
2,1491,3491,-1.71267218375433,1.27539338483661
2,1492,3492,-1.82277612669814,2.24166555278439
2,1493,3493,-2.28872410443673,2.20153174905668
2,1494,3494,-2.522880621972,2.39870798514873
2,1495,3495,-2.93566165790648,2.55516514253213
2,1496,3496,-3.26418790970517,2.49988619471773
2,1497,3497,-2.26614505422505,2.8358040048059
2,1498,3498,-1.8931112407856,2.16695996634458
2,1499,3499,-1.9100342407747,2.13229634930358
2,1500,3500,-2.60402881442104,3.26154159016477
2,1501,3501,-2.08838218126046,2.34495219429179
2,1502,3502,-3.11518593058516,2.04563301932577
2,1503,3503,-1.75363147063339,1.27698737200212
2,1504,3504,-2.23176923690113,2.5496176343638
2,1505,3505,-2.27878686353943,1.79110867007726
2,1506,3506,-1.14221406419427,1.55404897207032
2,1507,3507,-1.07508452145043,1.45985328707555
2,1508,3508,-2.04338268923445,2.83454598065109
2,1509,3509,-2.11955216567358,1.79721452814714
2,1510,3510,-2.19336743443962,1.73083744252114
2,1511,3511,-1.57441637772533,1.93054213717926
2,1512,3512,-3.3812512731746,1.43643753235529
2,1513,3513,-2.32012081779694,1.36311395645043
2,1514,3514,-2.4663399113517,1.42885944916686
2,1515,3515,-1.63158793751129,1.2674040697821
2,1516,3516,-2.17511296669489,1.309086572639
2,1517,3517,-2.22323986838436,1.62735354717566
2,1518,3518,-2.03374682636533,1.33988067789705
2,1519,3519,-1.75389545154143,1.09539270986328
2,1520,3520,-1.52568202922486,1.73393619915955
2,1521,3521,-2.15512875102888,2.22558160202991
2,1522,3522,-1.92984916424635,1.45427125527946
2,1523,3523,-2.21269046681196,2.56129463974595
2,1524,3524,-2.23485330413704,2.83067475971579
2,1525,3525,-1.87094826650658,2.05277355072561
2,1526,3526,-2.05648003718851,2.89962564635095
2,1527,3527,-1.79895492872451,2.68477539234652
2,1528,3528,-2.9533319638563,1.62523584540808
2,1529,3529,-2.96865477630323,1.58866089795374
2,1530,3530,-1.64761133142104,0.937682110626226
2,1531,3531,-1.43768114222729,0.748359722057118
2,1532,3532,-1.24514622732003,1.21652172381632
2,1533,3533,-2.40846891581047,1.87849627348378
2,1534,3534,-1.96416549922813,2.71214185136583
2,1535,3535,-1.25130762370635,2.48826833315484
2,1536,3536,-1.95747594554029,3.19128703188111
2,1537,3537,-1.66528885930234,2.20056046519544
2,1538,3538,-1.90517210236362,2.11309806065124
2,1539,3539,-2.17846374977595,2.08397209712339
2,1540,3540,-2.30207795801944,1.46422024886186
2,1541,3541,-1.49771270421621,1.15916907642231
2,1542,3542,-1.16359516872886,1.09882478295156
2,1543,3543,-2.11764501889115,1.77424101334308
2,1544,3544,-1.59975169848784,1.97250868827472
2,1545,3545,-2.81961432776003,1.95444176912465
2,1546,3546,-3.08417349974169,1.81237631290851
2,1547,3547,-2.58392154405734,1.35651966333178
2,1548,3548,-2.45617436509889,1.39066894947127
2,1549,3549,-2.24371372735188,2.10326647228816
2,1550,3550,-1.45842199616872,1.47751838590461
2,1551,3551,-1.45249981171927,1.50010830285028
2,1552,3552,-1.46391621806332,1.40821098204201
2,1553,3553,-2.49049399296084,2.13656856037032
2,1554,3554,-1.78500988273716,1.57311430416592
2,1555,3555,-1.8102216122524,1.89235921507453
2,1556,3556,-1.87349948790941,2.17786498907894
2,1557,3557,-1.83959306412226,2.2562001424168
2,1558,3558,-1.43463165793375,2.18286522490736
2,1559,3559,-2.16348853905696,1.88130352437188
2,1560,3560,-2.18385330342862,1.54224741287371
2,1561,3561,-2.19767417845684,1.59829679329686
2,1562,3562,-2.4586137844087,2.41299614525792
2,1563,3563,-1.89826978561071,2.21394856663427
2,1564,3564,-1.33344281548867,2.12809697616127
2,1565,3565,-1.57960680720102,1.61298395154902
2,1566,3566,-1.47070300079108,2.14261024114757
2,1567,3567,-2.21406098654056,2.1730119293699
2,1568,3568,-1.77174206216161,1.48275789979068
2,1569,3569,-1.83400140601739,1.79336154225274
2,1570,3570,-2.06415613882482,2.23191031779222
2,1571,3571,-3.00968583633732,1.82894452517849
2,1572,3572,-2.35334851662514,2.08124836462605
2,1573,3573,-2.36518365565443,1.62198241673049
2,1574,3574,-2.91470411684941,2.32074964556145
2,1575,3575,-1.97021111574012,2.5950857558407
2,1576,3576,-2.9566746526934,1.86761704170427
2,1577,3577,-2.18762770476387,1.27754815011315
2,1578,3578,-1.62022015828219,0.926468324342985
2,1579,3579,-2.26158555339064,1.5951254945429
2,1580,3580,-0.857570765858404,1.24672949276738
2,1581,3581,-1.67068163846666,1.42205896570423
2,1582,3582,-1.59716602551813,1.11401809259478
2,1583,3583,-2.55525945023885,1.34775579652109
2,1584,3584,-2.00592900837646,1.07185006517586
2,1585,3585,-3.00890650620816,1.71893499440835
2,1586,3586,-2.88279245709092,1.76698171768596
2,1587,3587,-1.96758630833117,1.56282677151968
2,1588,3588,-2.20620368941134,2.23837543671197
2,1589,3589,-2.9741715185284,1.64606210892464
2,1590,3590,-1.74288857438596,1.33039861166917
2,1591,3591,-1.23793872551075,0.93873612168218
2,1592,3592,-1.91902796629308,2.09510876616883
2,1593,3593,-1.6769446268015,1.78566767373743
2,1594,3594,-1.75651332579535,3.19493551931876
2,1595,3595,-1.76314913583623,2.46462436500582
2,1596,3596,-2.80307013021588,1.97251722560242
2,1597,3597,-2.16539845584683,1.36472021262
2,1598,3598,-3.08727456993744,1.68357245766649
2,1599,3599,-1.91451116377013,1.25980236604165
2,1600,3600,-1.74306673108424,1.51944225192117
2,1601,3601,-2.34911021041941,1.46458605451987
2,1602,3602,-1.4753889343583,1.72494768042002
2,1603,3603,-2.21012360817304,2.04528249534787
2,1604,3604,-1.69093339510797,1.32809288109306
2,1605,3605,-2.10037314355499,1.80360531655911
2,1606,3606,-2.18234450234241,1.81804750789229
2,1607,3607,-2.57826625828157,1.52507067699012
2,1608,3608,-2.16290744197429,2.72792247126859
2,1609,3609,-1.74100726594671,2.26935694984413
2,1610,3610,-2.11851332039774,1.82512367569558
2,1611,3611,-2.53451578538983,2.14296917368352
2,1612,3612,-2.64124407626063,2.33428275655091
2,1613,3613,-1.71977780445313,1.72556916405749
2,1614,3614,-2.24574260582161,2.25954687670321
2,1615,3615,-2.19256764337595,2.00756999676067
2,1616,3616,-1.56906776676266,1.27384458700466
2,1617,3617,-2.73644525197756,2.98680166982409
2,1618,3618,-2.9038093046571,2.60868817496261
2,1619,3619,-2.02885796241238,3.29900669935871
2,1620,3620,-2.69710059939677,2.38228854709195
2,1621,3621,-3.35639378524124,2.10956900571324
2,1622,3622,-3.25823869364935,1.65436397312915
2,1623,3623,-3.2530221906883,1.86036071947356
2,1624,3624,-2.97842028486209,1.83521900165118
2,1625,3625,-2.10408097934621,1.39927424158677
2,1626,3626,-2.53815746120779,1.76420413835812
2,1627,3627,-1.36533206186346,1.21865087262128
2,1628,3628,-1.70429195851465,1.47453593966015
2,1629,3629,-1.03005144019233,1.2162058394308
2,1630,3630,-1.5858037404626,2.50377402331727
2,1631,3631,-1.81493316019702,2.35264368321465
2,1632,3632,-1.39194502387836,1.43775200416851
2,1633,3633,-1.51358286532697,1.45198129856172
2,1634,3634,-1.43935015447011,2.73285392913986
2,1635,3635,-1.23522268204125,1.52173858117792
2,1636,3636,-1.82437780254952,1.73907211454614
2,1637,3637,-1.74073969552509,1.63665854396617
2,1638,3638,-1.68110286019692,1.6959903255226
2,1639,3639,-1.75649693173846,3.57651638917868
2,1640,3640,-1.80132570166242,3.45706635005645
2,1641,3641,-1.47184274629851,2.3704763320754
2,1642,3642,-1.69214081097299,1.6054256166386
2,1643,3643,-2.2176171386053,2.51549148739779
2,1644,3644,-1.5181847523152,2.03719494859199
2,1645,3645,-1.57451245716257,2.0209248268831
2,1646,3646,-1.75698183157126,2.57131296411776
2,1647,3647,-2.23295634898012,2.30137183755769
2,1648,3648,-2.03427151921354,2.27994810774558
2,1649,3649,-2.54181992331906,2.24570536259723
2,1650,3650,-2.41870447216006,2.69489565239694
2,1651,3651,-2.55351847787576,2.64550906561399
2,1652,3652,-1.18934403624652,1.38413727872146
2,1653,3653,-1.46915249295744,2.23153871112079
2,1654,3654,-1.31650511706272,1.63543694101984
2,1655,3655,-1.27303294567156,2.27952291921473
2,1656,3656,-1.63778911460542,1.3819489572499
2,1657,3657,-2.61196142280016,2.40313596330016
2,1658,3658,-1.92814524798061,0.993664199284887
2,1659,3659,-1.64895908907708,0.895229095834924
2,1660,3660,-1.82149628352646,1.00936950148366
2,1661,3661,-2.90898371231831,1.54761090081915
2,1662,3662,-2.97310705857858,1.57578716235984
2,1663,3663,-3.53287894574513,1.69188053504533
2,1664,3664,-3.10795589711995,1.80235857583891
2,1665,3665,-3.25609917110027,1.87515258838351
2,1666,3666,-2.53576041925816,1.43440109914875
2,1667,3667,-2.38508053844626,1.05964848620839
2,1668,3668,-2.11055583280154,0.937986942059376
2,1669,3669,-2.15217128971246,1.08043184172343
2,1670,3670,-2.13777686131329,1.15849325131207
2,1671,3671,-2.35882544861945,1.24076641797354
2,1672,3672,-2.07027517958753,1.12861691073642
2,1673,3673,-2.07910014007032,1.12202053819949
2,1674,3674,-2.09253830689289,1.23872618321036
2,1675,3675,-2.5549939447044,1.4887558630147
2,1676,3676,-2.24941610511078,1.74632913177713
2,1677,3677,-3.19169899981693,2.45365547079253
2,1678,3678,-1.9216703995666,2.14808876203779
2,1679,3679,-1.70064834902104,2.00596272034983
2,1680,3680,-3.23152010485153,2.46838279264883
2,1681,3681,-3.56399674761858,3.13547588179377
2,1682,3682,-1.57308863062571,1.8248620986799
2,1683,3683,-1.66088024961529,1.96277236571302
2,1684,3684,-2.29065270470409,1.90029579275205
2,1685,3685,-2.73570255372107,2.04834808317477
2,1686,3686,-2.35648270950471,1.68061293322533
2,1687,3687,-1.86181333410802,1.64761208869921
2,1688,3688,-2.16971726038116,1.369762663605
2,1689,3689,-2.09362088521023,1.61495680539061
2,1690,3690,-2.35486103348742,1.48246084958857
2,1691,3691,-2.71278324008425,1.8837497099839
2,1692,3692,-2.56335774857046,1.62094884925344
2,1693,3693,-1.89736590223753,1.73176678523764
2,1694,3694,-1.69970187955426,1.72447177391549
2,1695,3695,-2.28971637932207,2.25112674615283
2,1696,3696,-2.81450404721779,2.21350870247248
2,1697,3697,-1.63943483192717,2.93738584020438
2,1698,3698,-1.46503031085924,2.24806119906842
2,1699,3699,-1.65973146535138,1.7030023264198
2,1700,3700,-1.61637158888553,1.39252459283207
2,1701,3701,-2.10141705600807,1.2053442181622
2,1702,3702,-2.67662706045651,1.70165790305805
2,1703,3703,-2.77616799682205,2.05844819758537
2,1704,3704,-2.67697646628931,2.1284099610039
2,1705,3705,-2.66385994179307,1.99413519127577
2,1706,3706,-2.12590387917519,1.45636495662698
2,1707,3707,-2.59641487843419,1.48619932118696
2,1708,3708,-2.50600061248653,1.33885770988586
2,1709,3709,-2.55444064249517,1.60607707124109
2,1710,3710,-3.33962210298659,1.71379054754228
2,1711,3711,-2.92280831659245,1.80162566603323
2,1712,3712,-2.25196197370812,1.37790866450118
2,1713,3713,-2.08451355559596,1.13867295453529
2,1714,3714,-1.72437719684278,1.00671945788635
2,1715,3715,-1.51799674487919,1.20075358934865
2,1716,3716,-1.92152230801364,1.6560573485052
2,1717,3717,-2.07720508467648,1.30501452834448
2,1718,3718,-1.87247162209761,1.70967139774432
2,1719,3719,-1.95664733169554,1.96779107963278
2,1720,3720,-2.17402125285733,1.61533894593552
2,1721,3721,-1.93570920538339,1.94747570794744
2,1722,3722,-1.60485948533849,1.57950466421943
2,1723,3723,-1.7762847583149,0.895317144782003
2,1724,3724,-1.89485794706572,1.02318242216371
2,1725,3725,-0.960174047722733,1.86953753045489
2,1726,3726,-1.40917887499081,2.26788318449666
2,1727,3727,-1.38224424474586,1.77458833206473
2,1728,3728,-1.76993924032239,1.67188713336655
2,1729,3729,-2.35942087124137,1.41120387240189
2,1730,3730,-2.52700549098959,1.50051102549486
2,1731,3731,-2.07019007066691,1.55646665055927
2,1732,3732,-1.55825246138419,1.39215201017264
2,1733,3733,-1.24046913595694,1.47263266297088
2,1734,3734,-1.05233249189121,1.59355680055458
2,1735,3735,-2.03043247911931,2.22500719002011
2,1736,3736,-1.80160860847684,1.01507079835216
2,1737,3737,-3.05417117696956,1.83800616309603
2,1738,3738,-2.97155701350165,2.32882138770411
2,1739,3739,-3.02579712280938,2.11255885670557
2,1740,3740,-2.83768767836583,2.18070514520464
2,1741,3741,-3.27531101929627,2.25708448565137
2,1742,3742,-1.66872887470404,2.54736196153231
2,1743,3743,-2.07348196098765,1.72124566947571
2,1744,3744,-2.36359015843122,1.55659724155483
2,1745,3745,-2.69391699157237,1.62214363953023
2,1746,3746,-2.27233519030464,2.13805949150451
2,1747,3747,-2.36980308660523,2.05738758678501
2,1748,3748,-2.77555701020266,2.19690543333724
2,1749,3749,-2.37730934048142,1.81143516005464
2,1750,3750,-2.19863796569398,1.36935883699817
2,1751,3751,-2.19016950173234,1.8120467381696
2,1752,3752,-2.63415646088524,1.93979993097693
2,1753,3753,-2.1204530157665,2.4056124047748
2,1754,3754,-1.81560638779184,0.957815835862982
2,1755,3755,-1.51889792646609,1.02323289716383
2,1756,3756,-1.20216383427796,1.26099265277896
2,1757,3757,-2.16726681728823,1.3841908535143
2,1758,3758,-2.04872017085973,1.37323462183953
2,1759,3759,-2.05424443473511,1.63269541508205
2,1760,3760,-1.70490789461093,1.5876763652927
2,1761,3761,-2.20555494913369,1.50847845138595
2,1762,3762,-1.31137173682633,1.42632088003688
2,1763,3763,-1.19427357682393,1.4176834745567
2,1764,3764,-1.33574515243933,3.54868628865801
2,1765,3765,-1.89198375471265,1.35999462339684
2,1766,3766,-2.18113467615584,1.52867611115164
2,1767,3767,-2.3724206334495,1.79408003096553
2,1768,3768,-2.75596953136579,1.68190736512449
2,1769,3769,-2.09157591543192,1.70728278681155
2,1770,3770,-2.21947725454139,1.09334943318655
2,1771,3771,-2.19673149633424,2.16283049928121
2,1772,3772,-2.81225526972164,2.12420698161104
2,1773,3773,-1.67757516789149,1.87808425358788
2,1774,3774,-1.15959392905474,1.45734114301576
2,1775,3775,-1.61757065684053,2.62710752461314
2,1776,3776,-1.77527819484407,2.45825028548242
2,1777,3777,-1.6016900639681,1.87204147044272
2,1778,3778,-1.3845018043239,1.7297685375079
2,1779,3779,-1.42789964808715,1.87834588733763
2,1780,3780,-1.24915119354856,1.93466013560627
2,1781,3781,-0.922597007370456,1.65088516489717
2,1782,3782,-1.0678571821305,1.68029841436355
2,1783,3783,-1.71775765046917,2.46572085744823
2,1784,3784,-1.41721418645036,2.52538130444803
2,1785,3785,-2.28723680754129,2.12658074405438
2,1786,3786,-3.053519918596,2.31537686620664
2,1787,3787,-2.46292413051908,2.23247740038074
2,1788,3788,-2.36611257486771,2.01504984939033
2,1789,3789,-1.28831523528224,1.12624842509019
2,1790,3790,-1.65643192192199,1.36262261226671
2,1791,3791,-2.0423064520079,1.41877611156771
2,1792,3792,-2.1768430903029,1.56727437385357
2,1793,3793,-2.17951171016622,1.55511342636175
2,1794,3794,-1.19750445198989,1.45800464958247
2,1795,3795,-1.34872267972093,1.60899316810414
2,1796,3796,-2.25479244456928,1.60750839867791
2,1797,3797,-1.09932291074308,1.40232265048957
2,1798,3798,-1.07487654666197,1.59840196290299
2,1799,3799,-2.25746208572551,3.20885071717142
2,1800,3800,-2.7509358965022,1.85443174375706
2,1801,3801,-2.91241201048266,2.17235830414342
2,1802,3802,-3.20172133575189,2.1344537859271
2,1803,3803,-4.59622921460034,2.26430520985731
2,1804,3804,-2.10187421722617,1.00256387597304
2,1805,3805,-2.36278191592851,1.25927591794286
2,1806,3806,-2.11128775457001,1.69925305510982
2,1807,3807,-1.84149721800953,1.96993180888424
2,1808,3808,-3.19925655590525,1.90464733660464
2,1809,3809,-2.15189173541654,1.68655275305361
2,1810,3810,-1.87858411097796,0.944343714809323
2,1811,3811,-2.68080213118236,1.54751193596067
2,1812,3812,-2.03821399495191,2.20215562302246
2,1813,3813,-1.73821894870301,1.31130904521254
2,1814,3814,-1.73461965366362,1.21084622014535
2,1815,3815,-2.06132554431755,1.38957378674724
2,1816,3816,-1.91215560845454,1.15733147608751
2,1817,3817,-1.68853055976868,1.50326146092496
2,1818,3818,-1.24195933452988,2.57532430665422
2,1819,3819,-1.71426717838505,1.72174628880523
2,1820,3820,-1.74033897286383,1.75249992132109
2,1821,3821,-2.00481383265484,1.93615257160397
2,1822,3822,-1.89047380508564,1.34913487911543
2,1823,3823,-1.79162473314284,1.28909701836178
2,1824,3824,-1.74060681527961,1.34251891613676
2,1825,3825,-1.5335546416515,1.4396736023656
2,1826,3826,-2.16413472318869,1.49692143552985
2,1827,3827,-2.28017806218003,2.6925080568258
2,1828,3828,-1.85639850300711,2.63472157916613
2,1829,3829,-3.17645317540844,2.631466852605
2,1830,3830,-2.60888236433482,1.96016640474422
2,1831,3831,-3.47299098691151,2.25990471542811
2,1832,3832,-2.12268334410692,2.93637360003328
2,1833,3833,-2.45412274731781,3.60809345866008
2,1834,3834,-2.39898026387816,3.49833386616713
2,1835,3835,-1.67523332344964,1.68082623820745
2,1836,3836,-2.40289798121305,2.18610417254343
2,1837,3837,-1.52233660580847,2.04658054104857
2,1838,3838,-1.93806016185122,2.78319608748278
2,1839,3839,-1.52503151674826,1.82749123521373
2,1840,3840,-3.50526837600269,1.99251630792562
2,1841,3841,-3.16762469250655,1.50221496948286
2,1842,3842,-2.64070895762641,1.19956306266461
2,1843,3843,-2.15819070071509,1.15592099959049
2,1844,3844,-2.00125364279681,1.58706731736929
2,1845,3845,-2.6671198623125,2.57954714004327
2,1846,3846,-2.57902521075767,2.17112954477804
2,1847,3847,-2.65991674378449,2.39916690898515
2,1848,3848,-2.82013012871105,2.80272775158378
2,1849,3849,-2.7268842884918,2.81349793238716
2,1850,3850,-1.95240516762014,1.59351021710382
2,1851,3851,-2.25415454557764,1.97886465563103
2,1852,3852,-1.35075625171029,1.90066446029953
2,1853,3853,-1.5680914959721,2.0837045287032
2,1854,3854,-0.353545917364507,2.59053431983508
2,1855,3855,-1.69217685066961,1.81085432017164
2,1856,3856,-1.79174003851445,1.74305158848438
2,1857,3857,-2.09986847015182,2.2639317773629
2,1858,3858,-1.48146544083496,1.83813467308228
2,1859,3859,-1.55890241744318,1.49553271521236
2,1860,3860,-1.69699763104193,1.73199502837137
2,1861,3861,-1.68731792580837,2.23311342488641
2,1862,3862,-1.6699771024319,1.99418900972243
2,1863,3863,-1.86618129086675,1.59432673902604
2,1864,3864,-2.11198090173876,1.36638467548856
2,1865,3865,-1.79161952215535,1.8027515996175
2,1866,3866,-2.56359714871098,1.44964499920695
2,1867,3867,-2.58841214537223,1.53635413234221
2,1868,3868,-1.92244609621427,1.48799572496702
2,1869,3869,-2.62434961451764,1.63065231146859
2,1870,3870,-2.20994612438783,1.85162332729159
2,1871,3871,-3.21709041850704,2.09849296933761
2,1872,3872,-1.67917160613736,1.19609330335784
2,1873,3873,-2.32390081758542,1.49947493710562
2,1874,3874,-2.03769579455082,1.51707701171297
2,1875,3875,-2.72845790181649,2.32452152074872
2,1876,3876,-2.59942565855744,2.14056060032867
2,1877,3877,-2.23287505450691,1.64315690959787
2,1878,3878,-2.58043230468816,1.7193240040075
2,1879,3879,-2.31621373615261,1.23662531961452
2,1880,3880,-2.08079056703769,1.54137432461647
2,1881,3881,-1.63479140277861,1.8557528380263
2,1882,3882,-1.18437996721388,2.09501582551762
2,1883,3883,-0.767643131514785,1.76270112100507
2,1884,3884,-0.662813526031992,1.84025240313922
2,1885,3885,-1.1768101622086,2.40605663628049
2,1886,3886,-1.7429841339855,2.25412941642593
2,1887,3887,-1.47530444748805,1.61481261137175
2,1888,3888,-1.65160388292421,1.54723502148074
2,1889,3889,-1.33577138899828,1.38683476977879
2,1890,3890,-1.32787510307432,1.36306435880835
2,1891,3891,-1.71602707277873,1.68828296958614
2,1892,3892,-1.73416456346774,1.41965687541837
2,1893,3893,-1.90083754337822,1.45457795682888
2,1894,3894,-1.04810849659167,2.62126253042899
2,1895,3895,-1.32407591670257,1.73407410138916
2,1896,3896,-2.23220515801963,2.16442733744609
2,1897,3897,-2.04017982087651,2.08303173956509
2,1898,3898,-2.54048132921347,1.99681860490523
2,1899,3899,-2.35282003363147,1.97638971198446
2,1900,3900,-1.75661355079294,1.30092402304122
2,1901,3901,-2.72302619890691,1.85376325407189
2,1902,3902,-1.84255182804683,1.66725776404797
2,1903,3903,-1.44180831934156,2.23577470966351
2,1904,3904,-1.66820605200882,2.47747575016657
2,1905,3905,-0.141213984020798,2.78161794058863
2,1906,3906,-0.555021468112781,4.80961894352765
2,1907,3907,-1.27934705220371,3.30163690876598
2,1908,3908,-1.49026717194408,3.03194354888526
2,1909,3909,-1.60058162425606,2.09539496034594
2,1910,3910,-2.01147683965953,2.17684445173986
2,1911,3911,-1.70205206954234,1.98110051803481
2,1912,3912,-1.20906323088831,2.00049835869904
2,1913,3913,-1.60682568101336,1.66828395512996
2,1914,3914,-2.78872736808279,1.77167568411016
2,1915,3915,-2.08051523451167,1.87190355767667
2,1916,3916,-2.26303143917852,1.69603816220016
2,1917,3917,-1.03600838357532,2.04978384218267
2,1918,3918,-1.31473016165636,1.70469257394041
2,1919,3919,-2.37936744784454,2.172696837644
2,1920,3920,-1.9402156803585,2.15646703354066
2,1921,3921,-1.39775078449633,2.24866890616873
2,1922,3922,-3.93640995343353,3.64313205473033
2,1923,3923,-3.03499285740572,3.5260084447179
2,1924,3924,-2.27133939234389,1.98813945074156
2,1925,3925,-2.02505107016645,1.92123865880513
2,1926,3926,-2.45657976379092,2.74550438509383
2,1927,3927,-1.82773996249579,2.18212995479032
2,1928,3928,-1.60311079373359,1.2070405248634
2,1929,3929,-2.00183433624477,1.54347127326078
2,1930,3930,-2.3619314639337,1.84051160686999
2,1931,3931,-1.65202411166026,1.58470008642141
2,1932,3932,-1.76647091690456,1.66564659738855
2,1933,3933,-1.9948909189388,2.31102144862709
2,1934,3934,-1.69848763887975,2.27014311603056
2,1935,3935,-1.90647280682453,2.24773854686022
2,1936,3936,-3.63702101862465,2.48266901263049
2,1937,3937,-3.23968330414999,1.99651270278622
2,1938,3938,-2.48587835630242,1.96478936248164
2,1939,3939,-1.7601932918551,3.31765948126061
2,1940,3940,-2.68273428253966,2.85225750577178
2,1941,3941,-2.41440936092946,2.33188408280006
2,1942,3942,-1.99208029523212,1.7318105696577
2,1943,3943,-2.37665833961634,2.42093571852267
2,1944,3944,-2.45272908937435,2.53214643903036
2,1945,3945,-2.35109429504308,2.33158052903594
2,1946,3946,-1.80386242250242,1.83046931687684
2,1947,3947,-1.89292861716264,2.0293910957502
2,1948,3948,-2.58460793577612,2.00994018380924
2,1949,3949,-2.57001671465521,1.48232968065187
2,1950,3950,-2.33672229906235,1.72672808297429
2,1951,3951,-1.74825089448192,1.69490626773395
2,1952,3952,-1.59388735237286,2.51603151755731
2,1953,3953,-2.55182312443635,1.89967033196467
2,1954,3954,-2.29111753809388,1.82740147788113
2,1955,3955,-3.07192193527243,2.18058535944123
2,1956,3956,-1.93651677282508,1.5690816936119
2,1957,3957,-1.99282163278054,2.16205521054176
2,1958,3958,-1.18718665206198,1.84745076872507
2,1959,3959,-1.50794304472246,1.81541977755914
2,1960,3960,-0.991927590693672,1.96620683317202
2,1961,3961,-1.98713399110409,2.81530715023861
2,1962,3962,-2.36538143096845,2.68766750653671
2,1963,3963,-3.23504484432306,2.49743121351134
2,1964,3964,-1.1322504051799,1.63207333781638
2,1965,3965,-1.1889091188552,1.60227327342245
2,1966,3966,-2.28891340290955,2.06467307342139
2,1967,3967,-1.4302961499825,1.53749941359385
2,1968,3968,-1.81727750246274,1.83409106509316
2,1969,3969,-1.54183987739329,1.4701009068871
2,1970,3970,-1.42946398600138,2.26197156386811
2,1971,3971,-1.70622511252606,1.72390018118436
2,1972,3972,-1.50744161825867,1.87798256466073
2,1973,3973,-1.66841429061128,1.20176994207837
2,1974,3974,-2.41641625231384,2.78924550023166
2,1975,3975,-1.72197419893482,2.3439621406767
2,1976,3976,-1.99527797399698,1.35118937735424
2,1977,3977,-1.78270439462207,1.33142808210846
2,1978,3978,-1.82577839303125,1.20657425020654
2,1979,3979,-2.4688202589616,1.61314314867756
2,1980,3980,-3.07773540498769,1.54738271284749
2,1981,3981,-2.94991793851063,2.24927916590215
2,1982,3982,-1.90976561206392,1.17998970997819
2,1983,3983,-2.73885281825946,1.94628674304678
2,1984,3984,-2.92055319096938,2.06710254469296
2,1985,3985,-1.9441978243564,1.84921228553446
2,1986,3986,-2.67879724589037,2.0322464886126
2,1987,3987,-1.48131913579218,1.5005265330127
2,1988,3988,-2.2591218789168,1.75259348364791
2,1989,3989,-2.27846188634081,1.92455748282466
2,1990,3990,-2.1117485015497,1.74998213213336
2,1991,3991,-2.98301444131675,3.50974777902701
2,1992,3992,-1.99274431542592,2.53107561421053
2,1993,3993,-1.77048404946564,1.72430754231602
2,1994,3994,-1.56780038218308,1.0316958965785
2,1995,3995,-1.98018218726742,2.2939112532255
2,1996,3996,-2.14893595833017,2.72398088680252
2,1997,3997,-2.58074364468297,3.38627351743508
2,1998,3998,-2.17475980529719,3.42118396527204
2,1999,3999,-2.91865079813875,2.73430281328661
2,2000,4000,-2.27661600947276,2.11648760235965
3,1,4001,-2.39724495409245,1.87181168174677
3,2,4002,-2.09467100011249,1.95495790966347
3,3,4003,-1.78760811833688,1.53174013581262
3,4,4004,-1.22652735674182,2.62678532115031
3,5,4005,-1.54688800078781,1.39066594108869
3,6,4006,-2.60335617485412,1.86912082217365
3,7,4007,-2.2308400899495,2.64721366148648
3,8,4008,-1.86252670058518,2.37222175347602
3,9,4009,-2.13477553626845,2.47788812598904
3,10,4010,-0.898569175290621,1.62631521315052
3,11,4011,-1.24880630261475,2.20757231447434
3,12,4012,-1.30252377905924,1.91223428465672
3,13,4013,-1.34317394279147,1.92966559162318
3,14,4014,-1.52543426910662,1.92757981330872
3,15,4015,-3.67552959118716,2.96903947371651
3,16,4016,-1.79867047872077,1.2732547165093
3,17,4017,-0.968468323994483,2.56121073998501
3,18,4018,-0.756174334788036,1.23065218493865
3,19,4019,-1.22380647531886,1.92273507700695
3,20,4020,-1.77920085886432,1.38288597431322
3,21,4021,-1.97090319424303,2.06559818317056
3,22,4022,-2.82880878151978,1.38795151990425
3,23,4023,-3.00626672933714,1.6092343873124
3,24,4024,-2.32512015617104,1.57759010419483
3,25,4025,-2.83382705183703,1.93403939324819
3,26,4026,-1.78815143112557,1.87474662157898
3,27,4027,-1.63367399141054,1.71754758002302
3,28,4028,-1.80436980728615,1.85050947137292
3,29,4029,-2.66577547236464,2.83141678548647
3,30,4030,-1.88921997087519,2.30904155527394
3,31,4031,-2.32101058251434,2.87109443629931
3,32,4032,-2.72287043087641,1.40374190540399
3,33,4033,-2.36283131510451,1.53718641278971
3,34,4034,-2.9505732728052,2.83088263223107
3,35,4035,-2.1284245476052,1.48061944662344
3,36,4036,-0.910117729506919,1.50228879284227
3,37,4037,-0.985517173447033,2.35322625258512
3,38,4038,-1.47881576975845,1.64539928894818
3,39,4039,-1.66528825124673,1.89500722486657
3,40,4040,-0.870666005872365,1.89782641494443
3,41,4041,-1.81001554874805,3.15300338227646
3,42,4042,-1.65568074123618,2.74189861450226
3,43,4043,-1.89999929830088,1.56664868604024
3,44,4044,-2.15053089996034,1.70257202936921
3,45,4045,-2.28645951996944,1.36004622016188
3,46,4046,-2.29282526035543,1.36584557976776
3,47,4047,-2.55288260648968,1.99272270073052
3,48,4048,-2.28823294537177,2.07331206490894
3,49,4049,-1.96593376212968,2.05839419058933
3,50,4050,-1.74110324575871,2.50869515247816
3,51,4051,-1.73823799412003,2.63483729852355
3,52,4052,-1.59728014768825,2.30321641698477
3,53,4053,-2.04280974438419,2.20784646498287
3,54,4054,-2.80626424780072,2.28661623441953
3,55,4055,-3.12640667801128,2.45767479018226
3,56,4056,-2.47823881714257,2.22421350110306
3,57,4057,-1.91637134961889,1.29754639285001
3,58,4058,-2.88497693809265,2.90254399855545
3,59,4059,-2.19143952669149,3.15217900819934
3,60,4060,-1.28119838884897,2.67122925232986
3,61,4061,-1.757970419214,2.91973787355559
3,62,4062,-1.09249613430453,1.9833735698729
3,63,4063,-2.58458680848033,1.99616376855286
3,64,4064,-3.24414412308063,2.52100103143037
3,65,4065,-3.28621638718792,2.55692613701694
3,66,4066,-3.3742665258201,3.52770666721386
3,67,4067,-2.06290860278039,2.32861682926312
3,68,4068,-1.35649143611254,1.22412877153002
3,69,4069,-1.58583015942477,1.57389980702206
3,70,4070,-1.73203646047764,2.36780408282031
3,71,4071,-1.2928327284929,2.65108474869983
3,72,4072,-1.37803339306803,1.68221902631946
3,73,4073,-2.07727325907762,1.98197040248671
3,74,4074,-1.61386700353393,1.89506971554458
3,75,4075,-1.96320682954391,2.17880962605654
3,76,4076,-2.09875873104003,2.17629197724564
3,77,4077,-0.961709762814611,1.53023163374491
3,78,4078,-0.828002347140043,1.54030197003755
3,79,4079,-2.55023332833641,1.83893493432981
3,80,4080,-1.80073697243122,1.36504076593656
3,81,4081,-2.15525405818416,2.43539863338291
3,82,4082,-1.94534094540241,1.20700787522375
3,83,4083,-0.997779944875842,1.13222733191569
3,84,4084,-1.89550984465447,1.28873335170019
3,85,4085,-1.53079391355323,0.871039893639812
3,86,4086,-2.77768652206871,1.19495809473509
3,87,4087,-2.00623841709456,1.16464347258158
3,88,4088,-2.65303156493781,1.46935189800341
3,89,4089,-2.47766156793583,1.48633367838957
3,90,4090,-2.72693563986152,1.4198788934055
3,91,4091,-3.03499506688321,2.11665184905045
3,92,4092,-2.39177270295999,1.26710413779189
3,93,4093,-2.51777001785371,1.30641801783307
3,94,4094,-4.39952651085647,3.6243580703196
3,95,4095,-3.72942031610419,2.56339307871617
3,96,4096,-3.44845835313633,2.01683536207493
3,97,4097,-2.61005337748317,1.40573103850617
3,98,4098,-2.32689487046038,1.73122204498237
3,99,4099,-2.54328246175571,1.72261582658652
3,100,4100,-2.62507305638763,1.78789263819115
3,101,4101,-1.80636314156602,1.63401428701826
3,102,4102,-1.89132572400574,2.18839708510046
3,103,4103,-1.73281869429406,1.6372351363214
3,104,4104,-2.54415616106889,2.51552771692206
3,105,4105,-2.53185832943844,2.45816494055333
3,106,4106,-2.90892734889395,2.07490430067219
3,107,4107,-2.54751036979536,1.80712341223175
3,108,4108,-2.19174635616171,2.2581653158018
3,109,4109,-2.66618603774186,2.31610855117584
3,110,4110,-3.18024221026565,2.57913928033871
3,111,4111,-3.22748296078673,2.31336914627974
3,112,4112,-3.19736813066135,3.18882016233917
3,113,4113,-2.72427408087616,2.19575079270599
3,114,4114,-2.27809836536087,2.48310312895242
3,115,4115,-1.3485716819867,1.90771879262387
3,116,4116,-1.8549678742428,2.3009243023175
3,117,4117,-1.83063160420879,1.95338713308875
3,118,4118,-2.90327135741623,1.92629742729032
3,119,4119,-2.22325058197055,1.65479344307955
3,120,4120,-2.8605644600896,2.18148343321876
3,121,4121,-2.39774387990603,1.56609598118289
3,122,4122,-2.06474604431973,1.73447494379039
3,123,4123,-1.51829734350679,1.52544695668587
3,124,4124,-1.7856287383147,1.58867070216847
3,125,4125,-1.27033476203534,1.45782078183626
3,126,4126,-2.08918045675528,1.81939284038967
3,127,4127,-1.31163059109476,1.63949617698084
3,128,4128,-3.1502243597912,1.55364719860506
3,129,4129,-1.8859622042793,1.08486718472459
3,130,4130,-1.82245757551172,1.2087966544171
3,131,4131,-1.81258927418282,1.48289236507361
3,132,4132,-1.72184710053667,1.61362054339436
3,133,4133,-1.50761260378812,0.898485259990212
3,134,4134,-1.62713004672677,1.6334346427953
3,135,4135,-1.25800344949831,1.14808957344986
3,136,4136,-1.63661115078329,1.80544266121656
3,137,4137,-2.41102921050491,1.47070532637576
3,138,4138,-1.77869180194686,1.33342012642739
3,139,4139,-2.29864153224869,1.54291027701758
3,140,4140,-2.19701242586748,1.60628172043831
3,141,4141,-2.52680572745356,2.96193821338053
3,142,4142,-2.59773323160997,2.06004735234591
3,143,4143,-2.78711233242975,1.9329751635793
3,144,4144,-3.05462225544923,2.03832296926748
3,145,4145,-3.36866145158266,1.79336804300214
3,146,4146,-3.40530890812797,1.74766131322403
3,147,4147,-3.34287707497073,1.77061475727739
3,148,4148,-2.95930520997756,1.64563429643752
3,149,4149,-3.2032915377767,2.09071567028265
3,150,4150,-2.36682477503608,1.18730435224564
3,151,4151,-1.73212080904059,1.0005670947776
3,152,4152,-2.1585059819408,1.19123630856377
3,153,4153,-2.09372678518856,1.55003531702293
3,154,4154,-2.48332057080978,2.40959664931964
3,155,4155,-2.07559747251794,1.4682433643767
3,156,4156,-2.47140864849961,1.63950599511588
3,157,4157,-1.8463577413289,2.15075382138199
3,158,4158,-1.04395058032365,2.40711829665629
3,159,4159,-1.47554713321321,2.12184868892262
3,160,4160,-1.56562749433216,1.94539395218212
3,161,4161,-1.92294831867956,2.72431818649988
3,162,4162,-2.45473244423099,1.70461613176549
3,163,4163,-2.66954737842446,3.16026069436616
3,164,4164,-1.65708160658835,1.38996656972668
3,165,4165,-2.44178661209025,1.50090050292074
3,166,4166,-1.74668699356433,1.7126967962854
3,167,4167,-1.94825701990675,1.82192297293472
3,168,4168,-1.80815595333975,1.64397740467549
3,169,4169,-2.11304569351687,1.48543717646269
3,170,4170,-1.52081381567283,1.94341692177094
3,171,4171,-2.2755876858183,1.54861216342397
3,172,4172,-2.22240837306536,1.89500400215362
3,173,4173,-2.74755579003581,2.34496425854436
3,174,4174,-2.23973413137687,1.78895721299268
3,175,4175,-2.65550217926383,1.7660384733456
3,176,4176,-2.64501660457698,1.74840960546921
3,177,4177,-2.62721868751421,1.68667868574876
3,178,4178,-2.41096316866051,1.53473802344022
3,179,4179,-2.38635910476237,1.56568648702795
3,180,4180,-2.11479809958499,1.01662197458418
3,181,4181,-2.1150336968225,1.05461952750373
3,182,4182,-1.76206968091553,0.99329013354121
3,183,4183,-1.76761857355297,1.34585243828836
3,184,4184,-2.66876094025788,1.37600319229776
3,185,4185,-2.8198472182092,1.65578144406107
3,186,4186,-2.44815248782371,1.81480937883721
3,187,4187,-2.51008643024705,1.73842811244057
3,188,4188,-3.99848009619341,2.31515397680702
3,189,4189,-2.32466814023601,1.96162209380382
3,190,4190,-2.70657855362307,2.19445705966851
3,191,4191,-1.64447736767697,1.36641830543884
3,192,4192,-1.51079061413713,1.25814709200771
3,193,4193,-1.96814394796574,1.31715842603235
3,194,4194,-2.20973000619929,1.40485299946634
3,195,4195,-1.48974894362098,1.23339182908632
3,196,4196,-1.58535454297928,1.26250682684377
3,197,4197,-1.60605796884955,1.13635345212699
3,198,4198,-2.23645804186446,1.75794748085416
3,199,4199,-1.34985303278388,0.9799971418669
3,200,4200,-1.44992802387822,1.48500129762586
3,201,4201,-2.3536866351561,2.45247675228827
3,202,4202,-2.85472429301313,2.15676675152307
3,203,4203,-1.93163150863099,2.1232382086229
3,204,4204,-2.58637106800134,2.38856050579898
3,205,4205,-2.35398206607781,1.89496803096867
3,206,4206,-2.34224116385539,1.99254178332868
3,207,4207,-2.61096665810529,2.12934868351841
3,208,4208,-2.63299747826717,2.01283095420384
3,209,4209,-2.97113123029926,2.25520527536499
3,210,4210,-2.53404848545333,1.77848562735237
3,211,4211,-1.95000945318951,1.56044553808473
3,212,4212,-2.39844008096517,1.88435911440499
3,213,4213,-2.15786112302972,2.09667631231697
3,214,4214,-2.26878226303301,1.85066978765715
3,215,4215,-2.14310523225816,1.71335197343916
3,216,4216,-2.28985608446516,2.16940193765665
3,217,4217,-2.2499358231042,2.37488092110197
3,218,4218,-1.61044601166813,1.22799554162744
3,219,4219,-2.01092211234138,1.55672454972391
3,220,4220,-1.53555904803717,1.69342313310703
3,221,4221,-2.00042694293384,2.32537435021381
3,222,4222,-1.14779287391738,2.38659280336924
3,223,4223,-1.99293788961588,3.02119178624971
3,224,4224,-1.80725362256607,2.89234408906799
3,225,4225,-1.59478258999651,3.03195539602652
3,226,4226,-0.571902053297998,2.07016084642389
3,227,4227,-0.506683119985983,2.21462777807457
3,228,4228,-0.609608359396077,3.48727719495841
3,229,4229,-1.22515785365522,2.7424820592528
3,230,4230,-1.13357311063888,3.37719380900389
3,231,4231,-1.12479305940384,3.27348290659717
3,232,4232,-1.19715505137224,3.27603627942887
3,233,4233,-2.13303444105203,2.04749620990338
3,234,4234,-1.33434466771353,1.5966560989269
3,235,4235,-1.3754793629961,1.56310788637977
3,236,4236,-2.24300067610812,1.89265937935232
3,237,4237,-2.18112296858671,1.80932263110384
3,238,4238,-2.31819517708473,1.25097423523853
3,239,4239,-2.50540135032853,1.31851947715493
3,240,4240,-1.95502696192293,2.22056302803786
3,241,4241,-1.06113839174222,1.74271193616425
3,242,4242,-1.12206672886651,2.29145872401586
3,243,4243,-0.975332989601472,1.56088313805456
3,244,4244,-0.813135856017281,2.0413440507232
3,245,4245,-0.357022767262363,2.04589030430873
3,246,4246,-1.61954164471035,2.13563887470278
3,247,4247,-0.628167455342486,2.3079644474522
3,248,4248,-0.471097251417611,3.00817811339629
3,249,4249,-1.6992617976961,2.10757376714413
3,250,4250,-1.12019028640408,2.05187366355751
3,251,4251,-1.17644942655248,2.398946052726
3,252,4252,-1.33393131935801,2.68659258387591
3,253,4253,-1.41834166412251,1.66169938336733
3,254,4254,-1.33008354266725,1.66289435306187
3,255,4255,-1.79748021177862,1.82803860614496
3,256,4256,-2.43699251631059,1.83718048905464
3,257,4257,-3.04035696389791,2.39872908009878
3,258,4258,-2.81853650086006,1.79626360015114
3,259,4259,-1.20073516789554,1.99404608598318
3,260,4260,-0.352241987524813,2.90935840905908
3,261,4261,-0.345625343290138,2.6568785322832
3,262,4262,-0.335230112046309,2.28124658074114
3,263,4263,-0.760172940812528,2.70654622971425
3,264,4264,-1.40868453360154,2.17157923595417
3,265,4265,-2.17270975847377,1.79400213892759
3,266,4266,-1.61170291114154,1.43626264391433
3,267,4267,-1.73441946689523,1.90041877901612
3,268,4268,-1.12226732689831,1.91362868805496
3,269,4269,-1.17100939982692,1.81666601682735
3,270,4270,-1.24500887173329,1.83646072431484
3,271,4271,-1.0572473047684,2.18228720744613
3,272,4272,-1.7040220018768,1.82732932457913
3,273,4273,-1.26371032757216,1.62312039517304
3,274,4274,-2.8758396656111,2.81220168720345
3,275,4275,-3.2112153834599,2.90076286981242
3,276,4276,-2.67386772212228,1.78207849853533
3,277,4277,-2.48289616654144,1.66817002606829
3,278,4278,-2.7087099840355,1.72171590567167
3,279,4279,-2.31517851395754,1.82888334275274
3,280,4280,-2.15015832774647,1.72212108471791
3,281,4281,-2.44768938148944,1.36954722757504
3,282,4282,-2.04785844163534,1.0202818572397
3,283,4283,-1.81835833447878,1.76719295395368
3,284,4284,-1.95506111549083,1.11328829617882
3,285,4285,-1.77467377054585,1.11272712896124
3,286,4286,-1.40085054986626,1.24731775296045
3,287,4287,-1.40171811037305,1.23831502350654
3,288,4288,-1.04945034512385,1.52889174193942
3,289,4289,-1.14379245001843,1.39188731076505
3,290,4290,-1.61049854443644,2.07366418369785
3,291,4291,-0.9231954239731,1.67516389569609
3,292,4292,-1.83957672265447,1.44290061849898
3,293,4293,-1.87518745147134,1.50691200706567
3,294,4294,-0.562504433134837,1.50925555289046
3,295,4295,-2.10335052488437,1.27480034505284
3,296,4296,-1.76045955264138,1.54747222494049
3,297,4297,-1.75736121034898,1.59167733583577
3,298,4298,-1.74184253433581,1.00336591769916
3,299,4299,-1.57614827052246,0.974321299143345
3,300,4300,-1.89877435943009,1.12025886755891
3,301,4301,-2.07887411147884,1.36252510606934
3,302,4302,-2.01918561664752,1.45893353038312
3,303,4303,-1.72826030058162,1.65693827680848
3,304,4304,-1.76741287131067,1.65012414423377
3,305,4305,-1.69173022283216,1.61648303784109
3,306,4306,-2.02769628844579,1.49964319970412
3,307,4307,-2.13399271216593,1.66246951043848
3,308,4308,-1.87551427978403,1.63259417419472
3,309,4309,-2.13523466909016,1.11416249445878
3,310,4310,-1.82942346437971,0.973812509624693
3,311,4311,-3.02753200718672,2.33140459171645
3,312,4312,-3.45059501515708,2.07189343302294
3,313,4313,-1.9574255591019,1.30139094182365
3,314,4314,-2.0809224093681,1.22232398536368
3,315,4315,-2.41777436557895,2.00428872266981
3,316,4316,-1.535861246383,2.48456793801506
3,317,4317,-1.6627254328782,2.26765966372345
3,318,4318,-1.71162201519497,1.81227959817116
3,319,4319,-2.85533858446542,2.51034278472854
3,320,4320,-2.26814651306816,2.19633800492336
3,321,4321,-2.69931209644339,2.3333424778836
3,322,4322,-2.96814353418253,2.32690507076421
3,323,4323,-2.34103786165238,1.36236207378631
3,324,4324,-2.1168911612012,1.29439871279879
3,325,4325,-2.49505953443377,1.96645874140198
3,326,4326,-2.62072088295897,2.21343139981961
3,327,4327,-1.97620259487524,1.57728806518557
3,328,4328,-3.0796339594459,2.99096857704643
3,329,4329,-1.11004418624627,1.62542793615674
3,330,4330,-2.15657644676281,1.94974243455068
3,331,4331,-2.64931922122043,2.27993457874846
3,332,4332,-2.87028051933325,2.74775942837106
3,333,4333,-1.84816330332464,1.17635527835846
3,334,4334,-2.41587745013944,1.15014363725107
3,335,4335,-1.90816063705834,1.33844875773665
3,336,4336,-1.56209661609648,1.29297512181008
3,337,4337,-2.7666595355031,1.68575159728537
3,338,4338,-2.63600065797615,1.74436908931086
3,339,4339,-2.18922836149361,1.6264320552521
3,340,4340,-2.81457241889869,1.69094385958393
3,341,4341,-2.58687367203829,2.16707257007555
3,342,4342,-2.30511493216985,2.10797874760875
3,343,4343,-2.8319950758209,2.02375208254846
3,344,4344,-3.29822139215523,1.91486591194791
3,345,4345,-3.31686325674525,1.76315339263856
3,346,4346,-2.2754753554985,1.36973627117803
3,347,4347,-1.78019832259053,2.19740938732783
3,348,4348,-1.63824017494288,2.34584517765101
3,349,4349,-2.04532864605714,2.65809577167811
3,350,4350,-2.14249214881763,3.02275209138448
3,351,4351,-1.22442654109732,3.02569746345038
3,352,4352,-2.2142998976483,2.99899658226632
3,353,4353,-1.89328856898594,1.79311637942873
3,354,4354,-2.49035565626665,1.88088180682563
3,355,4355,-2.03814505766855,2.27924182834936
3,356,4356,-2.79933563677905,2.27297062023076
3,357,4357,-2.57491862744393,1.97823559147165
3,358,4358,-2.78450813501064,2.1548001935837
3,359,4359,-3.67251405044707,2.8818070230842
3,360,4360,-3.93589842864792,3.11892270892819
3,361,4361,-3.05783167688163,2.90289241918747
3,362,4362,-3.46702493980312,3.1283494916469
3,363,4363,-2.37372887633304,2.24107505162849
3,364,4364,-1.19291088272044,2.49998885073747
3,365,4365,-2.12598501951061,1.62698538193066
3,366,4366,-1.89253517565097,1.60577472275319
3,367,4367,-2.49805496836002,1.58324738580347
3,368,4368,-2.27942374306702,1.50339143874868
3,369,4369,-2.60996707754688,1.51926470543442
3,370,4370,-2.03843152127404,1.77348871272318
3,371,4371,-2.02940858149244,2.0131815256171
3,372,4372,-2.29503998121359,1.21869609827779
3,373,4373,-2.17160157095978,1.25907957176216
3,374,4374,-2.35958296703865,1.5317085907338
3,375,4375,-0.407004528009851,1.13573175232628
3,376,4376,-1.03081884629821,1.70922667459522
3,377,4377,-2.25009164128824,1.82826429959137
3,378,4378,-2.09127286567102,1.66442914520416
3,379,4379,-1.14938792974939,1.73238755083419
3,380,4380,-0.919725092532856,1.83717743584537
3,381,4381,-3.19876648150429,1.69948048808413
3,382,4382,-2.68749626790549,1.5897517720205
3,383,4383,-2.68859631429688,2.13154949949606
3,384,4384,-2.64333227733921,2.13841015107807
3,385,4385,-1.56033296887524,1.58516932023021
3,386,4386,-1.55151922583353,1.41216362164552
3,387,4387,-1.74222335020839,1.74660051037401
3,388,4388,-2.59676489868729,1.54475761036078
3,389,4389,-2.0261016492465,1.30425109427527
3,390,4390,-2.7093992352393,1.70579450578122
3,391,4391,-2.62001843090616,1.89755895308136
3,392,4392,-2.78343068145464,1.76336309753561
3,393,4393,-2.2507335193578,1.87775556008734
3,394,4394,-2.21664771738141,1.81329860206368
3,395,4395,-2.5633638898206,2.16794385016373
3,396,4396,-2.55683392139097,1.68400610517504
3,397,4397,-2.72356861571391,2.15739374567207
3,398,4398,-2.7220976090598,2.2028142250208
3,399,4399,-3.50710887957892,2.84139000823426
3,400,4400,-2.16598634712073,2.05874753126005
3,401,4401,-1.85435042098838,2.01451312627779
3,402,4402,-1.62692542260337,2.15251033190746
3,403,4403,-2.2421511770846,2.0768716455233
3,404,4404,-1.70383518183457,1.20588101669423
3,405,4405,-2.36546663019222,1.74089282275905
3,406,4406,-2.43167843198364,1.64390676104044
3,407,4407,-2.18884143758374,1.54007629885502
3,408,4408,-3.93132868596392,3.37064526520682
3,409,4409,-2.05671962395792,1.97399343630734
3,410,4410,-2.01233931203903,2.62222607885084
3,411,4411,-2.68863155699579,2.58668323390191
3,412,4412,-1.78039064407795,1.74414310132077
3,413,4413,-1.6032476629259,2.02237814603459
3,414,4414,-2.21893822337226,1.92366613184247
3,415,4415,-2.98057281817569,2.41392259087329
3,416,4416,-2.0564059338534,2.04577470498958
3,417,4417,-1.80923083018188,1.40246758839208
3,418,4418,-1.94991109931439,1.45187020344631
3,419,4419,-2.10074939728949,1.68896569079758
3,420,4420,-1.99358855456144,1.84126924333772
3,421,4421,-1.76476963979326,1.53039852973093
3,422,4422,-2.3312958782152,1.80729261429622
3,423,4423,-2.60635200280933,2.09045351171787
3,424,4424,-1.69675272608187,2.05272466347386
3,425,4425,-1.1347140972534,2.6873849064702
3,426,4426,-2.19025483960291,2.30989571197966
3,427,4427,-1.65953895610357,2.062177138944
3,428,4428,-2.86477864266268,1.2731759119132
3,429,4429,-3.48614791106533,1.61284776098341
3,430,4430,-0.879908182657665,1.32684660087829
3,431,4431,-3.06263607428415,2.07496826766565
3,432,4432,-1.72328583565712,1.37137682180779
3,433,4433,-2.69515414950296,1.93828432260751
3,434,4434,-2.14492177655491,1.74156531887678
3,435,4435,-2.07300923097617,1.72156404319436
3,436,4436,-1.68426055113587,2.18020118653273
3,437,4437,-0.557668434324208,1.77373457620781
3,438,4438,-1.45183086487144,3.01360055560552
3,439,4439,-1.45686568075792,2.95217131159514
3,440,4440,-1.40692356554006,3.30439838970078
3,441,4441,-0.981766083637707,2.85425673164612
3,442,4442,-0.612902592991547,2.37976240553855
3,443,4443,-0.910749725107063,2.55679861812165
3,444,4444,-1.40590000945654,1.81445446996068
3,445,4445,-1.92478724657136,2.45377932704862
3,446,4446,-2.30973219541785,2.4378824589655
3,447,4447,-2.43934602017585,2.36576192684737
3,448,4448,-1.64419491371136,2.41661435032514
3,449,4449,-2.03794314074001,2.81902233282839
3,450,4450,-2.10296598779809,1.77351566979564
3,451,4451,-2.47507722393654,2.26718557911864
3,452,4452,-2.96124979956417,2.79572387158434
3,453,4453,-2.53706939062295,2.27249920222412
3,454,4454,-2.89773566322293,1.84733483503952
3,455,4455,-2.94188746688546,2.72600545117495
3,456,4456,-2.24332047521324,1.2979850665441
3,457,4457,-1.99021142737548,1.96949070965504
3,458,4458,-2.18471014348235,1.94642231077746
3,459,4459,-1.74087516793954,1.82240177779701
3,460,4460,-2.30908596576144,1.8884834949064
3,461,4461,-1.92046314378722,1.47721168591891
3,462,4462,-2.24309061115807,1.68601722541404
3,463,4463,-2.18146137034444,1.56662919256339
3,464,4464,-2.4756721738113,2.44387998368226
3,465,4465,-1.53557433226943,1.57150650009396
3,466,4466,-1.56299347618677,1.21902038139982
3,467,4467,-1.34974966096078,1.04248084958138
3,468,4468,-1.82155128287636,2.08901784636312
3,469,4469,-1.72373429020253,1.95312504464373
3,470,4470,-1.87028056558359,3.01207745443526
3,471,4471,-2.33515678398595,1.92513228082957
3,472,4472,-3.08939591571689,2.8949597043378
3,473,4473,-2.08915278406203,1.86116600200684
3,474,4474,-1.574707044579,1.87736955964954
3,475,4475,-2.57965160201921,1.81855371535553
3,476,4476,-1.29702107861772,1.2256918274191
3,477,4477,-1.6102543751638,1.30135032821074
3,478,4478,-1.41859976867057,1.70488114670425
3,479,4479,-1.22915971783499,1.82825911725674
3,480,4480,-1.98440722420138,2.20041514294867
3,481,4481,-1.16932803884908,2.98780831575122
3,482,4482,-1.09246355797681,2.37440697889989
3,483,4483,-3.53492642623909,3.18494462894768
3,484,4484,-3.15654722146814,3.15771244936535
3,485,4485,-3.01386609266715,2.82132693341357
3,486,4486,-2.88682974104478,1.44855528548947
3,487,4487,-0.998046495154683,1.77697225734245
3,488,4488,-2.1468168605491,1.68686986515638
3,489,4489,-0.949901319625796,1.27979560538716
3,490,4490,-1.63282190795859,1.30880570700526
3,491,4491,-2.13800088470598,1.55640029946972
3,492,4492,-2.18383373724287,1.56721773925538
3,493,4493,-2.09476757133204,1.64994760720722
3,494,4494,-3.25343118361447,2.43277433386487
3,495,4495,-3.50597112904071,2.28526763718867
3,496,4496,-2.93082461136018,2.57829308002968
3,497,4497,-2.19459549628078,1.70968259748948
3,498,4498,-1.11818926834369,1.96591658334559
3,499,4499,-1.07293766477757,1.5900014307023
3,500,4500,-0.31907110957815,2.09972564219026
3,501,4501,-0.649565245418692,2.69812047811094
3,502,4502,-0.395248742000497,1.8353419700415
3,503,4503,-0.582609206810268,2.41918942380981
3,504,4504,-0.80457522217859,2.78275149310086
3,505,4505,-1.14243279982207,2.31120778968467
3,506,4506,-1.24672750371026,2.38782314696448
3,507,4507,-1.76650262904519,1.52642870040212
3,508,4508,-1.50926182006112,1.75473825298604
3,509,4509,-1.67955259962494,2.84182944624542
3,510,4510,-2.43772084136964,4.10317829367159
3,511,4511,-2.7908050901994,1.45742341938902
3,512,4512,-1.38306591258663,3.30033643576283
3,513,4513,-1.11077159808495,4.1708464136581
3,514,4514,-1.40679176844016,4.32757703240694
3,515,4515,-1.69429120844021,3.01027523071886
3,516,4516,-1.46362585861711,3.10795817916704
3,517,4517,-1.30431444353893,2.45928901530779
3,518,4518,-1.26555427390935,2.49300947048834
3,519,4519,-1.20135387324211,1.61779692633027
3,520,4520,-1.37829677722699,1.50276116820465
3,521,4521,-1.08031780336367,1.59304510118392
3,522,4522,-1.6079434351391,1.77356968226567
3,523,4523,-1.48823196386222,1.56789674383925
3,524,4524,-2.29378385670876,1.88179654814499
3,525,4525,-2.3593142202756,2.62423714022993
3,526,4526,-1.96659210368427,1.91162693912057
3,527,4527,-2.66288660658954,1.80040307826153
3,528,4528,-1.89901884268316,1.70341230125861
3,529,4529,-2.36922259459849,2.06012526388998
3,530,4530,-1.95014935394274,1.79062269174322
3,531,4531,-1.91820734268284,2.44953875659977
3,532,4532,-2.34989904061563,1.19539928518335
3,533,4533,-2.27787141851068,1.16169974344643
3,534,4534,-1.75379582544358,0.964608065463106
3,535,4535,-2.13876643706337,0.942928494360259
3,536,4536,-1.83572111610202,0.936839435407206
3,537,4537,-2.48515988867623,1.15799913583489
3,538,4538,-0.741947767715051,2.63822849296656
3,539,4539,-1.18202671965596,2.15745243224354
3,540,4540,-1.23122817472948,1.83587380061217
3,541,4541,-0.971110476513161,1.45958339812478
3,542,4542,-1.15711735064091,1.45542268579003
3,543,4543,-1.62513345564303,1.68217280435097
3,544,4544,-2.36482727760329,1.3550801380893
3,545,4545,-2.46686342456626,1.39375620302604
3,546,4546,-1.67928013001695,2.02551046747367
3,547,4547,-1.562671925061,1.4204866584806
3,548,4548,-1.36588115468083,1.37280565367762
3,549,4549,-2.0327848072605,1.48388615841646
3,550,4550,-1.71913983340111,1.36916786721454
3,551,4551,-1.56593583165738,1.61067177085811
3,552,4552,-1.28422010533808,0.972020215458543
3,553,4553,-1.50828686945315,1.06719244452829
3,554,4554,-1.8558882060823,2.30768548445169
3,555,4555,-2.50199537409424,2.6813010741155
3,556,4556,-1.97000839476819,1.86876281711099
3,557,4557,-2.21506022918832,1.62733538723218
3,558,4558,-2.12270967110976,1.40794385597794
3,559,4559,-1.92541534426237,1.60857951100196
3,560,4560,-1.33290503772413,0.942225407268612
3,561,4561,-1.31874068345943,0.884911519711063
3,562,4562,-1.73752053006373,2.11940263720508
3,563,4563,-1.32814776743826,1.8557937522841
3,564,4564,-1.53129922801799,2.43608407003469
3,565,4565,-1.07549323478917,3.22980502656339
3,566,4566,-1.53767457483546,2.64822053918194
3,567,4567,-1.32489767572275,2.28862678902
3,568,4568,-1.53852377363006,2.62917617777967
3,569,4569,-1.53265106238165,2.62097272603245
3,570,4570,-1.15768634731099,1.83949701342726
3,571,4571,-1.90702597238866,1.97045611392115
3,572,4572,-2.88544378184742,1.96241820880554
3,573,4573,-2.77587951466104,2.07756035900824
3,574,4574,-2.39810989079925,1.77947287678917
3,575,4575,-1.96521826272621,2.06626234241362
3,576,4576,-1.78459651104058,1.87947077696818
3,577,4577,-1.85868257785862,2.68768154716804
3,578,4578,-1.90291779045618,1.60268939633858
3,579,4579,-2.59029570464472,1.7250308636761
3,580,4580,-1.7783425583507,1.59308751132171
3,581,4581,-2.72648773458251,2.34196071917318
3,582,4582,-1.35616977056928,2.01718975881551
3,583,4583,-2.41400531520331,1.8949075132728
3,584,4584,-2.46116858237089,1.95161903603056
3,585,4585,-3.50881099655814,3.32322997199494
3,586,4586,-3.39466510841507,3.24596530180885
3,587,4587,-3.05232960116522,1.43634249957778
3,588,4588,-3.91278141039965,2.0949953161232
3,589,4589,-3.56672510781907,1.95668060879788
3,590,4590,-1.01025264081088,1.93836771954974
3,591,4591,-1.87127805762789,1.68896547653354
3,592,4592,-2.19689967999494,1.31973365405841
3,593,4593,-2.20835597311913,1.48046256624231
3,594,4594,-2.58799179813323,1.74431854237362
3,595,4595,-3.41734997487789,2.55179914854536
3,596,4596,-2.43615822074987,2.27979063922361
3,597,4597,-2.38092687741329,2.03635714076355
3,598,4598,-2.0044627148334,1.60040924905334
3,599,4599,-2.15061891375605,1.42023495937796
3,600,4600,-2.91518120584776,1.73115168742366
3,601,4601,-2.6205275071779,1.32322302859229
3,602,4602,-2.99439000395911,1.66320755973594
3,603,4603,-2.96349251543771,2.036624925748
3,604,4604,-2.40150021145725,1.84406151009934
3,605,4605,-2.36781662248182,1.33754143426782
3,606,4606,-2.08308239054182,1.51172130110235
3,607,4607,-1.12993132417121,2.21831785103957
3,608,4608,-1.76726529804627,2.17694411760441
3,609,4609,-0.766124414901518,2.3164410782371
3,610,4610,-1.05656155133259,2.29547074593159
3,611,4611,-1.53503407583143,2.62343691319994
3,612,4612,-1.65519220568661,2.56049110343902
3,613,4613,-1.52791734984849,2.08580443189203
3,614,4614,-1.01450072323516,1.5990432490621
3,615,4615,-0.615321906497696,1.75281907625974
3,616,4616,-2.93984269605083,1.69391852696512
3,617,4617,-2.42446158346481,1.37671038819718
3,618,4618,-2.9863062706612,1.37193517353686
3,619,4619,-2.62427544978538,1.59526848281278
3,620,4620,-2.70751124030941,1.76327462445763
3,621,4621,-2.87744018696453,1.41571260913665
3,622,4622,-3.10880416049902,1.54556281523817
3,623,4623,-1.65749266250332,1.84731822659761
3,624,4624,-0.931194614705491,1.92505294334854
3,625,4625,-0.624709969158831,2.51493526734011
3,626,4626,-0.793170300485636,2.76624184779379
3,627,4627,-0.903761272887384,2.76170683020657
3,628,4628,-0.98107730729819,2.2187748508618
3,629,4629,-0.978933807900918,2.48709578809591
3,630,4630,-0.500294712154686,2.87367344695126
3,631,4631,-0.340225516254828,2.74459938175895
3,632,4632,-0.670991846318429,2.87587005097469
3,633,4633,-1.79926181810508,1.97849125559194
3,634,4634,-1.65258991327833,1.72124119544637
3,635,4635,-1.82545862539216,1.94073435006432
3,636,4636,-2.70036267093237,2.42061818788729
3,637,4637,-1.44524217675754,1.36874552463731
3,638,4638,-2.6095873885171,1.94905431615796
3,639,4639,-2.48086995619733,1.4310870292067
3,640,4640,-2.80250580562943,1.68852561489605
3,641,4641,-1.78906626329845,1.95255410080558
3,642,4642,-2.00142040244947,1.42864835062181
3,643,4643,-1.99737473558746,1.6538340870584
3,644,4644,-3.18505786357004,2.01771529674823
3,645,4645,-2.46077541626367,1.75458558954241
3,646,4646,-2.56866454496906,1.92660461045376
3,647,4647,-2.03073727297919,1.58023432240972
3,648,4648,-1.58427569689847,1.71312993826724
3,649,4649,-1.73116045725418,1.40701184906911
3,650,4650,-1.42987530994944,1.61872729608461
3,651,4651,-2.03327524567241,1.44631999082303
3,652,4652,-1.97589590043085,1.61158191610167
3,653,4653,-1.78142438608935,2.11807430777794
3,654,4654,-2.14203801495441,1.7305327125525
3,655,4655,-1.98492014658804,1.45667682195776
3,656,4656,-1.75315061731643,1.37707811102982
3,657,4657,-1.30121133362113,1.54914536590059
3,658,4658,-2.59058032613265,1.63183909844699
3,659,4659,-3.65867512480986,1.53485593951427
3,660,4660,-2.19418368967685,1.17831246140152
3,661,4661,-3.01254312216895,1.71574202615078
3,662,4662,-1.99198563971834,1.2177118617405
3,663,4663,-2.6195433485043,2.92366824924805
3,664,4664,-1.60578287544586,2.12200547572364
3,665,4665,-1.97912589412351,2.0866646675159
3,666,4666,-1.66331868772245,1.84618813044384
3,667,4667,-1.84124552331996,1.96684020850995
3,668,4668,-2.35031829829784,2.02191231892857
3,669,4669,-1.60375053486413,1.5268498922041
3,670,4670,-1.64427302606318,1.44605741526624
3,671,4671,-1.11933001114633,0.909927351116387
3,672,4672,-2.85565995258535,1.94020355117887
3,673,4673,-3.42515816082418,1.71645806250344
3,674,4674,-1.98777544091412,1.32603194885841
3,675,4675,-2.4095946461215,1.85016514656127
3,676,4676,-1.44771707452646,2.27161721130915
3,677,4677,-1.00081123482942,4.47116819356701
3,678,4678,-1.29194704160755,4.06796995889957
3,679,4679,-1.14648069316713,3.46551537163885
3,680,4680,-2.24204089936128,2.29427088944625
3,681,4681,-1.72812020240961,2.11151924261378
3,682,4682,-1.91066242303681,2.42797395432835
3,683,4683,-1.88487386962574,2.35904572779439
3,684,4684,-1.75225290032707,1.64553177572531
3,685,4685,-3.50496558147612,2.66586320573415
3,686,4686,-3.53118908547374,2.37029181054059
3,687,4687,-3.57151645808716,2.32929571009902
3,688,4688,-4.30977748010466,2.33763768111246
3,689,4689,-3.47870610761046,2.22060947343975
3,690,4690,-3.30691249033664,2.39990283246437
3,691,4691,-2.36552535880621,3.16742871403973
3,692,4692,-2.63290070567563,3.65646846763266
3,693,4693,-1.88270466718528,2.42832790025892
3,694,4694,-2.68445129051524,2.52214671826198
3,695,4695,-1.56361231006924,1.55512231093448
3,696,4696,-1.7504301143863,1.99727790322842
3,697,4697,-2.51763598103439,1.77382518497162
3,698,4698,-2.61832315191477,1.873244965331
3,699,4699,-2.52114949387418,1.889550061505
3,700,4700,-2.01705227534294,1.13299184398652
3,701,4701,-2.48628708323789,2.44360347488989
3,702,4702,-2.10765872976861,1.21447945392687
3,703,4703,-2.07367118891622,1.10585106713315
3,704,4704,-2.2311368731286,1.36106246148762
3,705,4705,-2.56461268911683,1.66990607985086
3,706,4706,-1.75169842034423,1.31537894238752
3,707,4707,-1.65603583885397,0.840048149489584
3,708,4708,-1.92987882299854,1.02270728297555
3,709,4709,-2.30944409413905,1.74121299243153
3,710,4710,-2.33231184515693,1.59206178883769
3,711,4711,-2.33817816222224,1.61782819597027
3,712,4712,-2.12997231949527,1.36598780240536
3,713,4713,-2.24154696413344,1.51284099415246
3,714,4714,-1.83164974845962,1.41376960483731
3,715,4715,-1.46560686779109,1.85224047109104
3,716,4716,-1.35803961271945,1.82513098444612
3,717,4717,-1.14777028931806,1.85364228770101
3,718,4718,-1.0455231895202,1.53379403989894
3,719,4719,-0.963908919568173,2.79564778573726
3,720,4720,-1.54058357435278,2.88181576648737
3,721,4721,-1.46104760805912,2.09075098338363
3,722,4722,-2.02397077706367,2.85098713386906
3,723,4723,-2.55839863861338,1.70489058100924
3,724,4724,-2.22303247795843,1.55210048672195
3,725,4725,-1.66313393841458,1.98629012142124
3,726,4726,-2.43417716847406,2.5904765977655
3,727,4727,-2.70080963329875,2.55176902287921
3,728,4728,-2.68629477355512,2.61371411947084
3,729,4729,-3.02983785451543,2.98968767570876
3,730,4730,-1.95993152612815,4.06270048478215
3,731,4731,-1.20089551509097,1.87302382508049
3,732,4732,-1.41695369739254,1.68997033167
3,733,4733,-1.49185433210354,2.60407527583857
3,734,4734,-2.91885718644202,1.57772026740681
3,735,4735,-3.5521541666663,2.43063148880411
3,736,4736,-3.13333895311022,2.23034208100612
3,737,4737,-1.93228557157377,1.98137598861433
3,738,4738,-1.84183427353124,2.48241566132784
3,739,4739,-2.86553527019982,2.28796635873939
3,740,4740,-2.86550107006354,2.32460266974333
3,741,4741,-2.18008044557525,1.81342586802168
3,742,4742,-1.54610063380749,1.580994516706
3,743,4743,-1.48784329755096,1.49824077732616
3,744,4744,-1.30898112918018,1.67559708032413
3,745,4745,-3.21665986269972,1.85069678825865
3,746,4746,-3.36304474071311,2.0920622996621
3,747,4747,-2.3255616543494,2.50811000113251
3,748,4748,-2.28580033004426,1.77385137218404
3,749,4749,-2.15202482382577,1.69292590114238
3,750,4750,-1.62030584103669,2.11615110697143
3,751,4751,-2.35209962638409,3.68495637592038
3,752,4752,-1.22908748436161,2.46808578221893
3,753,4753,-2.90577894880559,2.14186971652951
3,754,4754,-2.26456134200305,1.43647140660885
3,755,4755,-2.80317385729495,1.94262915843687
3,756,4756,-2.70680837989897,2.01066188550857
3,757,4757,-2.00490691857066,1.54826777517558
3,758,4758,-2.53675124136171,1.85613474661862
3,759,4759,-2.6174457755714,1.87320558970001
3,760,4760,-1.81799817552699,1.71060607716728
3,761,4761,-1.34206199265015,0.920708595609253
3,762,4762,-1.88739217299087,1.05526321063206
3,763,4763,-1.42332293839842,1.26828078334905
3,764,4764,-1.36512773685803,1.37751369710953
3,765,4765,-1.62138715720719,1.41927206399813
3,766,4766,-1.88048208218532,1.6410156662661
3,767,4767,-2.02915467258678,1.56769313930351
3,768,4768,-2.19828815888023,1.58511025041656
3,769,4769,-2.2540381057343,1.60022930748617
3,770,4770,-2.89690578834638,1.99782910150916
3,771,4771,-1.94579557256039,1.59711877944231
3,772,4772,-1.99853266948552,2.38223169405874
3,773,4773,-1.57649913806296,2.41256621076753
3,774,4774,-3.28170833908942,1.19104546163458
3,775,4775,-0.42390758847826,1.85325529985476
3,776,4776,-1.98642838930351,1.65731904506076
3,777,4777,-2.23613849428551,1.77295522035922
3,778,4778,-2.1672853631373,1.95544451641778
3,779,4779,-1.85892901674915,1.56229355330813
3,780,4780,-2.80717802078608,1.68005555743856
3,781,4781,-2.96504885928015,1.58729979801356
3,782,4782,-2.4167178716383,1.29559446613777
3,783,4783,-2.86344975178121,1.91770941821808
3,784,4784,-1.55866582077881,1.87225067718206
3,785,4785,-2.1647735776627,1.8677757913576
3,786,4786,-1.68085593751556,1.78604083277737
3,787,4787,-1.78297354467302,1.26538106517989
3,788,4788,-2.39199534485023,3.05968543654702
3,789,4789,-2.23777695856864,2.47606400939477
3,790,4790,-2.39297827398453,2.35274750395248
3,791,4791,-2.57163722174316,1.73709704001914
3,792,4792,-1.75378317746407,1.33524311425105
3,793,4793,-1.83658671812656,1.68015604036314
3,794,4794,-1.89185010158023,1.72646986998092
3,795,4795,-1.35607522831213,1.26661724683425
3,796,4796,-2.25577853492855,1.89609176788096
3,797,4797,-2.0497556361016,2.19215560239866
3,798,4798,-1.76394511626127,2.56050588746709
3,799,4799,-1.84901528316121,1.23685737577382
3,800,4800,-2.61438187350961,1.78544077491945
3,801,4801,-2.38020513870686,1.57949318104122
3,802,4802,-2.27394037864281,2.02471747292388
3,803,4803,-2.74970145342827,2.57103455694192
3,804,4804,-2.19513022322864,1.31186233570901
3,805,4805,-1.91125185130023,1.32200850435114
3,806,4806,-1.25895598231238,2.1578007726568
3,807,4807,-1.3292163591216,1.6274383238272
3,808,4808,-1.41451107442224,1.68641489989231
3,809,4809,-2.75196811593614,2.01491829371344
3,810,4810,-2.33337875799245,1.23221000748547
3,811,4811,-2.35480620593422,1.39971029548896
3,812,4812,-2.50933572053969,1.31589259426981
3,813,4813,-2.69072394909904,1.46411250979319
3,814,4814,-2.24068715585472,1.48052090958164
3,815,4815,-2.12181574464916,1.5457180405239
3,816,4816,-3.15995762097046,2.16863925250888
3,817,4817,-2.24586533638092,1.32728081225956
3,818,4818,-2.1887909045161,1.24162451416129
3,819,4819,-2.43443195776224,1.56717276550707
3,820,4820,-2.40062893039871,1.80571037345267
3,821,4821,-2.1359288655862,1.92074362680198
3,822,4822,-2.33849985711828,1.91891359862296
3,823,4823,-1.6924462319721,2.01016339450197
3,824,4824,-1.89176405334185,1.98290898078669
3,825,4825,-2.09153747616151,2.07185495411015
3,826,4826,-1.43984924216995,1.79473965942582
3,827,4827,-2.45314280800719,2.95240013684345
3,828,4828,-2.21536133914462,2.6933235960255
3,829,4829,-2.28429463121444,2.46998697115722
3,830,4830,-2.1362737337562,2.80038926199305
3,831,4831,-1.39606112314133,2.32903748955466
3,832,4832,-2.33298714324131,3.15300304042473
3,833,4833,-2.86462663319578,2.05955614150816
3,834,4834,-0.868250156114746,2.19408717095058
3,835,4835,-0.731352897940463,2.35992214425626
3,836,4836,-2.10055576550515,1.43446073981948
3,837,4837,-3.85276468321636,2.03359950044803
3,838,4838,-1.06272114514517,1.10601103673998
3,839,4839,-1.60968497595465,1.22409800477608
3,840,4840,-1.69665093527656,1.28456392502229
3,841,4841,-1.42361191083761,1.54576727433879
3,842,4842,-1.5343271684765,1.47162691629382
3,843,4843,-1.76939218840272,1.10488531408789
3,844,4844,-2.33895090354101,1.48344924428886
3,845,4845,-1.83489202127651,1.75467309551383
3,846,4846,-2.31483456846341,1.47894245009523
3,847,4847,-2.65137103781603,2.19169120517626
3,848,4848,-2.92372325510982,2.13764230718822
3,849,4849,-1.15758777850506,2.31654196006558
3,850,4850,-1.02866904148026,2.18703085221858
3,851,4851,-2.02813078362997,1.75469449009675
3,852,4852,-1.76040305874264,2.11009025660269
3,853,4853,-1.92055525450544,3.36813249170709
3,854,4854,-1.79982477700172,2.24600626551948
3,855,4855,-1.73764962196813,1.82033107273986
3,856,4856,-2.12993063651755,2.21135935743762
3,857,4857,-0.745746324667952,2.34910613745982
3,858,4858,-0.920404966632114,2.42692125860856
3,859,4859,-0.637386238409191,2.73204486295854
3,860,4860,-1.43084689351568,2.09597927245602
3,861,4861,-1.28258334115102,1.93120481452392
3,862,4862,-1.53481818007256,2.27340653124621
3,863,4863,-2.57324623954822,3.02272623945025
3,864,4864,-1.86871264032468,2.02129996838155
3,865,4865,-0.852152830442486,2.91328980672149
3,866,4866,-0.541888873741352,2.85598474570209
3,867,4867,-2.30762920333901,1.96112837459009
3,868,4868,-2.1327421128989,1.87658499905479
3,869,4869,-2.37790214648104,1.65341783731251
3,870,4870,-2.80546816626026,2.29482822875953
3,871,4871,-2.97437813217097,1.93013638066702
3,872,4872,-1.51220791550539,1.3206173756381
3,873,4873,-1.31796792566879,1.41306913069373
3,874,4874,-1.40562473076404,1.72261236222341
3,875,4875,-1.55357473640183,2.22542547767385
3,876,4876,-1.34840759095755,1.70881364943879
3,877,4877,-1.87371112305569,2.01392079840069
3,878,4878,-1.12909657803443,1.53098155974616
3,879,4879,-1.92898169021602,1.98584672731226
3,880,4880,-1.96688877860377,1.75866023809384
3,881,4881,-1.88788736069237,1.3965634664328
3,882,4882,-2.11893825535695,1.60402524628117
3,883,4883,-2.78965831377032,2.11695418947154
3,884,4884,-2.71424585661719,1.88644952511748
3,885,4885,-1.28163478344713,2.27478964176904
3,886,4886,-1.50522908947396,2.39476422489439
3,887,4887,-0.517783766587035,2.64439820989456
3,888,4888,-0.726283435107289,1.7258929899602
3,889,4889,-0.897857947882294,1.51073506220378
3,890,4890,-2.96579331629988,1.80554311299585
3,891,4891,-1.75975966468753,1.48186286119825
3,892,4892,-2.60480685020978,1.79711020319945
3,893,4893,-2.28679836767718,1.54450223832683
3,894,4894,-2.2800902043294,1.47579550152471
3,895,4895,-2.65851249121581,1.80004475556825
3,896,4896,-2.56855309138754,2.15411878079216
3,897,4897,-2.42037213589578,1.65056149770951
3,898,4898,-1.70961636213711,2.31577839471285
3,899,4899,-1.31654113809903,3.11878863050443
3,900,4900,-2.42641576940633,2.82795588139127
3,901,4901,-2.1301264759701,2.73527349019594
3,902,4902,-1.5126720907033,1.59653231470532
3,903,4903,-3.02885245519473,3.0340584535949
3,904,4904,-2.59628776880513,1.68173991794472
3,905,4905,-2.46091677853062,1.77658572402497
3,906,4906,-1.91816997752923,2.00281157219902
3,907,4907,-1.96286802415531,2.21886598714117
3,908,4908,-1.81042933930853,2.30276059357255
3,909,4909,-1.52037463833164,1.74835260892435
3,910,4910,-1.56963065196386,1.1403543606767
3,911,4911,-2.43671317348392,1.0251887145146
3,912,4912,-2.42545638312503,1.03420797972603
3,913,4913,-1.28279687337756,3.62192809899316
3,914,4914,-1.2476593496097,1.48007558951046
3,915,4915,-1.69366946988424,1.8070447989592
3,916,4916,-1.39634743298688,1.3018960374974
3,917,4917,-2.46372294520336,1.16530729725383
3,918,4918,-2.34123324345351,1.61733952282072
3,919,4919,-2.52420673415046,2.38827560138158
3,920,4920,-1.53772237557928,2.08639869162988
3,921,4921,-1.70212941917049,2.1451600012136
3,922,4922,-1.64416686397144,1.97408230617491
3,923,4923,-1.57264620098439,1.79408546938442
3,924,4924,-1.13390159543535,1.39870116030329
3,925,4925,-1.45063929447176,2.46161494950037
3,926,4926,-1.57620043035724,1.18224158159154
3,927,4927,-1.78153691522424,1.37193427536079
3,928,4928,-2.46803594837139,2.02314741638877
3,929,4929,-2.15223319000821,1.86343544500299
3,930,4930,-2.54120763351742,1.90529713553391
3,931,4931,-1.44058457262324,1.61042467234051
3,932,4932,-2.42745839801241,2.20540053839591
3,933,4933,-3.06610670434837,2.47018185958957
3,934,4934,-2.90042338809906,2.98819440990787
3,935,4935,-2.73358114886571,2.85958984886067
3,936,4936,-2.23726606457355,3.32006607210336
3,937,4937,-1.3801186812202,1.86339188009582
3,938,4938,-1.3425215879405,2.28445508096817
3,939,4939,-1.48835529341608,2.45737280380885
3,940,4940,-1.7273515584096,2.07045623492374
3,941,4941,-3.62343710542003,4.02061267483935
3,942,4942,-3.80516046371772,3.11169418469687
3,943,4943,-3.42420050439258,2.53944609403986
3,944,4944,-3.40505968834678,2.4311971986521
3,945,4945,-2.73701675498034,1.56334453691554
3,946,4946,-0.898163340935246,1.40871817266081
3,947,4947,-1.97707180667239,1.76544217503153
3,948,4948,-2.14966802580323,2.29803143042238
3,949,4949,-2.98217796858624,4.26373795109765
3,950,4950,-2.86014646113482,3.56741934162729
3,951,4951,-2.29126004089668,0.969279773392766
3,952,4952,-1.68018483354055,1.23739572092377
3,953,4953,-2.34751141899459,1.36805551702435
3,954,4954,-1.9154175589133,1.23477364707923
3,955,4955,-1.99054956842045,1.26142231769672
3,956,4956,-2.56041253184644,1.00199965698397
3,957,4957,-2.72946991621046,1.10540227244429
3,958,4958,-2.19655043314146,1.11682599368578
3,959,4959,-1.94287090356451,1.62777163657112
3,960,4960,-2.01310998236872,1.43681308950232
3,961,4961,-1.94072390814863,1.52497308969016
3,962,4962,-1.81079699220537,1.30757700122367
3,963,4963,-2.24404097891412,1.49698527364965
3,964,4964,-1.0930303174822,2.41017502852023
3,965,4965,-1.16240305128165,1.14433380726089
3,966,4966,-0.990796945020648,1.7320299837323
3,967,4967,-0.858361138732182,1.74534537008883
3,968,4968,-0.935117804201054,1.50240844426639
3,969,4969,-1.95208777191221,1.8144596437061
3,970,4970,-1.87951868639184,1.87585462139
3,971,4971,-2.1877663693239,1.81346200924367
3,972,4972,-3.38288070657298,2.23584126415017
3,973,4973,-2.78384047047556,1.66605924175556
3,974,4974,-3.50821908001085,2.24007121112606
3,975,4975,-2.25122892818478,1.78837879914878
3,976,4976,-2.02891944998196,1.46016481341959
3,977,4977,-2.39294881751789,1.73523985450134
3,978,4978,-2.34642178010578,1.74593876610111
3,979,4979,-1.50462439688055,1.03284033311015
3,980,4980,-1.29571115940656,1.7081728051171
3,981,4981,-1.05203646322764,1.59495626594122
3,982,4982,-1.28785616572266,1.74118644917138
3,983,4983,-2.1960384059184,1.91238539466441
3,984,4984,-1.80014473895084,1.39217684247356
3,985,4985,-1.19891388246269,2.13114521876407
3,986,4986,-1.72459005862486,1.17865556582697
3,987,4987,-1.0860839646232,1.67024836686543
3,988,4988,-2.06832976646584,1.87930109232156
3,989,4989,-2.20615497257953,1.56850835712114
3,990,4990,-3.14280684023179,1.69226564751776
3,991,4991,-1.70767087008371,2.4677673505869
3,992,4992,-2.57519665238821,2.61037608045961
3,993,4993,-3.0192997802461,1.751673529916
3,994,4994,-1.71274891227478,1.85936704983358
3,995,4995,-2.26303259783165,1.80549177619469
3,996,4996,-2.72304324148264,2.15760003451445
3,997,4997,-2.34357399076931,1.89322200603926
3,998,4998,-3.4192843844661,2.32769395724604
3,999,4999,-3.32511951262431,2.20525516294386
3,1000,5000,-3.16827309383272,1.98370892590298
3,1001,5001,-1.9583284657848,2.79021539266572
3,1002,5002,-1.89874795330253,2.83375210848174
3,1003,5003,-1.34056273907086,3.12554293977169
3,1004,5004,-0.921597262575182,2.12412585563374
3,1005,5005,-1.42766713622093,1.86018655394949
3,1006,5006,-1.28412026796301,2.86553867421002
3,1007,5007,-1.14274487762872,2.49924535351726
3,1008,5008,-1.57636010619337,2.57667030070256
3,1009,5009,-1.52933442998475,2.08714795448656
3,1010,5010,-0.926245746807868,1.8695724774673
3,1011,5011,-1.63729722479797,2.16902679342624
3,1012,5012,-1.88458481013445,2.85358937128056
3,1013,5013,-1.87056002125174,2.88129850700908
3,1014,5014,-2.3287584935789,2.78407376966536
3,1015,5015,-1.24273448769035,1.75673339668466
3,1016,5016,-1.2345946146035,2.1643537219667
3,1017,5017,-0.965659754207371,2.20019099344495
3,1018,5018,-1.21558980975056,2.23379267986443
3,1019,5019,-1.45867244985856,1.79303248252088
3,1020,5020,-1.62386124200989,1.91542829969565
3,1021,5021,-1.4913657333085,2.34437990522854
3,1022,5022,-1.40275631414296,1.29808662114952
3,1023,5023,-2.33455218996964,3.09282598859588
3,1024,5024,-2.23335606824456,2.73351496457149
3,1025,5025,-2.09932074669543,2.32729704984771
3,1026,5026,-1.06266840883085,2.43850715112082
3,1027,5027,-0.980827955896398,1.74882678118441
3,1028,5028,-2.50111811124779,2.79863671836721
3,1029,5029,-2.5251247814796,3.10675999799134
3,1030,5030,-2.3587691451148,2.97684359395758
3,1031,5031,-3.20308751906376,2.4754903817846
3,1032,5032,-1.91274790834332,1.53026573634652
3,1033,5033,-3.56974378240025,2.1023163978882
3,1034,5034,-2.72631702697823,1.5896876694519
3,1035,5035,-3.30055136200054,2.05242715958784
3,1036,5036,-2.02208048977616,1.25085504581402
3,1037,5037,-1.65058609824972,1.07083708092507
3,1038,5038,-1.8618699145206,1.23081773672055
3,1039,5039,-2.20956101319015,1.84304917788959
3,1040,5040,-1.80542374725916,1.85556149535843
3,1041,5041,-1.91019935470596,2.00763681233547
3,1042,5042,-2.00094672773804,2.02497334082688
3,1043,5043,-1.33197998975712,1.83004644260513
3,1044,5044,-1.35905800545923,1.82455941169723
3,1045,5045,-2.90169427515818,1.72311572186781
3,1046,5046,-2.16730802357621,1.12831745375409
3,1047,5047,-2.44653412542586,2.582205419007
3,1048,5048,-2.81350822381592,3.71192960668743
3,1049,5049,-0.780916858098337,1.55256529385039
3,1050,5050,-1.08524207476009,2.33368271764432
3,1051,5051,-0.300005600010237,2.22021222689816
3,1052,5052,-0.450649926143545,2.36138105841243
3,1053,5053,-0.712147811955039,1.79915235336545
3,1054,5054,-2.18655877424941,1.44140557364528
3,1055,5055,-2.36927508591698,1.63889157941613
3,1056,5056,-2.51756217757003,1.82347676757764
3,1057,5057,-1.68528729407721,1.79898048029348
3,1058,5058,-1.81591915637181,1.98162478284283
3,1059,5059,-1.44203831233176,2.23395444595436
3,1060,5060,-1.15686959753707,2.04058409934071
3,1061,5061,-1.3400347784485,1.50139678560891
3,1062,5062,-1.91740168849937,1.84413533471131
3,1063,5063,-1.74786902512389,1.14236200779309
3,1064,5064,-1.94132419904805,1.26421298497527
3,1065,5065,-2.3560611788101,1.31068652996544
3,1066,5066,-2.45951499586807,1.48658534107488
3,1067,5067,-2.4860687876475,1.43578021484925
3,1068,5068,-2.81712629145411,1.62803880722862
3,1069,5069,-2.40294034915246,2.00049971543469
3,1070,5070,-1.3748042584879,1.39520840676983
3,1071,5071,-3.41778201336208,1.80586392633453
3,1072,5072,-2.23883536970811,1.92182512304044
3,1073,5073,-2.36859735501108,2.15697850376913
3,1074,5074,-2.32230305373104,1.87520007146577
3,1075,5075,-2.34684182249536,1.60656413730922
3,1076,5076,-1.88018319630966,1.34607233907028
3,1077,5077,-2.17816160366932,1.86254763105687
3,1078,5078,-2.33567224673666,1.776086061284
3,1079,5079,-2.57056263500212,2.26731945830375
3,1080,5080,-1.35638154622181,1.75454154357933
3,1081,5081,-1.25244629147839,1.90652050804661
3,1082,5082,-1.14988362722373,1.70150042110855
3,1083,5083,-1.26381932086985,1.7688023650976
3,1084,5084,-2.93948983067443,1.94158167391771
3,1085,5085,-2.42639766738804,1.69290343269455
3,1086,5086,-3.19297927950222,1.76202113567096
3,1087,5087,-2.21653504311404,1.27456090482493
3,1088,5088,-2.48998605859349,1.6440619316733
3,1089,5089,-2.46215222677257,2.82662718811054
3,1090,5090,-1.67149633837305,2.56043227816609
3,1091,5091,-1.88838176493769,1.2639432339048
3,1092,5092,-2.73521948593948,1.8230070703536
3,1093,5093,-2.80527052982227,2.14438339108812
3,1094,5094,-1.2677003794652,0.998609271138047
3,1095,5095,-2.44590661545329,1.31645911036344
3,1096,5096,-1.7803330707998,1.18736181963478
3,1097,5097,-1.40348087101956,1.94719177867505
3,1098,5098,-1.81951871367863,2.22020309960824
3,1099,5099,-1.48253481644421,1.55018786346987
3,1100,5100,-1.67748579571373,1.77484552765173
3,1101,5101,-1.38510509504947,2.58629573951611
3,1102,5102,-1.5522667554911,2.74829040275764
3,1103,5103,-1.28755359589509,2.6564793794423
3,1104,5104,-1.02594767448388,2.62736583499257
3,1105,5105,-2.05242202356914,2.05868489590423
3,1106,5106,-2.06994258002571,1.83197185581039
3,1107,5107,-1.69606575971003,1.64010645767004
3,1108,5108,-2.01286099795851,1.2768366101797
3,1109,5109,-2.29552838707204,1.1450827106232
3,1110,5110,-2.37566868528336,1.54241784013315
3,1111,5111,-2.1271279278144,1.37429316558828
3,1112,5112,-2.12360681402886,1.61389779223284
3,1113,5113,-1.96960985101216,1.57407618186663
3,1114,5114,-1.48167987314263,1.40020505034773
3,1115,5115,-1.1223382134627,1.09963337509635
3,1116,5116,-2.54033773081739,2.26672820275148
3,1117,5117,-2.61425171695731,2.46648576810403
3,1118,5118,-2.58097416690376,2.36391805597968
3,1119,5119,-2.71165574810082,2.13266156609647
3,1120,5120,-1.83377403481024,1.92097334300296
3,1121,5121,-1.62231399186146,1.46255446199955
3,1122,5122,-1.90494683310849,1.81099092231129
3,1123,5123,-1.8558102208897,1.13156857742095
3,1124,5124,-1.24367207630968,2.28834795015813
3,1125,5125,-1.63714906490153,1.8289972448586
3,1126,5126,-1.18768316136884,2.23409624283098
3,1127,5127,-1.95992952802717,2.4517313698092
3,1128,5128,-2.01363418283521,2.20374835594788
3,1129,5129,-2.11353278588631,2.04959407019449
3,1130,5130,-1.66869015246037,1.67457081457214
3,1131,5131,-1.70073184036753,3.38532824074777
3,1132,5132,-1.87395124155253,1.65718059679219
3,1133,5133,-2.84151147608002,2.71016767710096
3,1134,5134,-2.58444115508778,1.44393959874985
3,1135,5135,-3.13952936185248,2.06379674583977
3,1136,5136,-3.28120832899636,2.10172016658023
3,1137,5137,-1.04914361260969,0.810102780745977
3,1138,5138,-1.35686820731075,1.31567376905371
3,1139,5139,-1.06653467802591,1.2687806745554
3,1140,5140,-1.45206374622681,2.39373658092685
3,1141,5141,-1.35859622305423,1.81802558433762
3,1142,5142,-1.414131588437,1.77197254643817
3,1143,5143,-1.29336693855683,2.27068112825635
3,1144,5144,-2.10423098128489,2.3249367951967
3,1145,5145,-2.73239823854452,2.35388692375767
3,1146,5146,-2.19626016379981,1.95174743640234
3,1147,5147,-1.48063898912833,1.53590534706097
3,1148,5148,-1.92801435510591,2.38162276009025
3,1149,5149,-1.76721403208249,1.19028420381567
3,1150,5150,-1.82784332907638,1.1216060313194
3,1151,5151,-1.74060454871311,1.17278192955602
3,1152,5152,-1.70345720710761,1.26611938278678
3,1153,5153,-2.0342399579927,1.14039299048463
3,1154,5154,-2.39297541694471,1.93913452378402
3,1155,5155,-2.12408828281924,1.78684119579562
3,1156,5156,-2.21273430487985,2.8691484556516
3,1157,5157,-1.00657571873409,2.03654183567898
3,1158,5158,-1.6284540881113,3.19101489916346
3,1159,5159,-1.33649358618075,3.23569492059019
3,1160,5160,-1.03702724453239,3.1537624179466
3,1161,5161,-0.294377967197252,1.61636988569086
3,1162,5162,-0.527075963642546,2.15109483629091
3,1163,5163,-0.426884701194138,2.04679290450073
3,1164,5164,-2.7334888743896,1.88514668332931
3,1165,5165,-1.72958411183793,1.00559949337869
3,1166,5166,-2.33646810944857,1.98381929576526
3,1167,5167,-1.77200016554083,1.19858922927487
3,1168,5168,-2.32499020235227,1.40517522956509
3,1169,5169,-2.07384010084613,1.29914299218227
3,1170,5170,-2.57171501145291,1.17883212531849
3,1171,5171,-2.73183558430835,1.49444402904814
3,1172,5172,-0.859057108262493,1.60532957994546
3,1173,5173,-1.3648272994719,1.69583429829204
3,1174,5174,-1.78467837101775,2.09927836982768
3,1175,5175,-1.81009617881093,1.77261358633203
3,1176,5176,-2.44904021894318,1.89881560157746
3,1177,5177,-1.63802219735574,1.70222540292237
3,1178,5178,-2.03559266064609,1.59506244513349
3,1179,5179,-1.94719342599135,2.69333336245512
3,1180,5180,-2.94022361768587,2.20116340336244
3,1181,5181,-2.04793934118121,1.58656851172245
3,1182,5182,-2.19698689160324,1.81237927503696
3,1183,5183,-1.8218069587662,1.61951631668269
3,1184,5184,-2.60183247656344,2.37218948222704
3,1185,5185,-2.36263996580263,2.43755744785008
3,1186,5186,-2.39469690285553,1.77809282781809
3,1187,5187,-2.03192129337084,1.92848884675217
3,1188,5188,-1.3227749318546,1.92552394542738
3,1189,5189,-2.5886285283091,1.48636934278727
3,1190,5190,-1.59127843547982,1.3922275754673
3,1191,5191,-2.47796477045861,2.69225180148672
3,1192,5192,-2.50610620181377,2.41371348606634
3,1193,5193,-2.44590816295694,2.25003059198385
3,1194,5194,-1.91642454097031,2.37184346179644
3,1195,5195,-2.45561091794395,1.79900906152278
3,1196,5196,-2.46731649783487,1.7401197623946
3,1197,5197,-2.0672815944148,1.75838540337028
3,1198,5198,-2.27300600176152,1.74122888283622
3,1199,5199,-2.38421617479583,1.93897397720147
3,1200,5200,-1.44777016823827,1.19459547761839
3,1201,5201,-1.54942285700271,1.27750956581725
3,1202,5202,-1.39997108733309,1.26593614297858
3,1203,5203,-1.56758312818334,1.06641085528719
3,1204,5204,-1.58010435379795,0.97640593034566
3,1205,5205,-1.01677495476345,1.26617756421436
3,1206,5206,-2.32862905075573,2.02181945232534
3,1207,5207,-2.82708923406121,1.82352941186159
3,1208,5208,-2.38539167046779,2.11578903957752
3,1209,5209,-2.51790364602314,1.99933814319074
3,1210,5210,-1.55434264828162,2.08492108819306
3,1211,5211,-1.43682299240169,1.77543117050127
3,1212,5212,-2.29257823095107,1.47497086490912
3,1213,5213,-2.20823898920182,2.09350276056266
3,1214,5214,-2.15475801685861,2.26417567758999
3,1215,5215,-1.69025698561692,1.90796224467352
3,1216,5216,-2.45852604256833,1.86803330515559
3,1217,5217,-3.30714753459882,2.10965804316537
3,1218,5218,-1.68663904854786,2.63405880907705
3,1219,5219,-1.57723369894004,2.066356601287
3,1220,5220,-0.958279411733827,1.32710599009451
3,1221,5221,-1.52591460924374,1.85102970271512
3,1222,5222,-1.10298920073783,1.31796732668718
3,1223,5223,-1.46538705388642,1.51143698605347
3,1224,5224,-1.57013536723048,1.73285854593027
3,1225,5225,-2.53791428054046,2.89554633732952
3,1226,5226,-2.45092281765624,2.38912018441583
3,1227,5227,-2.89886951011554,2.83535919538487
3,1228,5228,-1.2718233433772,1.85372437643052
3,1229,5229,-1.52348498882954,2.45898649448344
3,1230,5230,-2.09632352210681,1.54317207599797
3,1231,5231,-1.81883418323086,1.0731571148361
3,1232,5232,-3.14664303264843,2.21412813890159
3,1233,5233,-1.76155143912309,1.82018313881111
3,1234,5234,-1.51948385668063,1.91020559099743
3,1235,5235,-1.31065435486482,1.8725540538102
3,1236,5236,-1.11135368158754,1.68022858119552
3,1237,5237,-1.61296964131841,1.35139854684961
3,1238,5238,-1.32818912653069,0.94177114925109
3,1239,5239,-1.95564618859956,1.45569401603688
3,1240,5240,-2.50358827040168,2.6522894372895
3,1241,5241,-2.60965842809351,2.72793922979858
3,1242,5242,-2.27842528190634,2.67698991151399
3,1243,5243,-1.42278646435408,2.02441706000735
3,1244,5244,-1.7887714668217,1.86668089479151
3,1245,5245,-2.88145483645848,1.51973632508069
3,1246,5246,-3.33721986086299,1.55707510636034
3,1247,5247,-3.56483635898498,1.64198572834223
3,1248,5248,-2.59170444359147,1.92696706151001
3,1249,5249,-2.50433935459975,1.56407748998844
3,1250,5250,-2.57811274833954,2.27031339785049
3,1251,5251,-2.54362263507496,1.85584485166481
3,1252,5252,-2.76401657864746,2.29949938934781
3,1253,5253,-2.42879448348849,1.74742163788712
3,1254,5254,-1.63414153765515,1.15476015883855
3,1255,5255,-2.04037223758375,1.33758216711656
3,1256,5256,-3.40277690205025,2.01043139833299
3,1257,5257,-1.99494964770596,1.43551921873023
3,1258,5258,-2.40816526712872,1.79537491981781
3,1259,5259,-2.09315440860058,1.37206729781355
3,1260,5260,-2.30959433498896,1.44380840376242
3,1261,5261,-1.92537063538726,1.3739025429943
3,1262,5262,-2.2259167345225,1.52208171849069
3,1263,5263,-2.28555204817924,2.49981011512302
3,1264,5264,-1.93660671629046,1.32523628226076
3,1265,5265,-1.3133254820725,1.88801754667526
3,1266,5266,-0.914698141307846,2.36596067429188
3,1267,5267,-1.58747480027867,1.81381028332749
3,1268,5268,-2.3952876541391,2.76153922470137
3,1269,5269,-2.16059055692825,3.10200207815208
3,1270,5270,-1.52773176549132,1.55416627200685
3,1271,5271,-2.29021970261174,2.36742599025266
3,1272,5272,-1.1682300511103,1.58370572310397
3,1273,5273,-1.97792699938477,2.28515770256347
3,1274,5274,-1.34032374832676,1.20204510709293
3,1275,5275,-1.31027206681952,1.43357897891021
3,1276,5276,-1.81342044136252,3.07233843763518
3,1277,5277,-1.21057115602459,1.52287785067402
3,1278,5278,-1.99947368805263,2.15570556845728
3,1279,5279,-1.96768775595878,1.12584076443469
3,1280,5280,-2.06199009627917,2.04850652483176
3,1281,5281,-2.9126175947703,2.20804162923594
3,1282,5282,-2.37700439537691,2.17201326316543
3,1283,5283,-2.14727100278466,2.26247698494221
3,1284,5284,-1.19681945529803,2.43160160266469
3,1285,5285,-1.40362924770775,1.81407076439184
3,1286,5286,-1.81464593168305,1.93420392910445
3,1287,5287,-1.98030145122533,1.65909211481523
3,1288,5288,-2.52262515301832,1.7663757806766
3,1289,5289,-1.95012384657079,1.51650803404136
3,1290,5290,-2.52306352208523,1.6352504553949
3,1291,5291,-2.17448790334646,1.35315482914504
3,1292,5292,-2.19847600421526,1.25920645818232
3,1293,5293,-1.93906970364263,1.08858829464622
3,1294,5294,-1.86195341125979,0.919072960849711
3,1295,5295,-2.26846094863587,1.03327662831185
3,1296,5296,-1.42000564830556,1.82865971122639
3,1297,5297,-1.23739320667994,1.46618342102038
3,1298,5298,-1.81414026110438,2.20335153443954
3,1299,5299,-1.72143176482186,2.23891170881792
3,1300,5300,-2.09262482473331,3.80981480977865
3,1301,5301,-1.92660721014285,3.64947680468616
3,1302,5302,-1.75257683395411,2.18448866251141
3,1303,5303,-1.42307498239718,1.98352610764167
3,1304,5304,-2.95498661517657,2.37509518858431
3,1305,5305,-2.8351155525895,2.3520225535465
3,1306,5306,-3.68275180319737,3.06860457857812
3,1307,5307,-3.96421996429765,2.39589856647491
3,1308,5308,-2.35811626617212,1.26171031625379
3,1309,5309,-1.90550010107858,1.19605034216698
3,1310,5310,-1.29742868182212,1.184641362601
3,1311,5311,-1.89191903317945,1.56244943346571
3,1312,5312,-2.72733139660293,1.75963074787663
3,1313,5313,-2.51946395321755,1.85180668340311
3,1314,5314,-2.02170516755701,2.53969199288549
3,1315,5315,-2.20019251580682,2.47985993654508
3,1316,5316,-2.3225048373325,1.9064786141703
3,1317,5317,-1.52864934436179,2.51792655762096
3,1318,5318,-2.58552567755371,2.85767320192079
3,1319,5319,-1.70824728710118,2.18915570492409
3,1320,5320,-2.34338174936835,2.04809456925085
3,1321,5321,-2.22010176341219,1.95698759547913
3,1322,5322,-3.10513257857656,1.73222631498304
3,1323,5323,-3.8228161723522,1.70811341381819
3,1324,5324,-2.7250708047291,1.83755519660634
3,1325,5325,-2.74486723495574,1.89546239609566
3,1326,5326,-2.57984575561267,1.79763402096977
3,1327,5327,-2.0991861311014,2.11314382290716
3,1328,5328,-1.54422338229539,2.44953665762803
3,1329,5329,-1.23650858398226,2.12438214914983
3,1330,5330,-1.96657340006151,1.98475895563845
3,1331,5331,-2.43355741011008,1.70741699023343
3,1332,5332,-2.71718811300822,1.51216509417658
3,1333,5333,-2.0135545523009,1.38544777586127
3,1334,5334,-2.4437690622742,1.80644391476438
3,1335,5335,-0.659255661382922,2.99290851274319
3,1336,5336,-1.47431668578911,2.16797386481311
3,1337,5337,-0.910479253718808,1.46141939622421
3,1338,5338,-2.11655667212325,2.65639758733819
3,1339,5339,-1.79905975147437,1.71903644146393
3,1340,5340,-1.24062989316331,1.15978049509397
3,1341,5341,-1.54420346908744,1.25832795882144
3,1342,5342,-1.9286242615032,1.41754913717434
3,1343,5343,-2.42669109802156,1.74134116631988
3,1344,5344,-2.31247882208092,1.97893906125645
3,1345,5345,-2.19016847373818,1.8965557168484
3,1346,5346,-2.78886149411807,2.12839117838379
3,1347,5347,-2.43807339705656,2.3614072687875
3,1348,5348,-2.89072940730677,3.21857124468949
3,1349,5349,-3.01353139772884,2.9105269678939
3,1350,5350,-1.46852476322157,1.33321308930021
3,1351,5351,-1.9654632274717,2.43793332466927
3,1352,5352,-1.67218243460382,1.98287638732207
3,1353,5353,-2.01950032488597,1.80361508728
3,1354,5354,-1.43701265670483,1.75471263375158
3,1355,5355,-1.29919273264025,1.72166280079491
3,1356,5356,-1.54161287849786,2.06976920142261
3,1357,5357,-3.27678357911795,1.90981547845529
3,1358,5358,-2.19922744934475,2.269790146775
3,1359,5359,-3.10855048659265,2.1882727930893
3,1360,5360,-3.19427164903109,2.37538524615988
3,1361,5361,-3.53823473446999,2.48692237750709
3,1362,5362,-3.35877795906923,2.22415794386245
3,1363,5363,-3.45325221861697,2.21513323987705
3,1364,5364,-2.90783374058956,2.10812022016763
3,1365,5365,-2.78874155116589,2.34004120375822
3,1366,5366,-1.98265623272062,2.32469136054276
3,1367,5367,-2.79384241034917,3.28432680314808
3,1368,5368,-2.41055601104,2.56271158115201
3,1369,5369,-2.42763171422206,2.8702809703896
3,1370,5370,-2.32841078657217,2.63846753009824
3,1371,5371,-1.2372688280676,1.93672481219563
3,1372,5372,-1.36399899962251,2.42343989915233
3,1373,5373,-1.39024860163873,1.4587564362807
3,1374,5374,-1.67234578504338,2.30398341390848
3,1375,5375,-2.42576501744288,2.54649527154769
3,1376,5376,-2.1073620523935,1.91380531960562
3,1377,5377,-2.62040558546803,2.21503931535674
3,1378,5378,-2.29411072542688,1.27381266747141
3,1379,5379,-2.26930625984655,1.15344376445422
3,1380,5380,-2.39384142827274,1.37130405850473
3,1381,5381,-2.18297151234373,1.17695292581482
3,1382,5382,-2.90568510107931,2.17574858688308
3,1383,5383,-2.907170615194,2.10938104737037
3,1384,5384,-2.48845858443915,1.87692552606293
3,1385,5385,-2.63418330010115,1.98668970593704
3,1386,5386,-2.56211926471745,1.11422150854189
3,1387,5387,-2.77468479882036,1.55921040231847
3,1388,5388,-2.30494043051181,1.3756046644842
3,1389,5389,-2.87251863711975,2.11629229136942
3,1390,5390,-2.53781575135429,1.6621018843835
3,1391,5391,-3.24921962274073,2.11910772045714
3,1392,5392,-2.15543450432663,1.59881050505903
3,1393,5393,-1.61309036869943,1.01231963448599
3,1394,5394,-1.61246602440733,1.41970017195528
3,1395,5395,-2.14073578451837,1.53528006895897
3,1396,5396,-1.78771820089278,1.65322083955565
3,1397,5397,-2.01761368261843,2.07758018983575
3,1398,5398,-1.56513728719363,3.8680913184032
3,1399,5399,-1.87384641884778,1.9393997446287
3,1400,5400,-1.67743165326647,2.47507859532375
3,1401,5401,-1.69510062554318,2.4927050375923
3,1402,5402,-1.5516887702017,2.42094081423335
3,1403,5403,-1.8232208550979,1.88235892369117
3,1404,5404,-3.3363476817332,2.46661787879212
3,1405,5405,-3.32085120235978,2.34368936616336
3,1406,5406,-2.62251198620905,1.75350031278373
3,1407,5407,-2.66243202805329,1.79351300226163
3,1408,5408,-2.87418261630324,2.281425026987
3,1409,5409,-1.18583569608923,1.23465902029926
3,1410,5410,-1.30853474077871,1.56363817177241
3,1411,5411,-1.78641549008161,2.13666922398798
3,1412,5412,-1.94252530600091,3.61175710866083
3,1413,5413,-2.24755958496904,3.21807083166583
3,1414,5414,-2.13613416870577,1.9911258217477
3,1415,5415,-2.53260825412092,1.74800245090829
3,1416,5416,-2.1178732235788,1.87816428401599
3,1417,5417,-1.97762237462011,1.37538083141384
3,1418,5418,-2.98275027019376,1.45900951843657
3,1419,5419,-2.62037651915264,1.70156942970455
3,1420,5420,-3.25421567429524,1.92097986535132
3,1421,5421,-2.52113424618106,1.74836216460419
3,1422,5422,-2.52388821128355,1.44362809485671
3,1423,5423,-1.9784623948177,1.88886394254443
3,1424,5424,-2.28985161531729,1.04123554555697
3,1425,5425,-2.11911033530258,0.923874587100973
3,1426,5426,-3.13972689901906,1.19961079157277
3,1427,5427,-1.99017648931435,1.04807161204363
3,1428,5428,-1.89070686400209,0.978530144741098
3,1429,5429,-1.64809533155852,1.31554660188101
3,1430,5430,-1.89268571808831,1.43314644293814
3,1431,5431,-1.61532125817807,1.57936753179614
3,1432,5432,-2.15789870768384,2.07471003423987
3,1433,5433,-2.77056391998004,2.62383316104846
3,1434,5434,-1.62714109543643,1.82160701576442
3,1435,5435,-2.38730128673503,2.56354678947593
3,1436,5436,-2.19191053342153,2.67712496489666
3,1437,5437,-0.784433764783959,1.42673475829681
3,1438,5438,-1.30798101784425,3.15783212430176
3,1439,5439,-1.50324824583267,1.15180620815268
3,1440,5440,-2.44715121853754,1.91360784986892
3,1441,5441,-2.51555444548342,1.47439382513006
3,1442,5442,-2.04708264267714,1.29338431672496
3,1443,5443,-2.43352633013026,1.51737233633787
3,1444,5444,-2.64826015438011,1.85431439673658
3,1445,5445,-2.20303958581114,1.57261220480911
3,1446,5446,-2.1337574399129,1.4935083187359
3,1447,5447,-1.95032746122788,1.54435247015263
3,1448,5448,-1.99872074032322,1.46876125195228
3,1449,5449,-1.8899047225091,1.29931863935882
3,1450,5450,-1.68711587150697,1.19654131734332
3,1451,5451,-1.73154310362804,1.50903985070057
3,1452,5452,-1.87130566293244,1.94062385654525
3,1453,5453,-1.67218125385119,2.04891664620567
3,1454,5454,-1.83344721258464,2.54708757360303
3,1455,5455,-2.98591380163304,1.9314221155771
3,1456,5456,-3.16696500123965,2.72109443739969
3,1457,5457,-3.13661775095377,2.56455465689009
3,1458,5458,-2.47109547696987,1.60330064915403
3,1459,5459,-2.48182019723686,1.50065420472577
3,1460,5460,-2.63804958364455,1.37460542842515
3,1461,5461,-2.24932543943614,2.06575255654431
3,1462,5462,-2.20840645257383,2.86547050659733
3,1463,5463,-3.00891742328779,2.40628843450825
3,1464,5464,-2.19189925846044,2.60600327379278
3,1465,5465,-1.26368236833746,1.02226458969867
3,1466,5466,-2.00898678058251,1.45280324827228
3,1467,5467,-1.82622476531397,1.32279758118947
3,1468,5468,-1.47515607153574,1.36365435473824
3,1469,5469,-2.13781914422429,1.41458616304595
3,1470,5470,-2.685319178552,1.56282882660286
3,1471,5471,-2.97728114392499,1.56018606685955
3,1472,5472,-2.88264424951804,1.94208160764332
3,1473,5473,-2.9931704635673,2.16759526652551
3,1474,5474,-4.60672943978272,2.95843702007697
3,1475,5475,-3.71942439654257,2.15300484102809
3,1476,5476,-2.72124620156663,1.62627455509113
3,1477,5477,-2.69786868760079,1.43081428030962
3,1478,5478,-1.02520093606201,1.18718075179059
3,1479,5479,-1.89778175071316,1.40068892734106
3,1480,5480,-1.78888013103382,1.09901014940089
3,1481,5481,-1.52878864263727,0.733210153817098
3,1482,5482,-2.21408781968657,1.0275772426477
3,1483,5483,-1.54016963419283,1.82139714898161
3,1484,5484,-2.28913594010519,1.3363885270032
3,1485,5485,-2.60095672899889,2.42517456517749
3,1486,5486,-2.05988987499259,1.73778160798128
3,1487,5487,-2.34240578244269,1.92519318017362
3,1488,5488,-2.91925189835098,1.57597755572126
3,1489,5489,-2.12987262863146,1.9244239951397
3,1490,5490,-2.79273699356802,2.15517142236211
3,1491,5491,-1.53038040973494,1.50720031616598
3,1492,5492,-3.59064551774864,2.44170604009455
3,1493,5493,-2.78458738051797,2.74440205985022
3,1494,5494,-3.61240056202413,2.2871955913377
3,1495,5495,-2.26488513912702,2.84390553491993
3,1496,5496,-2.63810176476142,2.31636293804211
3,1497,5497,-2.8654482128377,2.35291704213565
3,1498,5498,-1.46699317530855,2.52262148082454
3,1499,5499,-1.85927744716997,2.58909856850138
3,1500,5500,-2.37327369005239,2.14681777980968
3,1501,5501,-2.33997745426442,1.98588646130383
3,1502,5502,-2.50665133732697,2.28416727728937
3,1503,5503,-2.25968885541385,2.19929473459311
3,1504,5504,-2.42962727643438,2.35431242371024
3,1505,5505,-2.56869070509266,1.96037851613602
3,1506,5506,-1.71978841534697,1.13450698796115
3,1507,5507,-1.4017178300121,0.933078106741992
3,1508,5508,-3.34341133307632,2.70900143159758
3,1509,5509,-3.11870609145944,1.73402031559026
3,1510,5510,-2.92636246125256,2.35129845129991
3,1511,5511,-1.48606232137636,1.98145435085739
3,1512,5512,-1.38685759377884,2.24698062053392
3,1513,5513,-3.63469535251041,2.17007093239629
3,1514,5514,-2.80193442599401,1.4576866796101
3,1515,5515,-1.99885994350438,2.10798450233578
3,1516,5516,-1.40573433962394,2.68672487705118
3,1517,5517,-1.09604566419268,2.06838023065839
3,1518,5518,-1.84429685337458,1.7920376032046
3,1519,5519,-1.64159851555632,2.18522439256647
3,1520,5520,-3.30422982719841,2.24351081120926
3,1521,5521,-3.29804004133935,1.99671134289798
3,1522,5522,-2.03258822329945,2.1838514254381
3,1523,5523,-2.17914158288538,2.486617958619
3,1524,5524,-2.68552361707746,1.44798127054055
3,1525,5525,-2.50044248834144,1.85985390881701
3,1526,5526,-2.61999312949746,2.00560253732759
3,1527,5527,-2.9123257958641,2.36162378640139
3,1528,5528,-1.36612042705147,1.90448312238447
3,1529,5529,-1.59254340424889,2.35322751933928
3,1530,5530,-1.69936727950205,2.34759277372975
3,1531,5531,-2.58819434269945,1.99273495021066
3,1532,5532,-2.62524338661617,1.95919029794996
3,1533,5533,-2.03598597480799,1.88820651793695
3,1534,5534,-1.60767553374426,2.60524809384001
3,1535,5535,-1.26353467690498,1.55385349943219
3,1536,5536,-1.24407541918721,2.7101316608357
3,1537,5537,-1.22254690098675,2.75854264050593
3,1538,5538,-1.60773362487525,2.26456910144311
3,1539,5539,-1.84241736874279,2.24187246908895
3,1540,5540,-1.53913082086516,1.34782776357086
3,1541,5541,-2.05793426319113,1.53411194571724
3,1542,5542,-1.25514492482681,1.32197504408722
3,1543,5543,-1.58532358553288,1.68569658697633
3,1544,5544,-1.3727533671843,1.20096977414593
3,1545,5545,-3.46820717820452,3.36671259497944
3,1546,5546,-1.67005653920215,1.71585347687501
3,1547,5547,-2.55309716156342,2.76366378756378
3,1548,5548,-2.54797117565988,2.2922396838375
3,1549,5549,-2.486976197142,2.43397235797392
3,1550,5550,-2.91565537396742,2.54771624154444
3,1551,5551,-3.06174570621614,3.01525529327886
3,1552,5552,-2.90600686087559,3.24821309620079
3,1553,5553,-2.9957640958239,2.9301827583841
3,1554,5554,-2.86416444212344,2.72563368300119
3,1555,5555,-2.51386966175815,2.4561398727225
3,1556,5556,-1.68716269218771,2.23006052586237
3,1557,5557,-1.96322124039089,2.55563173807163
3,1558,5558,-2.12594359985738,2.52753549658767
3,1559,5559,-2.06979293338322,2.71098798290892
3,1560,5560,-1.98092653927859,1.26679006526661
3,1561,5561,-2.63636648730387,1.60073878545578
3,1562,5562,-2.19719341265648,1.41426089366706
3,1563,5563,-1.86977800754198,1.74299876612766
3,1564,5564,-2.87954255496955,2.16196940547834
3,1565,5565,-2.15135497609159,1.94837719264261
3,1566,5566,-2.31951689553831,2.18353408999921
3,1567,5567,-2.18865029366293,2.2905531079708
3,1568,5568,-2.0891635823576,1.66616659698938
3,1569,5569,-2.62375914152259,1.62823196778409
3,1570,5570,-2.43285152222279,1.48147708871473
3,1571,5571,-2.46523120255556,1.6706329223361
3,1572,5572,-2.20534345135054,1.56209972461401
3,1573,5573,-2.45543684769782,1.45156884175409
3,1574,5574,-2.56235470997708,1.34089365520446
3,1575,5575,-2.6762105168438,1.38414080342228
3,1576,5576,-1.04244164153828,1.15898727423451
3,1577,5577,-1.33872065730013,0.839952776093785
3,1578,5578,-2.36506011584018,1.8897354887116
3,1579,5579,-2.80383065809318,1.89624245368306
3,1580,5580,-3.02371629140813,1.76615435661213
3,1581,5581,-1.52632671759704,1.64398432946074
3,1582,5582,-1.77466294991885,2.21604095339654
3,1583,5583,-1.59062368882161,2.07643823608233
3,1584,5584,-2.41727960776218,2.09544042193482
3,1585,5585,-2.7386337722519,1.27660848593921
3,1586,5586,-2.10927796625698,1.67589748693734
3,1587,5587,-1.78576504604129,1.57562386624502
3,1588,5588,-1.62754146663368,1.61029628040606
3,1589,5589,-1.77231193614325,1.59747388368797
3,1590,5590,-1.76833899683393,2.19471266053242
3,1591,5591,-1.5907024718231,2.13746083993563
3,1592,5592,-2.49889399523692,1.9244549489641
3,1593,5593,-2.51584136981215,1.98504371197403
3,1594,5594,-2.34095557834332,1.95508591295309
3,1595,5595,-2.54327075354862,1.89383852346282
3,1596,5596,-1.86178126021864,1.5530597425672
3,1597,5597,-2.31528447603533,2.13851132063247
3,1598,5598,-2.41836345476821,1.51441184288823
3,1599,5599,-1.50925026482507,1.45764791906204
3,1600,5600,-3.33946417298514,2.77406054580636
3,1601,5601,-3.54726830427314,2.73454913992856
3,1602,5602,-2.51481530028441,2.42381707687406
3,1603,5603,-2.3820120058873,2.28672857945683
3,1604,5604,-2.8417711086794,2.38511332264666
3,1605,5605,-2.42939411318935,1.88695244098078
3,1606,5606,-1.94486910329075,1.54930713834806
3,1607,5607,-1.37256091438015,1.24202411463914
3,1608,5608,-1.31553672587899,1.28550477173408
3,1609,5609,-1.52805765703429,1.19638837942946
3,1610,5610,-1.7548803589373,1.46618852982033
3,1611,5611,-1.43304723193431,1.40853115832175
3,1612,5612,-1.5052089251007,1.16653282606626
3,1613,5613,-3.19457258434714,2.54456525666067
3,1614,5614,-3.06788229581249,2.39618562035866
3,1615,5615,-1.67574572717899,2.06271679297697
3,1616,5616,-1.84777570802351,1.93209516886117
3,1617,5617,-2.03579395376957,2.05088250042919
3,1618,5618,-0.953104519291642,2.64354921135238
3,1619,5619,-1.30504668849044,4.51890263994272
3,1620,5620,-1.46520593711434,3.96973335421275
3,1621,5621,-1.98790705964036,2.71828980826547
3,1622,5622,-2.53679361380642,2.18693668337347
3,1623,5623,-1.97483655729746,1.97632079940084
3,1624,5624,-2.75998566206357,2.80341481516537
3,1625,5625,-2.53524353191839,2.67865087337484
3,1626,5626,-2.19978180774821,2.56431690082349
3,1627,5627,-2.57499392010151,2.78960776491606
3,1628,5628,-2.40649853332275,2.02637537640695
3,1629,5629,-2.1950302962467,2.12902778698572
3,1630,5630,-1.91207839964925,1.63584271637882
3,1631,5631,-2.58178336235572,1.34046725682818
3,1632,5632,-2.05244188133368,1.98611850108294
3,1633,5633,-2.53538077156107,1.5503341937686
3,1634,5634,-1.98467437967313,2.41802810301096
3,1635,5635,-1.92417081355884,2.27880530792517
3,1636,5636,-2.73476285174906,2.15573196345277
3,1637,5637,-1.92962448847816,2.09867196715829
3,1638,5638,-1.76933604131203,2.01046374051229
3,1639,5639,-2.39321001222052,1.92918626386492
3,1640,5640,-2.47680618499945,1.52494971816213
3,1641,5641,-2.94178101609433,2.08635307480906
3,1642,5642,-3.03331867062214,2.2610778143443
3,1643,5643,-1.85550006448857,1.38549426809558
3,1644,5644,-2.38617544189021,1.8251684634256
3,1645,5645,-1.75670096894879,1.42142563815376
3,1646,5646,-1.62850800964685,1.07695373983167
3,1647,5647,-1.18365856210364,1.24432727467683
3,1648,5648,-2.65102044922168,1.58353436135916
3,1649,5649,-3.03680102574081,1.82079273615991
3,1650,5650,-2.9453209402669,2.57225847290344
3,1651,5651,-2.77464204310916,1.74189105087075
3,1652,5652,-3.22959576831322,3.1518914815215
3,1653,5653,-2.3837407341738,3.24035626353512
3,1654,5654,-2.75540663114985,2.77809449082699
3,1655,5655,-1.39421176228061,1.50541636847322
3,1656,5656,-1.18257016780965,2.52937154918346
3,1657,5657,-1.52344885435923,1.71815832431253
3,1658,5658,-1.72050749225822,2.30336715718009
3,1659,5659,-0.158861192987602,2.21985409070537
3,1660,5660,-0.496645600725655,1.81872384798752
3,1661,5661,-3.60105034707415,1.63716984710233
3,1662,5662,-3.44076038561092,1.70177469495
3,1663,5663,-3.16277644061167,1.43875935431307
3,1664,5664,-2.94695931527672,1.38016622909987
3,1665,5665,-3.29430590225305,1.40094452137032
3,1666,5666,-1.74505717929524,1.73740840251433
3,1667,5667,-1.95008568488825,1.5748687916132
3,1668,5668,-1.73478484847886,1.73734983392342
3,1669,5669,-1.88905486486262,1.87637173620049
3,1670,5670,-2.01694801422031,1.70234740955008
3,1671,5671,-2.76046154445686,2.55580924304666
3,1672,5672,-0.54238646664638,2.69428355677201
3,1673,5673,-0.384377568371319,1.66454372356812
3,1674,5674,-1.66163747622134,2.44731490968989
3,1675,5675,-1.88776482601882,1.81330649423707
3,1676,5676,-1.83888245053154,1.90745284890174
3,1677,5677,-1.28983054045301,1.2869562862866
3,1678,5678,-1.30115868701151,1.21834240691547
3,1679,5679,-1.29385344550415,1.16535031086758
3,1680,5680,-2.16047462888673,1.39337528121161
3,1681,5681,-2.11913385196327,1.82925988713893
3,1682,5682,-1.69732652224246,1.36306920428563
3,1683,5683,-1.98837051698964,1.31545904767941
3,1684,5684,-1.25294369042556,2.00932688908674
3,1685,5685,-1.52584312406635,1.72468011810898
3,1686,5686,-1.7632155183254,2.15021174397188
3,1687,5687,-1.90580244603638,2.04328126818257
3,1688,5688,-1.4907499290309,1.84498220275263
3,1689,5689,-1.47199687313869,1.28172302568202
3,1690,5690,-0.659701193056217,1.4959796521731
3,1691,5691,-0.801175405336615,1.23906970278279
3,1692,5692,-3.29835407812431,1.60070088385066
3,1693,5693,-3.3571926743431,1.89168628169129
3,1694,5694,-2.98338146159418,1.73881882648156
3,1695,5695,-2.40626344066969,1.76926770913536
3,1696,5696,-2.76753898082082,1.79513510213165
3,1697,5697,-2.22682442181319,1.36856917712246
3,1698,5698,-2.49062796746943,1.50310513752084
3,1699,5699,-2.6022082995716,1.40112560081567
3,1700,5700,-2.16098631531199,1.11963231074497
3,1701,5701,-1.92219758420747,1.24430455470591
3,1702,5702,-2.23984292136135,1.7149397036225
3,1703,5703,-2.04222861005344,1.39635876511198
3,1704,5704,-2.85642427115547,2.30944893321427
3,1705,5705,-2.82519187937181,2.01650680167283
3,1706,5706,-2.37959279967704,1.23771141699848
3,1707,5707,-2.25198228193611,1.28464419705482
3,1708,5708,-2.57329016341218,2.50970752541415
3,1709,5709,-2.98186056292413,2.69266567055592
3,1710,5710,-2.644236162852,2.88320554493847
3,1711,5711,-1.89595892206939,2.97751090574962
3,1712,5712,-2.12541514403243,2.8519563594229
3,1713,5713,-3.00433414187979,2.71505690421313
3,1714,5714,-1.68182761869915,1.48123446432649
3,1715,5715,-1.92104262306544,1.37271044312773
3,1716,5716,-1.44470439172058,1.80527176925273
3,1717,5717,-0.776257944331907,1.60587132566111
3,1718,5718,-1.65772341722105,1.40284318443766
3,1719,5719,-1.30334278114609,1.53710087736321
3,1720,5720,-0.741546657857015,1.58841028790211
3,1721,5721,-1.22014897258162,1.60908670815718
3,1722,5722,-1.21699325089075,1.57693427480964
3,1723,5723,-2.16786124332558,2.07060049871202
3,1724,5724,-2.20243545062751,1.94023199412796
3,1725,5725,-2.36298182082383,1.66632572723543
3,1726,5726,-2.41009973140618,2.0746250109017
3,1727,5727,-2.42323104180137,1.92222716164069
3,1728,5728,-2.15798564356827,1.40874519521774
3,1729,5729,-1.34286077704032,1.61153100461686
3,1730,5730,-1.40390033448894,1.5579936580715
3,1731,5731,-1.84521403191959,1.17388142940548
3,1732,5732,-1.65992562864883,1.19057207986923
3,1733,5733,-1.70176066332731,1.12095293673223
3,1734,5734,-1.74728973402533,1.20573692508247
3,1735,5735,-1.98919938136445,1.79118257555868
3,1736,5736,-2.20578989797879,1.60975613740955
3,1737,5737,-1.90696494470893,1.17610010078702
3,1738,5738,-1.68582251248735,1.18128969850827
3,1739,5739,-1.7978233203562,1.04084516577391
3,1740,5740,-1.90800423147425,1.68552226443023
3,1741,5741,-1.75275025318484,2.93180508105219
3,1742,5742,-1.25781431428161,2.13530870462731
3,1743,5743,-1.24239236141814,2.30792460023627
3,1744,5744,-1.51552844393619,1.95404918948627
3,1745,5745,-1.29913998087019,1.79129460637221
3,1746,5746,-2.02391782052548,1.66195230988115
3,1747,5747,-2.0993997057991,1.50935449570044
3,1748,5748,-1.85721966391427,1.40866033570969
3,1749,5749,-3.25428484841241,2.45070450060669
3,1750,5750,-1.97821244219802,2.44526033183241
3,1751,5751,-1.94240214208189,2.45925882920884
3,1752,5752,-2.28497883814305,2.37318623171841
3,1753,5753,-1.97777840390218,2.24986587667328
3,1754,5754,-1.93613546963442,2.23853889164093
3,1755,5755,-1.97090913676087,2.33993611269631
3,1756,5756,-1.87695626945118,2.8584558534558
3,1757,5757,-1.56682463606081,2.36544430574743
3,1758,5758,-2.43954154780628,2.6715669576587
3,1759,5759,-2.03950825149459,2.99789575531904
3,1760,5760,-1.82217112340456,2.30488803267034
3,1761,5761,-1.86064766570295,0.995063197695961
3,1762,5762,-2.24923036593529,1.57745742079121
3,1763,5763,-2.24869150458991,2.04038878634342
3,1764,5764,-2.42912014073765,1.8515658154969
3,1765,5765,-3.49831268936142,2.87081143483882
3,1766,5766,-3.25752064713995,2.55160333857298
3,1767,5767,-2.48066877098761,2.07305420663281
3,1768,5768,-1.76505282181923,1.88827725042447
3,1769,5769,-1.5037617003933,1.53196375405283
3,1770,5770,-1.78112279395994,1.73526878416703
3,1771,5771,-1.74440823368781,2.00308667372644
3,1772,5772,-1.37938406666193,1.4482949784045
3,1773,5773,-1.84902937630342,1.8291439686966
3,1774,5774,-1.70676405314255,1.15532950364776
3,1775,5775,-2.60651538841056,2.19528190609895
3,1776,5776,-2.20437652546027,2.0992710585168
3,1777,5777,-2.36602286950726,2.11999732995263
3,1778,5778,-2.29145546458878,1.99307348603671
3,1779,5779,-2.21245376156422,1.66372102993825
3,1780,5780,-2.59215810180678,2.0732271283266
3,1781,5781,-2.40533362477693,1.3812929911141
3,1782,5782,-1.32741410596796,1.92744970071532
3,1783,5783,-2.04710158186133,1.50677996322777
3,1784,5784,-1.87401654590013,1.3591436791771
3,1785,5785,-1.6212768072307,1.62730478379375
3,1786,5786,-1.51378884130186,1.49287091696583
3,1787,5787,-2.77544477406925,1.97683346090513
3,1788,5788,-2.10939276138963,1.35931803981915
3,1789,5789,-2.21623519944486,1.44491353427348
3,1790,5790,-2.46964193069984,1.70275657646305
3,1791,5791,-2.38857345223763,1.52804479627297
3,1792,5792,-1.77098534287194,1.34898494978958
3,1793,5793,-1.24188800572157,1.08073961189173
3,1794,5794,-2.1985366849863,1.45358007606526
3,1795,5795,-2.20480992629531,1.63893523868101
3,1796,5796,-1.76161071183296,1.89615245563859
3,1797,5797,-2.13091388230237,1.37360565488583
3,1798,5798,-1.79372524945003,1.8649424364024
3,1799,5799,-1.8988554709976,2.06529479190111
3,1800,5800,-1.54900261263819,1.93551375545063
3,1801,5801,-2.36191482439069,1.97348584106581
3,1802,5802,-2.35512955589701,2.45083993441744
3,1803,5803,-2.15459419778849,2.91372005589022
3,1804,5804,-2.35963346429423,2.27879562898563
3,1805,5805,-1.19604666001191,2.0761066882998
3,1806,5806,-1.53821025773976,2.09592580283163
3,1807,5807,-2.41123279784408,3.4574168173144
3,1808,5808,-1.6549750410641,3.68063237220638
3,1809,5809,-1.35005488505854,1.62586327672543
3,1810,5810,-1.39791155086591,2.39172366728954
3,1811,5811,-1.5981552325987,2.05088836210371
3,1812,5812,-2.03976806999138,1.91914315208849
3,1813,5813,-1.85954239988431,1.80484699976839
3,1814,5814,-3.45493240009811,2.04557471765779
3,1815,5815,-2.3900007847556,1.44937890905284
3,1816,5816,-1.70974100555407,1.07267082101581
3,1817,5817,-2.94075815216002,1.75612393748575
3,1818,5818,-1.71554281729286,1.03418526039472
3,1819,5819,-1.32039825349413,1.07133616920888
3,1820,5820,-2.42836130359237,1.50386881428154
3,1821,5821,-2.23101361397816,1.29851157451263
3,1822,5822,-1.68685563430505,0.618367587252438
3,1823,5823,-1.56984957739541,0.840589673979892
3,1824,5824,-1.27755862003981,0.910651304108268
3,1825,5825,-1.37967076649333,1.02078984009343
3,1826,5826,-2.58051950322266,1.5824512582497
3,1827,5827,-1.25998733357822,0.920269267596577
3,1828,5828,-1.48854989459451,1.44726425236352
3,1829,5829,-1.85900152881845,1.36413683267916
3,1830,5830,-2.45298453097398,1.82845122826474
3,1831,5831,-1.42761061192085,1.85078336450837
3,1832,5832,-2.62132970629915,3.15598224752952
3,1833,5833,-1.72410228707108,1.34521548271164
3,1834,5834,-3.32344399629281,2.63695821390536
3,1835,5835,-2.82894118837909,2.03810196701667
3,1836,5836,-2.16716466435829,1.86005894194085
3,1837,5837,-3.22433987857383,2.60758175407478
3,1838,5838,-1.97531054207334,1.62003805026202
3,1839,5839,-2.68363884618539,2.33920664943221
3,1840,5840,-2.70505331185855,2.08993123627131
3,1841,5841,-1.4909357908292,1.53734905236891
3,1842,5842,-1.30949112272054,2.27317960198384
3,1843,5843,-1.94799732031519,2.09962135522893
3,1844,5844,-2.28278297437307,2.3211416171328
3,1845,5845,-2.28527071696741,2.06224612740195
3,1846,5846,-1.89524986560581,2.02945634332251
3,1847,5847,-2.11391604431149,1.44656366487966
3,1848,5848,-1.98182108780165,1.33842742007775
3,1849,5849,-2.74540992963597,1.8131961531193
3,1850,5850,-2.85086977145004,1.45164297007119
3,1851,5851,-2.41830951289671,1.85796728938043
3,1852,5852,-2.82487998663086,1.49000894056814
3,1853,5853,-2.56492638756528,1.48839296606384
3,1854,5854,-3.04651414686215,1.8069961293007
3,1855,5855,-2.36557950870025,1.61581679009359
3,1856,5856,-2.6981701637386,1.43258607284104
3,1857,5857,-3.19883971150044,1.86682731436928
3,1858,5858,-3.06203132064312,1.53657153945825
3,1859,5859,-3.22774765045565,1.76312926392218
3,1860,5860,-1.81558272649571,1.66826432329859
3,1861,5861,-1.50250297560285,1.21498325237785
3,1862,5862,-1.45051236943342,1.22717751788187
3,1863,5863,-1.86623979777041,2.42782618435846
3,1864,5864,-1.68623222237532,3.55065583053547
3,1865,5865,-1.63913891852152,3.62654825688488
3,1866,5866,-1.89244563253505,2.32980849400514
3,1867,5867,-1.8356949595245,1.97413631814069
3,1868,5868,-2.93604164210166,3.08681758603999
3,1869,5869,-2.65385666759326,2.88060368878384
3,1870,5870,-2.53015417830118,2.53502051140002
3,1871,5871,-2.61598004475256,2.54055858373066
3,1872,5872,-3.20834033992752,3.27803759246473
3,1873,5873,-2.7130317532879,1.66783570685404
3,1874,5874,-3.61042022613208,2.20048534936238
3,1875,5875,-3.41313355342282,2.36115419350141
3,1876,5876,-2.41530587248969,2.67484349814818
3,1877,5877,-2.8071540696593,2.02926719137207
3,1878,5878,-1.90311372948769,1.94946611062409
3,1879,5879,-2.18636847174799,1.83910894574699
3,1880,5880,-2.36538245999074,1.87818510986966
3,1881,5881,-2.34277372702723,1.7652905398208
3,1882,5882,-2.84430195294987,2.61377542460278
3,1883,5883,-1.68806494458265,1.23453610584572
3,1884,5884,-1.44140259942244,1.17815871280761
3,1885,5885,-1.94712396163521,1.66255776293367
3,1886,5886,-1.79566788269831,2.0523777282407
3,1887,5887,-0.885623127816995,1.46421097283975
3,1888,5888,-2.66433456830456,1.62411306801139
3,1889,5889,-2.31924871853129,1.77218745265277
3,1890,5890,-3.20325325326669,1.91604071968786
3,1891,5891,-3.12003975934521,1.91399312029479
3,1892,5892,-2.9777448337839,1.53448888250597
3,1893,5893,-1.28916825480575,1.30350300289541
3,1894,5894,-1.57720260082469,1.36219932536663
3,1895,5895,-1.876310070744,2.61851111400813
3,1896,5896,-1.61605601193174,2.56751060733683
3,1897,5897,-1.2189452446782,2.45994360811423
3,1898,5898,-0.763583160160049,3.33694233066684
3,1899,5899,-0.462912564586305,3.90560774095507
3,1900,5900,-1.25016744653402,1.97996427374054
3,1901,5901,-1.099762424152,1.60271559875224
3,1902,5902,-1.74118968335737,2.93338574954098
3,1903,5903,-2.14008123915195,2.79657011186049
3,1904,5904,-2.36852268284564,2.5992784095342
3,1905,5905,-2.25465946232778,2.70944292009176
3,1906,5906,-2.6031809194587,3.91705538767072
3,1907,5907,-3.14861239576484,3.61518964476497
3,1908,5908,-3.34383532198192,3.43704257017649
3,1909,5909,-2.65780987784038,3.37817487393571
3,1910,5910,-1.75331005147177,1.65809918921411
3,1911,5911,-1.72643979232488,2.6239147889364
3,1912,5912,-1.8841025470346,2.21171336926497
3,1913,5913,-1.19546351030187,1.84761948580806
3,1914,5914,-1.70600966070246,2.31930301296316
3,1915,5915,-1.75993696925194,1.21044151220061
3,1916,5916,-2.2772377186702,1.67577737063073
3,1917,5917,-2.08368631542084,1.79176236451191
3,1918,5918,-2.13079350651676,1.6827872054668
3,1919,5919,-2.18846515151871,1.49008446094296
3,1920,5920,-1.54021345504746,0.970933329678045
3,1921,5921,-1.29782183755361,2.82252286900428
3,1922,5922,-2.2358147806115,1.70220764516301
3,1923,5923,-1.7507761289157,1.52874913150338
3,1924,5924,-1.69859956495418,1.77218364539528
3,1925,5925,-1.71770514388424,1.74756993623952
3,1926,5926,-2.09101119254955,2.31438327683288
3,1927,5927,-2.39850261141412,2.19926014200281
3,1928,5928,-1.83000436729319,2.42711410114711
3,1929,5929,-1.88899019660357,1.89313310125396
3,1930,5930,-1.49383919477624,1.19913901009276
3,1931,5931,-1.56350949931401,1.13084466359069
3,1932,5932,-2.15910546188729,2.3456846225126
3,1933,5933,-1.22845957878829,1.77189343836482
3,1934,5934,-2.1622344284005,1.8335828207838
3,1935,5935,-2.47391238353075,1.92008285465207
3,1936,5936,-2.79153390712869,1.8745476805917
3,1937,5937,-1.91463323101039,2.45194026102225
3,1938,5938,-2.01796309370952,2.49335342305048
3,1939,5939,-1.22077818443156,3.03326326137071
3,1940,5940,-0.561917518617052,1.5396851466558
3,1941,5941,-1.06091151869964,2.57158328762442
3,1942,5942,-0.90821338315867,1.63983519711021
3,1943,5943,-1.68822101328549,1.65352119801191
3,1944,5944,-2.02159850926104,1.48419142329326
3,1945,5945,-2.02441682207561,1.93303737044366
3,1946,5946,-2.05394491097424,2.20176006426181
3,1947,5947,-3.20508664616127,2.37152549075872
3,1948,5948,-2.45907810195113,1.91058359328201
3,1949,5949,-2.33647142665962,1.51715944421454
3,1950,5950,-2.24524833581933,1.29258328190365
3,1951,5951,-2.25301671833331,1.3670344424307
3,1952,5952,-2.22465215132981,1.51307468760773
3,1953,5953,-2.12858189982915,1.28891180914496
3,1954,5954,-2.26869490770047,3.33418699680657
3,1955,5955,-1.95625570383491,2.34951809340474
3,1956,5956,-1.87107343470864,2.49097414550376
3,1957,5957,-1.61247207154671,1.99360085549867
3,1958,5958,-1.78908313675754,1.61285087053542
3,1959,5959,-1.76152578731877,1.57098124398893
3,1960,5960,-1.96682621351749,1.90789485021347
3,1961,5961,-1.85477298915516,2.0886011683002
3,1962,5962,-2.11516694845594,1.6979069081799
3,1963,5963,-3.26866419823207,2.21279503514247
3,1964,5964,-3.10631765373742,2.16613921008002
3,1965,5965,-2.15623988145511,1.57203275656038
3,1966,5966,-1.74114502708628,1.63088788980433
3,1967,5967,-1.5455793831207,1.2431234047516
3,1968,5968,-1.4445049794265,1.35884583746055
3,1969,5969,-1.33864389768128,1.49921804626364
3,1970,5970,-1.28702096215838,1.52539505934822
3,1971,5971,-0.822288948942274,1.00136695046406
3,1972,5972,-1.55226620334371,1.2010869944568
3,1973,5973,-1.73997556780432,1.82620808895288
3,1974,5974,-2.72470540203699,2.33769899394575
3,1975,5975,-2.45734976321636,2.50632094734245
3,1976,5976,-2.58769640336611,1.77524528972482
3,1977,5977,-2.20928304671518,1.90863806528836
3,1978,5978,-1.6858677621783,2.06577329598209
3,1979,5979,-1.52605392815611,2.30683593730425
3,1980,5980,-1.38933550300958,2.49208281770161
3,1981,5981,-1.59433991654775,2.52929397762478
3,1982,5982,-1.13740171429875,2.2491322073712
3,1983,5983,-1.0397828089331,2.39118046115563
3,1984,5984,-1.50057172382454,2.56808344985826
3,1985,5985,-2.36797982873646,1.69947380026217
3,1986,5986,-2.31516431050772,1.31687239476838
3,1987,5987,-2.32907339580647,1.21693575319429
3,1988,5988,-2.50963070255711,1.81819232953237
3,1989,5989,-2.64621754443574,1.62883889499365
3,1990,5990,-2.94515443686328,2.18998869732357
3,1991,5991,-2.41387122564857,2.01279260908257
3,1992,5992,-3.08011300507327,2.96043305050636
3,1993,5993,-2.77145628938378,2.19985387234306
3,1994,5994,-3.21205601697991,2.33717629260901
3,1995,5995,-3.25083501065815,2.45799129807447
3,1996,5996,-3.09915361980555,1.77399519863744
3,1997,5997,-4.09585237882146,2.30083969478562
3,1998,5998,-3.88535971151206,2.39347025969664
3,1999,5999,-3.1567747107226,2.09922004604265
3,2000,6000,-3.48801292281685,2.44736677808158
4,1,6001,-2.18543499690289,1.60860620556662
4,2,6002,-2.18723397850841,1.52821327256617
4,3,6003,-1.13760478069675,1.83692381311411
4,4,6004,-1.495863747606,2.73850908046827
4,5,6005,-1.25816263521326,1.54766129370881
4,6,6006,-1.01972086373023,1.3211933963017
4,7,6007,-2.13023564839067,2.09718840778138
4,8,6008,-2.78944435721825,2.14502761314814
4,9,6009,-2.60183256307736,1.83526822608618
4,10,6010,-3.55966121406161,1.61823151168644
4,11,6011,-2.16280425967822,1.40585306194333
4,12,6012,-2.21333605208311,1.44148878330809
4,13,6013,-3.00622264338007,2.36842030759811
4,14,6014,-2.67776830579921,3.86156280571465
4,15,6015,-1.9984968907311,1.70507885015724
4,16,6016,-2.31197683134679,3.15550889488628
4,17,6017,-2.88897559218013,2.94082297547366
4,18,6018,-3.35189614280373,3.49770549549777
4,19,6019,-3.12630149859546,3.75885643403496
4,20,6020,-3.27853268968383,3.51032519662295
4,21,6021,-1.86126791422713,2.86156604262678
4,22,6022,-2.46125808080871,2.55155626221148
4,23,6023,-2.39842487393949,2.62158728184971
4,24,6024,-2.27321130643718,2.01818464480808
4,25,6025,-2.77650539870376,2.33090870233175
4,26,6026,-2.30621432020145,2.18899763901175
4,27,6027,-2.64525466367737,2.74121976076272
4,28,6028,-2.76671238362596,2.57321093074135
4,29,6029,-2.61164979841993,2.01595558068479
4,30,6030,-2.17744653724367,1.83282051066973
4,31,6031,-1.6960578752198,1.51619799848169
4,32,6032,-2.76005154570346,1.94654152684495
4,33,6033,-3.55354145496152,2.7765150148192
4,34,6034,-3.71693847831532,3.10099977482079
4,35,6035,-3.43165328880047,2.47188788510205
4,36,6036,-3.14518431088548,2.06377914982637
4,37,6037,-3.272806317014,3.17732211609408
4,38,6038,-3.06018307956637,2.33690638666668
4,39,6039,-3.13058964237719,2.78504792054361
4,40,6040,-1.736268295448,1.32876404387784
4,41,6041,-2.95072323398943,3.61585993827499
4,42,6042,-1.70583545364474,2.43834676221009
4,43,6043,-1.62745930454967,1.5470666203385
4,44,6044,-1.76078331624751,1.4403381711128
4,45,6045,-1.45729142722432,2.52974507835328
4,46,6046,-1.41637261471762,2.37288215446521
4,47,6047,-0.780115548469468,1.66782940247907
4,48,6048,-0.73914727703381,1.34866378279262
4,49,6049,-2.74100693531714,1.361363746396
4,50,6050,-3.36443205234858,1.47120768728574
4,51,6051,-0.788784383647894,2.42320512860062
4,52,6052,-1.21021136581478,1.69444781910129
4,53,6053,-1.33711936466113,2.01250745710489
4,54,6054,-1.30780447684584,1.96346766085536
4,55,6055,-2.83411995754983,2.67706448704735
4,56,6056,-2.61077217762805,1.91852703377991
4,57,6057,-3.33105519156623,2.63499713521514
4,58,6058,-1.95588593086417,2.09408552547426
4,59,6059,-2.15281207760922,1.76955339862314
4,60,6060,-2.12887575435199,1.81601236179997
4,61,6061,-1.68279977784406,1.41307733793277
4,62,6062,-1.35799556258466,1.43326727910933
4,63,6063,-2.27523835212157,1.71492365473192
4,64,6064,-1.98227585215078,1.79703910668572
4,65,6065,-1.60954730828991,2.18504284507264
4,66,6066,-1.66390869495017,1.87905468524384
4,67,6067,-1.43250439143952,1.40768131744766
4,68,6068,-1.79865104774529,1.54520530980977
4,69,6069,-1.7655544613141,1.20824984268183
4,70,6070,-1.81490924275341,1.4267599034838
4,71,6071,-2.25398515022517,2.78192304995217
4,72,6072,-2.90732381724775,1.95045072083486
4,73,6073,-2.50252505733285,1.65333928768417
4,74,6074,-2.66726824264379,1.39938029319949
4,75,6075,-1.94548226156204,1.62949654121141
4,76,6076,-0.901788481128511,1.11511834636947
4,77,6077,-1.48990335878474,0.82075106005015
4,78,6078,-2.2120434495467,1.28708336446582
4,79,6079,-1.79450232230442,1.27423989994159
4,80,6080,-1.67788853832543,1.15558328459936
4,81,6081,-1.42432352696413,1.15334984377632
4,82,6082,-1.51363434180356,1.30736407447446
4,83,6083,-1.83904682322845,1.83168686693825
4,84,6084,-1.96986512836509,2.24961940825661
4,85,6085,-2.32109708980897,2.23992714765932
4,86,6086,-1.68770176957947,2.13323797953335
4,87,6087,-1.74142862787802,2.1000281734981
4,88,6088,-1.73191728599935,1.88480268009019
4,89,6089,-2.36366922453083,1.41779757290578
4,90,6090,-2.41405834516402,1.31268632690238
4,91,6091,-2.31032842531265,1.18192722675484
4,92,6092,-2.32372084010326,1.06929260945666
4,93,6093,-2.60136801183553,1.47638842725335
4,94,6094,-2.08974958485393,1.66638641420989
4,95,6095,-1.88591551635261,1.8657220568231
4,96,6096,-1.71738256447436,1.89417923143248
4,97,6097,-1.81389725138242,1.86930179947751
4,98,6098,-1.6990297909897,1.76642281308836
4,99,6099,-1.77208288359213,1.77737993708928
4,100,6100,-1.73840377163758,1.89334775597961
4,101,6101,-1.17039547552625,1.26037486500833
4,102,6102,-1.50058596858507,1.64990147358805
4,103,6103,-1.32038963254108,1.41051535154427
4,104,6104,-0.94117733630812,2.24402850878606
4,105,6105,-1.04917700684536,1.91140744657462
4,106,6106,-1.35895698913742,2.31002952571035
4,107,6107,-2.05580213692481,2.4308506410024
4,108,6108,-1.77515777055689,3.30234460400582
4,109,6109,-1.74693009358074,1.63765732882286
4,110,6110,-1.91464036170857,1.72783925389537
4,111,6111,-1.8857470153307,1.74771450659921
4,112,6112,-2.18205448265347,2.2077606911182
4,113,6113,-1.89390735768289,2.14077987404124
4,114,6114,-2.2749830065805,1.68458242322348
4,115,6115,-2.83471255385236,2.7092992044891
4,116,6116,-2.48397930334364,3.35656257874604
4,117,6117,-2.50758282886832,2.17027197510236
4,118,6118,-2.05835607097994,2.22386543476649
4,119,6119,-3.00983642905028,2.05449202554139
4,120,6120,-1.55770866416683,2.76118429699143
4,121,6121,-2.74520926215576,2.26318005064522
4,122,6122,-2.28338359217563,2.43278648357035
4,123,6123,-2.00966655388021,2.5930714211074
4,124,6124,-2.01631616808957,2.6653355616612
4,125,6125,-1.28337379376696,2.32520789134357
4,126,6126,-2.67603133204118,1.34548337591482
4,127,6127,-2.7668572667937,1.63163186430402
4,128,6128,-2.24847899126181,1.91619847490742
4,129,6129,-1.87281143198623,1.66587200067982
4,130,6130,-1.35096850716887,2.26521947751306
4,131,6131,-1.32042797905633,2.39757034778031
4,132,6132,-1.43102785177469,2.94097912248567
4,133,6133,-1.55987777025201,2.7099940321435
4,134,6134,-1.97738884690277,2.55083540522916
4,135,6135,-1.63257614975153,1.4498209524153
4,136,6136,-1.80505996792176,3.10265131353418
4,137,6137,-2.03506685486015,1.87217191689545
4,138,6138,-1.88438737448549,1.60365763227758
4,139,6139,-1.3229949606548,1.46292957556019
4,140,6140,-1.67471993723698,1.2595875376106
4,141,6141,-1.39249156362065,2.1770251972541
4,142,6142,-1.98437020077796,1.84716219765655
4,143,6143,-2.98167391580863,2.80275400848738
4,144,6144,-2.02117491026578,1.40211365768418
4,145,6145,-1.67070454664329,1.70067647723102
4,146,6146,-1.83858722331218,1.67656153420437
4,147,6147,-1.71138037179625,1.96016885384613
4,148,6148,-2.93246269853244,1.57699967616949
4,149,6149,-2.44610414506495,2.1079135613309
4,150,6150,-2.26649731258417,2.30564366836832
4,151,6151,-1.9723669467242,3.45697543572396
4,152,6152,-1.84322573424149,2.76728179606095
4,153,6153,-1.70625466675107,2.59888207635004
4,154,6154,-2.00485398313254,1.7646518384403
4,155,6155,-2.22189436108499,2.07248563360591
4,156,6156,-2.30071968115233,1.97903022459771
4,157,6157,-2.65648786668571,1.95990735536172
4,158,6158,-2.93663953149446,1.71164642260095
4,159,6159,-2.35421818311068,1.42652645296621
4,160,6160,-2.09149299458289,1.1765447757179
4,161,6161,-1.85774630541789,2.08737886508959
4,162,6162,-1.38397629617788,1.25268120555465
4,163,6163,-1.60527584355363,2.42116872273574
4,164,6164,-1.40455052880642,2.46538250299988
4,165,6165,-1.47923153163745,1.93414697966632
4,166,6166,-2.54527721039414,1.83154823871778
4,167,6167,-2.78566406445713,3.16671303738052
4,168,6168,-2.78491673111671,2.96777064175548
4,169,6169,-1.90430921209672,1.4523781350688
4,170,6170,-2.45587591276557,1.96936356009548
4,171,6171,-3.18876190512147,2.44244447864192
4,172,6172,-2.38827644146335,1.47358456307084
4,173,6173,-1.99504348947872,1.39427703408176
4,174,6174,-2.77979981701817,1.29746973754648
4,175,6175,-2.34341779954837,1.18501902998811
4,176,6176,-2.48762352751918,1.33602208569275
4,177,6177,-2.48535202011824,1.74500052286889
4,178,6178,-2.80090349043887,1.49382781790094
4,179,6179,-2.28097508012375,1.60668686491189
4,180,6180,-1.94523705312845,1.24856010972997
4,181,6181,-2.88582435523507,1.76286921962835
4,182,6182,-2.68878746485785,1.5129066119783
4,183,6183,-1.74662896426152,1.21729892910249
4,184,6184,-2.67810375988978,1.34760889964324
4,185,6185,-2.06496827725618,1.16141724115139
4,186,6186,-2.83032406878279,3.08016696190978
4,187,6187,-2.94911028148223,2.96647990909972
4,188,6188,-2.86810855080301,2.49846543235638
4,189,6189,-2.27905634508852,2.09019099506428
4,190,6190,-1.55817494653878,2.05663485508251
4,191,6191,-2.40498882810364,1.91285045417176
4,192,6192,-2.57626210539487,2.87375908625471
4,193,6193,-2.4404943655023,2.87432250280778
4,194,6194,-3.03559699898153,3.16453594755603
4,195,6195,-2.5173865812577,3.11502243599033
4,196,6196,-2.63743666525703,2.01565896146139
4,197,6197,-1.45794908504725,1.78524064771101
4,198,6198,-2.53702384739477,2.09249599896478
4,199,6199,-1.73090524331906,1.64742598201684
4,200,6200,-2.04724624983611,1.41046417884113
4,201,6201,-2.23644773369723,2.01189347171122
4,202,6202,-2.6974141867495,1.98708383659536
4,203,6203,-2.32771486120505,1.89565431679446
4,204,6204,-2.98036373220593,2.06019747455109
4,205,6205,-3.27901079635633,2.33692706491002
4,206,6206,-2.72705463972737,1.69018757813617
4,207,6207,-2.71830615156046,1.77504839088106
4,208,6208,-2.00561398447673,1.48205646004659
4,209,6209,-1.7696222465512,2.16475105675178
4,210,6210,-1.71520221675061,2.25438318592238
4,211,6211,-1.21970035568755,1.41183906580999
4,212,6212,-1.96334586755565,2.48375154081975
4,213,6213,-1.05639620461779,1.56249717274979
4,214,6214,-1.219204529459,2.21564135372659
4,215,6215,-1.4204670414035,1.94606447524534
4,216,6216,-0.96657602265028,1.86557799865775
4,217,6217,-1.30845278411749,1.75905483410077
4,218,6218,-2.31011875917924,1.76202836545406
4,219,6219,-2.72793692230759,1.72307584277268
4,220,6220,-2.54064968002331,1.88400995522544
4,221,6221,-2.384980995375,3.10593097221396
4,222,6222,-1.66154641321027,1.95244198366027
4,223,6223,-1.80699885416961,2.31572083272778
4,224,6224,-2.05958476688263,2.54241102953449
4,225,6225,-1.92253518584462,2.78912960420283
4,226,6226,-2.45499916756365,2.31359849653566
4,227,6227,-2.5770572993626,2.63180891639991
4,228,6228,-1.71468506940274,3.41011572401778
4,229,6229,-2.16956061091419,2.02488093014703
4,230,6230,-1.55740382667265,1.8449062156532
4,231,6231,-1.54539899469067,1.25192179568924
4,232,6232,-1.21279503870699,1.70260766257433
4,233,6233,-1.10454257525222,1.45713251266502
4,234,6234,-1.58602387678671,1.84158602840309
4,235,6235,-2.55513973100434,1.98961553985608
4,236,6236,-1.60932590894515,2.1441941824463
4,237,6237,-3.11661298001251,1.85530104486295
4,238,6238,-2.41488230630616,2.53749786283071
4,239,6239,-2.02233095938895,2.11664904155977
4,240,6240,-1.84115520712526,1.91326503676762
4,241,6241,-1.07158459256245,1.33063551630781
4,242,6242,-1.65670777891422,1.4399288793577
4,243,6243,-1.51178009491295,1.42604372600863
4,244,6244,-2.65170835847045,1.68131369677986
4,245,6245,-2.83603461458534,1.99923746339883
4,246,6246,-3.32046131179029,2.27679075702256
4,247,6247,-3.3759011675706,2.0706736053771
4,248,6248,-3.15846019279016,1.91427304501559
4,249,6249,-3.32245114301431,2.23276155637765
4,250,6250,-3.02026395267062,1.92581502618141
4,251,6251,-2.8151066890607,1.85101683868264
4,252,6252,-3.17683389931606,1.57360201346274
4,253,6253,-2.92755349307018,1.58944883145346
4,254,6254,-2.69429696448958,1.4021414158582
4,255,6255,-2.2663770966504,2.29587858786555
4,256,6256,-2.10582932776035,2.06850337289419
4,257,6257,-1.69327061726386,1.62719343662512
4,258,6258,-2.05120924970088,0.927788199788909
4,259,6259,-1.63339040049358,1.55975933815941
4,260,6260,-2.75447957898449,2.13104648838712
4,261,6261,-2.3393542959955,1.98869091637597
4,262,6262,-1.50915913136897,1.30491182783076
4,263,6263,-1.19436592371045,2.27169433921587
4,264,6264,-0.895158308856747,2.04677068307789
4,265,6265,-0.880536593629259,2.06505463429877
4,266,6266,-1.25989464146027,2.01365921395561
4,267,6267,-2.98496183366568,1.63560126615155
4,268,6268,-2.80592198787341,2.28419113025857
4,269,6269,-2.37803292279038,1.6552531308509
4,270,6270,-2.42694410218979,1.50006080240271
4,271,6271,-2.22023502529641,1.45853033036812
4,272,6272,-1.73097423537374,2.27313443297962
4,273,6273,-0.936059986127874,3.15955929075451
4,274,6274,-1.12043872352424,2.35566202909966
4,275,6275,-1.34578079985411,1.76375672403154
4,276,6276,-1.94239026126224,1.15744307444812
4,277,6277,-2.32715563375565,1.4850348479887
4,278,6278,-1.96898185331227,1.11388350257042
4,279,6279,-2.33983005622603,1.56856937338706
4,280,6280,-1.41104713000936,1.39313902231587
4,281,6281,-2.022047679447,2.3901110419736
4,282,6282,-2.03296376516226,2.05449608223064
4,283,6283,-1.78917542487748,1.93187932857008
4,284,6284,-3.56309574484281,1.75605624542406
4,285,6285,-2.84811309385615,1.31797530626269
4,286,6286,-2.38785562242423,1.2909804333454
4,287,6287,-2.22017331046126,1.22857133748788
4,288,6288,-3.28564468859771,2.09396379583919
4,289,6289,-2.96503089134359,1.77966420614458
4,290,6290,-0.894894816204729,1.92280917351225
4,291,6291,-1.13743593551775,1.89048763730203
4,292,6292,-2.36158082298529,1.31160976955919
4,293,6293,-1.63501244693391,0.981296208323634
4,294,6294,-2.70096555451879,1.5197793020046
4,295,6295,-1.49071200859164,2.758417666929
4,296,6296,-1.17515530272719,1.2695645739697
4,297,6297,-1.84812587870747,2.07307672370475
4,298,6298,-1.90389718741645,1.48229593395788
4,299,6299,-2.31219894522085,1.86771786853728
4,300,6300,-2.09575005273965,1.81960968278893
4,301,6301,-3.48586407577027,2.38054464457339
4,302,6302,-2.37978397580506,1.91874905887926
4,303,6303,-3.46727176966821,2.52663890284665
4,304,6304,-3.53608599307208,2.55965117081345
4,305,6305,-3.12318268878549,1.96569710501593
4,306,6306,-2.25982186219143,1.71162045973271
4,307,6307,-2.5357780381712,1.82813565023072
4,308,6308,-3.09706905984315,2.2001846062
4,309,6309,-2.12994144988191,2.75840077330343
4,310,6310,-1.34493489090944,3.6022491481167
4,311,6311,-1.35265773050056,1.62254510741019
4,312,6312,-3.12307152025655,2.53005738877536
4,313,6313,-2.57841267049315,1.59709132133559
4,314,6314,-2.15043909350284,2.03406111176186
4,315,6315,-2.13368049420456,1.99549064750598
4,316,6316,-1.55273754617109,1.57830213499109
4,317,6317,-2.5789451717824,1.67366402232749
4,318,6318,-3.16157589490374,1.92212667388331
4,319,6319,-2.55133951500103,2.13985835808605
4,320,6320,-1.7130955284099,1.48845279901165
4,321,6321,-2.94534330234866,2.89878784567693
4,322,6322,-1.75185800399574,1.57647997231626
4,323,6323,-2.30148574026448,2.10241491845707
4,324,6324,-1.52483492622722,1.00901706320197
4,325,6325,-1.6505363228863,1.14729951178748
4,326,6326,-1.96136621715323,1.65120893907955
4,327,6327,-2.60278083640382,2.99419072291311
4,328,6328,-2.30458329503443,2.60728217731742
4,329,6329,-2.79947222725368,2.26691014734644
4,330,6330,-2.18686234850477,1.98848846074106
4,331,6331,-2.10727980530936,1.86819713017995
4,332,6332,-1.8623254016701,2.29112569225309
4,333,6333,-1.37879996071589,2.45921320029025
4,334,6334,-1.1445200432121,2.62833383962242
4,335,6335,-1.72194345346387,2.7140188078962
4,336,6336,-1.12204397243964,1.47232729561534
4,337,6337,-1.17856884420125,1.52786792206245
4,338,6338,-1.88697282390979,1.53771624051589
4,339,6339,-2.14639657097938,2.26334692891543
4,340,6340,-2.02639756651627,2.00978064515239
4,341,6341,-3.08199527960365,2.38769005030677
4,342,6342,-2.93716786729261,2.34698776657614
4,343,6343,-2.24729886358369,2.91382515546608
4,344,6344,-2.2890693564863,2.77538046358126
4,345,6345,-2.10435372734522,1.72257722548995
4,346,6346,-2.51770897852228,2.13325066799255
4,347,6347,-2.92206627463991,2.06576919411098
4,348,6348,-2.4742475831389,2.74625586434269
4,349,6349,-2.3871426807064,2.20914659492157
4,350,6350,-2.23286577690344,1.77821491374196
4,351,6351,-2.1897902165715,1.70952328960017
4,352,6352,-0.863856266770402,1.11154945991605
4,353,6353,-1.67369990184635,1.62086117911669
4,354,6354,-0.983216467925606,1.19716906475041
4,355,6355,-2.80249827097821,2.11590162246609
4,356,6356,-2.80420998714163,2.13693462984901
4,357,6357,-2.515785618216,1.53267784058898
4,358,6358,-2.84112924167562,1.88152721842731
4,359,6359,-2.12115183415257,1.87707282904131
4,360,6360,-3.36941732788158,2.4392266037982
4,361,6361,-2.62568749641734,2.4413095764754
4,362,6362,-2.52564201615627,3.09907857792722
4,363,6363,-2.54052936978576,3.02439728334549
4,364,6364,-2.60224715403581,3.87077252723295
4,365,6365,-1.98628079746517,2.69938694573666
4,366,6366,-1.62532790875278,1.55079750892353
4,367,6367,-1.45540456942224,2.38771617719833
4,368,6368,-1.60063951160953,2.50316048615406
4,369,6369,-1.5244817456902,2.41297189246504
4,370,6370,-1.71146785298735,2.49462166105879
4,371,6371,-2.17662154713798,2.53779489774164
4,372,6372,-2.88405932125775,1.87721148725981
4,373,6373,-2.28738044584945,2.93056208733864
4,374,6374,-2.07914229858642,3.38760200668498
4,375,6375,-2.44134429639459,4.14867156119122
4,376,6376,-2.10550730651725,1.63960978834568
4,377,6377,-1.99624821702138,1.58438516290943
4,378,6378,-2.6390286219073,2.2643340823472
4,379,6379,-2.66159906238586,2.0394746193262
4,380,6380,-2.38556730008929,1.23046752534889
4,381,6381,-1.90826318678697,1.50133999006735
4,382,6382,-3.13369351759536,2.5829997816299
4,383,6383,-3.23798598686423,2.57483654890224
4,384,6384,-2.66579916432191,2.40570791250177
4,385,6385,-3.40507697128532,2.23961872851249
4,386,6386,-3.18423406024123,1.87789654199783
4,387,6387,-1.7424675497589,1.16952063960183
4,388,6388,-1.24089722668007,1.30423668837098
4,389,6389,-1.77438606611022,1.46943974753665
4,390,6390,-1.83069503802349,2.15068499419123
4,391,6391,-2.13691264173276,2.13673686587613
4,392,6392,-2.07226187621098,1.78384619208479
4,393,6393,-2.13283669807216,2.55262419956925
4,394,6394,-1.80622531205091,2.0868760937048
4,395,6395,-1.68512720418745,2.16891232343388
4,396,6396,-2.12841388635125,2.8914928129529
4,397,6397,-1.79164123301474,1.42815489328283
4,398,6398,-1.73180375192177,1.7868509824854
4,399,6399,-1.55845884852704,1.65042334695525
4,400,6400,-1.98178843881774,2.55105487509821
4,401,6401,-1.49559980361126,1.57523241460241
4,402,6402,-2.017058705323,2.18771697381458
4,403,6403,-1.96253013245319,1.49505085876541
4,404,6404,-1.5380924499383,1.90764684532278
4,405,6405,-1.57371821687644,1.9566441773353
4,406,6406,-1.75661046696908,1.42182483493178
4,407,6407,-1.05424244853105,2.24772341876456
4,408,6408,-2.77240111784458,2.17176271990459
4,409,6409,-1.74122048048423,1.68414001223658
4,410,6410,-2.21092296393866,1.47333656040509
4,411,6411,-2.11495079601122,1.06340025813931
4,412,6412,-3.15274293042305,3.07011078965995
4,413,6413,-2.41545584515154,1.45895037456314
4,414,6414,-2.26003159087663,2.09264572856733
4,415,6415,-1.81838747971359,2.16133487359607
4,416,6416,-2.25934576056117,1.72643854727064
4,417,6417,-2.23632054866302,1.87007680679318
4,418,6418,-1.70686127807983,1.89410914157033
4,419,6419,-1.69647095196826,1.76062002523197
4,420,6420,-1.8570475443583,2.72373871734113
4,421,6421,-1.53099660982174,1.42616818097721
4,422,6422,-1.96457151471586,1.91415009767868
4,423,6423,-2.29432253992024,2.33622751960746
4,424,6424,-2.57651863909508,1.7209204619708
4,425,6425,-2.23722329263598,1.65833190146063
4,426,6426,-2.23690430426912,1.89356909103141
4,427,6427,-2.33024520542684,1.88699625656473
4,428,6428,-2.5365674078515,1.73113076221401
4,429,6429,-2.21967725548609,1.63563018359288
4,430,6430,-2.3558943144283,1.50186588193708
4,431,6431,-2.30288711060939,1.43758058263488
4,432,6432,-2.46081490156825,2.0696943442007
4,433,6433,-2.35172321144204,2.10050188702792
4,434,6434,-2.21544585363598,2.08621135267101
4,435,6435,-2.11575527131377,1.99267605898061
4,436,6436,-2.41367664806916,1.98536424758743
4,437,6437,-2.11253332919411,2.01885745426065
4,438,6438,-2.34470038438609,2.19351563911306
4,439,6439,-2.73784548305494,1.62829691929034
4,440,6440,-1.97556344358973,1.26415216701407
4,441,6441,-1.55634644658928,1.16742460064119
4,442,6442,-1.84146798307853,1.53664143102304
4,443,6443,-1.9533803292632,1.47026592060967
4,444,6444,-1.73729195726584,1.640630503213
4,445,6445,-2.09115254404137,0.955609130963673
4,446,6446,-2.48562446544143,0.981489591386634
4,447,6447,-2.92044752261214,1.6464870458229
4,448,6448,-3.00849282795954,1.78906859685345
4,449,6449,-2.80187001469227,1.5559826467291
4,450,6450,-2.4224160136472,1.50501757151304
4,451,6451,-2.64830707178014,1.56206808082701
4,452,6452,-3.47590652336336,2.77301958298408
4,453,6453,-3.3162129330643,2.42066051740531
4,454,6454,-4.06708388710877,2.386638054513
4,455,6455,-2.61101909016073,1.83683358867018
4,456,6456,-2.37737519751409,1.69076202227265
4,457,6457,-4.27644558438156,2.17767606906623
4,458,6458,-3.86296942552124,1.96898389490585
4,459,6459,-3.57796334565659,1.87322629977837
4,460,6460,-3.03635524146389,1.27199301958822
4,461,6461,-2.22718756971007,2.06601471457559
4,462,6462,-3.01113455034295,3.06978629650027
4,463,6463,-2.51020244039647,1.62899278125869
4,464,6464,-2.07926099689917,2.5222509045726
4,465,6465,-2.3613048258149,3.07092925250588
4,466,6466,-1.48822202032004,1.84304341788007
4,467,6467,-1.39942596356026,2.11096434400639
4,468,6468,-1.43691131070417,1.85807202818596
4,469,6469,-1.35224911227162,1.38986070762658
4,470,6470,-1.46767709700922,1.58911248803829
4,471,6471,-1.92747126847584,1.6852529322924
4,472,6472,-2.7671419801657,1.81708799271016
4,473,6473,-2.72092178914911,1.99956041968957
4,474,6474,-2.93196426728418,1.82987298370628
4,475,6475,-2.92646559314523,2.10332502040815
4,476,6476,-2.25226306250414,1.87182870572385
4,477,6477,-1.87997749357492,2.73934120980762
4,478,6478,-1.72902753011716,2.64755537568234
4,479,6479,-1.93230733880785,1.78942222734375
4,480,6480,-2.51609930132621,2.09506939033328
4,481,6481,-2.20042179608695,1.95393805819917
4,482,6482,-1.45844879883642,2.0082172162587
4,483,6483,-2.35960951182362,2.19567655840771
4,484,6484,-2.28538014915035,2.09804150136826
4,485,6485,-1.37812506378686,1.02830225096939
4,486,6486,-1.57898786853706,1.27679516150776
4,487,6487,-1.99500910916783,1.25027256760446
4,488,6488,-2.08809069039897,1.86590824729493
4,489,6489,-1.84005220939259,1.40076961288004
4,490,6490,-1.85618297879806,1.91461970384199
4,491,6491,-1.82185522171549,2.43474882072207
4,492,6492,-1.46523585685709,1.92676723563546
4,493,6493,-1.39125261507695,2.20023796365247
4,494,6494,-1.68766674402064,1.54728379545233
4,495,6495,-1.91107611892561,1.90613768625784
4,496,6496,-1.01708620177898,2.5901281291704
4,497,6497,-3.4437465133775,1.82003761499142
4,498,6498,-2.74158875443699,1.55281471260544
4,499,6499,-2.56698936855201,1.3701981004811
4,500,6500,-2.17748012820385,1.8493567428534
4,501,6501,-2.02279005344364,1.74531216363371
4,502,6502,-1.59665013929223,3.1964892575194
4,503,6503,-1.75541107080394,2.11931324855995
4,504,6504,-1.4270612516207,1.68098928197768
4,505,6505,-1.74658369016958,1.60401763079491
4,506,6506,-1.75050603815638,1.57276874335545
4,507,6507,-2.47950601198342,1.2425023366205
4,508,6508,-1.88086593291662,1.94631186606548
4,509,6509,-1.96708358361355,2.10983077009043
4,510,6510,-1.85721387019443,1.69517189265649
4,511,6511,-1.70450444696355,2.37892232429774
4,512,6512,-2.75245941826931,1.55744598517972
4,513,6513,-2.02974126029327,1.64940646391191
4,514,6514,-1.63336907841707,1.91739466849063
4,515,6515,-2.60427690885101,1.74811199827778
4,516,6516,-2.4742377622192,1.84289503754383
4,517,6517,-2.1541005621851,1.109057008972
4,518,6518,-2.39377832184631,1.35428971650565
4,519,6519,-1.51504623841182,1.89100589120196
4,520,6520,-1.88589398518175,2.05169065572538
4,521,6521,-1.53970449023517,1.65387991428917
4,522,6522,-2.63698647700032,1.68699268209939
4,523,6523,-2.257005106661,2.64131452009479
4,524,6524,-2.07076110517315,1.9026867852627
4,525,6525,-1.98145981392367,2.10889864793727
4,526,6526,-1.40105845822988,1.80987331012612
4,527,6527,-2.41034016142972,2.14855742363687
4,528,6528,-2.28955460859988,1.80184321799111
4,529,6529,-2.21036529304325,1.79242560558761
4,530,6530,-3.07458247053756,2.1947933764838
4,531,6531,-2.76134489059963,2.16792675163799
4,532,6532,-1.8964009742718,1.80173757755228
4,533,6533,-1.50278679028295,1.87873333144362
4,534,6534,-1.92590664775139,1.33241614775292
4,535,6535,-1.68277774877975,1.78018340757417
4,536,6536,-1.89724890079317,1.10008973761761
4,537,6537,-1.39250751117215,1.38014074938296
4,538,6538,-4.45887040983837,2.77745623050277
4,539,6539,-4.10739584189319,2.34559526677063
4,540,6540,-1.86526853931158,1.61263826845875
4,541,6541,-1.31440299652919,2.00363230895186
4,542,6542,-2.23697824767686,1.40381196689958
4,543,6543,-2.06969890894402,1.74049358180968
4,544,6544,-1.61923764114963,2.1845335688719
4,545,6545,-1.44967614007374,2.3372029813165
4,546,6546,-1.26943210561171,1.30925795890894
4,547,6547,-1.40246399171947,1.42746337861859
4,548,6548,-1.84827351809117,2.00823780929383
4,549,6549,-1.30191136301966,1.43384859361512
4,550,6550,-1.37008523294507,1.3533310729545
4,551,6551,-1.0400753694994,0.87676043172153
4,552,6552,-0.917017305593059,0.871568552726063
4,553,6553,-2.36119846069971,1.579903330224
4,554,6554,-2.0826906174803,1.19016510283934
4,555,6555,-2.17699741195166,1.24424582275797
4,556,6556,-2.52723827043083,1.81393195429022
4,557,6557,-2.82991345878428,1.75697556659838
4,558,6558,-3.52060089518605,2.24419492444119
4,559,6559,-3.23487007684872,1.96626282218502
4,560,6560,-3.01300525051606,1.42935123001072
4,561,6561,-1.96579910154504,1.4943360890508
4,562,6562,-2.7189126573202,2.80507728699863
4,563,6563,-1.22837445112184,1.60534579634935
4,564,6564,-2.03204703735826,1.73226352503988
4,565,6565,-1.29649310319803,0.999972320364172
4,566,6566,-1.67845423238372,1.42428889525709
4,567,6567,-1.38163596166489,1.13701697400034
4,568,6568,-1.78072836078301,1.87171378328698
4,569,6569,-1.76642839174703,1.63299440515997
4,570,6570,-1.28933243692983,1.25035314228322
4,571,6571,-1.20837303962323,1.19678211360733
4,572,6572,-1.82173516754841,1.32186679452748
4,573,6573,-1.36009412938604,1.41652595447784
4,574,6574,-1.74392132824811,1.31726658206701
4,575,6575,-2.72434397079981,1.95793878007933
4,576,6576,-3.75358413597594,1.78786730410075
4,577,6577,-1.04412078356442,1.13581202999974
4,578,6578,-2.58306681224063,2.92615144667031
4,579,6579,-1.82358426591363,2.23818903746966
4,580,6580,-1.71795888202994,1.66823814754379
4,581,6581,-2.55282922614053,1.6526366883183
4,582,6582,-2.62906369938011,1.74715420375877
4,583,6583,-2.23079069805138,2.17922194539082
4,584,6584,-2.26223346726992,2.05932018988621
4,585,6585,-1.67006117502295,2.20353105812187
4,586,6586,-1.15960694990203,2.04326473504112
4,587,6587,-2.03346466176177,1.94466053290348
4,588,6588,-2.03449680485078,1.17928559351098
4,589,6589,-1.51070702752657,1.11981014089852
4,590,6590,-2.36700604134101,1.68097627813114
4,591,6591,-2.234667285793,1.44760228340978
4,592,6592,-2.28541237200777,1.57453830834415
4,593,6593,-2.47702153534228,1.88919714434921
4,594,6594,-2.43457343695469,1.76535974880434
4,595,6595,-2.60310502378667,1.76277807802567
4,596,6596,-2.42595382087006,1.67827263460177
4,597,6597,-2.46546405213631,2.06059897868122
4,598,6598,-2.4238829877396,2.45275666270122
4,599,6599,-1.79641450971779,2.22950700108812
4,600,6600,-2.60524484730648,2.12223482511717
4,601,6601,-2.94130705956807,2.19836683450825
4,602,6602,-3.99448044929569,2.48195031116448
4,603,6603,-2.05957164441196,1.23255340926266
4,604,6604,-2.28168112914398,1.48871486325583
4,605,6605,-2.04917201490759,1.47871990661587
4,606,6606,-1.9898337698227,1.48298688501963
4,607,6607,-2.44914632999114,1.95429793349598
4,608,6608,-1.94784172473779,1.26544541480429
4,609,6609,-2.34190625742613,1.36635583761792
4,610,6610,-2.59936973924876,1.23882440175723
4,611,6611,-2.55871357825104,2.48000277142153
4,612,6612,-1.80265483318203,1.38594591456183
4,613,6613,-2.09428414480888,2.19237439246687
4,614,6614,-2.68120790198663,2.44323919612054
4,615,6615,-2.22886173615451,1.09061900867349
4,616,6616,-1.82034850354524,0.965574265979059
4,617,6617,-2.15521851323733,1.08345560356606
4,618,6618,-1.86918572610836,1.92086167923634
4,619,6619,-1.94076001835253,1.93174226913418
4,620,6620,-1.88189675475493,1.95286335801974
4,621,6621,-2.05158816859373,1.8617892468954
4,622,6622,-2.73845731766972,2.88768964775644
4,623,6623,-1.63768043955011,2.24419389196266
4,624,6624,-1.69392825476628,1.93166001250584
4,625,6625,-1.5872119912628,1.99839851294024
4,626,6626,-1.59440712026868,2.19687472628831
4,627,6627,-3.41754042517159,2.80795942074193
4,628,6628,-2.62794372194729,1.91626712059849
4,629,6629,-2.78103811384588,1.87690265338335
4,630,6630,-2.76409537026924,2.53159452501866
4,631,6631,-2.78987129093659,2.5821466882596
4,632,6632,-2.66940904388489,2.68597394556379
4,633,6633,-2.97740989653646,2.20065452465604
4,634,6634,-3.44961934836465,2.92503867643581
4,635,6635,-2.50694988610306,1.40573111584707
4,636,6636,-2.66583719707221,2.09740841412855
4,637,6637,-3.32833387132619,2.68585725973637
4,638,6638,-2.15971306165857,2.02256869697072
4,639,6639,-2.2037093368655,1.93415373703765
4,640,6640,-2.46412738357583,2.02239404038712
4,641,6641,-1.58743978515977,1.43798259369002
4,642,6642,-1.39192455284253,1.76569236053039
4,643,6643,-1.70545168992177,1.80731417791165
4,644,6644,-2.56041214289193,1.99864330102623
4,645,6645,-2.20974463359432,1.84204223090264
4,646,6646,-2.77742035440083,3.20058006341545
4,647,6647,-1.77728999177588,3.37450552027685
4,648,6648,-2.01734582878406,1.21511591901908
4,649,6649,-2.00036295408028,1.35145824616559
4,650,6650,-2.3518905155193,1.49466023627614
4,651,6651,-2.45625702511503,1.80550212258523
4,652,6652,-3.28887419439855,2.67203765155136
4,653,6653,-2.98440552703311,3.05132234988787
4,654,6654,-2.82033781172386,3.09671039536325
4,655,6655,-3.36180621655148,2.25325324783048
4,656,6656,-2.18961666326573,1.63172130125843
4,657,6657,-2.465101887426,2.15466369230546
4,658,6658,-1.84329794720295,2.53726878690094
4,659,6659,-2.83749513286258,1.63064117448769
4,660,6660,-2.78635511639473,1.69873576332757
4,661,6661,-2.96231372914502,1.78875567077038
4,662,6662,-2.29530943952593,1.74791053362403
4,663,6663,-2.21212616871509,1.71225543366516
4,664,6664,-2.59158059281333,1.62156085698792
4,665,6665,-2.47204435558184,1.8796752778542
4,666,6666,-2.07511118255855,1.15168536542138
4,667,6667,-2.23158991407039,1.04234810772199
4,668,6668,-2.89108755072613,1.45778645806686
4,669,6669,-2.11252779376547,1.30619356821008
4,670,6670,-2.8002480895878,1.98787641188661
4,671,6671,-2.54119113629874,1.80102503805032
4,672,6672,-2.31040817078458,1.52738280389553
4,673,6673,-2.3174065499282,2.25600740615855
4,674,6674,-2.06358398966768,1.66090080182408
4,675,6675,-1.79974296451871,1.59818124866993
4,676,6676,-2.29646698520591,1.28641437431057
4,677,6677,-2.40105433735308,1.34859880055367
4,678,6678,-2.42907870641957,1.2532212043159
4,679,6679,-2.12893073935672,2.12970772537287
4,680,6680,-2.21156252188634,1.79990835765155
4,681,6681,-2.24714762348813,2.14060515458055
4,682,6682,-2.60207426926549,2.13213343578905
4,683,6683,-2.18733536570433,1.63919325849767
4,684,6684,-2.49963643468198,1.65287001081598
4,685,6685,-2.88206123531882,1.84678058453546
4,686,6686,-1.24110818806369,1.50617912360394
4,687,6687,-1.37490738624121,1.78157982442122
4,688,6688,-1.61319825670008,1.74032708368679
4,689,6689,-1.56708113159032,1.43752575799938
4,690,6690,-1.15730644813103,1.70517127075481
4,691,6691,-1.81143422656299,1.25592158889877
4,692,6692,-2.15026378623298,1.5752625014118
4,693,6693,-1.94463797081251,1.47377163590162
4,694,6694,-2.40584867614392,1.46375953717967
4,695,6695,-2.43970925279771,2.00643038118823
4,696,6696,-2.1800615073745,1.81778304345345
4,697,6697,-2.56208621535441,3.56025602175328
4,698,6698,-2.51751246055031,2.26881060917252
4,699,6699,-2.19906264406177,2.09107885836004
4,700,6700,-2.52208958607258,1.80011794967604
4,701,6701,-1.46858959879777,2.0137145212029
4,702,6702,-1.7833493177936,1.79024581672571
4,703,6703,-1.5683403615496,1.26470973681217
4,704,6704,-2.43170190636096,1.64119797433922
4,705,6705,-2.23697645734525,1.83451352826337
4,706,6706,-2.09540434689908,1.9247059875833
4,707,6707,-2.64740573052144,1.98995530002035
4,708,6708,-2.53875325984054,1.96069019951796
4,709,6709,-1.46960326037861,1.96392933614344
4,710,6710,-1.79603623561041,1.29671795169533
4,711,6711,-1.63477761944422,1.19180237747662
4,712,6712,-1.74225574018173,1.73628710008429
4,713,6713,-1.78297359752927,1.68327331963433
4,714,6714,-2.31504106905167,1.86437164197375
4,715,6715,-2.20573214855082,1.93774106953538
4,716,6716,-2.86746255145947,1.62237837290016
4,717,6717,-2.02713203887068,1.51845244156719
4,718,6718,-1.71286357231547,1.45872940182531
4,719,6719,-2.39487778903168,1.62102802384481
4,720,6720,-1.68111152476248,2.02207194436915
4,721,6721,-2.55050783006613,2.11867370957418
4,722,6722,-1.6721611674394,2.59756383248675
4,723,6723,-1.68990543783354,2.32399313448232
4,724,6724,-1.45776517342589,1.44993969808402
4,725,6725,-1.78970961395763,2.63715050123136
4,726,6726,-1.45538394249614,2.61900106260171
4,727,6727,-0.998625342514674,3.17202399825312
4,728,6728,-0.894793290832118,3.7169804627427
4,729,6729,-0.361449106990484,3.13547833267746
4,730,6730,-0.14583926935249,2.20421960708948
4,731,6731,-0.355144361943642,3.44207937113839
4,732,6732,-0.00445771217949596,2.30582354614137
4,733,6733,-0.747521427227396,1.36925196460635
4,734,6734,-3.18782577651197,1.7414504118318
4,735,6735,-2.54798253179102,1.87622240129203
4,736,6736,-2.1103729889369,1.90234794688415
4,737,6737,-1.74022921824643,1.94699982040334
4,738,6738,-1.34664820768491,2.58821322274781
4,739,6739,-1.42991364564391,2.24791186163985
4,740,6740,-1.34351105183017,2.30589606125754
4,741,6741,-1.65509492064397,2.35895384586134
4,742,6742,-1.51471983844073,2.55815492140984
4,743,6743,-0.776498937189971,1.60363240639626
4,744,6744,-1.41972371074081,3.15531431432921
4,745,6745,-3.32029936531521,2.1318438478916
4,746,6746,-2.34727823007804,2.7781447179338
4,747,6747,-1.22571832763073,2.47091171796801
4,748,6748,-2.0111883526599,2.20066461626311
4,749,6749,-1.88161001099123,2.23375124308557
4,750,6750,-1.8678192105669,2.57876540266985
4,751,6751,-1.68614508462587,1.44945184149345
4,752,6752,-2.32441544677329,4.22637447345843
4,753,6753,-1.90655555891818,2.57946317525479
4,754,6754,-2.37373713576145,2.10162862641281
4,755,6755,-2.111115275676,2.19531494543944
4,756,6756,-2.02881321822352,2.72990699661252
4,757,6757,-3.18713417542275,1.87892687381449
4,758,6758,-4.18231686113441,2.70428198576074
4,759,6759,-3.87644661698986,2.49769513824574
4,760,6760,-3.29841648648832,2.28600851693754
4,761,6761,-1.98465534654653,1.68715290712812
4,762,6762,-0.968921148483429,2.1002731756445
4,763,6763,-3.28967823046718,2.30446613759574
4,764,6764,-3.29342544413318,2.22297498902826
4,765,6765,-2.2029661292103,1.84791597580786
4,766,6766,-2.67001814673157,2.4491585850504
4,767,6767,-3.21088894189496,2.71966149035083
4,768,6768,-2.5122285940593,2.10769008554248
4,769,6769,-2.64963347285061,2.4363866937963
4,770,6770,-2.46270739238038,2.00149727085867
4,771,6771,-1.68312016152324,1.47987361350957
4,772,6772,-2.03711189205907,1.19189502290455
4,773,6773,-1.98021623934108,1.28470729864591
4,774,6774,-2.51561015657252,1.4980570802199
4,775,6775,-1.69781182308168,1.81178245325692
4,776,6776,-1.54684648624747,1.53811671095991
4,777,6777,-1.46670254106756,1.45537076427489
4,778,6778,-2.31008060403743,1.94624415831771
4,779,6779,-2.01068029038881,1.64908230582597
4,780,6780,-1.48605779516771,2.16099044548456
4,781,6781,-1.64001868208319,1.87032426619155
4,782,6782,-1.54509853155938,1.9325685334853
4,783,6783,-2.19204889141311,1.44805483912674
4,784,6784,-2.39563792995113,1.56614035717433
4,785,6785,-2.77839753421255,1.54523487586929
4,786,6786,-2.94776283646474,1.40836546129193
4,787,6787,-2.44023973434142,1.75539394887128
4,788,6788,-2.29912586130571,1.71494334863279
4,789,6789,-3.44968628314044,2.72497423247871
4,790,6790,-3.58133622213962,2.97630862573362
4,791,6791,-2.44299832817297,1.82264746348295
4,792,6792,-1.90544812337144,1.68817496529415
4,793,6793,-1.91734501622995,1.93320897607399
4,794,6794,-1.32382281710144,2.07231834006687
4,795,6795,-2.14216030472495,2.24126396672199
4,796,6796,-1.95894319260779,2.22715765576623
4,797,6797,-1.10220783053111,1.97884849151505
4,798,6798,-2.85830716346864,1.92503211360709
4,799,6799,-3.08272115445252,2.18070826761821
4,800,6800,-2.11584668654615,1.95249100657778
4,801,6801,-2.15451948358525,1.82906075875153
4,802,6802,-1.8946537588348,2.34780918276863
4,803,6803,-1.56544973418648,2.55189254468025
4,804,6804,-1.22297378883084,1.25351851699793
4,805,6805,-1.12260698130006,2.70376053376988
4,806,6806,-0.793256505875019,2.61012979596881
4,807,6807,-1.09975616545812,2.43547843386756
4,808,6808,-0.971372278703364,1.72163999806668
4,809,6809,-3.98884445463384,2.85617157576979
4,810,6810,-3.36626073651259,1.90653268907835
4,811,6811,-3.27433096222495,2.43293508453422
4,812,6812,-2.19828700072678,1.33614419434251
4,813,6813,-4.20905323073516,2.48019466381262
4,814,6814,-1.41610515515127,1.87913684045292
4,815,6815,-1.03267040952119,1.14908132354704
4,816,6816,-1.60206785536642,1.57738246008927
4,817,6817,-1.36964675879267,1.51490661870696
4,818,6818,-2.12145223522826,1.88057327179414
4,819,6819,-2.23552638055573,1.82347361553911
4,820,6820,-2.63978933063503,1.80828144896079
4,821,6821,-2.40059800912314,2.07479612052663
4,822,6822,-2.72789736435885,1.85817263653596
4,823,6823,-3.04313368772057,2.2861367407335
4,824,6824,-3.84758828250962,2.20728546314933
4,825,6825,-2.22328099708897,1.19818883842093
4,826,6826,-2.57079909079005,1.44524893046797
4,827,6827,-1.8044458708038,1.9037728684135
4,828,6828,-3.47361966231234,1.67726088066155
4,829,6829,-2.21438418897286,1.43079770580686
4,830,6830,-2.37331979087525,1.7875750965894
4,831,6831,-2.14495981660257,1.2460134082913
4,832,6832,-2.45037442108856,1.53737417817211
4,833,6833,-2.31674312667155,1.30410016260006
4,834,6834,-2.56199488969163,1.45442431804036
4,835,6835,-2.48971260403544,1.30932143679413
4,836,6836,-2.71201737711792,1.37693284091943
4,837,6837,-2.91437579799157,1.15444944983814
4,838,6838,-2.07991872034233,1.5683366593829
4,839,6839,-2.04661890726711,1.14740968392473
4,840,6840,-2.08493539464859,1.45031055770363
4,841,6841,-2.11832118417492,1.60312344556622
4,842,6842,-2.75541138881232,2.08879575463237
4,843,6843,-1.59550409136324,2.3645635338659
4,844,6844,-1.95415527885813,1.74808861328937
4,845,6845,-2.38835040356902,1.93617879935559
4,846,6846,-1.95747999497274,2.28979052230841
4,847,6847,-2.05692294996642,1.84056929928076
4,848,6848,-2.62689916275656,2.24141061465877
4,849,6849,-2.13455013067237,2.2031676246912
4,850,6850,-1.73356996477733,1.18710611023003
4,851,6851,-2.74690709785521,1.55844778839001
4,852,6852,-2.47509105120193,1.28789722972807
4,853,6853,-3.44211001155437,1.99803307616409
4,854,6854,-3.49096935782568,1.96274823196942
4,855,6855,-3.81866335331282,2.38503891137032
4,856,6856,-2.80958367820953,1.93247595335443
4,857,6857,-1.92463516217018,1.54788864634693
4,858,6858,-1.64700520441771,2.01180201327462
4,859,6859,-1.45097124868746,2.25285422522935
4,860,6860,-1.69894144037051,1.14109202276094
4,861,6861,-3.42357859294916,2.54549516691778
4,862,6862,-3.94175686316285,4.12119470373526
4,863,6863,-3.40854619419271,3.13237280913102
4,864,6864,-3.94313141533087,2.2636858563892
4,865,6865,-4.00642329352154,2.38305498229205
4,866,6866,-3.88854044458951,2.57742490362861
4,867,6867,-3.32516640181276,2.61646953696609
4,868,6868,-3.35216766376337,3.64514438795131
4,869,6869,-2.86022964911227,2.29262059506964
4,870,6870,-3.18259193717965,2.2573959954245
4,871,6871,-3.50242074260658,2.09614895633167
4,872,6872,-2.08454011954019,2.1618157884207
4,873,6873,-1.85096228191578,1.87866497842488
4,874,6874,-1.45728968253624,1.99488445016564
4,875,6875,-2.04933820704616,2.16139668892403
4,876,6876,-1.38921341155477,2.44906894516752
4,877,6877,-1.65097345277377,2.02248169381826
4,878,6878,-1.92854401087117,1.79074804410512
4,879,6879,-1.85202628287439,1.64353467529
4,880,6880,-1.7597063978965,0.984333793637532
4,881,6881,-2.21048380097787,1.16918643562297
4,882,6882,-2.174820758064,1.87074207464856
4,883,6883,-2.20879829141227,2.28208971902288
4,884,6884,-1.82838494672242,2.12464053060693
4,885,6885,-1.94926939469501,3.36809847177203
4,886,6886,-1.9339209984215,2.10196476276038
4,887,6887,-2.19370061942796,2.3612291073604
4,888,6888,-1.77387557562701,1.92811372987302
4,889,6889,-2.7211288812942,2.41407954031251
4,890,6890,-2.18321315527337,2.09355727523992
4,891,6891,-1.93651442782915,1.69437994262173
4,892,6892,-2.20406822465018,1.78475164644614
4,893,6893,-2.00500875883471,1.58590313468144
4,894,6894,-2.30524690380067,1.90366580421391
4,895,6895,-2.0924402147812,2.60538895277637
4,896,6896,-2.48520025871872,2.35816255617047
4,897,6897,-2.71278744582302,1.84824516241567
4,898,6898,-2.49026485495139,1.87461393366633
4,899,6899,-2.65194731273142,2.21276588601293
4,900,6900,-1.63498283197302,1.77977302468323
4,901,6901,-1.44204490861854,1.59768799218588
4,902,6902,-1.51377365483803,1.51576520776923
4,903,6903,-1.42763600111859,1.13705563584679
4,904,6904,-0.547034792645544,1.89542762410613
4,905,6905,-1.79065570880928,1.87019170754548
4,906,6906,-1.79921436284566,1.28036384499842
4,907,6907,-1.63890664716748,1.76155194895948
4,908,6908,-1.88633465975649,1.14375389665604
4,909,6909,-2.3577481488717,1.82152831116752
4,910,6910,-1.56336333020534,1.42097432581859
4,911,6911,-1.93047415387476,2.2814687219046
4,912,6912,-1.65375185773297,1.42183147427123
4,913,6913,-1.2237046276675,1.86276730113811
4,914,6914,-2.55639856897591,2.54303748086676
4,915,6915,-2.49080147306457,1.7800370601332
4,916,6916,-2.6053770964364,1.8719884027655
4,917,6917,-2.16598167538567,1.76399283529384
4,918,6918,-2.22255657703246,1.27379262389677
4,919,6919,-1.76897589014258,1.18915571246782
4,920,6920,-3.30995038451212,3.41588376892188
4,921,6921,-3.37806939562595,2.71544373623187
4,922,6922,-3.55329421662251,2.88806426417425
4,923,6923,-2.45970564323437,2.44155231073098
4,924,6924,-3.60811323310017,2.4310582893494
4,925,6925,-2.69399828356779,2.10120232515088
4,926,6926,-2.88631254621251,2.79158085960743
4,927,6927,-2.01931755725638,2.62629499121241
4,928,6928,-2.05535867284071,2.24759150347984
4,929,6929,-1.3163881497674,1.76244243689125
4,930,6930,-1.41121046237677,1.55683108206096
4,931,6931,-2.14936835366744,1.19712052018525
4,932,6932,-1.94455627252844,1.042804175762
4,933,6933,-2.93119201645659,1.07837356309565
4,934,6934,-2.0926631821949,1.0130204973467
4,935,6935,-3.17652432192754,1.97661195595885
4,936,6936,-2.47543552513394,1.56956553441534
4,937,6937,-3.41171192394289,2.00098192043805
4,938,6938,-3.06443858542304,1.57950900985213
4,939,6939,-2.94485762976716,2.29730666432749
4,940,6940,-2.62413155121797,2.10040406207105
4,941,6941,-1.90095928678933,2.44214268581886
4,942,6942,-2.26127486980831,1.35136630718601
4,943,6943,-2.3079920738373,1.83164556770251
4,944,6944,-1.16680340533362,1.93736638941633
4,945,6945,-0.723258515548663,1.51004213092582
4,946,6946,-2.11459237197123,2.88524832961557
4,947,6947,-1.95042525150858,2.70600399330487
4,948,6948,-1.86955678914046,3.29199492403031
4,949,6949,-1.86984135954381,2.5443693323819
4,950,6950,-2.03483770950696,3.17022968247468
4,951,6951,-1.91731790356431,2.57404287196553
4,952,6952,-1.80737713213253,2.3095315605152
4,953,6953,-2.42432484591925,2.40219867526057
4,954,6954,-2.08617537687614,1.59730645663379
4,955,6955,-2.1358133622856,1.89038871634149
4,956,6956,-2.35039678394597,3.56298731104001
4,957,6957,-2.22645470734381,2.31920461903629
4,958,6958,-0.978962987352929,2.02779373273203
4,959,6959,-2.04699567403515,1.20535252333189
4,960,6960,-2.80368239981826,1.90750745910219
4,961,6961,-2.81151619241703,1.98308884052125
4,962,6962,-2.83800798204775,2.17182558821216
4,963,6963,-2.56552182472136,1.44696924969684
4,964,6964,-1.91583784510683,2.19407546516161
4,965,6965,-2.02631498453625,2.00334241567347
4,966,6966,-1.78264066947428,1.95626452533733
4,967,6967,-1.76053024905378,1.9745192582203
4,968,6968,-2.25621733988259,2.06761651272937
4,969,6969,-2.45793298867219,1.79207004470946
4,970,6970,-1.56226149454318,2.39497992391484
4,971,6971,-2.03804138128379,2.12726371418485
4,972,6972,-1.65560905477623,1.28484462637339
4,973,6973,-2.6155716024964,2.00101359374873
4,974,6974,-1.48978481348795,1.81984883142414
4,975,6975,-1.28402330471576,2.06415954482586
4,976,6976,-1.33675118711088,1.68913477965099
4,977,6977,-1.37554467012481,1.46872131474226
4,978,6978,-1.48241454323509,1.37894213643198
4,979,6979,-1.10412414630287,1.53661856339271
4,980,6980,-1.32188852962507,1.59491227224476
4,981,6981,-3.23306405776034,2.54783204620093
4,982,6982,-3.14961319521849,2.74418283699343
4,983,6983,-2.9703302369213,2.33141992174733
4,984,6984,-2.57768406546777,2.55099838338186
4,985,6985,-2.52303194708374,2.19317663677596
4,986,6986,-3.52960284407181,3.06023921220948
4,987,6987,-2.83426138797657,2.44350147534707
4,988,6988,-3.08233975235272,3.05296897636484
4,989,6989,-1.42951628804653,1.1135480530493
4,990,6990,-1.71311500877511,3.46686831714077
4,991,6991,-1.40924242171456,3.10878000805954
4,992,6992,-2.43083460560436,3.26900703459766
4,993,6993,-2.55468467282272,2.76807789269468
4,994,6994,-2.00359404280852,2.09416146540475
4,995,6995,-2.71931917978497,2.31097366552445
4,996,6996,-2.61798836181732,2.84216804616631
4,997,6997,-2.79332388158043,3.37041090465834
4,998,6998,-3.5699779505272,2.4739481714893
4,999,6999,-2.5958773044485,1.62612601021988
4,1000,7000,-1.84755919824539,1.09766210447742
4,1001,7001,-1.85936491489381,1.03392893143297
4,1002,7002,-1.84233528612213,0.973059024380044
4,1003,7003,-2.16792139621289,1.23225944305865
4,1004,7004,-2.2030792756172,1.43467282321536
4,1005,7005,-2.4693579735875,1.58242074407539
4,1006,7006,-2.13899007324596,1.04710204572863
4,1007,7007,-2.23624973816554,1.07359062399015
4,1008,7008,-2.00991061477616,1.68688945487911
4,1009,7009,-2.05910272662921,1.59314377453992
4,1010,7010,-1.85010756509675,1.46705781669725
4,1011,7011,-1.85535792739735,1.6055347169622
4,1012,7012,-2.46089840267801,1.97312129330918
4,1013,7013,-2.7941837547544,1.91323888955793
4,1014,7014,-2.51022187446494,1.86478647512473
4,1015,7015,-2.82471163693082,1.91564722049576
4,1016,7016,-2.50925047266145,1.87856491966161
4,1017,7017,-1.43440473791484,1.75630261445633
4,1018,7018,-2.0272179397912,1.77153777180799
4,1019,7019,-1.91132725904868,1.74958088287236
4,1020,7020,-2.87639234287052,2.0137517459866
4,1021,7021,-2.02264958876766,2.46498439216867
4,1022,7022,-2.0340091672078,2.04894128800813
4,1023,7023,-0.845705250976808,2.64345840637363
4,1024,7024,-1.29298637679522,3.14065543915756
4,1025,7025,-1.89965035488213,1.95724540494949
4,1026,7026,-1.19092310068008,1.65076219021936
4,1027,7027,-1.57521873765812,2.73188493714802
4,1028,7028,-1.59315948353612,2.5058155964009
4,1029,7029,-1.64838508152874,1.84425361766401
4,1030,7030,-1.5991964883487,2.66378697494801
4,1031,7031,-1.13074549234067,1.98692234691582
4,1032,7032,-0.776072564449774,2.72798244135092
4,1033,7033,-2.70823716967167,1.74201236576043
4,1034,7034,-2.14679256158473,1.52551458417636
4,1035,7035,-2.80665076989336,1.73667659265988
4,1036,7036,-2.54347602803554,2.16989108096572
4,1037,7037,-2.35698340040311,2.31738153990896
4,1038,7038,-2.00145291175734,1.71460062844614
4,1039,7039,-2.06345368226898,1.76648852632499
4,1040,7040,-0.653413852679546,2.28486983132214
4,1041,7041,-1.34636207691927,2.37823862176285
4,1042,7042,-2.26662913759004,2.0745936046221
4,1043,7043,-1.89146163602045,2.18272778902516
4,1044,7044,-1.5922127736255,1.77967918605996
4,1045,7045,-1.55791457107222,2.01666086775298
4,1046,7046,-1.65447015396747,1.71373983076832
4,1047,7047,-2.46668550427899,2.29399278788484
4,1048,7048,-2.80962328729644,2.17789133825041
4,1049,7049,-2.40341318534049,2.32707250733937
4,1050,7050,-2.81536850502524,2.64173957771477
4,1051,7051,-2.9091835078238,2.7062394592367
4,1052,7052,-3.26711028018101,2.60368481712068
4,1053,7053,-3.01706205557847,2.12100413151678
4,1054,7054,-1.63856232768011,1.80671528994951
4,1055,7055,-1.51043750502109,1.89511739708091
4,1056,7056,-1.92281477325555,2.15251506711857
4,1057,7057,-2.16791292965763,2.47750201692022
4,1058,7058,-2.14273658507075,1.92157654022029
4,1059,7059,-1.80693700399058,2.73424244865575
4,1060,7060,-1.48303740502598,2.98922817422853
4,1061,7061,-1.94171643829913,2.27565295099438
4,1062,7062,-1.91181584486818,2.86665086265029
4,1063,7063,-1.51603323525663,2.72063568390739
4,1064,7064,-1.38214240212515,2.77237204500893
4,1065,7065,-1.98820905405301,1.65101545997227
4,1066,7066,-3.05303923208658,1.99299434494768
4,1067,7067,-3.00275176853305,2.11569143131424
4,1068,7068,-3.62960804577072,2.60150627566156
4,1069,7069,-3.57134698390768,2.87481498048788
4,1070,7070,-1.82671052330866,3.72718517427664
4,1071,7071,-1.93192606256323,2.66174882725156
4,1072,7072,-0.778213610512032,2.27834745432852
4,1073,7073,-1.26665906899606,2.39875091798148
4,1074,7074,-1.04010417552674,2.46490822284945
4,1075,7075,-1.70751453842612,2.25251278404188
4,1076,7076,-1.87189995852669,2.62025936788096
4,1077,7077,-1.97027901153177,2.75063586545306
4,1078,7078,-1.77082008650417,2.07703102681841
4,1079,7079,-1.9737605602078,2.34472268139034
4,1080,7080,-2.15227289997843,2.33943465804447
4,1081,7081,-2.21922436235357,2.24853973775447
4,1082,7082,-1.9221388592349,1.76844459490901
4,1083,7083,-2.34597310430932,1.95695383681174
4,1084,7084,-3.20180435879157,2.10983441890888
4,1085,7085,-2.42888070273499,1.17209016195619
4,1086,7086,-2.48816408920479,1.15831370007764
4,1087,7087,-1.30236944362297,2.39842495008636
4,1088,7088,-1.40323250963561,2.47486076778059
4,1089,7089,-1.29176439861123,2.44182844627636
4,1090,7090,-0.993780015900031,2.73014323234184
4,1091,7091,-0.888140105830323,3.04710763268204
4,1092,7092,-1.21940033173873,2.50570998294696
4,1093,7093,-2.30934729720015,2.87758169857895
4,1094,7094,-1.6324651570336,1.66151396825272
4,1095,7095,-1.82790687880546,1.72836459732626
4,1096,7096,-1.84975396229302,1.82737547421198
4,1097,7097,-1.66123691985193,1.4961951178004
4,1098,7098,-1.53917324460419,1.25086941350754
4,1099,7099,-1.87652938034833,1.15763816878518
4,1100,7100,-1.83943463306998,0.914423587679171
4,1101,7101,-1.91183006416379,1.15835520508432
4,1102,7102,-1.83988211976605,1.20785394694111
4,1103,7103,-2.67195176051939,1.40555531980887
4,1104,7104,-2.32147069054659,1.36857125625355
4,1105,7105,-2.62525375354909,1.74899905269236
4,1106,7106,-2.84035803781252,1.91633084970214
4,1107,7107,-2.70164757005134,1.76685358754277
4,1108,7108,-2.20275646969944,1.10967649492612
4,1109,7109,-1.38145413511872,1.5246296574012
4,1110,7110,-1.48540517187198,1.48361552865098
4,1111,7111,-1.22154544839554,1.2507630596596
4,1112,7112,-1.25598135232586,1.75894456475492
4,1113,7113,-1.70779370951507,1.31740534346365
4,1114,7114,-2.56883400813849,1.81274498146421
4,1115,7115,-2.59737893527548,1.7698041269168
4,1116,7116,-2.02611317802638,1.64811386266161
4,1117,7117,-2.10164529030093,1.50813051044733
4,1118,7118,-3.39457655902384,1.53593798528751
4,1119,7119,-3.46334847360413,1.47513605586082
4,1120,7120,-2.65895409033068,1.76005709612788
4,1121,7121,-2.85682961222,1.7811422485086
4,1122,7122,-2.8362213192032,2.15665304890613
4,1123,7123,-1.95001156243204,1.35311210597384
4,1124,7124,-2.11060567142547,1.34875063936091
4,1125,7125,-2.9681035172292,1.81004426984871
4,1126,7126,-0.923432771223465,1.60783564570867
4,1127,7127,-1.38196233106899,1.60886055650646
4,1128,7128,-1.54328418255498,1.17330239279886
4,1129,7129,-2.40367199888811,1.78752671475746
4,1130,7130,-2.35839729577417,1.73139813789921
4,1131,7131,-2.55410670672359,1.96487670961592
4,1132,7132,-2.32687946151545,1.62606709113437
4,1133,7133,-2.84544020524282,2.1666662837091
4,1134,7134,-4.32878555608006,1.92095311301862
4,1135,7135,-2.35937033713736,1.79514030309607
4,1136,7136,-2.81268577381199,2.4850950072891
4,1137,7137,-3.07373504759882,2.45149311669709
4,1138,7138,-1.46752035990203,1.47173936738653
4,1139,7139,-2.33741165821547,1.90847992731295
4,1140,7140,-2.10644819993541,2.01838855666692
4,1141,7141,-2.37634980130455,2.29574475831466
4,1142,7142,-1.86576709853372,2.05693486140503
4,1143,7143,-1.46955761499433,2.35396675468403
4,1144,7144,-1.78754893889776,2.43050973628985
4,1145,7145,-1.98099811909394,1.77953079808843
4,1146,7146,-2.07688946897447,1.43392817175609
4,1147,7147,-1.27959019537551,2.3626647356371
4,1148,7148,-1.6091143524138,2.40558652007013
4,1149,7149,-1.2245806739322,2.16761274488058
4,1150,7150,-1.42165127920514,1.66605867626235
4,1151,7151,-1.28708403499453,1.69573388560389
4,1152,7152,-1.34137692481485,2.21307749325508
4,1153,7153,-1.30044351340625,1.94547861435002
4,1154,7154,-1.80814485565255,1.75872796628393
4,1155,7155,-2.6639470017769,1.97671752127241
4,1156,7156,-2.43420761759906,1.67321848640138
4,1157,7157,-2.20739031373727,2.30022741620429
4,1158,7158,-1.7581852353524,1.8770253746399
4,1159,7159,-2.30360842842275,1.97718972625778
4,1160,7160,-2.52752621643518,2.33821624440395
4,1161,7161,-2.6358309447161,2.14887125704639
4,1162,7162,-2.46454623052951,1.83583371620226
4,1163,7163,-2.72659425798514,2.32183732411572
4,1164,7164,-1.89801663314865,1.44546800977172
4,1165,7165,-2.7436379256299,2.34021883313747
4,1166,7166,-2.5587266094727,2.34539560873326
4,1167,7167,-2.62565817200912,2.83024790895291
4,1168,7168,-2.57155642446791,2.0177302200624
4,1169,7169,-1.88078398406154,1.35637332318064
4,1170,7170,-1.94373207870175,2.09053794993221
4,1171,7171,-1.95919994339828,2.0584075103708
4,1172,7172,-2.01765587461325,2.37610747130511
4,1173,7173,-1.74763224371326,2.25496042835695
4,1174,7174,-2.06290875317752,1.92650389066291
4,1175,7175,-1.14109355960279,1.25821955091609
4,1176,7176,-1.74494547740793,1.83040299755243
4,1177,7177,-1.71210147385048,1.95095126991072
4,1178,7178,-1.865211104907,1.77959720182842
4,1179,7179,-2.12196706897682,2.49454985343627
4,1180,7180,-2.55088186170762,2.85440907952332
4,1181,7181,-1.41952195721812,1.82482449874618
4,1182,7182,-1.73335045391933,2.35617080133351
4,1183,7183,-1.96587045707109,1.6200060910869
4,1184,7184,-2.55364470522134,2.41612954700419
4,1185,7185,-1.92973429559244,1.43407749745201
4,1186,7186,-2.20184112853302,1.77982789673646
4,1187,7187,-1.40849804727515,1.81518852241471
4,1188,7188,-1.93584121127383,2.40929916829502
4,1189,7189,-2.36051835941933,1.92779183909837
4,1190,7190,-1.9189464607393,2.2124593779882
4,1191,7191,-1.52369497063167,2.78016231117649
4,1192,7192,-2.01677041458676,2.3780278551738
4,1193,7193,-1.59256470865436,2.36066138906732
4,1194,7194,-2.1465978075428,2.09871291403287
4,1195,7195,-2.45756306186183,1.31216175836718
4,1196,7196,-2.73970840652985,1.31388021743399
4,1197,7197,-1.95219879192736,1.00231643548362
4,1198,7198,-1.85212434645676,0.90741617114257
4,1199,7199,-2.22850483798139,1.72490998539509
4,1200,7200,-2.53855385758659,2.23529511325166
4,1201,7201,-1.29768868541303,1.439594919855
4,1202,7202,-1.29200370811568,1.43913704905067
4,1203,7203,-1.85867902199094,1.51058515860615
4,1204,7204,-1.94951785135362,1.59758864694151
4,1205,7205,-2.85085671365517,2.23672604635788
4,1206,7206,-2.62092624836661,1.63851994767799
4,1207,7207,-2.95721612547487,1.56917265514061
4,1208,7208,-2.71498992518788,1.60490800009029
4,1209,7209,-2.27628676631677,1.65492169600096
4,1210,7210,-2.27763876684531,1.62585480760617
4,1211,7211,-3.14031717241282,2.04887998358117
4,1212,7212,-2.45303595575891,1.58108100220938
4,1213,7213,-2.87643436183752,1.70385037886934
4,1214,7214,-3.3884389435234,2.43115908514491
4,1215,7215,-3.25846700637756,2.40624986279196
4,1216,7216,-3.28772792243667,2.97121934736475
4,1217,7217,-3.14675886353334,2.64025663426007
4,1218,7218,-1.17530538583969,1.20623384392912
4,1219,7219,-2.2369067209121,1.40767122852003
4,1220,7220,-1.03796488488326,1.13057141577231
4,1221,7221,-1.7221175449179,1.24519619059003
4,1222,7222,-1.95909001968597,1.53532916477955
4,1223,7223,-2.06294780076792,1.31313507420936
4,1224,7224,-1.61173781936292,1.07429976582968
4,1225,7225,-1.73663594229507,0.870899726473143
4,1226,7226,-2.09355370547194,1.19308449416885
4,1227,7227,-1.6032688511254,1.57836232199292
4,1228,7228,-1.47859757188214,1.87161232459888
4,1229,7229,-1.37166605497154,2.83041371378206
4,1230,7230,-1.89392376369506,2.51358469937368
4,1231,7231,-1.97672262094263,2.61348283763661
4,1232,7232,-2.13843022702822,1.75821736333363
4,1233,7233,-2.224601760077,1.62806591931228
4,1234,7234,-1.35927766773469,1.47587842370589
4,1235,7235,-1.83176017064557,2.38495977253957
4,1236,7236,-2.07575422249085,1.43314548074249
4,1237,7237,-2.15796980758147,1.62853894063509
4,1238,7238,-2.15004666910412,1.76052260091095
4,1239,7239,-2.1459805336254,1.67191244598478
4,1240,7240,-2.29187169006216,1.98671643649845
4,1241,7241,-2.01073502963048,1.67267242255878
4,1242,7242,-2.10578267901836,1.73123091509332
4,1243,7243,-1.92036819135069,2.11125077153972
4,1244,7244,-1.36099473217403,1.88504213171553
4,1245,7245,-1.64710922629527,2.18066976830689
4,1246,7246,-1.4785823996961,2.08298208080613
4,1247,7247,-1.75269605691533,1.96005268799363
4,1248,7248,-2.05709894075827,1.91338631780288
4,1249,7249,-2.84113427340002,2.24734533177054
4,1250,7250,-2.6173850461999,3.05968773635237
4,1251,7251,-2.88147988889572,3.65782712982449
4,1252,7252,-2.63772708769012,2.00812332506463
4,1253,7253,-3.03830700189683,2.17654605461265
4,1254,7254,-3.64186546901542,2.31571435509743
4,1255,7255,-3.73207837588066,2.27133453174408
4,1256,7256,-2.00153904308266,1.0926305061245
4,1257,7257,-1.80017399092756,1.36933594734071
4,1258,7258,-2.07553609805965,1.21618972848799
4,1259,7259,-1.87371681590659,1.24265181011662
4,1260,7260,-1.66276932140122,1.3842468344143
4,1261,7261,-1.70715564081382,1.18095433680411
4,1262,7262,-1.75134183186155,1.6443124297774
4,1263,7263,-1.38204830309937,1.53191314834423
4,1264,7264,-0.844774874930392,1.36344481094175
4,1265,7265,-1.48429457583047,1.31070834302607
4,1266,7266,-1.738630215483,1.3545391612139
4,1267,7267,-1.80908195603649,1.636244376576
4,1268,7268,-2.20320489273197,1.66384586561491
4,1269,7269,-2.55947885649046,2.36288556226335
4,1270,7270,-3.43000148553346,2.74230576980852
4,1271,7271,-1.38109789999033,2.21812592374743
4,1272,7272,-0.795458020334339,2.72968044555259
4,1273,7273,-1.85441467764531,1.69639287818714
4,1274,7274,-2.0943927134418,2.22034618626848
4,1275,7275,-1.62102577116152,1.93973125624024
4,1276,7276,-2.22875388970774,2.18029703703281
4,1277,7277,-2.83602700982304,2.14519287670831
4,1278,7278,-3.07557714724892,2.32465920564284
4,1279,7279,-2.51819884604499,1.67343814371269
4,1280,7280,-3.12731206951351,2.02104896501492
4,1281,7281,-2.38425526982368,1.92036194230659
4,1282,7282,-1.75824065339773,1.56998193861801
4,1283,7283,-2.76162728150624,2.66287849805106
4,1284,7284,-2.77047086109414,2.89241060244758
4,1285,7285,-1.99951825149727,1.84557801426925
4,1286,7286,-2.94546264831322,2.17573492145539
4,1287,7287,-3.09719557006778,2.19102923169609
4,1288,7288,-2.22495474171465,1.60971713753647
4,1289,7289,-1.71932995122234,1.34314593890933
4,1290,7290,-2.1044682093152,1.70256532013924
4,1291,7291,-2.28286810921893,2.73529830495238
4,1292,7292,-1.71944946638237,2.46071926410976
4,1293,7293,-1.4035975943948,1.92248201283166
4,1294,7294,-1.16525225462959,1.40354388816718
4,1295,7295,-2.24311515105467,1.51376213940225
4,1296,7296,-1.34693463972191,1.92264735776631
4,1297,7297,-1.5610517422352,1.49120304639283
4,1298,7298,-2.52930057018345,1.69805357337076
4,1299,7299,-2.18234991746546,1.74740355617592
4,1300,7300,-2.13503546025002,2.25877291161514
4,1301,7301,-2.86565903242389,2.50678840026689
4,1302,7302,-2.69319935538966,2.32211508049377
4,1303,7303,-1.86614409931717,1.54346968551363
4,1304,7304,-1.67634182831138,1.73813560368242
4,1305,7305,-1.33367182174931,1.0494229476845
4,1306,7306,-1.36698266756077,1.05235044801441
4,1307,7307,-2.7266925299441,1.50024545465006
4,1308,7308,-3.04926442742599,2.10044332596764
4,1309,7309,-2.88094014900747,2.07493344247493
4,1310,7310,-2.40847020616679,1.23915471604969
4,1311,7311,-3.5243722814676,1.85581403715516
4,1312,7312,-3.10768515771667,1.93956573017061
4,1313,7313,-3.3892188872115,1.39095690309191
4,1314,7314,-0.660475113502085,1.03404808984449
4,1315,7315,-1.64833437545299,1.49936076809754
4,1316,7316,-1.72482200281926,1.58007574998392
4,1317,7317,-1.58504519598233,1.25909219890645
4,1318,7318,-2.59304805407773,1.89572297322468
4,1319,7319,-2.03116193398276,1.76614059516558
4,1320,7320,-1.89666302531843,1.52497996376639
4,1321,7321,-2.42736555183103,2.40803789569557
4,1322,7322,-1.57761362744489,1.839951372237
4,1323,7323,-0.982195773351845,1.71148238717676
4,1324,7324,-1.39651347551244,1.75667344902459
4,1325,7325,-1.8902146748284,1.83323703360231
4,1326,7326,-2.23176794324937,1.71584992979031
4,1327,7327,-2.0258472298395,1.61536405175576
4,1328,7328,-2.33941641977366,2.38804032455891
4,1329,7329,-2.23090003001704,1.74698081023609
4,1330,7330,-1.86448194606273,1.55733651129724
4,1331,7331,-1.84876432522227,2.15158223987645
4,1332,7332,-1.98694081313514,2.19948454794877
4,1333,7333,-2.07865049800304,2.07514404145026
4,1334,7334,-2.29383867467131,1.97109801217749
4,1335,7335,-1.23152144664905,2.19697574774236
4,1336,7336,-1.91447550790008,1.73753352298227
4,1337,7337,-1.92817465978833,1.85352480309044
4,1338,7338,-2.08233268440731,2.2835140734003
4,1339,7339,-2.00577705540291,2.15895074507599
4,1340,7340,-1.88994381209171,1.79451950989491
4,1341,7341,-2.41956642482032,1.7880169724714
4,1342,7342,-2.04775721727131,1.73618599248043
4,1343,7343,-2.7110872373165,1.95126232176806
4,1344,7344,-1.99862625574718,1.65350899422904
4,1345,7345,-2.51990075066983,2.0861304375385
4,1346,7346,-1.62350104113267,1.35189625901056
4,1347,7347,-1.66429614889431,1.40843307879942
4,1348,7348,-2.50564311679265,1.47692416711446
4,1349,7349,-1.48699030467014,1.47717082784034
4,1350,7350,-2.53976035313207,2.43223926266648
4,1351,7351,-2.36786147304092,1.64058090842165
4,1352,7352,-1.90776797363185,1.35889297323649
4,1353,7353,-2.12297651681128,1.33942594487928
4,1354,7354,-2.81181256890835,1.37955982634621
4,1355,7355,-3.35995684540759,2.01277941447446
4,1356,7356,-2.98764370376064,1.95711578954912
4,1357,7357,-2.58662332198602,1.64275044747988
4,1358,7358,-2.28633115267993,1.61976122764066
4,1359,7359,-2.30621976027882,1.9154484656726
4,1360,7360,-2.37313484705973,1.75539214897428
4,1361,7361,-1.91472030610476,1.97950938795362
4,1362,7362,-1.72012097162418,2.17578435142588
4,1363,7363,-1.9851115501155,2.57841858107412
4,1364,7364,-1.16610355817526,2.54298644867802
4,1365,7365,-1.91003780385873,1.39427584586689
4,1366,7366,-2.32010516403754,2.13563364183515
4,1367,7367,-2.07452472873667,2.10970921317994
4,1368,7368,-2.13372443747761,2.07003228638518
4,1369,7369,-1.80918591623216,2.21184251752649
4,1370,7370,-1.90348265283353,1.89890910982137
4,1371,7371,-2.10066468536594,1.91898866864918
4,1372,7372,-1.97722676886406,1.71569079405963
4,1373,7373,-1.24509840178247,1.41520060981592
4,1374,7374,-1.81847725432068,1.92981423242107
4,1375,7375,-1.29266796596044,1.19999609218897
4,1376,7376,-1.95150299329217,1.45978428027271
4,1377,7377,-3.18930594161918,2.23622318472071
4,1378,7378,-2.33285938563214,1.67749445873184
4,1379,7379,-2.51852311887262,1.68884820028039
4,1380,7380,-2.62081803621156,1.83734360245324
4,1381,7381,-1.14084624739138,2.35373870918553
4,1382,7382,-1.18043286352547,1.92248061362586
4,1383,7383,-2.0830337213103,2.25604952451035
4,1384,7384,-2.56832710823423,1.67041217155785
4,1385,7385,-2.71179570276365,1.96343392667908
4,1386,7386,-2.47323041157515,1.80468057289378
4,1387,7387,-2.48346313678726,2.33781333674955
4,1388,7388,-1.81052222818593,2.08382220971385
4,1389,7389,-1.67113367799048,2.48317831328442
4,1390,7390,-1.34060864994818,2.13241986716109
4,1391,7391,-1.5900675459884,1.94754853275688
4,1392,7392,-2.12900887728657,2.44883994659307
4,1393,7393,-1.43610204088359,1.75202693506948
4,1394,7394,-1.01621236707708,1.85716930959285
4,1395,7395,-0.717551507774433,2.09289537172975
4,1396,7396,-0.831490841611665,2.00395315727115
4,1397,7397,-2.08163433456975,1.46806000874594
4,1398,7398,-1.94422204528363,1.47138301235091
4,1399,7399,-1.71189566859263,1.49198825706805
4,1400,7400,-1.83860618937695,1.34622862524329
4,1401,7401,-1.65598762271216,1.31847246064025
4,1402,7402,-1.57979619549347,3.64877204170824
4,1403,7403,-2.28727112861341,1.77248089796028
4,1404,7404,-1.90546723996894,1.95698476971316
4,1405,7405,-2.08882865122511,2.94303475259428
4,1406,7406,-2.29669368951039,2.6127165741215
4,1407,7407,-2.33007669050974,1.53817176669843
4,1408,7408,-2.35284873511603,1.50591515809234
4,1409,7409,-2.28865708601968,1.61731030892097
4,1410,7410,-1.94627459273221,1.89218768417386
4,1411,7411,-2.02250216741279,1.92898475701171
4,1412,7412,-2.31060863767099,1.59640478830934
4,1413,7413,-2.4550044413296,1.80148144342987
4,1414,7414,-2.38226405953854,1.90148587542338
4,1415,7415,-3.86529470876042,2.72961861943964
4,1416,7416,-2.43949180462786,1.5416534789653
4,1417,7417,-1.94751529894782,1.19333447472114
4,1418,7418,-1.83139068015592,1.11683372177234
4,1419,7419,-2.19459535132682,1.53617509104847
4,1420,7420,-1.94491284916798,1.65038644877871
4,1421,7421,-1.68357149096928,1.81250570863238
4,1422,7422,-2.73486390586994,1.37999837190165
4,1423,7423,-3.05919584795429,2.06532505249466
4,1424,7424,-1.93872777719412,2.35160526404626
4,1425,7425,-1.80804920580324,2.15005529394271
4,1426,7426,-2.73201457002898,1.6724021400152
4,1427,7427,-2.35626784576704,1.66271831933212
4,1428,7428,-2.46921915281403,1.96714848429997
4,1429,7429,-2.22042527354544,1.88783969326369
4,1430,7430,-1.31656368151718,1.67631251267951
4,1431,7431,-1.26564481512885,1.29339141904869
4,1432,7432,-1.44235954968891,1.73147829411488
4,1433,7433,-0.949906368250071,1.21360463186822
4,1434,7434,-2.10952382003985,1.78441668860381
4,1435,7435,-2.29634768101463,1.77139382797835
4,1436,7436,-2.2951913304275,1.72043261809713
4,1437,7437,-1.57772075404784,1.27694903758539
4,1438,7438,-2.09597473842437,1.83798959108862
4,1439,7439,-2.11550476670808,1.8873011742524
4,1440,7440,-2.17860708566497,1.73868351491423
4,1441,7441,-1.92908891234885,1.92193435438248
4,1442,7442,-2.50983786628778,1.71593295548508
4,1443,7443,-2.58322426058552,2.09830071536788
4,1444,7444,-2.44765132153914,1.90244974477418
4,1445,7445,-2.93733275910172,1.48329928304544
4,1446,7446,-2.56653370789377,1.25650966833832
4,1447,7447,-2.35436875627023,1.11035103805349
4,1448,7448,-2.38104525019297,1.52364207922345
4,1449,7449,-1.74457593283213,0.973455257245259
4,1450,7450,-2.6220441531541,1.67922855553458
4,1451,7451,-2.48540467915319,1.93084481414182
4,1452,7452,-2.0871747024147,2.22192218962689
4,1453,7453,-2.35360575096917,2.61047873349919
4,1454,7454,-2.44059956154046,2.53305566826391
4,1455,7455,-3.33658023770998,3.65415415966446
4,1456,7456,-1.72326801103956,1.46843739143198
4,1457,7457,-1.9699435097073,1.98959052318831
4,1458,7458,-1.98998102382832,1.57075401658604
4,1459,7459,-1.32948647138689,2.15084714495619
4,1460,7460,-2.0174607219154,1.43664140502695
4,1461,7461,-1.61452288065565,1.44550830365498
4,1462,7462,-1.71338498604665,1.52107996471147
4,1463,7463,-2.63854809500103,2.6191078126817
4,1464,7464,-2.51495292018873,1.50475438348783
4,1465,7465,-2.04190832543599,1.49517264007283
4,1466,7466,-1.94751612717152,1.21208567319644
4,1467,7467,-2.59913218156451,1.85660073275503
4,1468,7468,-4.07553910768357,2.59687655202153
4,1469,7469,-2.67201197272374,2.42108939135483
4,1470,7470,-2.77419960811586,2.58690286183135
4,1471,7471,-2.92780366909968,2.37256474585756
4,1472,7472,-2.11802473122268,2.27285126787462
4,1473,7473,-2.30705988267784,2.4506517351855
4,1474,7474,-2.47693172536735,2.10809431476403
4,1475,7475,-2.61467423427432,2.05834260050002
4,1476,7476,-2.39860150640786,1.45287213412909
4,1477,7477,-2.61934651329588,2.07385563801994
4,1478,7478,-2.43718511871606,2.17066656228458
4,1479,7479,-3.47737524624619,1.78163951894799
4,1480,7480,-2.31656435877678,1.85066674727541
4,1481,7481,-2.01041370440772,2.0853849715193
4,1482,7482,-2.09502723332561,2.03436786780341
4,1483,7483,-1.50204040578098,1.44604012180116
4,1484,7484,-1.75654793757415,1.63142014677001
4,1485,7485,-1.9534772869739,2.05351561358519
4,1486,7486,-2.02660520892459,1.91459059867866
4,1487,7487,-2.79946564305588,2.13148834204937
4,1488,7488,-2.74242490771253,2.04653915960942
4,1489,7489,-2.71947170438852,1.96159291459719
4,1490,7490,-2.28679242836112,1.38695795918589
4,1491,7491,-2.16647618812431,1.89733767899968
4,1492,7492,-1.62387336550951,1.72043520940205
4,1493,7493,-1.63286605219131,2.05159140357596
4,1494,7494,-1.34505190449393,1.5852950774138
4,1495,7495,-2.44027196998749,2.07240222542364
4,1496,7496,-2.24910979694655,1.35645596488469
4,1497,7497,-2.70233271048207,1.93984465454737
4,1498,7498,-2.30871355085691,1.96333524013122
4,1499,7499,-2.78699019498293,1.75742766610655
4,1500,7500,-1.55636018151625,1.73470870421826
4,1501,7501,-1.53767656318353,1.68854283245828
4,1502,7502,-1.73773037810169,2.445769738491
4,1503,7503,-2.58237813670707,1.24739810338274
4,1504,7504,-2.0299908417269,1.81601448610278
4,1505,7505,-2.24596933768711,1.98293023967273
4,1506,7506,-1.20391827801901,1.46772948456274
4,1507,7507,-1.54033741991422,1.90670858692122
4,1508,7508,-1.69683001476887,2.25129442300762
4,1509,7509,-1.58658382753503,2.20827058222613
4,1510,7510,-0.640347720639364,2.21613096784135
4,1511,7511,-1.13968242767642,1.8404869443267
4,1512,7512,-1.16829288291475,2.17413618352799
4,1513,7513,-1.12283975239713,2.17853092032025
4,1514,7514,-1.74331282983973,1.83086900902511
4,1515,7515,-1.1294368258738,1.42214701797644
4,1516,7516,-2.16150303901567,2.56540837253519
4,1517,7517,-2.11819486168793,2.50240955214212
4,1518,7518,-1.93824218472973,2.04495926039328
4,1519,7519,-1.32568667813538,3.49752045012662
4,1520,7520,-1.73015710232939,1.84574883418269
4,1521,7521,-1.25907261510378,2.41965630987536
4,1522,7522,-1.33242506470996,1.78875333467975
4,1523,7523,-1.64135847809863,1.8889852139448
4,1524,7524,-1.10089681132231,2.56848002621961
4,1525,7525,-1.22872066874182,2.60042660408446
4,1526,7526,-1.89168251650253,2.430358820659
4,1527,7527,-1.78460121063346,2.61881909424766
4,1528,7528,-1.82021208566849,2.23548500450429
4,1529,7529,-1.4459305044149,1.40083041665801
4,1530,7530,-1.23306224135497,1.39753396514398
4,1531,7531,-1.27645101665377,1.38711819345638
4,1532,7532,-2.30645623175663,1.8700695637651
4,1533,7533,-0.911976178324536,1.3411738785134
4,1534,7534,-1.86461374659567,1.48420447330842
4,1535,7535,-1.14234646976683,1.69851729224847
4,1536,7536,-2.21844481497191,1.41644505871183
4,1537,7537,-2.63034731543638,1.6817261256648
4,1538,7538,-2.90853282081268,2.32559690904874
4,1539,7539,-2.50364274978606,1.859738811462
4,1540,7540,-2.40668834142622,1.89254031537136
4,1541,7541,-1.24122949559977,1.51078905359297
4,1542,7542,-1.0291230678544,2.4134944241171
4,1543,7543,-1.47051055819664,1.49244024315087
4,1544,7544,-2.41569906317845,1.20691673519932
4,1545,7545,-1.92569075990108,1.2111985253011
4,1546,7546,-1.41583003408292,1.35334120020211
4,1547,7547,-1.88049907695082,1.03647304272387
4,1548,7548,-1.27654356601784,0.69535785995808
4,1549,7549,-1.63608522533817,0.836563129027837
4,1550,7550,-2.3069541606629,1.14864409027908
4,1551,7551,-1.84220963751089,1.41557825576212
4,1552,7552,-2.1694474313781,1.73256685288501
4,1553,7553,-1.33627856876879,2.11580717829401
4,1554,7554,-1.23220022359215,1.41495918537253
4,1555,7555,-1.7186671786868,1.46553835300383
4,1556,7556,-2.42851378685829,2.4790901067356
4,1557,7557,-2.06317444507839,2.0795796606567
4,1558,7558,-2.64375646457115,3.31473006655583
4,1559,7559,-2.14875286009305,0.979384205357828
4,1560,7560,-1.9464071522965,0.966846632255796
4,1561,7561,-2.03874569208145,1.0173335186144
4,1562,7562,-2.12712474289984,0.99898676841173
4,1563,7563,-2.06478748497654,1.13535022341666
4,1564,7564,-1.93350628782954,0.998611313874676
4,1565,7565,-1.92216526770911,1.07328307819375
4,1566,7566,-1.6594583009856,0.966649086225961
4,1567,7567,-2.5880401448265,1.96528198623983
4,1568,7568,-1.69667652522695,1.09603586706367
4,1569,7569,-1.46967593266983,1.86395452388168
4,1570,7570,-1.97166857190382,2.35230533616746
4,1571,7571,-2.44203363444109,1.94221802495396
4,1572,7572,-2.66693288317681,2.12117020768551
4,1573,7573,-1.98905734099623,1.57605516787729
4,1574,7574,-1.60404793117945,1.88987921922754
4,1575,7575,-1.45853045685081,1.75951376689683
4,1576,7576,-1.84970653469575,1.52461764837951
4,1577,7577,-1.54078986388426,1.56927781849345
4,1578,7578,-1.70464064031512,1.74068126090868
4,1579,7579,-3.2585736751018,2.56631684414563
4,1580,7580,-3.20695423065247,2.17872538364943
4,1581,7581,-3.12640649663342,2.14469683225705
4,1582,7582,-2.6868562041359,2.06272267707531
4,1583,7583,-2.97216126327665,2.10291764149686
4,1584,7584,-2.17591625741121,2.81800684188446
4,1585,7585,-1.73460481182004,1.92576544682603
4,1586,7586,-1.52870505350266,1.92421375916908
4,1587,7587,-1.13635585022188,1.88161511566864
4,1588,7588,-1.82204463928778,1.8358173588851
4,1589,7589,-1.90811325304665,1.57969297421608
4,1590,7590,-1.60655170466157,1.38240678008773
4,1591,7591,-0.997897557420415,1.16773626580408
4,1592,7592,-1.13548156526455,2.07527068418961
4,1593,7593,-1.73026115137435,2.05416294953646
4,1594,7594,-1.97586252908804,1.95073038225658
4,1595,7595,-2.32478554939451,1.85410050653792
4,1596,7596,-2.7806718965988,2.60855264395916
4,1597,7597,-2.1736063071165,3.17005004196615
4,1598,7598,-2.28348718125328,3.42499762407671
4,1599,7599,-2.27893075650322,1.72742467891241
4,1600,7600,-2.72429461328466,1.78349973729442
4,1601,7601,-1.95080110931324,2.34223341303047
4,1602,7602,-0.873794024889583,2.21353690774697
4,1603,7603,0.0872026095424037,3.17501032328087
4,1604,7604,-0.23560252590353,2.42220738147428
4,1605,7605,-1.94307311724,1.84650772636843
4,1606,7606,-1.65256950111496,1.74211371400091
4,1607,7607,-1.25538789133625,1.88525943309259
4,1608,7608,-1.32874686144973,1.94390732178084
4,1609,7609,-1.10663292627465,1.99487174633956
4,1610,7610,-1.16172305744414,2.02812529843764
4,1611,7611,-1.17694080754643,2.04626038473249
4,1612,7612,-1.99731704940868,1.67086976498221
4,1613,7613,-2.29643882716785,2.58789271350964
4,1614,7614,-2.18587090728375,1.45037981117548
4,1615,7615,-2.24472251051436,1.5664075648245
4,1616,7616,-2.68555800657422,1.8534793238739
4,1617,7617,-2.97166741794547,2.43459290432473
4,1618,7618,-1.84009806274351,1.90650501334699
4,1619,7619,-1.93284212982811,1.47687946032322
4,1620,7620,-2.29270531008383,1.75113010438766
4,1621,7621,-1.1912327943118,2.03280587446803
4,1622,7622,-1.35133968035604,1.81583723184786
4,1623,7623,-1.25613442414285,1.89570943251751
4,1624,7624,-1.40192868531777,2.03116614593091
4,1625,7625,-1.8199199483419,1.8958642129283
4,1626,7626,-2.00850813761639,1.72133514834021
4,1627,7627,-2.98153162735126,2.29903082402486
4,1628,7628,-2.71249265007978,1.99299398064836
4,1629,7629,-2.70089719466855,1.93292237629992
4,1630,7630,-2.33168441248927,2.30371558914065
4,1631,7631,-2.04700876098834,1.4817240136384
4,1632,7632,-2.01226893423844,2.40252130416241
4,1633,7633,-2.8565882447221,1.51374482710922
4,1634,7634,-3.77382447864882,2.25828325467786
4,1635,7635,-3.68169194460384,1.97226695806758
4,1636,7636,-1.98301786417803,1.29823611471584
4,1637,7637,-1.96379176812467,1.68350250767148
4,1638,7638,-2.71436578248401,1.83987024807339
4,1639,7639,-2.81210902344236,1.85955329639221
4,1640,7640,-3.25528773301308,2.23473679543077
4,1641,7641,-1.96162792359469,2.23762863423816
4,1642,7642,-0.918273704811023,2.10524092267675
4,1643,7643,-0.977883257908152,2.21748485789133
4,1644,7644,-1.96227743388354,1.9454365302944
4,1645,7645,-2.45976147731421,1.8205054213512
4,1646,7646,-1.60035352647965,1.675280547696
4,1647,7647,-2.24824914517504,2.43406954612281
4,1648,7648,-1.54630112227419,2.81659524874458
4,1649,7649,-1.09975481268253,1.82535109668651
4,1650,7650,-2.60334797673387,2.42223799808211
4,1651,7651,-2.29991418907702,2.58567458819325
4,1652,7652,-2.39273204098152,1.63061558857459
4,1653,7653,-1.91877156485205,1.17011126143702
4,1654,7654,-1.41664818726825,1.33102239930891
4,1655,7655,-1.94977976741887,1.75864886023281
4,1656,7656,-2.11878996054799,1.61003462271574
4,1657,7657,-2.08601037506892,2.18836677272708
4,1658,7658,-1.36655875114405,1.41777429281642
4,1659,7659,-2.05188009635944,2.00266386176686
4,1660,7660,-1.99455163060716,1.40770491424805
4,1661,7661,-1.32091075068793,1.37208044622579
4,1662,7662,-2.21193389218227,1.49371438270006
4,1663,7663,-2.3953413980207,2.13865985366441
4,1664,7664,-2.22055339120246,2.26104808799759
4,1665,7665,-2.14517242829016,2.52797422906456
4,1666,7666,-1.77004681743325,2.15942415073988
4,1667,7667,-1.46643226238326,1.65135880145634
4,1668,7668,-0.978945619998992,1.9130004128163
4,1669,7669,-1.17629331438032,2.26259641098915
4,1670,7670,-1.67237088312385,2.03339640025064
4,1671,7671,-2.33336461448904,1.7620203355381
4,1672,7672,-1.90352804956521,1.19196552440832
4,1673,7673,-2.311733414182,1.44747395973568
4,1674,7674,-2.29793266054879,2.72666072254663
4,1675,7675,-1.69251424436837,2.76344948844286
4,1676,7676,-3.59911123325707,2.18091031217329
4,1677,7677,-1.40737238589628,1.91844360725243
4,1678,7678,-1.55622443133613,1.73288167632272
4,1679,7679,-1.70009828880208,1.5690803072121
4,1680,7680,-1.47741284636776,1.59748181474677
4,1681,7681,-2.27516772830597,1.95474837478927
4,1682,7682,-1.84063017042822,1.75495580603414
4,1683,7683,-2.1270868196231,2.80041518310962
4,1684,7684,-2.05632378633947,2.11109459024989
4,1685,7685,-1.87273315257235,1.49931954901754
4,1686,7686,-1.88064681621006,1.54178782197766
4,1687,7687,-1.85963222086575,2.39225436184509
4,1688,7688,-1.89106340588257,2.39013378642359
4,1689,7689,-1.85276448373203,2.32783639716291
4,1690,7690,-1.49485602068409,1.68064218135557
4,1691,7691,-1.30589827883929,1.62288854933648
4,1692,7692,-2.05783183478785,1.9091954057135
4,1693,7693,-2.36573592427882,1.65437431387644
4,1694,7694,-1.73326692404364,1.22031444341273
4,1695,7695,-2.31534746531223,1.49573526717916
4,1696,7696,-1.80013124764461,1.46492930194715
4,1697,7697,-1.62488348129534,0.915852679783853
4,1698,7698,-2.89027925097914,1.92237020760594
4,1699,7699,-1.88874802658764,1.38690501879417
4,1700,7700,-1.32007098755541,1.6468290196615
4,1701,7701,-1.69997145269194,2.83527786960033
4,1702,7702,-1.58670726585688,2.55325240365359
4,1703,7703,-1.09914407677626,1.8830314578528
4,1704,7704,-1.07447617692608,1.81625715930808
4,1705,7705,-1.17062806272971,1.52884653824033
4,1706,7706,-1.73373972632967,1.04859046537948
4,1707,7707,-2.73881638736644,1.34087653435763
4,1708,7708,-2.13595450728722,2.70946193638645
4,1709,7709,-0.964603518145518,2.10711837332796
4,1710,7710,-2.87466883508066,2.33346520890728
4,1711,7711,-3.62301305624111,2.84324410119443
4,1712,7712,-3.51196158520316,2.76829256955249
4,1713,7713,-2.23086768400393,2.38750409845161
4,1714,7714,-1.87007756330268,2.20761415968267
4,1715,7715,-1.85502662316588,2.41537931258332
4,1716,7716,-1.62094040986088,1.75748072591616
4,1717,7717,-2.17692361198716,2.15040018314056
4,1718,7718,-2.13634996262312,1.81542981873113
4,1719,7719,-2.37246178188637,1.98505157256489
4,1720,7720,-2.11051041137325,1.88235465483939
4,1721,7721,-2.1067302906185,1.92316854179769
4,1722,7722,-1.90495511073488,2.10153894847419
4,1723,7723,-1.89280323075326,1.92017581738645
4,1724,7724,-2.15207945204356,2.260452703998
4,1725,7725,-1.74592655710164,1.86835696167395
4,1726,7726,-0.357318359419827,2.69668428473131
4,1727,7727,-4.24373597799945,1.87705782615901
4,1728,7728,-4.18354316261511,2.24838490103802
4,1729,7729,-2.80726461829215,2.88533308871441
4,1730,7730,-1.83234152135895,1.84667750657734
4,1731,7731,-1.52309349487344,2.22382065909797
4,1732,7732,-1.68687287750794,2.22046993090519
4,1733,7733,-1.696648275204,2.36441131879172
4,1734,7734,-2.59387358301286,2.20951319062471
4,1735,7735,-2.45526525713602,2.17789134326398
4,1736,7736,-2.6834260466571,2.69448897562001
4,1737,7737,-2.53950176157641,2.17176336249446
4,1738,7738,-2.71282487184324,1.82767464629642
4,1739,7739,-2.58043129166119,1.61175780316186
4,1740,7740,-2.73751002164971,1.82167373087751
4,1741,7741,-2.84430542548037,1.47281547975352
4,1742,7742,-2.81136199563963,1.41018065204275
4,1743,7743,-2.08156793966273,1.18455502787209
4,1744,7744,-2.08428758971549,1.70717116222903
4,1745,7745,-2.11655684176522,1.50137387302077
4,1746,7746,-1.01720921922549,1.42653472315327
4,1747,7747,-1.11931023402811,2.05683247194245
4,1748,7748,-1.05112829185132,2.28242690916268
4,1749,7749,-0.999674887695173,1.54629575174432
4,1750,7750,-0.977444951655084,1.4879853957102
4,1751,7751,-0.871724284084714,2.0755886038787
4,1752,7752,-1.19760829455955,2.19879859459037
4,1753,7753,-1.96345655968567,2.701566763079
4,1754,7754,-1.97389054162458,2.71305395570603
4,1755,7755,-1.18281655774168,1.52199838533894
4,1756,7756,-1.22489949836338,1.17467199920984
4,1757,7757,-2.27006861436841,1.44813595187407
4,1758,7758,-1.84055222329666,1.38625682851662
4,1759,7759,-2.01931926341841,1.44121909859461
4,1760,7760,-2.84522280269096,1.86489456792348
4,1761,7761,-1.82352441702118,1.77773700707238
4,1762,7762,-1.79344523012395,1.09152102513175
4,1763,7763,-1.30696947227336,0.924080278433191
4,1764,7764,-2.17738997046392,1.52362435678121
4,1765,7765,-2.08836542788567,1.43987649392855
4,1766,7766,-1.90194220234336,1.03819133041367
4,1767,7767,-2.12332587267168,1.44861950523099
4,1768,7768,-1.79550328002071,1.43437066091152
4,1769,7769,-1.65798262984427,1.38335656054567
4,1770,7770,-2.35695544349429,2.18552080524831
4,1771,7771,-2.77424723321178,1.90158378669755
4,1772,7772,-2.45160078526144,1.94709556221402
4,1773,7773,-2.95014069801712,2.33464295043048
4,1774,7774,-2.92946909596372,2.29747664841826
4,1775,7775,-2.40080946959519,2.36297534863318
4,1776,7776,-2.55294708794345,1.80985204405586
4,1777,7777,-3.1656173544584,2.29934933379831
4,1778,7778,-1.84906628094028,1.9382738422199
4,1779,7779,-1.79182937406297,2.41217183615956
4,1780,7780,-2.6759963618901,3.10890663749873
4,1781,7781,-1.28599820804284,1.97084868863104
4,1782,7782,-1.31762291096735,2.93714675602063
4,1783,7783,-1.16167927961557,2.2748355474088
4,1784,7784,-0.720277190133871,1.40405983340233
4,1785,7785,-0.393859909671023,3.64534661933486
4,1786,7786,-0.240794092508547,2.44232262212721
4,1787,7787,-1.55738597275603,1.99084725251483
4,1788,7788,-1.09175634739256,2.7290873278298
4,1789,7789,-0.875977974522844,3.52180074130315
4,1790,7790,-1.68977302800351,1.67130791973289
4,1791,7791,-2.00968659490277,1.92898871193334
4,1792,7792,-1.91610778731607,1.52855426976362
4,1793,7793,-2.39855692740072,2.08942202446546
4,1794,7794,-1.9213829772865,1.75615544864436
4,1795,7795,-1.98046549848204,1.60213123128973
4,1796,7796,-2.41676061604056,1.84728838091566
4,1797,7797,-3.23737319923256,1.79664763504538
4,1798,7798,-2.4818693332084,1.76566951224707
4,1799,7799,-2.78674259823194,1.66451526291706
4,1800,7800,-2.42452163247232,2.11224732229577
4,1801,7801,-1.99423580402311,1.58925787218913
4,1802,7802,-2.38722827586988,1.93192869604496
4,1803,7803,-2.36117384365043,1.89677117444652
4,1804,7804,-1.86312941928037,1.31300607549034
4,1805,7805,-1.43481497798796,1.2538612096115
4,1806,7806,-1.25264173973457,2.11909389489592
4,1807,7807,-2.37101372776032,1.68278423994974
4,1808,7808,-2.03276470175989,1.34658783556979
4,1809,7809,-2.37578426794422,1.69847034551194
4,1810,7810,-2.31512836609785,1.48832143634467
4,1811,7811,-2.63299036618222,1.8033998678036
4,1812,7812,-3.58351398462423,2.50924793149838
4,1813,7813,-2.95399482993175,1.99519094077057
4,1814,7814,-2.54844160521995,1.72012427757369
4,1815,7815,-3.54581633261515,2.12890269779408
4,1816,7816,-3.13841535726529,2.12591369606015
4,1817,7817,-2.19160024682886,1.65712799180441
4,1818,7818,-2.47495481246054,1.77350732766032
4,1819,7819,-1.75211665998353,2.27252648285503
4,1820,7820,-1.97946323798678,2.37426458533179
4,1821,7821,-2.60551540388089,1.40603053780862
4,1822,7822,-2.23758991362828,1.36928247927831
4,1823,7823,-2.20367989045922,1.30606917681215
4,1824,7824,-2.1676588161497,1.31738461181521
4,1825,7825,-2.16663342454378,1.04185106128904
4,1826,7826,-2.50150380608634,1.49887949676683
4,1827,7827,-1.89205250068501,1.49348047242344
4,1828,7828,-2.01408129862393,1.81065815382201
4,1829,7829,-1.12378151930792,1.26189674702302
4,1830,7830,-1.67233847803569,1.43299476579392
4,1831,7831,-1.48302453410329,1.66485338866893
4,1832,7832,-1.90585377486581,1.21107447481813
4,1833,7833,-2.03900531484071,1.2970042319354
4,1834,7834,-2.1668451050497,1.80710826775181
4,1835,7835,-2.32718858505091,1.52532403775669
4,1836,7836,-2.06297181013395,1.42800968583908
4,1837,7837,-1.87070695155085,1.44705724315496
4,1838,7838,-1.05370987330004,0.96632833289382
4,1839,7839,-2.06988350960724,1.09505560192559
4,1840,7840,-2.3960062492232,1.20299865777922
4,1841,7841,-3.59738963243535,1.58392784918727
4,1842,7842,-2.38389719509183,1.02411499499418
4,1843,7843,-2.90305118554148,1.51172629134375
4,1844,7844,-1.92275601752105,1.28064471542025
4,1845,7845,-2.11048021808049,1.69331070030681
4,1846,7846,-1.6783539328318,1.50156484892509
4,1847,7847,-1.24477351942391,2.27258635247241
4,1848,7848,-1.91059038397729,2.28025643059084
4,1849,7849,-0.632041037770552,2.63977684533349
4,1850,7850,-2.54688187960022,2.14684952626435
4,1851,7851,-2.52064688997174,1.55991063674629
4,1852,7852,-2.05261393496074,1.74202199991496
4,1853,7853,-2.34884796966886,2.11322159120813
4,1854,7854,-2.48740983544576,2.15002617390105
4,1855,7855,-3.1562556095759,1.98740851101425
4,1856,7856,-3.12185582084676,1.86366766644433
4,1857,7857,-2.77942259135111,1.76140373872335
4,1858,7858,-2.89549441536427,1.78594670540129
4,1859,7859,-2.96350669508435,1.63864165821241
4,1860,7860,-3.05471390766533,1.81281466041257
4,1861,7861,-1.94080979362329,1.22142831913202
4,1862,7862,-2.15010265233198,1.65197256483453
4,1863,7863,-2.11004540942175,1.57214610803362
4,1864,7864,-2.74206133507876,1.68252200363831
4,1865,7865,-2.73883739476884,1.90722165661331
4,1866,7866,-2.2300503815074,1.80397502954224
4,1867,7867,-2.34449204469351,1.8573999005775
4,1868,7868,-2.70980551183166,2.11783208880443
4,1869,7869,-1.94846979685433,2.26693103299562
4,1870,7870,-1.82771778711,1.89503475480486
4,1871,7871,-2.23687693390612,1.92980554533749
4,1872,7872,-2.10214608267441,1.69542526905933
4,1873,7873,-2.36854811347994,1.2448897413345
4,1874,7874,-2.74452109720042,2.258617030161
4,1875,7875,-3.10996856364455,2.691661304433
4,1876,7876,-3.45460875854845,3.16628928869087
4,1877,7877,-2.921901309267,2.29034452378342
4,1878,7878,-3.19831243733484,2.64575621031123
4,1879,7879,-3.53917649009366,2.56603038561408
4,1880,7880,-2.25588553677683,1.91348861455734
4,1881,7881,-2.39014060480868,1.34662799607182
4,1882,7882,-2.77221716394942,1.82916152204725
4,1883,7883,-2.27724170776138,1.24775598094719
4,1884,7884,-2.09306127652778,1.47686451875044
4,1885,7885,-1.63658539051681,1.02833029581287
4,1886,7886,-2.10038863266682,1.46105904108122
4,1887,7887,-2.87589797592043,1.49486792166708
4,1888,7888,-2.46099933751465,2.07209604270665
4,1889,7889,-2.48703019222492,2.24241522410715
4,1890,7890,-2.48136537110572,1.43507757073721
4,1891,7891,-2.80181321407825,1.63922506651478
4,1892,7892,-2.59443808775586,1.46226678044106
4,1893,7893,-1.96524109187832,1.3590308807734
4,1894,7894,-1.71246370243608,1.58910607412478
4,1895,7895,-1.86457522863852,1.55856340864704
4,1896,7896,-1.06882711678287,1.47623246884969
4,1897,7897,-1.90166618351673,2.11901712249188
4,1898,7898,-1.49594716477387,1.86697407546789
4,1899,7899,-2.38654538228338,2.38055433768994
4,1900,7900,-3.65500656316282,3.31357942172967
4,1901,7901,-3.39615405870318,3.65257762446624
4,1902,7902,-3.33392227942073,3.22386055131825
4,1903,7903,-2.04684809693331,1.64557935411563
4,1904,7904,-2.32602946919804,2.60489209703791
4,1905,7905,-2.66475839129765,2.80493692238954
4,1906,7906,-2.85546840580807,2.57498340385932
4,1907,7907,-1.65727510606336,2.30238499622925
4,1908,7908,-1.55965063720213,1.70973472533062
4,1909,7909,-2.0259698689906,1.65446720427733
4,1910,7910,-2.27865495934237,1.81086324973683
4,1911,7911,-2.3147781005561,1.9306845116042
4,1912,7912,-3.04756591365128,2.14801038129939
4,1913,7913,-1.73296949587347,1.18469365890018
4,1914,7914,-2.69884984199321,2.29878228829233
4,1915,7915,-2.5967702201487,1.91111887627736
4,1916,7916,-2.64731401012103,2.09939196883529
4,1917,7917,-1.96252903408698,1.87007695642342
4,1918,7918,-2.95062849218546,1.84380167945644
4,1919,7919,-2.45786826076899,1.47984010384039
4,1920,7920,-1.700127550284,1.66574398542282
4,1921,7921,-1.33285383881765,1.36117951260557
4,1922,7922,-1.92921681039196,1.72323273474366
4,1923,7923,-3.17174391617885,2.52201229530223
4,1924,7924,-3.11307392388579,2.57964063887587
4,1925,7925,-3.19919399249497,2.23648396545143
4,1926,7926,-3.26661869277119,2.0728083829568
4,1927,7927,-3.46448799286291,2.25289251600085
4,1928,7928,-2.49974871974188,2.29375544476663
4,1929,7929,-2.60059796518279,1.88239883730703
4,1930,7930,-1.43134476569709,1.89351367645242
4,1931,7931,-1.86551660929152,1.73136286117401
4,1932,7932,-2.44695806530894,2.15121932680705
4,1933,7933,-1.84122185320341,1.36118793009507
4,1934,7934,-1.90759112217719,1.37499585084606
4,1935,7935,-2.16648376475904,1.98174767293162
4,1936,7936,-2.23071848007752,1.63530596806663
4,1937,7937,-1.97150555893629,1.37031382969302
4,1938,7938,-1.73955542795898,1.77299653483386
4,1939,7939,-2.24016163377657,1.93166368808743
4,1940,7940,-2.0154018502356,1.62035533990632
4,1941,7941,-2.96532910345445,2.34580022199803
4,1942,7942,-2.16449060969442,2.04554910638356
4,1943,7943,-1.96064412087946,1.8857795753679
4,1944,7944,-1.86881786762775,1.61108021287716
4,1945,7945,-2.40978696676212,1.69991303176328
4,1946,7946,-2.86556345691369,1.89204290083391
4,1947,7947,-2.68331238036589,1.85640175802106
4,1948,7948,-2.38044959352176,2.08601692264236
4,1949,7949,-1.89745062595132,2.43795104897996
4,1950,7950,-2.42690055161239,2.12891596461208
4,1951,7951,-1.47215861012549,2.70926530634862
4,1952,7952,-1.46718069469439,2.56584168136156
4,1953,7953,-1.27319345009915,1.99578874041573
4,1954,7954,-1.38636109247819,2.17995216010146
4,1955,7955,-1.4708184481348,1.69114238254673
4,1956,7956,-1.68206924638261,2.22181875459048
4,1957,7957,-1.43823661388038,2.73008071297355
4,1958,7958,-1.39997477446915,2.50222733759837
4,1959,7959,-1.40001499819528,2.87926431838398
4,1960,7960,-1.47868470298143,2.8869771690811
4,1961,7961,-1.68844105144166,1.82118115900901
4,1962,7962,-1.50449284253702,2.53472903131065
4,1963,7963,-2.24353381994009,2.7890661315288
4,1964,7964,-2.19124466974451,2.9166352977747
4,1965,7965,-1.72918931998919,2.0766048292229
4,1966,7966,-1.84601256559077,3.29799051486576
4,1967,7967,-1.9957947778571,2.93599465651073
4,1968,7968,-2.3727801755493,2.33099455533722
4,1969,7969,-1.86901626132668,2.30664518043191
4,1970,7970,-2.10929527125682,1.65836250475353
4,1971,7971,-2.52155414998184,1.43965780438921
4,1972,7972,-2.66650786261666,1.49899930921292
4,1973,7973,-1.45841365495594,1.68877662351265
4,1974,7974,-1.60674870085039,1.63987043494256
4,1975,7975,-2.22189229192458,1.99657929373128
4,1976,7976,-2.10648454298435,1.83103865907317
4,1977,7977,-2.26210921171439,1.85337232187909
4,1978,7978,-2.10090679041805,1.68534820004325
4,1979,7979,-2.53917572251442,2.59799679723679
4,1980,7980,-2.3839617063731,1.94210217954797
4,1981,7981,-2.14172492983833,1.92089537152055
4,1982,7982,-2.27603199648968,1.76255081598006
4,1983,7983,-2.17859814053812,2.15989731019348
4,1984,7984,-1.69855833511086,1.74600697863546
4,1985,7985,-3.07317145147068,3.80074098067204
4,1986,7986,-3.3702158416958,2.67108984564826
4,1987,7987,-3.14902264637907,2.82614680553919
4,1988,7988,-3.04197667166195,2.44113651448444
4,1989,7989,-2.41257605912549,1.8858255949608
4,1990,7990,-2.25656987691141,1.39309112054895
4,1991,7991,-2.31838782040203,1.43045525027601
4,1992,7992,-2.1832549599976,1.36576387057364
4,1993,7993,-1.77834476634351,1.23539932207567
4,1994,7994,-2.15722199048215,1.45772218601362
4,1995,7995,-2.57336990814559,1.83104490963925
4,1996,7996,-2.22921092484265,1.73370501505233
4,1997,7997,-2.65039833085843,1.5389089076726
4,1998,7998,-1.79471182695395,1.4172593626125
4,1999,7999,-2.03276624123776,1.4586998672504
4,2000,8000,-2.11977312936884,1.45719497560506
