".chain",".iteration",".draw","b_Intercept","sd_author_year__Intercept"
1,1,1,-0.446163024654781,0.354906295072374
1,2,2,-0.627181796133325,0.498840059648917
1,3,3,-0.649475193322719,0.78141284045623
1,4,4,-0.571134127315512,0.560132494923569
1,5,5,-0.579368328739313,0.369605531178336
1,6,6,-0.651981327504308,0.493714241419928
1,7,7,-0.581723220523941,0.455633668717147
1,8,8,-0.479993524679714,0.449237758276493
1,9,9,-0.256410134697085,0.234893454820921
1,10,10,-0.339171029473689,1.1316219134278
1,11,11,-0.396515031771348,0.811135708046692
1,12,12,-0.481476158033945,0.853904598808721
1,13,13,-0.500628903126213,0.733798628346839
1,14,14,-0.355621121852563,0.478454954974348
1,15,15,-0.558694641958108,0.289248018431536
1,16,16,-0.73690733438869,0.361707203432201
1,17,17,-0.66364013908262,0.337176129838064
1,18,18,-0.28713132532844,0.549755256463016
1,19,19,-0.247629602144219,0.455611352656376
1,20,20,-0.295659108123843,0.703753924720764
1,21,21,-0.406682791491347,0.750624713759796
1,22,22,-0.560158059103276,0.724603249650893
1,23,23,-0.661768293269417,0.751252261367276
1,24,24,-0.5572441094366,0.66561717109489
1,25,25,-0.620571627150507,0.864000531946219
1,26,26,-0.914769895209021,1.25016829956272
1,27,27,-1.06811024155541,1.23875554845978
1,28,28,-0.65857374031377,0.555346862721181
1,29,29,-0.654588318223837,0.604118294517235
1,30,30,-0.503781781198833,0.646091600223208
1,31,31,-0.600445147542998,0.691356536049417
1,32,32,-0.422338195828064,0.746599599397449
1,33,33,-0.741165000143857,0.994362631095478
1,34,34,-0.474952539669833,0.429538846059587
1,35,35,-0.352999027174323,0.292996702187268
1,36,36,-0.358464366599921,0.325558734485663
1,37,37,-0.557138327640441,0.843106932051164
1,38,38,-0.601938629798925,0.374973929576877
1,39,39,-0.579940198611432,0.365680249966903
1,40,40,-0.5851140379394,0.378994280126137
1,41,41,-0.385131914371294,0.324212060098166
1,42,42,-0.232485376908106,0.327339497568319
1,43,43,-0.677986692053294,0.569866992129273
1,44,44,-1.11944059238288,0.93784503060502
1,45,45,-1.15388814063876,0.972906562556142
1,46,46,-1.09789694001647,0.81343773647344
1,47,47,-1.20215749906908,1.07430098282292
1,48,48,-1.08418369023505,1.11044004184583
1,49,49,-1.10516200282305,0.677845429033661
1,50,50,-0.492183132648273,0.460932551773116
1,51,51,-0.293034903028758,0.306450498664849
1,52,52,-0.767913636206716,1.21611961225554
1,53,53,-0.522705812869007,0.591136899694855
1,54,54,-1.01217983489039,0.787946894401999
1,55,55,-0.774964115194081,0.718848748603717
1,56,56,-0.382692026906515,0.439958897010765
1,57,57,-0.517469937141141,0.401268457589783
1,58,58,-0.7503727326042,0.554159289051305
1,59,59,-0.717177740029233,0.483091697745719
1,60,60,-0.543914660324824,0.664128859975568
1,61,61,-0.223544930632313,0.296375663246082
1,62,62,-0.278264961615086,0.13299048963622
1,63,63,-0.294219882785796,0.194228585814242
1,64,64,-0.364359452898993,0.347210952582942
1,65,65,-0.308439834272919,0.24736943026701
1,66,66,-0.877792435827507,0.635613427486417
1,67,67,-0.428428911579263,0.322228381423317
1,68,68,-0.309120966918057,0.13026923295628
1,69,69,-1.14744339956548,0.81799678830529
1,70,70,-0.838833330294277,0.701524745131541
1,71,71,-0.949879455131079,0.688974393744154
1,72,72,-1.13838248070054,1.16275904589395
1,73,73,-1.49586113835845,1.32610010989786
1,74,74,-1.18808793187574,0.961897429085382
1,75,75,-0.321218590527705,0.372470245852342
1,76,76,-0.307324733775448,0.176512106275213
1,77,77,-0.430069293565716,0.298691769512881
1,78,78,-0.471726271344575,0.733072071609153
1,79,79,-0.178699092851106,0.251124345581921
1,80,80,-0.21272461455103,0.505849568620578
1,81,81,-0.248479289044846,0.353507238123101
1,82,82,-0.195962402916525,0.292528407374308
1,83,83,-0.326507851096075,0.169561364517839
1,84,84,-0.581165747285146,0.316045620040996
1,85,85,-0.928461537478312,0.511431034989484
1,86,86,-0.910491327405775,0.466404694551456
1,87,87,-0.632266078986658,0.374086553434192
1,88,88,-0.61775669320148,0.426933828948961
1,89,89,-0.559701723864669,0.537302145471143
1,90,90,-0.348308749109535,0.394138030021214
1,91,91,-0.219463958876496,0.192667071862157
1,92,92,-0.758221922922466,0.699521343396967
1,93,93,-0.252456517156739,0.123609738496497
1,94,94,-0.315015385682942,0.106349157252203
1,95,95,-0.130053555606034,0.572965353007014
1,96,96,-0.171658377468241,0.269652943869997
1,97,97,-0.0915126369675016,0.506170086809695
1,98,98,-0.121987873803289,0.175692534199875
1,99,99,-0.154337121534419,0.268682627954881
1,100,100,-0.904218062495612,0.615741603205099
1,101,101,-0.775761518299797,0.484959785886445
1,102,102,-0.710548453545147,0.355643724809938
1,103,103,-0.755099263179796,0.532207610054956
1,104,104,-0.789048592701697,0.537438967998298
1,105,105,-0.686941546402711,0.455655079813249
1,106,106,-0.752750003325723,0.606111815470896
1,107,107,-0.339746119265936,0.49110963320003
1,108,108,-0.314001589696913,0.372545131452394
1,109,109,-0.40424890384259,0.418702533271659
1,110,110,-0.717450462017905,0.562558147232057
1,111,111,-0.270242093635138,0.224389906730027
1,112,112,-0.594911496660161,0.508749621043108
1,113,113,-0.552771917637085,0.416096572002723
1,114,114,-0.650472266953094,0.396281087314197
1,115,115,-0.419337341492402,0.245894726221334
1,116,116,-0.453269232853133,0.554084738684037
1,117,117,-0.444598554359458,0.472465597137999
1,118,118,-0.67758302025261,0.583981586474738
1,119,119,-0.745026892429013,0.827160332608166
1,120,120,-0.712186863523957,0.880770453727327
1,121,121,-0.759048779408243,1.06893137977505
1,122,122,-0.404273990557686,0.851807967101283
1,123,123,-0.663347317808813,0.926183683511463
1,124,124,-0.300635635198621,0.205586494091622
1,125,125,-0.303367186334874,0.359628341903462
1,126,126,-0.186683251105756,0.261696111131097
1,127,127,-0.664918566406303,0.796648099882724
1,128,128,-0.352533289747347,0.36307535636494
1,129,129,-0.671178685364933,0.451416220591814
1,130,130,-0.447448711689021,0.495223573182612
1,131,131,-0.312496281736414,0.344619118349188
1,132,132,-0.225434507876247,0.375153591805611
1,133,133,-0.245017519631849,0.350905572835741
1,134,134,-0.427970262096011,0.373742813504103
1,135,135,-0.702722538618577,0.570502296338898
1,136,136,-1.06975018803568,0.569968734264459
1,137,137,-1.1451917495115,0.746947107417756
1,138,138,-1.24500920210395,0.857844531515077
1,139,139,-0.776052718598537,0.734041352561823
1,140,140,-0.828883610497391,0.641016602043171
1,141,141,-1.12985754539611,0.640546904649922
1,142,142,-0.911272520420517,0.509241383470525
1,143,143,-0.294448525483878,0.432484641733587
1,144,144,-0.440479749946565,0.740491639417603
1,145,145,-0.422497432960496,0.570602432318333
1,146,146,-0.444039396209667,0.789942501964606
1,147,147,-0.583889283426235,0.660398851756532
1,148,148,-0.46165049684102,0.663197177852128
1,149,149,-0.645335352658569,0.576121114830086
1,150,150,-0.499320306825132,0.797366930307009
1,151,151,-0.612150991700212,1.0548492296583
1,152,152,-0.511288447416395,0.667767949784842
1,153,153,-0.378933945440286,0.74371546465569
1,154,154,-0.920880326122033,1.47705062312391
1,155,155,-0.873207645983722,1.43227605665367
1,156,156,-0.678439134350473,1.0592257649653
1,157,157,-0.613948583575556,0.957011879927796
1,158,158,-0.527554272614811,0.645867023402092
1,159,159,-0.153396373073143,0.347259736225678
1,160,160,-0.230520192240349,0.239818297587113
1,161,161,-0.403590441902102,0.528541846197142
1,162,162,-0.633565013739579,0.969342521517007
1,163,163,-0.760433674507016,0.461879816462735
1,164,164,-0.42635473031931,0.394714326646285
1,165,165,-0.64010564184708,0.854962467851324
1,166,166,-0.601626702142778,0.399242370902578
1,167,167,-0.302860711876838,0.253351807920547
1,168,168,-0.684068732505935,0.555028808443393
1,169,169,-0.67724572336295,0.659944549764783
1,170,170,-0.71406925631738,0.621848953106485
1,171,171,-1.00487922394318,1.14891707086666
1,172,172,-0.788773803230598,0.883361343643745
1,173,173,-0.198528900946606,0.801829192431678
1,174,174,-0.322470350421321,0.633755115550705
1,175,175,-0.259835453004237,0.474124779104414
1,176,176,-0.363662159481983,0.238136649841419
1,177,177,-0.267347599518445,0.161813251705277
1,178,178,-0.283875455133125,0.119068126677821
1,179,179,-0.161492451660843,0.184978041714705
1,180,180,-0.397231530881841,0.288855817574462
1,181,181,-0.259767337690488,0.253308603630168
1,182,182,-0.330409442933729,0.318168862384813
1,183,183,-0.273260899070585,0.395996527616558
1,184,184,-0.282432619341866,0.435132057731012
1,185,185,-0.248865967169821,0.130722738890565
1,186,186,-0.349537782051461,0.445156026158832
1,187,187,-0.0867041217546819,0.355418865423595
1,188,188,-0.447832346846589,0.611684818554732
1,189,189,-0.214899000936058,0.270652263203424
1,190,190,-0.28702579112718,0.491904431818968
1,191,191,-0.605231395761628,0.336085128262031
1,192,192,-0.479477845517169,0.280568163498928
1,193,193,-0.557443723483134,0.854520536729719
1,194,194,-0.632704031037252,1.05660806358366
1,195,195,-0.726407190172031,1.08711289056345
1,196,196,-0.665107014573374,1.35754639138404
1,197,197,-0.641557078379048,1.07253739406825
1,198,198,-0.381981270808485,0.299264233194067
1,199,199,-0.392038907702666,0.363406708651814
1,200,200,-0.210111324942032,0.290532196688798
1,201,201,-0.30019887957026,0.282964766317161
1,202,202,-0.276767761234197,0.282581497386999
1,203,203,-0.377816655741155,0.230986657130762
1,204,204,-0.692998979684915,0.615351329627225
1,205,205,-0.363442357613208,0.296260590438507
1,206,206,-0.26078934087095,0.29201665774629
1,207,207,-0.478233719219043,0.347550641099696
1,208,208,-0.653462019760614,0.524723508759521
1,209,209,-0.482710877926639,0.293472440506775
1,210,210,-0.816880313859923,0.614438890921243
1,211,211,-0.304678459409496,0.16901508599367
1,212,212,-0.457164053978541,0.37409596337841
1,213,213,-0.519721862168409,0.328076982539843
1,214,214,-0.440268543199191,0.535258727698554
1,215,215,-0.495740621911688,0.510590191199016
1,216,216,-0.161208606420283,0.254127957943892
1,217,217,-0.169365469865157,0.3604327850941
1,218,218,-0.587886536706895,0.437150042291607
1,219,219,-0.599747693200646,0.559231476247859
1,220,220,-0.24660799202389,0.262942880353754
1,221,221,-0.83076742635051,0.938437187886713
1,222,222,-0.866191611930979,0.766860311735042
1,223,223,-0.918808111679384,0.710760089328548
1,224,224,-0.750226880431805,0.755862815293601
1,225,225,-0.429197098204854,0.57118141573485
1,226,226,-0.563968288937821,0.461590926994777
1,227,227,-0.327086444143438,0.287320583443379
1,228,228,-0.328767197364228,0.357491283689104
1,229,229,-0.546633702025143,0.66300685922023
1,230,230,-0.581949191417294,0.590760901259415
1,231,231,-0.669213598522664,0.618854717592081
1,232,232,-0.684697881311082,0.528160056743041
1,233,233,-0.802957851539041,0.548202709378698
1,234,234,-0.945124461751943,0.925573116112445
1,235,235,-0.922974074442334,1.00978840842425
1,236,236,-0.568878324961764,0.523779725378198
1,237,237,-0.938469143542311,1.04282291529568
1,238,238,-0.384835409382618,0.29575849810636
1,239,239,-0.646569871254589,0.37050267966485
1,240,240,-1.40361315541238,1.07705181290209
1,241,241,-1.45790072567646,1.04371216752484
1,242,242,-1.56964979531941,1.33178662297857
1,243,243,-2.0406245908837,1.81768813658358
1,244,244,-2.09649495501369,1.9125574269564
1,245,245,-1.56251340871049,1.08666126420041
1,246,246,-1.30696571808504,0.77635899154664
1,247,247,-1.7205513824988,1.14095843364477
1,248,248,-1.81173371593297,0.954088230893265
1,249,249,-2.40083767280403,1.42856180715225
1,250,250,-2.14992203139337,1.18790122030542
1,251,251,-1.58472593044498,0.971083635045953
1,252,252,-0.443320383890528,0.321068127583723
1,253,253,-0.757253379444124,0.496040102617627
1,254,254,-0.759848945220544,0.509463880909713
1,255,255,-0.740283271456414,0.671301351473604
1,256,256,-0.454152756277095,0.272703908097432
1,257,257,-0.384936248552688,0.604575714743181
1,258,258,-0.333958797073561,0.476810844135295
1,259,259,-0.286933374777835,0.496012715450066
1,260,260,-0.336458798447641,0.438964276340585
1,261,261,-0.381181374992458,0.430023275745868
1,262,262,-0.399948055849307,0.172238040974719
1,263,263,-0.54365097049923,0.731827470677036
1,264,264,-0.846144834243506,0.42526589763633
1,265,265,-0.976489909256933,0.508706873804274
1,266,266,-0.761628456414811,0.38341926756091
1,267,267,-0.856235876316138,0.873086503609721
1,268,268,-0.6198664151918,0.562089894521077
1,269,269,-0.466211640332749,0.48396217674556
1,270,270,-0.744526300606756,0.728090337260658
1,271,271,-0.818661131734023,0.653336847793099
1,272,272,-0.898683215542857,0.666745672537082
1,273,273,-0.67673322065442,0.629195582124112
1,274,274,-0.512082784445125,0.418176788013536
1,275,275,-0.569263650150488,0.468868957166652
1,276,276,-0.656660189161043,0.6292039084037
1,277,277,-0.515982810535424,0.502424312520768
1,278,278,-0.244634574375076,0.461784471176181
1,279,279,-0.28499434985024,0.619391836398859
1,280,280,-0.477096643241707,0.410577274767558
1,281,281,-0.669084894280289,0.481868737477838
1,282,282,-0.438062778072135,0.392433200330231
1,283,283,-0.543621248225649,0.33770779075845
1,284,284,-0.505714986719475,0.325166040642452
1,285,285,-0.439802755915911,0.284019299919364
1,286,286,-0.838456852898972,0.944864745540004
1,287,287,-0.172779478031218,0.215224801029781
1,288,288,-0.323826650248342,0.171143333058432
1,289,289,-0.407142357638942,0.33983989745989
1,290,290,-0.230331390111267,0.259901575573244
1,291,291,-0.210637145729612,0.205922581663556
1,292,292,-0.369859251229433,0.446456441538911
1,293,293,-0.298545082324636,0.311757556076134
1,294,294,-0.397975056289058,0.329368137425872
1,295,295,-0.670334059599287,0.591904582207209
1,296,296,-0.776272065533029,0.897413611291245
1,297,297,-1.02791585991534,0.723195288347317
1,298,298,-0.447430668756396,0.442698223526366
1,299,299,-1.11571756467246,0.636410071453807
1,300,300,-1.47299275653946,0.75764196811023
1,301,301,-0.928427207194148,0.538959260007317
1,302,302,-0.573357014892202,0.447178635021874
1,303,303,-0.642231420368066,0.827037633739252
1,304,304,-0.647900857283457,0.701018689634851
1,305,305,-0.835922962623427,0.763999211335447
1,306,306,-0.502059847245034,0.553295475310983
1,307,307,-0.576996959698498,0.54778256399599
1,308,308,-0.329229728121877,0.325621752606066
1,309,309,-0.15990437913933,0.159006482433784
1,310,310,-0.190272776502867,0.21240391668736
1,311,311,-0.406654824542793,0.282720403474105
1,312,312,-0.380883048574862,0.367339203316201
1,313,313,-0.265830576276207,0.140968527261509
1,314,314,-0.286796937491124,0.176153660616675
1,315,315,-0.202356213104045,0.176000020103338
1,316,316,-0.338177455223977,0.225406059106227
1,317,317,-0.502753743610589,0.409172887481311
1,318,318,-0.32992333523386,0.288180027682019
1,319,319,-0.281961850065085,0.237985884818681
1,320,320,-0.396456450264796,0.20977411862956
1,321,321,-0.285451562279952,0.210347321087812
1,322,322,-0.775455332459698,0.661676767950523
1,323,323,-1.2354641511337,1.40214793814266
1,324,324,-1.01737167158926,0.816050488656307
1,325,325,-1.3429083585497,1.1132056055095
1,326,326,-1.11700091100217,0.776365457256603
1,327,327,-0.943274467940444,0.554574767228668
1,328,328,-0.883030720844907,0.530657437986091
1,329,329,-0.84571946022569,0.589979908238728
1,330,330,-0.801444394222669,0.618401780826728
1,331,331,-0.589622592887146,0.403808968260694
1,332,332,-0.594181309015924,0.31605347035748
1,333,333,-0.813128141725229,0.408910753533999
1,334,334,-0.192224602303259,0.274152725718893
1,335,335,-0.185612008891739,0.289822764545152
1,336,336,-0.327170357982218,0.301176684411657
1,337,337,-0.399431556289668,0.238722012141688
1,338,338,-0.403427760506788,0.25150095725544
1,339,339,-0.475156597326053,0.285118448636606
1,340,340,-0.209443256237197,0.268543676865269
1,341,341,-0.233258858178188,0.126958473800922
1,342,342,-0.417140555223149,0.216467229775286
1,343,343,-0.988327942714698,1.07708174553132
1,344,344,-0.624275731425486,0.6894468247462
1,345,345,-1.19625227836436,0.948287721881194
1,346,346,-1.1955921801762,0.988328694326675
1,347,347,-1.28160766092363,1.10949519599604
1,348,348,-0.568420001422284,0.246392885174867
1,349,349,-1.11127064492805,0.540457822513284
1,350,350,-0.396512511502414,0.36363117530858
1,351,351,-0.423526406260088,0.208418682555728
1,352,352,-0.600071253301234,0.278385748373266
1,353,353,-0.552262380163544,0.285756732339662
1,354,354,-0.523533796512686,0.284890940157608
1,355,355,-0.549680293174551,0.300355017122242
1,356,356,-0.432207432804242,0.193345774721757
1,357,357,-0.548751151297427,0.312881904498808
1,358,358,-0.521220006425133,0.533900257068667
1,359,359,-0.624200791057128,0.607510329267126
1,360,360,-0.246935322234859,0.270620250354645
1,361,361,-0.316775058454317,0.150286399157828
1,362,362,-0.293174126455128,0.250306796767447
1,363,363,-0.403213502489796,0.483552112581106
1,364,364,-0.573621581172273,0.710812526921061
1,365,365,-0.638788599903046,0.795178172268863
1,366,366,-0.66296549980951,0.530085271815256
1,367,367,-0.526917314486022,0.504445168917134
1,368,368,-0.906911135316013,0.654028850637924
1,369,369,-0.995876192190892,0.919526933334708
1,370,370,-0.755805140164053,0.697087956663018
1,371,371,-0.705180070626487,1.43328516491694
1,372,372,-0.994891806748577,1.59019998204594
1,373,373,-0.894273478939452,1.10931141543579
1,374,374,-0.931644684113487,1.04983477630986
1,375,375,-0.828865861838704,0.909524380479829
1,376,376,-0.178099527896751,0.430109423059587
1,377,377,-1.08812415835885,0.691973428257883
1,378,378,-1.12280823584221,0.901930263066854
1,379,379,-1.62500252625072,1.19704959629165
1,380,380,-0.560998042827415,0.436761150911321
1,381,381,-1.22018169919414,0.907508979955106
1,382,382,-0.790910839445489,0.736063967295427
1,383,383,-0.795917831425957,0.797128718563247
1,384,384,-0.792142826205275,0.966854232251982
1,385,385,-0.619401571831381,0.483266141429922
1,386,386,-1.11938945157085,1.34012355097958
1,387,387,-0.968693843829906,1.03748708256301
1,388,388,-0.851149444837306,1.09098106785494
1,389,389,-0.760405023573748,1.05829971764702
1,390,390,-0.842636751474848,1.34918376129813
1,391,391,-0.664184960913866,0.83384094461018
1,392,392,-0.779996881390202,1.01196387383095
1,393,393,-0.725582100860205,0.90959452465419
1,394,394,-0.811909660582693,1.00637697613741
1,395,395,-0.671271421341084,1.11486862294549
1,396,396,-0.330907612472066,1.13783983256884
1,397,397,-0.86418995555249,0.61985994643376
1,398,398,-0.8196688802807,1.3505897957835
1,399,399,-0.693012848151398,0.750663513377874
1,400,400,-1.07445806580263,0.894854497600325
1,401,401,-1.19418372008236,1.08717235538232
1,402,402,-1.08819090076452,0.883911433215152
1,403,403,-1.00052832072661,0.795316763111998
1,404,404,-0.340780643776697,0.340706226913751
1,405,405,-0.250720225547035,0.461563458329849
1,406,406,-0.239223146767811,0.241630725810836
1,407,407,-0.268306015343491,0.155618422224803
1,408,408,-0.537105767930443,0.618054672734231
1,409,409,-0.895318355624787,0.556252904902749
1,410,410,-0.631896240218366,0.37213551986748
1,411,411,-0.466022883919539,0.718043342691752
1,412,412,-0.56219058431552,0.794579092383967
1,413,413,-0.324867089097877,1.22642604436188
1,414,414,-1.01148273863368,0.800259151667677
1,415,415,-1.18446830543495,1.09769293751134
1,416,416,-1.19277338012122,0.972467819351441
1,417,417,-1.04027985183684,0.992048553911358
1,418,418,-0.732311626615542,0.688479564498366
1,419,419,-0.629640353143608,0.875394748121863
1,420,420,-0.908284073082412,0.610506180495729
1,421,421,-1.20615628378635,1.07982336270054
1,422,422,-0.882670435248039,0.624088062209623
1,423,423,-1.16683675576273,0.921507628192621
1,424,424,-1.46382832778207,1.19592013766407
1,425,425,-0.923679195178537,0.925275656171457
1,426,426,-1.12044595752303,1.54106893476009
1,427,427,-1.08277318344515,0.981152264794966
1,428,428,-1.05392682507762,0.931738425068029
1,429,429,-1.19360689387312,0.938033486439427
1,430,430,-0.508705544007922,0.533399221482631
1,431,431,-0.395388694046562,0.501751394604519
1,432,432,-0.318507576089991,0.424576014981689
1,433,433,-0.32557118834703,0.264950088369895
1,434,434,-0.745286443263299,0.55775481638168
1,435,435,-0.741273567434297,0.50963837069765
1,436,436,-0.608227784253177,0.448248505137277
1,437,437,-0.654932689859641,0.471925942086326
1,438,438,-0.665024890525272,0.458046850021909
1,439,439,-0.756129839049367,0.726578613991863
1,440,440,-0.973269504502398,0.75798827533332
1,441,441,-1.1843525398803,1.06156756524158
1,442,442,-1.1651740092516,0.97505284188527
1,443,443,-1.30198726356738,1.01387534320724
1,444,444,-1.25788870917606,1.132175396501
1,445,445,-0.784799163100336,0.650945014587352
1,446,446,-0.816343846658669,0.64021328248919
1,447,447,-0.813008269782611,0.607968140302053
1,448,448,-0.5691188227126,0.4957154267454
1,449,449,-0.882459830067756,0.758338249049265
1,450,450,-0.908934397715728,0.755570873761242
1,451,451,-0.308902807592197,0.329247098329201
1,452,452,-0.636284149139955,0.56869607847283
1,453,453,-0.447304805073639,0.574845927350021
1,454,454,-0.752474144029308,1.00585423136393
1,455,455,-0.518540984108189,0.434616133098432
1,456,456,-0.986483829564695,0.698189815935664
1,457,457,-1.00573350005075,0.868080748102743
1,458,458,-0.741805092416003,0.64670071591671
1,459,459,-0.693473001316265,0.609116518929999
1,460,460,-0.717436201352337,0.683346466702215
1,461,461,-0.25359938987498,0.226177161318575
1,462,462,-0.38190296633064,0.177521738899743
1,463,463,-0.498716579290703,0.443591264632344
1,464,464,-0.500149425628488,0.514152984938914
1,465,465,-0.165470018723246,0.195094228026878
1,466,466,-0.612512075571593,0.641023598131491
1,467,467,-0.971655985396579,0.736029843310233
1,468,468,-0.988606812034813,0.710719520790536
1,469,469,-0.770314793297393,0.394015163986229
1,470,470,-0.965246201131883,0.507347413655503
1,471,471,-1.05022984803745,0.530459754689701
1,472,472,-0.928110243613123,0.616640404514747
1,473,473,-1.11871029413001,0.890555995919273
1,474,474,-1.58637778988452,1.32693559991301
1,475,475,-1.47133994488595,1.35425953839015
1,476,476,-1.62527444343699,1.48159666363699
1,477,477,-1.68473945512908,1.65137941868353
1,478,478,-1.72923110142391,1.68828998138815
1,479,479,-0.699910806658005,0.686613285089692
1,480,480,-1.06603316421606,1.30998724912682
1,481,481,-0.936327114421921,1.13113955853071
1,482,482,-0.731850800140667,0.930862117153121
1,483,483,-1.00466583093729,1.61947614784043
1,484,484,-1.0874512912494,1.10747943334219
1,485,485,-0.792917083269872,0.500970358057409
1,486,486,-0.634838742633551,0.478535443315178
1,487,487,-0.752200799263281,0.854117487471765
1,488,488,-0.957583304230972,0.723461531301199
1,489,489,-0.876780350584048,0.748885569613321
1,490,490,-0.593535744401025,0.346974178837913
1,491,491,-0.82640986538547,0.770290181218468
1,492,492,-0.588451325492051,0.702204746116607
1,493,493,-0.67628653218876,0.949803591985457
1,494,494,-0.553906736982179,0.627383854460757
1,495,495,-0.420338922812295,0.343053681827154
1,496,496,-0.243782544493171,0.343250971995615
1,497,497,-0.47336637932848,0.350067100100823
1,498,498,-0.28852445489438,0.212958531736444
1,499,499,-0.318002949352922,0.228925763371374
1,500,500,-0.343125664244489,0.299238046972722
1,501,501,-0.426932106169093,0.909546563950755
1,502,502,-0.440201463527917,0.892556297792482
1,503,503,-0.43091509380613,0.722773672519081
1,504,504,-0.530079033377151,0.788648815716489
1,505,505,-1.27034248673937,1.17261119514011
1,506,506,-1.23567108942252,1.06980086266224
1,507,507,-1.28717180596882,1.12800654501957
1,508,508,-1.53177463278935,1.42968107369742
1,509,509,-1.40329700386503,1.29748187132397
1,510,510,-0.412515483220627,0.692172368958451
1,511,511,-0.787067040699497,0.492959971825605
1,512,512,-0.835163147784124,0.515565803983418
1,513,513,-1.10586676546335,0.788953408094281
1,514,514,-0.819584228403366,0.481564083223643
1,515,515,-0.990939146546596,0.679813136194743
1,516,516,-1.28822584043484,1.1302635697925
1,517,517,-1.17076157590265,1.21034754450899
1,518,518,-1.18345340276528,1.29918462264833
1,519,519,-0.490854606021899,1.17610739965378
1,520,520,-0.577619426833442,0.721495925351183
1,521,521,-0.743509577558998,0.956922531292079
1,522,522,-0.547909843905499,0.482491434863192
1,523,523,-0.23921287849293,0.391271297597954
1,524,524,-0.331710203384967,0.253432107757342
1,525,525,-0.622654234789165,0.705928060865171
1,526,526,-0.529543390380218,0.552744584532821
1,527,527,-0.533626539762851,0.592932363816857
1,528,528,-0.659901362616665,0.667293224299779
1,529,529,-0.728944706405292,1.1780448926645
1,530,530,-0.686346646595155,0.977015680512489
1,531,531,-0.67916777989086,0.630448408900468
1,532,532,-0.889489002615717,0.782518894933997
1,533,533,-0.891677019301453,0.629782307979884
1,534,534,-0.843096704247598,0.657651679848884
1,535,535,-0.7853249111318,0.874260365832063
1,536,536,-0.454698996057269,0.813098989269258
1,537,537,-0.430282584410864,0.50928881010962
1,538,538,-0.423835969982364,0.5660999803908
1,539,539,-0.308058928851981,0.388157844321416
1,540,540,-0.383303569468462,0.786948995455476
1,541,541,-0.369302891015583,0.609719804728102
1,542,542,-0.357943705530572,0.447059641594011
1,543,543,-0.329747310630709,0.260923304044688
1,544,544,-0.380176371054731,0.37202050813648
1,545,545,-0.266953150915146,0.260305909711083
1,546,546,-0.980431333425127,0.704723288223471
1,547,547,-0.35834307689679,0.467790156999327
1,548,548,-0.616319708039274,0.708703769210209
1,549,549,-0.578624412293825,0.569944600317368
1,550,550,-0.382716888979203,0.610468646385754
1,551,551,-0.722407130898323,1.42863943047306
1,552,552,-0.552443285631597,0.741835151498366
1,553,553,-0.482642305510475,1.15460368949038
1,554,554,-0.374259296136763,0.383368239758413
1,555,555,-0.426202998476318,0.532851960248584
1,556,556,-0.199890309541567,0.20390083348734
1,557,557,-0.211125974227424,0.219944316364519
1,558,558,-0.359376076750978,0.448185558981739
1,559,559,-0.42373630810754,0.489800836508445
1,560,560,-0.559353672837801,0.452341307128247
1,561,561,-0.537016188984578,0.603957087432127
1,562,562,-0.74478361067404,0.781153090033186
1,563,563,-0.793268330453476,0.794855405550566
1,564,564,-0.903417228154012,0.679164015117242
1,565,565,-0.331667805073446,0.408902648064719
1,566,566,-0.855484975345683,0.782773148087048
1,567,567,-0.605490324017781,0.421923553499773
1,568,568,-0.612411966737427,0.543117554412167
1,569,569,-0.536355007565267,0.560642780501406
1,570,570,-0.802006931703823,0.626362867567687
1,571,571,-0.672271713789996,0.564212911193222
1,572,572,-0.850281142319708,1.21323428735686
1,573,573,-0.695296683344982,0.916342941576068
1,574,574,-1.21981677018259,1.45952139464139
1,575,575,-1.1427938271953,1.38170849074892
1,576,576,-0.952916298293003,1.67674403561246
1,577,577,-0.751569633906032,1.68890632357836
1,578,578,-0.77603624531267,2.17616100428652
1,579,579,-0.716221706617824,0.772031418133068
1,580,580,-0.730696772128047,1.04698077910765
1,581,581,-0.519832609192777,0.626030100291339
1,582,582,-0.435779751402775,0.432801271320874
1,583,583,-0.470788701581478,0.615038912346722
1,584,584,-0.561462899353586,0.445559018473424
1,585,585,-0.60623814591821,0.608391456474447
1,586,586,-0.670736336114176,0.596358668677829
1,587,587,-0.57173848457803,0.514949819506533
1,588,588,-1.15516442061255,1.05114986884158
1,589,589,-0.86426885819874,0.847054188259222
1,590,590,-1.20614660519423,1.38735109070917
1,591,591,-1.2574757906504,1.16219741360823
1,592,592,-0.847620614226301,0.740794397420696
1,593,593,-0.562935750888392,0.291691192502721
1,594,594,-0.624211071677667,0.394714683141598
1,595,595,-0.676593685529534,0.443708353174518
1,596,596,-0.668448417659925,0.549064183548611
1,597,597,-0.920296120028497,0.592475044932047
1,598,598,-0.411315498103162,0.327331402492981
1,599,599,-0.621628378166538,0.498547922673956
1,600,600,-0.336669981867908,0.32689809659158
1,601,601,-0.524264770216709,0.349084824970061
1,602,602,-0.0896529534181271,0.161845650033732
1,603,603,-0.565589822881441,0.420343144264061
1,604,604,-0.521799275432538,0.38905606373133
1,605,605,-0.580182973816094,0.403264456971977
1,606,606,-0.720440161836701,0.512753841689519
1,607,607,-0.740321198040328,0.566016190543971
1,608,608,-1.09438147351404,0.627547644860756
1,609,609,-0.989333617129365,0.588494483637643
1,610,610,-0.161731600896721,0.3197774659457
1,611,611,-0.155530442542822,0.546627312722517
1,612,612,-0.346939618055357,0.78526356657357
1,613,613,-0.405888273358887,1.22146887817338
1,614,614,-0.399151155514865,1.00194744321406
1,615,615,-0.460393695497114,0.873833332442539
1,616,616,-0.381613111921751,1.02201832881975
1,617,617,-0.320285314629033,0.98654307373044
1,618,618,-0.4732669899079,1.19121876558793
1,619,619,-0.541007452385944,1.23750881696467
1,620,620,-0.48870512841722,0.886867719854952
1,621,621,-0.791297419387853,0.824633202166099
1,622,622,-0.663880440892265,0.552987916887332
1,623,623,-0.624485578871691,0.491062259910071
1,624,624,-1.23926184796623,1.05060234332321
1,625,625,-1.08916989443793,0.801637835489027
1,626,626,-0.845728244530114,0.58940518271355
1,627,627,-0.449582780184212,0.849343695352843
1,628,628,-0.78756760633756,1.45770381033852
1,629,629,-0.448251127487404,0.443871884824122
1,630,630,-0.942609672327016,1.02514093712752
1,631,631,-0.348505735695739,0.285305484980974
1,632,632,-0.804557356567858,0.566326240074988
1,633,633,-0.702477824347412,1.02962836160122
1,634,634,-0.739052214901525,0.865000176046108
1,635,635,-0.599494999554471,0.664676863382835
1,636,636,-0.559841142698351,0.672390246682322
1,637,637,-0.39760946959271,0.56463453386392
1,638,638,-0.499690077059573,0.526169519941726
1,639,639,-0.61997917030769,0.510006994194392
1,640,640,-0.631930427969052,0.552629860938655
1,641,641,-0.475676182219355,0.449914344549186
1,642,642,-0.737915693253859,0.829036510178769
1,643,643,-0.603445757636135,0.745056275036987
1,644,644,-0.37460630211222,0.868929844925414
1,645,645,-0.328624956173937,1.00014637322843
1,646,646,-0.616763922104843,1.11109061669796
1,647,647,-0.511985521597128,1.06666141400552
1,648,648,-1.26985831223357,0.980009540263612
1,649,649,-0.720490697085329,0.932988449681577
1,650,650,-0.698455116362307,1.04342022574851
1,651,651,-0.759907419011203,0.892150069173948
1,652,652,-0.952579677016525,1.01107114546017
1,653,653,-0.889001717704075,0.966934369047686
1,654,654,-0.556907368239418,0.619210387855157
1,655,655,-0.589085227973678,0.325425173420889
1,656,656,-0.999615373979279,0.503725939902801
1,657,657,-1.05557597746901,0.542712508708815
1,658,658,-0.841608580413081,0.5116860630249
1,659,659,-0.491636971897377,0.422454688398084
1,660,660,-0.41543949945202,0.328539580693531
1,661,661,-0.53452894447722,0.480707458485108
1,662,662,-0.561813659495493,0.336147100783195
1,663,663,-0.619337886325417,0.347064139204618
1,664,664,-0.812655265363869,1.01774199409951
1,665,665,-1.36727102490645,1.1512811857817
1,666,666,-0.580813443553324,0.745417604899684
1,667,667,-0.73560272590476,0.846357815238158
1,668,668,-0.620756399066001,0.670287706642931
1,669,669,-0.714981980565038,0.569115577374599
1,670,670,-0.727196365935736,0.80511735889079
1,671,671,-0.413710189928366,0.564387143018071
1,672,672,-0.284418109501236,0.555794607039523
1,673,673,-0.438847987255885,0.664282761626105
1,674,674,-0.542359532493979,0.34427169594623
1,675,675,-0.533164071632261,0.267432857345817
1,676,676,-0.756701699531398,0.498904033246192
1,677,677,-0.848921199407002,0.53076335232808
1,678,678,-0.6182895375757,0.492078433129932
1,679,679,-0.825628893587733,0.653783833346743
1,680,680,-0.347774193132713,0.24909482562328
1,681,681,-0.515025574058622,0.519403123711274
1,682,682,-0.382811946425985,0.256549900072257
1,683,683,-0.648004179027456,0.519345649143953
1,684,684,-0.769172377934612,0.799627761582714
1,685,685,-0.774012502436407,0.634587864244709
1,686,686,-0.480347727477687,0.27719153476246
1,687,687,-0.66638091428004,0.38854929726012
1,688,688,-0.663296391581089,0.340280385059271
1,689,689,-0.804020514563309,0.769279896784356
1,690,690,-0.649260215189639,0.663471239836421
1,691,691,-0.491437963608416,0.382163514574243
1,692,692,-0.277002555801199,0.288253076773846
1,693,693,-0.286100190261982,0.527488597770015
1,694,694,-0.213564227588645,0.45528759282899
1,695,695,-0.832472170813461,0.546021531873086
1,696,696,-0.74371292182705,0.739104959970473
1,697,697,-0.673459070217285,0.605075671940775
1,698,698,-1.23454179505442,1.02428379799474
1,699,699,-1.24240727525946,1.02430300707589
1,700,700,-0.763885019243446,0.703605976481478
1,701,701,-0.625238688350229,0.393151462745985
1,702,702,-0.681569483333687,0.435569807034667
1,703,703,-0.82632360250489,0.564501060121441
1,704,704,-0.777416864574351,0.824303552767064
1,705,705,-0.903877031519096,1.20437694561012
1,706,706,-0.881330336298786,0.983736824720257
1,707,707,-1.07948333050698,1.03688562220344
1,708,708,-1.4302646585408,0.982281370225959
1,709,709,-1.32492509450919,0.910419090557053
1,710,710,-0.253543947688304,0.557666977839356
1,711,711,-0.317548441958705,0.576349872515067
1,712,712,-0.628580468969404,0.99189612515094
1,713,713,-0.57730548054949,0.654123163143037
1,714,714,-0.923530010885332,0.738325357192653
1,715,715,-0.723335194488919,0.60648659577419
1,716,716,-0.596453016815824,0.617687639399098
1,717,717,-0.562536247024656,0.505720901134923
1,718,718,-1.13368156903251,1.22178079594284
1,719,719,-1.1779535292445,1.13992130751966
1,720,720,-0.90575526257245,1.08270400392763
1,721,721,-0.745278129350132,0.785772762744713
1,722,722,-0.847339874719839,0.695451142543668
1,723,723,-0.812366256219637,0.749545495148207
1,724,724,-0.477936572202752,0.550047963571104
1,725,725,-0.520590541751138,0.683075715870425
1,726,726,-0.660427562108034,0.859447494531266
1,727,727,-0.456500288166352,0.547708592448612
1,728,728,-0.344702733570847,0.483005185020513
1,729,729,-0.485732071920423,0.477752692212861
1,730,730,-0.657256566203259,0.71826437596792
1,731,731,-0.631446381692264,0.719655756640496
1,732,732,-0.607107768871311,0.448199486951494
1,733,733,-0.374959019819093,0.188559399607094
1,734,734,-0.970955786280178,0.794793598201182
1,735,735,-0.503278736693279,0.374051826477293
1,736,736,-0.722072510032923,0.567377089322681
1,737,737,-0.541120288587391,0.510909830053615
1,738,738,-0.744828565228301,0.718390835508282
1,739,739,-0.562844528081348,0.591531859810612
1,740,740,-0.523695408355002,0.859492579524038
1,741,741,-1.01979683353219,1.04024422618024
1,742,742,-1.23961043964918,1.32364971857719
1,743,743,-1.2450545206206,1.38416939007334
1,744,744,-1.14104820632377,0.708939270532795
1,745,745,-1.14214452450016,0.759037485176824
1,746,746,-0.422400074188093,0.594926087033718
1,747,747,-0.54236952292577,0.340738757469132
1,748,748,-0.877703320131391,0.376503672255431
1,749,749,-0.748910797519714,0.312342981931427
1,750,750,-1.71517476692109,1.00746691312953
1,751,751,-1.50789021033637,1.02092513547757
1,752,752,-0.93253954107236,0.916591578408699
1,753,753,-0.995292619455904,1.73147238385189
1,754,754,-0.733764261581144,1.02576518666391
1,755,755,-0.842265997726982,1.35517789871538
1,756,756,-0.509867567363876,0.793620536727385
1,757,757,-0.669107653549141,0.943309138353123
1,758,758,-0.557008422172091,0.578548117912965
1,759,759,-0.296526247269071,0.468074822691019
1,760,760,-0.541576256717664,1.30704447678359
1,761,761,-0.407211003520372,0.804180661596016
1,762,762,-0.742674174398263,2.15920307818124
1,763,763,-0.615277700506846,0.686524396168244
1,764,764,-0.536055375791313,0.491403312266432
1,765,765,-0.78501263953432,0.701729841682557
1,766,766,-1.00093087633307,0.496880988084832
1,767,767,-0.566509874949064,0.387895668269516
1,768,768,-0.598029279267337,0.297933165608987
1,769,769,-1.06036677544695,0.503469561438338
1,770,770,-0.871004749222961,0.435305204580878
1,771,771,-0.888815929055861,0.425178118532757
1,772,772,-0.458679014711394,0.196346342886494
1,773,773,-0.491414201100721,0.284754179690771
1,774,774,-0.412215102268212,0.236945799768249
1,775,775,-0.729725887660441,0.687116666122576
1,776,776,-0.275563130090535,0.388486440736915
1,777,777,-0.653825666379547,0.571587945909544
1,778,778,-0.670132160565399,0.628087554188311
1,779,779,-0.576889378676201,0.74193776913714
1,780,780,-0.660094054349993,1.11191797664483
1,781,781,-0.869337737710254,1.06090543696431
1,782,782,-0.887586419879963,1.51156919835242
1,783,783,-0.763380028927619,0.817723137851919
1,784,784,-0.496699558806972,0.592655052123483
1,785,785,-1.25819549763198,1.33785151919956
1,786,786,-0.682131678101418,0.725311200432113
1,787,787,-0.736521096282502,0.698337610100377
1,788,788,-0.654949174320594,0.465981192656051
1,789,789,-0.828394284341868,0.574245304607473
1,790,790,-1.09436951770663,1.06915120372832
1,791,791,-0.768482418539088,0.744379095106169
1,792,792,-0.579554257493255,0.544070672689
1,793,793,-0.5559689234519,0.467045590054442
1,794,794,-0.713134641557896,0.527542342550597
1,795,795,-0.682425940992322,0.553790804378423
1,796,796,-0.668489051324495,0.458913676513273
1,797,797,-0.338666535297136,0.478838234510556
1,798,798,-0.238338402107188,0.376365479478308
1,799,799,-0.389938102691249,0.488558720334968
1,800,800,-0.403167891134842,0.472675569638505
1,801,801,-0.201352364028086,0.174133271888302
1,802,802,-0.623320453747889,0.693622767981015
1,803,803,-0.250215634706902,0.12959917300388
1,804,804,-0.0595612410007422,0.26932482266863
1,805,805,-0.0463148897006829,0.250303210083813
1,806,806,-0.115738175469503,0.273605059070149
1,807,807,-1.20767656719952,0.704602467706075
1,808,808,-0.446919751834248,0.477762522440655
1,809,809,-0.452232589543749,0.524202961022234
1,810,810,-0.430753644320668,0.261616430017167
1,811,811,-0.563550978654342,0.383718145315184
1,812,812,-0.444426948865994,0.671555377124762
1,813,813,-0.446097281247467,0.744392059755214
1,814,814,-0.982801705940731,0.943554199190195
1,815,815,-0.90834934025481,0.902908350309329
1,816,816,-1.0741106701713,0.955385821142338
1,817,817,-0.934667721849612,1.00289157359827
1,818,818,-0.585453036035527,0.643844453630098
1,819,819,-0.782967138408387,0.801217047301459
1,820,820,-0.558931038715603,0.458008045975669
1,821,821,-0.185425322455888,0.153696734004801
1,822,822,-0.339848869821388,0.238276875989625
1,823,823,-0.728917224839039,0.380395601018228
1,824,824,-0.720349104906993,0.324116687274511
1,825,825,-0.229823966075712,0.197776191096164
1,826,826,-0.537763465635205,0.35422258499831
1,827,827,-0.79409354575977,0.492768308506546
1,828,828,-0.774337532769686,0.441389214279097
1,829,829,-0.620790005084732,0.569844084862314
1,830,830,-0.446997705003424,0.422031577987096
1,831,831,-0.403417586245781,0.39440014146881
1,832,832,-0.352910435933701,0.382870984976747
1,833,833,-0.924153566190808,0.815627290105168
1,834,834,-0.485004114204892,0.63632544732425
1,835,835,-1.13070582892349,1.0034973218989
1,836,836,-0.821198204220188,0.495357969220396
1,837,837,-0.750901289332458,0.485442495554106
1,838,838,-1.2173543552785,0.928084535021516
1,839,839,-0.721723027538399,1.04077763631435
1,840,840,-0.553285129511439,0.930473415025209
1,841,841,-0.660385966758293,2.08169761410183
1,842,842,-0.582965110341958,1.24789619112307
1,843,843,-0.515228953795907,2.04919321931505
1,844,844,-0.547846152835428,1.75307187732357
1,845,845,-0.570616995519277,2.38179570441144
1,846,846,-0.577173327993577,0.647087153561727
1,847,847,-0.514514174945233,0.692042601518511
1,848,848,-0.349837696347828,0.477817143091851
1,849,849,-0.610564990874971,0.460288419175673
1,850,850,-0.622431998990002,0.735977332156238
1,851,851,-0.817560558715164,0.813512231227108
1,852,852,-0.701040078621171,0.615345886680507
1,853,853,-1.39323157477543,1.32854840034704
1,854,854,-0.952160041308711,0.872673526587009
1,855,855,-0.636839815632055,0.366783723113746
1,856,856,-0.426905783476948,0.287699623165183
1,857,857,-0.41297144419473,0.405594519202924
1,858,858,-0.516851616957166,0.385602724659469
1,859,859,-0.376629340265066,0.556929842018715
1,860,860,-0.610934077167558,0.852390296000724
1,861,861,-0.248685368413572,0.886374440762034
1,862,862,-0.648945333494549,0.711023497449189
1,863,863,-0.627835402118458,0.716217295964819
1,864,864,-0.674611524413587,1.54315442905166
1,865,865,-0.96213588122052,1.61134189351698
1,866,866,-1.12820622754011,1.88962102368022
1,867,867,-0.663224695798527,0.803794421915007
1,868,868,-0.697021005758918,0.899785025130706
1,869,869,-0.805624110788549,0.994706315471031
1,870,870,-1.01069802490966,0.97296492605288
1,871,871,-0.691304941087842,0.642307916292708
1,872,872,-0.675333039161796,0.628385439641954
1,873,873,-0.539437889086002,0.769696822118817
1,874,874,-0.513132408088616,0.796020389731889
1,875,875,-0.760173167996234,1.00158240757895
1,876,876,-0.719290153302324,1.13772428075666
1,877,877,-0.813766916876276,1.21049034803202
1,878,878,-0.665647207268899,0.846996294781357
1,879,879,-0.853032667731917,0.446694929227475
1,880,880,-1.06031776726139,0.996736794732674
1,881,881,-0.635461178478683,0.491208235113788
1,882,882,-0.793092466904629,0.916852320356096
1,883,883,-0.545094032404049,0.704341836261493
1,884,884,-0.44611847305931,0.563618470536227
1,885,885,-0.533828685660414,0.665988337911666
1,886,886,-1.05188968618303,1.34007971725456
1,887,887,-1.28837310454642,1.88746452791593
1,888,888,-1.2366774211173,1.774345173581
1,889,889,-0.613198151920648,0.933465086829533
1,890,890,-0.852684148113832,0.841353614093531
1,891,891,-1.34133911358499,1.53988189812077
1,892,892,-0.41221938720245,0.604505082743408
1,893,893,-0.882870994316554,0.789697788498733
1,894,894,-0.982236216744142,0.87290202703536
1,895,895,-0.874546386689644,0.757121819889823
1,896,896,-0.859323195924643,0.882682601316128
1,897,897,-0.606073861250625,0.432540326027982
1,898,898,-0.466421387797448,0.303014680895403
1,899,899,-1.09718068508638,0.704926392431983
1,900,900,-0.859718368857328,0.663621860114344
1,901,901,-0.61038204438811,0.501338145413862
1,902,902,-0.25628500334886,0.403213290131285
1,903,903,-0.725499610792341,0.707494012281698
1,904,904,-0.708505005233299,0.688978881802888
1,905,905,-0.892645509782954,0.712007870332759
1,906,906,-0.679213253119151,0.723319412717268
1,907,907,-0.873932773729073,0.810713935089946
1,908,908,-0.551830663806156,0.514938082152813
1,909,909,-0.705860600939981,0.862644033181298
1,910,910,-0.474750832010772,0.522994399743751
1,911,911,-0.253836513189959,0.290825893056777
1,912,912,-0.64563274054365,0.552163358892082
1,913,913,-0.430169600597915,0.357341094006771
1,914,914,-0.281721784898653,0.245079954836858
1,915,915,-0.293646396839961,0.225868033544165
1,916,916,-0.512778418016204,0.368146958969456
1,917,917,-0.270925469568776,0.322587864803946
1,918,918,-0.687949353272771,0.676158015523754
1,919,919,-0.575689616694675,0.651711498402172
1,920,920,-0.667826325081489,0.461416285266631
1,921,921,-0.761244983024665,0.505192374743174
1,922,922,-0.532088307704011,0.462723633982677
1,923,923,-0.947953692506136,0.591348850105379
1,924,924,-1.01917312307647,0.657484053941825
1,925,925,-0.990710270380884,0.958874730624186
1,926,926,-1.02248229026003,0.807286314943611
1,927,927,-1.24518572018683,0.936738599592238
1,928,928,-1.26633150345028,1.03594362081497
1,929,929,-1.01393708546262,0.540329003463326
1,930,930,-0.76205901139524,1.24159694587583
1,931,931,-0.681271343058928,0.987089011470238
1,932,932,-0.849795399338884,1.08429374276977
1,933,933,-0.601575193996341,0.715115397758588
1,934,934,-1.05448859580931,1.43647345127791
1,935,935,-0.930641905543047,1.17550832215849
1,936,936,-0.803451806525501,0.589574673622668
1,937,937,-0.734840915350402,0.747513366199184
1,938,938,-0.686170988178649,0.700305100669475
1,939,939,-0.603013568371461,0.59857277364993
1,940,940,-0.596474442696067,0.521187688269364
1,941,941,-0.40443320431527,0.426118435612579
1,942,942,-0.84081415599724,0.960786559903657
1,943,943,-0.909368737098529,0.81913743342283
1,944,944,-0.925465924213325,0.689957441025966
1,945,945,-0.908236690265033,1.02067370596048
1,946,946,-0.672204154655382,0.772347891351274
1,947,947,-0.762528866717377,0.63414778025904
1,948,948,-0.679658750003372,0.33244394610549
1,949,949,-1.33613914576211,1.02138007240241
1,950,950,-1.21739972413933,0.831249443091922
1,951,951,-0.185996969989927,0.508533231528359
1,952,952,-0.169150192337545,0.488714009441245
1,953,953,-0.133999099618984,0.425808436726383
1,954,954,-0.0690408861240908,0.364188287283306
1,955,955,-0.356334232629446,0.341464015550388
1,956,956,-0.375026781891989,0.354446824732693
1,957,957,-0.456416414374711,0.529002692995422
1,958,958,-0.593618975072402,0.627976262727236
1,959,959,-0.180711055610596,0.348086019111287
1,960,960,-0.415968600088531,0.219043565701138
1,961,961,-0.454042323635267,0.225982183789901
1,962,962,-0.540794450020139,0.299375701576631
1,963,963,-0.375409436408277,0.219624214773215
1,964,964,-0.697077165739612,0.492304993805432
1,965,965,-0.594980945552564,0.74078459990662
1,966,966,-0.493381740707093,0.689286621900269
1,967,967,-1.04877479261692,1.26784884782635
1,968,968,-1.15225134098275,1.79598678680676
1,969,969,-0.748159040438322,0.750287845549301
1,970,970,-0.441633312249937,0.357121736452616
1,971,971,-0.840049610867168,0.905146978834793
1,972,972,-0.813061013563381,0.757696255725327
1,973,973,-0.557537092528637,0.758337795226
1,974,974,-0.636890361319769,0.322451777242534
1,975,975,-0.566140337473032,0.289905624166149
1,976,976,-0.670616113529644,0.424732914362693
1,977,977,-0.183494775428709,0.123909162316618
1,978,978,-0.321996941813452,0.216409568711682
1,979,979,-0.332895833038022,0.212114231906704
1,980,980,-0.583240377795238,0.347405515477366
1,981,981,-0.541184328026138,0.456152035049901
1,982,982,-0.550730608279384,0.475973308306542
1,983,983,-0.797053922662987,0.45248571886493
1,984,984,-0.697973362981291,0.423628453106973
1,985,985,-0.524623728926276,0.554438061174358
1,986,986,-0.570120395064034,1.21654954451443
1,987,987,-0.473433194813967,1.08401932921646
1,988,988,-0.540452671202857,1.18178695747727
1,989,989,-0.360522097104518,0.381080538093118
1,990,990,-0.457505404858965,0.586307084114117
1,991,991,-0.303757234243205,0.349111613857763
1,992,992,-0.397075177512159,0.519682864999877
1,993,993,-0.630143306320411,0.751322421884102
1,994,994,-0.538258091955985,0.634089159005532
1,995,995,-0.702949907057523,0.694764020636864
1,996,996,-0.305370921524349,0.377276421630711
1,997,997,-0.684201778183824,0.697444462003755
1,998,998,-1.18282318441917,0.964940179299244
1,999,999,-0.800352345080722,0.620386274824118
1,1000,1000,-1.01433977384445,1.09024149872104
1,1001,1001,-0.474223907118106,1.13257282104116
1,1002,1002,-0.663930571264749,0.530006750777977
1,1003,1003,-0.796132881682173,0.663189850894859
1,1004,1004,-0.728619423632373,0.624570626078953
1,1005,1005,-0.560927620472267,0.381478349796826
1,1006,1006,-0.666754190609176,0.578326784586477
1,1007,1007,-0.570684873886342,0.449350874130034
1,1008,1008,-0.428005192346243,0.374435658037146
1,1009,1009,-0.247834681151928,0.276391655757183
1,1010,1010,-0.432489572819865,0.392048038322977
1,1011,1011,-0.360373188709017,0.384210118919477
1,1012,1012,-0.302920365312293,0.517647895811942
1,1013,1013,-0.464530566353675,0.605302148214041
1,1014,1014,-0.300285289585887,0.271977113592287
1,1015,1015,-0.620558660735415,0.376008001440141
1,1016,1016,-0.471211717573715,0.224598698308024
1,1017,1017,-0.431491964184822,0.31969482420151
1,1018,1018,-0.47701103120033,0.317753612484579
1,1019,1019,-0.486287402288493,0.36807898055802
1,1020,1020,-0.476944958029476,0.416019978323456
1,1021,1021,-0.438751762473777,0.321327198333564
1,1022,1022,-0.698437356512139,0.515015483818117
1,1023,1023,-0.689794973953066,0.486489382218226
1,1024,1024,-0.471467838322995,0.487930830024874
1,1025,1025,-0.300789876391615,0.371565204232364
1,1026,1026,-0.564051412509504,0.660989558592762
1,1027,1027,-0.310515633892852,0.472051896574875
1,1028,1028,-0.502959834705778,0.594311566830371
1,1029,1029,-0.292303727476797,0.66145824230709
1,1030,1030,-0.296371961442416,0.299651669568878
1,1031,1031,-0.701189795463812,0.80796034739935
1,1032,1032,-0.632078849247639,0.648148475068494
1,1033,1033,-0.696750035001039,0.565590130324272
1,1034,1034,-0.58500488691572,0.556881953470536
1,1035,1035,-0.877172371467811,1.3054598878042
1,1036,1036,-0.72127406456744,1.34646563574143
1,1037,1037,-1.31256392247356,0.957500536443692
1,1038,1038,-0.720737586219424,0.551800030544457
1,1039,1039,-0.763319336026505,0.561653627959094
1,1040,1040,-0.884285621195906,0.584054724438822
1,1041,1041,-0.826652181848844,0.607214392851032
1,1042,1042,-0.373804280040486,0.32571331531039
1,1043,1043,-0.386533180942434,0.325656373332979
1,1044,1044,-0.183611804533608,0.314017521728082
1,1045,1045,-0.359917480775809,0.34378516587763
1,1046,1046,-0.268042105634109,0.132844330329068
1,1047,1047,-0.317619905010112,0.202520237158513
1,1048,1048,-0.472818034588533,0.368429016766524
1,1049,1049,-0.563095872947001,0.519860785012656
1,1050,1050,-0.678772487728273,0.709774373638619
1,1051,1051,-0.244477861974725,0.537999880943857
1,1052,1052,-0.229680530214129,0.546389013035813
1,1053,1053,-0.450750763483719,0.650363679908775
1,1054,1054,-0.57701033421931,0.651090008890529
1,1055,1055,-0.649554981881184,0.403147037863955
1,1056,1056,-0.344635203510426,0.415725806010593
1,1057,1057,-0.385874459465729,0.31373113276762
1,1058,1058,-0.649461777743584,1.45183147909737
1,1059,1059,-0.486586681887139,0.811068839959562
1,1060,1060,-0.549051330233404,0.644962854761037
1,1061,1061,-0.755817374444484,0.659198193104446
1,1062,1062,-0.588257681714633,0.680261724337036
1,1063,1063,-0.607661435550686,0.687602652566566
1,1064,1064,-0.640998645473448,0.67336899388586
1,1065,1065,-0.660391602891526,0.623880036139328
1,1066,1066,-0.30108785788775,0.706194253103381
1,1067,1067,-0.354590626780994,0.792429480921437
1,1068,1068,-0.0710294676124058,0.578561324934898
1,1069,1069,-0.438166587054182,0.552227346956665
1,1070,1070,-0.672666630441043,0.604319615146927
1,1071,1071,-0.720816055799908,0.863782847393667
1,1072,1072,-0.485156788053645,0.628258662059133
1,1073,1073,-0.600406002901446,0.641778301829678
1,1074,1074,-0.576684417226488,0.559583498664682
1,1075,1075,-0.844613135682093,0.777308080053607
1,1076,1076,-1.15408230735394,1.12966671318039
1,1077,1077,-1.09478210257405,0.940100905324793
1,1078,1078,-0.747047329165733,1.25141122018077
1,1079,1079,-0.839154593899577,1.08615132652496
1,1080,1080,-1.12835426779056,1.42197722759507
1,1081,1081,-0.553990484574308,1.44945966306123
1,1082,1082,-0.576871118868235,0.653951636418422
1,1083,1083,-0.850946921634061,0.936503788463781
1,1084,1084,-1.07880872472079,1.43245279662173
1,1085,1085,-0.527830886659138,1.60116027697217
1,1086,1086,-0.328569552765222,0.861610252514951
1,1087,1087,-0.445510904425204,0.792997592221033
1,1088,1088,-0.487909251951257,0.79697152349017
1,1089,1089,-0.488695757848587,0.631008810956341
1,1090,1090,-0.809004286583894,0.992612372179415
1,1091,1091,-0.723465613211992,0.714422940062972
1,1092,1092,-0.868657061344229,0.950515520172217
1,1093,1093,-1.09716240690586,0.785924365194351
1,1094,1094,-0.67619183507405,0.404776137538122
1,1095,1095,-0.920614331930305,1.02406648483131
1,1096,1096,-0.337640004556372,0.266368330208015
1,1097,1097,-0.393571385437609,0.356351647134584
1,1098,1098,-0.18645885970143,0.268291648061324
1,1099,1099,-0.0862987038474603,0.310032314516138
1,1100,1100,-0.0975898011753522,0.413731033313456
1,1101,1101,-0.163660940650713,0.537764008181858
1,1102,1102,-0.196385924140105,0.577908936350988
1,1103,1103,-0.326883666088223,0.644606255317786
1,1104,1104,-0.280505185683104,0.216241762917908
1,1105,1105,-0.274267888064287,0.194895802215817
1,1106,1106,-0.322292083459205,0.193205970902408
1,1107,1107,-0.309107252384493,0.179902721055307
1,1108,1108,-0.445638165343867,0.336514561393877
1,1109,1109,-0.728189680254067,0.585168870399868
1,1110,1110,-0.502998857627039,0.958830575026157
1,1111,1111,-0.340119808773732,0.538250626482099
1,1112,1112,-1.00539090986192,1.1014221173146
1,1113,1113,-1.53014279175261,1.42972994649136
1,1114,1114,-1.03994016403618,1.76943279582364
1,1115,1115,-1.20479432597202,1.83709718268691
1,1116,1116,-1.1713881156192,2.1035593762739
1,1117,1117,-1.17389616962359,2.04905005771481
1,1118,1118,-1.65103467181612,1.18834018822068
1,1119,1119,-1.43886667155662,1.00756055357844
1,1120,1120,-0.617187322923351,0.586379349047281
1,1121,1121,-0.671315119816803,0.721781849695242
1,1122,1122,-0.525868956119449,0.64903292543429
1,1123,1123,-0.762049778721496,0.525832059548653
1,1124,1124,-0.593009948121442,0.357937416333737
1,1125,1125,-0.532164763495889,0.335497285090305
1,1126,1126,-0.676686454290428,0.406103528316308
1,1127,1127,-0.700355142307827,0.435839420101698
1,1128,1128,-0.286293603756327,0.465123179470833
1,1129,1129,-0.654566264869472,0.680710438923868
1,1130,1130,-0.285928634427716,0.559193475771696
1,1131,1131,-0.238966932966212,0.533969988457193
1,1132,1132,-0.758391773049333,0.530506791672049
1,1133,1133,-0.513802547528381,0.34475388995526
1,1134,1134,-1.03590222349568,0.600633234221574
1,1135,1135,-0.765180352148598,0.596939871058574
1,1136,1136,-0.644038184926801,0.495016939909142
1,1137,1137,-0.718283692642549,0.496532876796402
1,1138,1138,-1.10184057717986,1.12396490991381
1,1139,1139,-1.14731595282524,1.25001339607998
1,1140,1140,-0.857852842108779,0.890241590813059
1,1141,1141,-0.724689189451989,0.603049451304282
1,1142,1142,-0.367458452525755,0.40288673748992
1,1143,1143,-0.511194955208315,0.494969672017243
1,1144,1144,-0.476043608353613,0.574498778663268
1,1145,1145,-0.397052698548656,0.580877210027327
1,1146,1146,-0.458364988398888,0.42727914947799
1,1147,1147,-0.616173779634967,0.56648964792211
1,1148,1148,-0.606587481277909,0.390072788620313
1,1149,1149,-0.82294552853578,0.749680766963421
1,1150,1150,-0.73292226783944,0.6785107912433
1,1151,1151,-0.591517262606876,0.438585595556257
1,1152,1152,-0.70225192591432,0.481124286691422
1,1153,1153,-0.622486724426624,0.613375887532908
1,1154,1154,-0.187532595488097,0.715540513999086
1,1155,1155,-0.28892568535782,1.08701187944091
1,1156,1156,-0.6151277618373,0.667508024308445
1,1157,1157,-0.760511525007869,0.748049332446391
1,1158,1158,-0.750275654472203,0.810226247984794
1,1159,1159,-0.552963945462181,1.51493515478529
1,1160,1160,-0.606436675609024,1.06991387443445
1,1161,1161,-0.73370913604206,0.71242056540612
1,1162,1162,-0.76531584534824,0.893983525112334
1,1163,1163,-0.645760911477536,1.34780188689513
1,1164,1164,-0.640065536590259,1.11059024009276
1,1165,1165,-0.729528168018078,1.25683189791127
1,1166,1166,-0.62375260027529,1.08409971863988
1,1167,1167,-0.516029014388247,0.848864206778313
1,1168,1168,-0.575474971195537,0.579902306127037
1,1169,1169,-0.37564120082825,1.14676327630916
1,1170,1170,-0.264470060212426,1.02996624263269
1,1171,1171,-0.241951104823372,0.853034769241274
1,1172,1172,-0.383961947895153,0.875814967427378
1,1173,1173,-0.652300803652809,1.61006292689341
1,1174,1174,-0.586448947660806,1.00773532796645
1,1175,1175,-0.770475849911859,0.867245956222462
1,1176,1176,-0.638534618884664,1.08790148234483
1,1177,1177,-0.589399908558011,0.655003704494447
1,1178,1178,-0.623077455861565,0.928125975854284
1,1179,1179,-0.180627476422686,0.199262414272723
1,1180,1180,-0.259802540042442,0.503452807975979
1,1181,1181,-0.3213461315542,0.256005419977482
1,1182,1182,-0.513435081814206,0.935873983648213
1,1183,1183,-0.229237873206662,0.266893444735396
1,1184,1184,-0.230494644446703,0.435835542853772
1,1185,1185,-0.487266864634552,0.488990175865952
1,1186,1186,-0.351751060235927,0.2797940547287
1,1187,1187,-0.594387536811108,0.39284371183373
1,1188,1188,-0.621159391617711,0.360839808011785
1,1189,1189,-0.56425093313741,0.3345867446329
1,1190,1190,-0.51777180716521,0.345278326559603
1,1191,1191,-0.778086413899098,0.576092747677183
1,1192,1192,-0.579468086340149,0.48968733531977
1,1193,1193,-0.602712026816703,0.727158271068801
1,1194,1194,-0.641549114617525,0.74248073996816
1,1195,1195,-0.323150969352168,0.91670591415726
1,1196,1196,-0.76426858067622,0.43844020919384
1,1197,1197,-0.734062916086707,0.736798395246195
1,1198,1198,-0.754103780652168,0.547113075658106
1,1199,1199,-1.01480374889743,0.717467009113452
1,1200,1200,-0.772627169647548,0.658679828862806
1,1201,1201,-0.447929472066764,0.31517123811053
1,1202,1202,-0.404058103259633,0.179057519539057
1,1203,1203,-0.320863616978755,0.148715664780939
1,1204,1204,-0.378939856590409,0.218862908802454
1,1205,1205,-0.226138699090442,0.353370153266295
1,1206,1206,-0.487565374756133,0.621043919675793
1,1207,1207,-0.653348641405059,0.362176356141012
1,1208,1208,-0.620865652916681,0.340354811648118
1,1209,1209,-0.53041919419684,0.312776871757967
1,1210,1210,-0.421956074882038,0.43720264468687
1,1211,1211,-0.509099886546162,0.384351900953006
1,1212,1212,-0.391341410429667,0.461167401745139
1,1213,1213,-0.343625291514913,0.400756485796633
1,1214,1214,-0.398166787778185,0.213166107499439
1,1215,1215,-0.472125829645773,0.368863869212514
1,1216,1216,-0.308804307360429,0.631336183101259
1,1217,1217,-0.300087379284229,0.422643287412246
1,1218,1218,-0.32437954827634,0.616525781701173
1,1219,1219,-0.527050601788981,0.627532923368335
1,1220,1220,-0.679921935157308,0.635517508750943
1,1221,1221,-0.309732954545716,0.424714478969716
1,1222,1222,-0.295018627088111,0.496973660955007
1,1223,1223,-0.644614349703353,1.00091253254878
1,1224,1224,-0.595228087824085,0.871274885115667
1,1225,1225,-1.03683235403085,0.734482574394537
1,1226,1226,-0.960473585861965,0.674955007904077
1,1227,1227,-0.959497404137442,0.660936948407831
1,1228,1228,-0.666816570780393,0.597305840982698
1,1229,1229,-0.691298770749494,0.828965127961339
1,1230,1230,-0.236319329574189,0.139704944515387
1,1231,1231,-0.58116440704511,0.724428256677505
1,1232,1232,-0.416034029869907,0.449473390576728
1,1233,1233,-0.646950887106681,0.43265239516797
1,1234,1234,-0.796434548551816,0.539250675147532
1,1235,1235,-0.70428916736013,0.458988240776818
1,1236,1236,-0.250522474665049,0.388071208400427
1,1237,1237,-0.450684802572361,0.524136277774075
1,1238,1238,-0.7082723512807,0.36442561144363
1,1239,1239,-0.870240126977647,0.637484457356269
1,1240,1240,-1.07949088164697,0.86579082883059
1,1241,1241,-0.913587673506895,0.677986388002144
1,1242,1242,-0.862409677213658,0.678380507847284
1,1243,1243,-0.621501965521517,0.404308998739623
1,1244,1244,-0.740945452826692,0.413238690500794
1,1245,1245,-0.856096568816797,0.520103451444844
1,1246,1246,-0.825811668935544,0.456844735022159
1,1247,1247,-0.346316650491994,0.415926166802178
1,1248,1248,-0.459345345696078,0.350101240938366
1,1249,1249,-0.65614938792303,0.352151334092389
1,1250,1250,-0.485686916913076,0.297698604468246
1,1251,1251,-0.254968944374299,0.34472384535681
1,1252,1252,-0.590833857196639,0.378229312421368
1,1253,1253,-0.472055820566003,0.473912096171519
1,1254,1254,-0.488696075158445,0.603460111699409
1,1255,1255,-0.392099612785506,0.949202323848997
1,1256,1256,-0.610585104180487,0.933938478531397
1,1257,1257,-0.794844741083002,1.08004107454525
1,1258,1258,-0.5112272484705,1.62756864305326
1,1259,1259,-0.256308509886163,0.639320446703204
1,1260,1260,-0.383677591779674,1.1308859791666
1,1261,1261,-0.423531761891768,0.91674628255848
1,1262,1262,-0.5137304076454,1.21052807648126
1,1263,1263,-0.564027646826386,1.86552151329019
1,1264,1264,-0.432682163702052,1.70214688254691
1,1265,1265,-0.382057851326628,1.11291585122698
1,1266,1266,-0.580516571259467,0.75722157435265
1,1267,1267,-0.633385014520611,0.505231574908867
1,1268,1268,-0.548965496010198,0.524545986255959
1,1269,1269,-0.402966586867445,0.45409452493814
1,1270,1270,-0.386035930393528,0.390618078013165
1,1271,1271,-0.313331859372028,0.191349369110217
1,1272,1272,-0.340635263381236,0.12208385179914
1,1273,1273,-0.510982072064145,0.410657492816494
1,1274,1274,-0.243452871265622,0.286862642386338
1,1275,1275,-0.27861781229795,0.188510888119886
1,1276,1276,-0.213699910472988,0.123274099112562
1,1277,1277,-0.397967911341983,0.512037641197311
1,1278,1278,-0.701359558435166,0.693050429906147
1,1279,1279,-0.279917924388418,0.212057022928244
1,1280,1280,-0.361743723180343,0.368519291710755
1,1281,1281,-0.198776942423829,0.213800159089114
1,1282,1282,-0.287975607457481,0.386136861959814
1,1283,1283,-0.887429553428911,0.922191249459867
1,1284,1284,-0.812550319343653,0.763939379741629
1,1285,1285,-0.29737498798031,0.279015701291163
1,1286,1286,-0.673293235596397,0.536243640126252
1,1287,1287,-0.60451241667945,0.404198788238855
1,1288,1288,-0.338316926385782,0.528570718264831
1,1289,1289,-0.419463599187569,0.430063759341335
1,1290,1290,-0.557684838973442,0.60161610694489
1,1291,1291,-0.490361724367003,0.370461127175026
1,1292,1292,-0.866235895647846,0.528752905791822
1,1293,1293,-1.15641403718082,0.643516953847482
1,1294,1294,-0.694203202391538,0.312871050429376
1,1295,1295,-0.854580577565315,0.509982255934324
1,1296,1296,-0.82753308279855,0.410207793960983
1,1297,1297,-0.660364774004878,0.304021918732546
1,1298,1298,-0.283733217139583,0.274614411306737
1,1299,1299,-0.274682980855672,0.329596679108948
1,1300,1300,-0.372775935767071,0.407539906326202
1,1301,1301,-0.243317198842651,0.296515267834826
1,1302,1302,-0.408811002000179,0.544208448436731
1,1303,1303,-0.39613303981993,0.38262594687895
1,1304,1304,-0.473341967284287,0.667999614188639
1,1305,1305,-0.366119703381194,0.883672247395823
1,1306,1306,-0.430482906996593,0.558376216856555
1,1307,1307,-0.438325609776062,0.4168164035597
1,1308,1308,-0.514793486031232,0.364581910601861
1,1309,1309,-0.403502512673352,0.38493855885519
1,1310,1310,-0.337625632354464,0.442742897556499
1,1311,1311,-0.97091519376526,0.595213457876865
1,1312,1312,-0.408439549319295,0.457344007312121
1,1313,1313,-0.336644095628079,0.423179627088034
1,1314,1314,-0.319680171568826,0.332392930529809
1,1315,1315,-0.681687032532666,0.373562101489107
1,1316,1316,-0.731329831207314,0.453531584886219
1,1317,1317,-1.19298457174755,0.799663216282156
1,1318,1318,-0.355071077668035,0.267649170393417
1,1319,1319,-0.566167532335764,0.391027385780495
1,1320,1320,-0.259218884716887,0.331667919580832
1,1321,1321,-0.800914849709273,0.469568989671646
1,1322,1322,-0.319846838897064,0.1390171084114
1,1323,1323,-0.367567730660501,0.176350702478093
1,1324,1324,-0.501140646475232,0.241179650842329
1,1325,1325,-0.413459133896214,0.209041259743593
1,1326,1326,-0.362322854853322,0.471678100421281
1,1327,1327,-0.569320617314511,0.342189170144872
1,1328,1328,-0.514939696227629,0.618555796927776
1,1329,1329,-0.878193822321294,0.839774970832296
1,1330,1330,-1.23491079240078,1.35108307723264
1,1331,1331,-1.29881239251364,1.29675281770523
1,1332,1332,-1.18044092852206,0.683280935894892
1,1333,1333,-0.960542460230022,0.572114582408852
1,1334,1334,-0.696221689294475,0.472914849437906
1,1335,1335,-0.449353934405026,0.366845603140342
1,1336,1336,-0.451649145140652,0.431211907577288
1,1337,1337,-0.640409615852078,0.497093282389512
1,1338,1338,-0.469163140838569,0.301339717452452
1,1339,1339,-0.347554024524702,0.376511676732727
1,1340,1340,-0.41005876147226,0.514630554683197
1,1341,1341,-0.657789645664325,0.389378623783173
1,1342,1342,-0.798609933313735,0.382988669901926
1,1343,1343,-1.05398238172069,0.616179272837422
1,1344,1344,-1.03208478158505,0.662006265798711
1,1345,1345,-0.444985956852246,0.328876179783228
1,1346,1346,-0.81418968925741,0.979061165262684
1,1347,1347,-0.58964537575776,0.721790804960106
1,1348,1348,-0.440030131314556,0.405087264361029
1,1349,1349,-0.956794438158858,0.744055295545284
1,1350,1350,-0.945857724846546,0.411058119343812
1,1351,1351,-0.680445881705573,0.429082965944154
1,1352,1352,-0.642625222541906,0.357353238531476
1,1353,1353,-0.709657396936384,0.508784774644196
1,1354,1354,-1.02752185258619,0.661177064956907
1,1355,1355,-0.955318222450338,0.454888590325783
1,1356,1356,-0.530752757435812,0.498192847921003
1,1357,1357,-0.600613196535153,0.65216356611439
1,1358,1358,-0.384130166530398,0.291115284630707
1,1359,1359,-0.324338778974337,0.204726577797961
1,1360,1360,-0.084390903177226,0.28712818853716
1,1361,1361,-0.33474676462134,0.621630227815097
1,1362,1362,-0.129631231503574,1.53971815046105
1,1363,1363,-0.0969747786504269,0.394722460357569
1,1364,1364,-0.0831656114980733,0.351486392522416
1,1365,1365,-0.520662000182332,0.596114178577248
1,1366,1366,-0.423336019993418,0.394578273117236
1,1367,1367,-0.507357218527595,0.581394377279641
1,1368,1368,-0.362956107293762,0.417007443069003
1,1369,1369,-0.314956243620292,0.195152114804004
1,1370,1370,-0.41676113622611,0.409934936651695
1,1371,1371,-0.448548821109747,0.872119543854388
1,1372,1372,-0.529479459545077,0.741031478008197
1,1373,1373,-0.618295597053541,0.889538293964749
1,1374,1374,-0.498860657615208,0.984025002108751
1,1375,1375,-0.809391332847527,0.487954593072487
1,1376,1376,-0.632611656148148,0.536507518870143
1,1377,1377,-0.921228026588227,0.716992745929895
1,1378,1378,-0.393473654043272,0.41963217631539
1,1379,1379,-0.45762274311865,0.602453890032371
1,1380,1380,-0.462173484961238,0.398310179850015
1,1381,1381,-0.472972981830943,0.52535965310966
1,1382,1382,-0.396793330244422,0.27835284379197
1,1383,1383,-0.261384808799997,0.711906494520638
1,1384,1384,-0.33577125600297,0.353225077549145
1,1385,1385,-0.803734022828885,0.662358824648767
1,1386,1386,-0.645870530042661,0.645153177991454
1,1387,1387,-0.453227557379825,0.457237618594849
1,1388,1388,-0.406556616746957,0.62879848347401
1,1389,1389,-1.07717287659841,1.01825327898129
1,1390,1390,-0.965304043165959,1.00687705758793
1,1391,1391,-0.856244470337059,0.758415360403887
1,1392,1392,-0.356762821693356,0.37255326944408
1,1393,1393,-0.554358173243904,0.589736712915166
1,1394,1394,-0.603668117697384,0.543725763712104
1,1395,1395,-0.538129262608474,0.660445987332138
1,1396,1396,-0.530544203800523,0.553933041163074
1,1397,1397,-0.534152800467629,0.581818043554224
1,1398,1398,-0.120483545955636,0.498822706250578
1,1399,1399,-0.945189798892355,0.595100654148457
1,1400,1400,-0.753122848002247,0.712240768637514
1,1401,1401,-1.06467627613141,1.28334507924694
1,1402,1402,-1.06846328961155,0.873507705418467
1,1403,1403,-1.15293884821145,1.07902213776838
1,1404,1404,-0.7616538547572,0.646423555099189
1,1405,1405,-0.691359179232806,0.49985471540253
1,1406,1406,-0.524545580880379,0.503351942564301
1,1407,1407,-0.57901923226463,0.458872719936388
1,1408,1408,-0.635724909135323,0.407046982929907
1,1409,1409,-0.741044743322978,0.386607319319607
1,1410,1410,-0.835871748556092,0.471386229226174
1,1411,1411,-0.535176621318026,0.588095095772567
1,1412,1412,-0.693880052636591,0.54989673482383
1,1413,1413,-0.212332112535623,0.26594018061201
1,1414,1414,-0.469258170180763,0.557317669257109
1,1415,1415,-0.307379417440899,0.348687271463898
1,1416,1416,-0.321533681484556,0.39836123485859
1,1417,1417,-0.280591030243728,0.294906813416536
1,1418,1418,-0.365023916117262,0.245320292040706
1,1419,1419,-0.341026698051385,0.155197967144885
1,1420,1420,-0.445802348467601,0.404842031909453
1,1421,1421,-0.774751370705436,1.09579422100978
1,1422,1422,-0.831208749305739,1.05154837747481
1,1423,1423,-0.328880963910898,0.709138695100168
1,1424,1424,-0.56832796868772,0.978158502883103
1,1425,1425,-0.402445771411044,1.24244408302938
1,1426,1426,-0.878580711004923,0.562221296143384
1,1427,1427,-0.665165077983477,0.449477999219471
1,1428,1428,-0.754455464195831,0.977562290613847
1,1429,1429,-0.525734318928256,0.377390732970292
1,1430,1430,-0.645190586654762,0.473075912217098
1,1431,1431,-0.52625832269199,0.310909170384122
1,1432,1432,-0.604946728551236,0.466051881889552
1,1433,1433,-0.368284927356144,0.251597418607073
1,1434,1434,-0.934131456578008,0.797322411566216
1,1435,1435,-0.684357683633764,0.560726120947926
1,1436,1436,-0.401081297614988,0.253511620761397
1,1437,1437,-0.464129949945797,0.299054549789543
1,1438,1438,-0.33794979803189,0.336356763279916
1,1439,1439,-0.409853209617844,0.274925423168355
1,1440,1440,-0.548689375306347,0.554830509794134
1,1441,1441,-0.536499612551895,0.521273684704995
1,1442,1442,-0.607772654774438,0.612654824327727
1,1443,1443,-1.02600590422687,1.09478865540043
1,1444,1444,-0.404529841150726,0.523122056188901
1,1445,1445,-0.351859566422156,0.327132806801492
1,1446,1446,-0.944354552785111,0.656329227389243
1,1447,1447,-0.495095926626886,0.317901165543414
1,1448,1448,-0.835637743145445,0.630244257858089
1,1449,1449,-0.610049873361765,0.4786035611056
1,1450,1450,-1.03579287654189,0.648965860257867
1,1451,1451,-0.718672975760118,0.404554390150325
1,1452,1452,-0.471468469602844,0.487061172917321
1,1453,1453,-0.466079714266874,0.42221275980557
1,1454,1454,-0.589617653676279,0.45546248714834
1,1455,1455,-0.520049638540074,0.333826048835676
1,1456,1456,-0.28347475788851,0.434487918536953
1,1457,1457,-0.251233654962465,0.181274877347759
1,1458,1458,-0.405763463045082,0.337755607590834
1,1459,1459,-0.538586474521569,0.334347898065574
1,1460,1460,-0.500572836765045,0.179533939351298
1,1461,1461,-0.889909594891912,0.50507441388826
1,1462,1462,-0.449568952524783,0.214826323863621
1,1463,1463,-0.260331181099071,0.149708471284567
1,1464,1464,-0.198595077749892,0.190285940099539
1,1465,1465,-0.204460927085052,0.267069612755023
1,1466,1466,-0.263051579077221,0.242651726169924
1,1467,1467,-0.278975336339337,0.437676899058991
1,1468,1468,-0.528385894300983,0.258943439474855
1,1469,1469,-0.707637530630759,0.417279121781416
1,1470,1470,-0.381442746626829,0.177324912790649
1,1471,1471,-0.501108320374182,0.361184848693522
1,1472,1472,-0.437057553098655,0.263759368608939
1,1473,1473,-0.237760915471416,0.112171394109354
1,1474,1474,-0.329619133898607,0.234651120689427
1,1475,1475,-0.30034860158717,0.165855508993137
1,1476,1476,-0.365083179460653,0.353783585755177
1,1477,1477,-0.421093571325989,0.355853700881417
1,1478,1478,-0.502137614031292,0.46195853822908
1,1479,1479,-0.472464643720559,0.468983355281406
1,1480,1480,-0.407503638484126,0.302628817580243
1,1481,1481,-0.308493059429826,0.308722646863011
1,1482,1482,-0.602141842762375,0.752189860200584
1,1483,1483,-0.765695193244755,0.502866526276359
1,1484,1484,-0.762013936594887,0.507305454577668
1,1485,1485,-0.80459239559263,0.52626930094402
1,1486,1486,-0.665628083384552,0.587981057225153
1,1487,1487,-0.409955300431417,0.398090938379002
1,1488,1488,-0.368918718061448,0.351872705442927
1,1489,1489,-0.562469858100637,0.572804817469661
1,1490,1490,-0.4428338873951,0.438372990921583
1,1491,1491,-0.598472794908318,0.580408954480735
1,1492,1492,-0.636061186069772,0.589179408775006
1,1493,1493,-0.932534144738138,0.823555368427732
1,1494,1494,-0.928351183113815,1.07292248449196
1,1495,1495,-1.09011576687517,1.07706458174495
1,1496,1496,-0.138878362806947,0.558062085307501
1,1497,1497,-0.222067333637141,0.473065601833456
1,1498,1498,-0.720682213945709,0.699613985640981
1,1499,1499,-0.360902651719669,0.600335968882141
1,1500,1500,-0.314836098419227,0.423140777049458
1,1501,1501,-0.63464567436606,0.523324944419131
1,1502,1502,-0.709102063455668,0.541562694823618
1,1503,1503,-0.759762733041043,0.515766981387121
1,1504,1504,-1.00160798523361,0.740217331615225
1,1505,1505,-1.08740326863012,0.73350831392955
1,1506,1506,-1.05408348912213,1.99975355320989
1,1507,1507,-0.564055795017905,0.660845766922813
1,1508,1508,-0.973718910202915,0.946927888064389
1,1509,1509,-1.11802498391417,1.18337134876329
1,1510,1510,-0.817248018915732,0.931650256083791
1,1511,1511,-0.779615238920248,0.874642124758004
1,1512,1512,-0.596664607210595,0.720727066749657
1,1513,1513,-0.554233360529243,0.579260246908276
1,1514,1514,-0.583684894572936,0.714004892391689
1,1515,1515,-0.728375833651525,0.655838117864906
1,1516,1516,-0.583295780894084,0.624560694122344
1,1517,1517,-0.709964410851924,0.514553296785615
1,1518,1518,-0.703664658107929,0.462926480807437
1,1519,1519,-0.437180250632114,0.293480837772554
1,1520,1520,-0.635498464712636,0.565858106330133
1,1521,1521,-0.366016518368547,0.272508519975825
1,1522,1522,-0.867923017699623,0.78232306939367
1,1523,1523,-0.709000778361669,0.6137598730387
1,1524,1524,-0.410632716249371,0.340606177368001
1,1525,1525,-0.3128348776481,0.235812362819112
1,1526,1526,-0.411057318499948,0.351019663230815
1,1527,1527,-0.390598992642603,0.34164950588222
1,1528,1528,-1.09161079936021,0.762968334328022
1,1529,1529,-0.357269619514404,0.253631106412641
1,1530,1530,-0.510844071111143,0.334970819712922
1,1531,1531,-0.623560557334389,0.364652979377129
1,1532,1532,-0.530233664637388,0.339740449293191
1,1533,1533,-1.0108069691492,0.693300560476268
1,1534,1534,-0.44787188820916,0.438425912763637
1,1535,1535,-0.90326035098345,0.67529929873695
1,1536,1536,-0.714428787416734,0.295969424241246
1,1537,1537,-0.453082209552239,0.760089200199103
1,1538,1538,-0.37562308171804,0.327743712957091
1,1539,1539,-0.521625070140861,0.425610587761701
1,1540,1540,-0.522629329648188,0.429533756426375
1,1541,1541,-0.445073167269552,0.351285952313864
1,1542,1542,-0.449475029195729,0.376656857984596
1,1543,1543,-0.402769076969302,0.313023384430787
1,1544,1544,-0.509070344763364,0.55114875205492
1,1545,1545,-0.566221376029734,0.666612898710823
1,1546,1546,-0.58844453789549,0.735859943266866
1,1547,1547,-0.638768880309983,0.879219329238352
1,1548,1548,-0.362458562837412,0.632326111863185
1,1549,1549,-0.581612936260009,1.06038949183976
1,1550,1550,-0.47468927215867,0.502970372683435
1,1551,1551,-0.472026082575322,0.49981313682249
1,1552,1552,-0.469702032637117,0.634616172835345
1,1553,1553,-0.406513489152451,0.493048396367043
1,1554,1554,-0.909914624107164,0.501248343977309
1,1555,1555,-0.159576421412264,0.49957053475153
1,1556,1556,-0.218015336137851,0.443717264693682
1,1557,1557,-0.528267636330027,0.711614941244615
1,1558,1558,-0.250786411461596,0.194771828994646
1,1559,1559,-0.418367815924068,0.231895151408783
1,1560,1560,-0.329117874762111,0.220424376663354
1,1561,1561,-0.677718279781666,0.6559190017729
1,1562,1562,-0.660342435538452,0.471330966854139
1,1563,1563,-0.976034639740314,0.702284422965258
1,1564,1564,-0.821969095560901,0.799348149975811
1,1565,1565,-0.954502254323336,0.99279294339722
1,1566,1566,-0.672628645709558,0.852940597053244
1,1567,1567,-0.574601487373507,1.08511998666198
1,1568,1568,-1.09108762411741,1.17912711907363
1,1569,1569,-0.271821989789634,0.30577196549681
1,1570,1570,-0.519961154893074,0.427938169526587
1,1571,1571,-0.419786785652146,0.542100630752664
1,1572,1572,-0.426310572731814,0.41827118059397
1,1573,1573,-0.364242725484591,0.531003595176685
1,1574,1574,-0.166556098940392,0.343383102085134
1,1575,1575,-0.508980489957625,0.51362345490893
1,1576,1576,-0.280547682797971,0.142736466103661
1,1577,1577,-0.159654111192027,0.136075491992713
1,1578,1578,-0.447694910536149,0.339857805722577
1,1579,1579,-1.16314544601218,0.55327986886872
1,1580,1580,-0.678887810687033,0.791255684020602
1,1581,1581,-0.591253921846279,0.483199416543229
1,1582,1582,-0.508442642868645,0.430173856150174
1,1583,1583,-0.490882106065941,0.387851563719904
1,1584,1584,-0.459475590527811,0.35124163928787
1,1585,1585,-0.427829120208815,0.344753924045477
1,1586,1586,-0.399361568355779,0.209348349292392
1,1587,1587,-0.417403020083837,0.207182743994975
1,1588,1588,-0.53864480072657,0.238976757817072
1,1589,1589,-0.067714069962076,0.0680298317650166
1,1590,1590,-0.291243992832669,0.33930538992252
1,1591,1591,-0.253288421050109,0.279422027677853
1,1592,1592,-0.233814487785707,0.268912856411801
1,1593,1593,-0.387146892574141,0.430405090216484
1,1594,1594,-0.364295353194864,0.445627699205311
1,1595,1595,-0.269970870387257,0.370511119923072
1,1596,1596,-0.668734197850542,0.444326657627209
1,1597,1597,-0.356980796100555,0.813330956942757
1,1598,1598,-0.547519922624772,0.936964532839522
1,1599,1599,-0.544596563682559,0.650192193246734
1,1600,1600,-0.514224798082894,0.688817014906518
1,1601,1601,-0.739509386616806,0.895443243416294
1,1602,1602,-0.644897262658448,0.712858196282533
1,1603,1603,-0.656460906986296,0.833185990324996
1,1604,1604,-0.680559303067008,0.509207659185868
1,1605,1605,-1.13987386215703,0.716725707598595
1,1606,1606,-1.24977993457204,0.687217878292732
1,1607,1607,-0.410574460986621,0.361485908201533
1,1608,1608,-0.683242019779288,0.593984880846741
1,1609,1609,-0.649227636090725,0.515049667585339
1,1610,1610,-0.63724991131152,0.525829357716586
1,1611,1611,-0.423563904238141,0.384887241553712
1,1612,1612,-0.345919039103419,0.454244334558649
1,1613,1613,-0.336407772511372,0.36147262545601
1,1614,1614,-1.31717310851258,1.29320335115196
1,1615,1615,-0.954427446808268,0.487489953420237
1,1616,1616,-0.773174773363566,0.404735269452013
1,1617,1617,-0.929256584145928,0.899478260666001
1,1618,1618,-0.473859738493426,0.419572158070186
1,1619,1619,-0.740846115018144,0.871750566922126
1,1620,1620,-0.568625058021302,0.512251368443394
1,1621,1621,-0.60994248981141,0.543498203262148
1,1622,1622,-0.762323899604127,0.536652557125956
1,1623,1623,-0.640806680475527,0.495386784485658
1,1624,1624,-0.716219841356006,0.556175494057863
1,1625,1625,-0.719966479712821,0.682922458435986
1,1626,1626,-0.789538950758107,1.2891710353314
1,1627,1627,-0.675877355460054,0.974802934573786
1,1628,1628,-0.941381003211029,0.971444085054964
1,1629,1629,-1.03075235933486,0.770868456792904
1,1630,1630,-1.15107476892519,0.946763576443784
1,1631,1631,-0.955838338110852,0.959795396880927
1,1632,1632,-1.17779208513756,1.23281040123145
1,1633,1633,-1.4941949320354,1.0632479231189
1,1634,1634,-0.899036362511414,0.593361909416662
1,1635,1635,-1.02431998510488,0.714435274977092
1,1636,1636,-1.31377624482522,0.74790073003772
1,1637,1637,-1.00568190334204,0.609538157947226
1,1638,1638,-0.977796487481509,0.570793901364364
1,1639,1639,-0.915092436421559,0.53083453915549
1,1640,1640,-0.468231213826317,0.678206959705351
1,1641,1641,-0.738921044893642,0.641322639699672
1,1642,1642,-0.595755354924547,0.650616202994272
1,1643,1643,-0.659015549502073,0.485855154574753
1,1644,1644,-0.765952794647444,0.596851643106388
1,1645,1645,-0.879019644437128,1.20250268955683
1,1646,1646,-0.51338584219607,0.547606766033631
1,1647,1647,-0.703037094825576,0.688444348274989
1,1648,1648,-0.770866734051929,0.53204322845062
1,1649,1649,-0.970945823844121,0.674500476067922
1,1650,1650,-0.876954006374961,0.603454560679125
1,1651,1651,-0.891502371576415,0.666221077231962
1,1652,1652,-0.701299685651468,0.522973510283259
1,1653,1653,-0.486841371124745,0.353056952071569
1,1654,1654,-0.421110095377128,0.257512444392819
1,1655,1655,-0.528613397881395,0.516924679113572
1,1656,1656,-0.638354222723646,0.456373560045052
1,1657,1657,-0.309373524659086,0.479588309148912
1,1658,1658,-0.668160430080732,0.941881261387251
1,1659,1659,-0.765145379855861,0.583691344854132
1,1660,1660,-0.779855436965948,0.558830533890009
1,1661,1661,-1.13946757525248,0.640986916392859
1,1662,1662,-0.655646170915916,0.344633720997644
1,1663,1663,-0.661398817826453,0.627228763170297
1,1664,1664,-0.673211027227402,0.519372462597046
1,1665,1665,-0.902430534296966,0.711943680652181
1,1666,1666,-0.512257784295214,0.457382048339782
1,1667,1667,-0.430575186657722,0.318109664778154
1,1668,1668,-0.316391552883171,0.323005800603432
1,1669,1669,-0.370105260546115,0.546552755207907
1,1670,1670,-0.165122136101537,0.318467359300758
1,1671,1671,-0.281548741971029,0.374803732372657
1,1672,1672,-0.307923786405458,0.384424788775021
1,1673,1673,-0.456355404329063,0.459209698337071
1,1674,1674,-0.726723933380154,0.54959995170683
1,1675,1675,-0.722968096746037,0.517506446328203
1,1676,1676,-0.78074791282345,0.594075452225353
1,1677,1677,-0.861365698973028,0.699686507928259
1,1678,1678,-0.78610464987463,0.67424754706684
1,1679,1679,-0.711773383980962,0.618731673704499
1,1680,1680,-0.598898055563568,0.521378560039703
1,1681,1681,-0.991605303818326,0.754922117026017
1,1682,1682,-0.943810623272301,0.825696706690978
1,1683,1683,-0.68163959262111,0.979679589521576
1,1684,1684,-0.690181065821019,0.593204215247188
1,1685,1685,-0.646795732541242,0.55869216165064
1,1686,1686,-0.954580869975464,0.519046330756103
1,1687,1687,-0.841582099213589,0.646366560432475
1,1688,1688,-0.945231142064811,0.901070737952195
1,1689,1689,-0.81828458950585,0.740220030114498
1,1690,1690,-0.869532947453013,1.11221760871655
1,1691,1691,-0.962554111372973,1.44963029669486
1,1692,1692,-0.815425275845705,0.790090175801703
1,1693,1693,-0.881003708810183,0.968702061400516
1,1694,1694,-0.224504012470471,0.697927949771098
1,1695,1695,-0.152519252137728,1.10955724289428
1,1696,1696,0.0663277389027364,1.14408866802399
1,1697,1697,-0.0864284822332082,0.468947606144315
1,1698,1698,-0.0888291286946183,0.479184862113394
1,1699,1699,-0.182071107637533,0.634315887637112
1,1700,1700,-0.524662471310952,0.577096369998628
1,1701,1701,-0.583229025032213,0.478185610795272
1,1702,1702,-0.757044726608163,0.695682644888557
1,1703,1703,-0.517718203051633,0.423604090374538
1,1704,1704,-0.582737969721309,0.45702370675784
1,1705,1705,-0.21966172271233,0.237902691813244
1,1706,1706,-0.406638262112429,0.246888427469865
1,1707,1707,-0.685989163494165,0.526377027951125
1,1708,1708,-0.45053712615948,0.619524476724227
1,1709,1709,-0.576842501389716,0.569365741890827
1,1710,1710,-0.632647047062718,0.640966831949374
1,1711,1711,-0.445901868194945,0.295526124291881
1,1712,1712,-0.353730363627096,0.265271533663992
1,1713,1713,-0.628212734355902,0.452098917521608
1,1714,1714,-0.429722489382269,0.455474999024219
1,1715,1715,-0.426429176850193,0.382075597771917
1,1716,1716,-0.424046239289611,0.470202841687613
1,1717,1717,-0.37506881445787,0.370744364590506
1,1718,1718,-0.541333358095206,0.506644790848636
1,1719,1719,-0.508904492725699,0.472697921322735
1,1720,1720,-0.501881918331975,0.452605273201663
1,1721,1721,-0.332701306758112,0.324999749922155
1,1722,1722,-0.311845747007498,0.510602617902215
1,1723,1723,-0.428344815136219,0.346141128058628
1,1724,1724,-0.438862922002783,0.378967338278222
1,1725,1725,-0.380825465562062,0.335088786535926
1,1726,1726,-0.687928240337717,0.646964641283103
1,1727,1727,-0.722879484575636,0.92043583033415
1,1728,1728,-0.61361525236797,0.428899090663833
1,1729,1729,-0.356840649583059,0.365742601994684
1,1730,1730,-0.311572251545094,0.276324099496253
1,1731,1731,-0.32768836095976,0.307204000371041
1,1732,1732,-0.305670152412144,0.390138801496682
1,1733,1733,-0.336102657585704,0.335003003319379
1,1734,1734,-0.601477473884838,1.00613652574084
1,1735,1735,-0.441615351923338,0.683132316566342
1,1736,1736,-0.423435586258863,0.665433621226046
1,1737,1737,-0.376529320985438,0.670860731349003
1,1738,1738,-0.809204611101344,1.06482274748282
1,1739,1739,-0.637090470613593,0.596575117632841
1,1740,1740,-0.770694601880011,0.709313591287107
1,1741,1741,-0.590806215209957,0.541216003342782
1,1742,1742,-0.993688110168007,1.02090475702209
1,1743,1743,-0.968143153749251,0.844603575051084
1,1744,1744,-0.61955522396784,0.820088609308597
1,1745,1745,-0.456663184556353,0.91856799760585
1,1746,1746,-0.411293586931498,0.670373495415977
1,1747,1747,-0.543772424952148,0.665475010891349
1,1748,1748,-0.373001133486829,0.26248624203406
1,1749,1749,-0.44199181376539,0.32469110180457
1,1750,1750,-0.402147438526267,0.31320697539871
1,1751,1751,-0.175893143885572,0.586172902514932
1,1752,1752,-0.172722699711068,0.570326617548244
1,1753,1753,-0.577107968653879,0.476057618931822
1,1754,1754,-0.563280938065252,0.509742301208225
1,1755,1755,-0.503221131612911,0.391073829736678
1,1756,1756,-0.425801338259953,0.368209990751571
1,1757,1757,-0.513370232903769,0.482909547503365
1,1758,1758,-0.74188336534399,0.890114863464576
1,1759,1759,-0.889383898680895,1.05759230328215
1,1760,1760,-0.423033158665022,0.87393592154315
1,1761,1761,-0.579167386178988,0.812389514661822
1,1762,1762,-0.503108113953403,0.536162522193902
1,1763,1763,-0.562501424688161,0.863914691464374
1,1764,1764,-0.43564293461261,0.9345744400348
1,1765,1765,-0.336994361298687,0.764223214314864
1,1766,1766,-0.294628272386405,0.379642096742859
1,1767,1767,-0.251422895059117,0.167175550264607
1,1768,1768,-0.295978820926664,0.29938700999371
1,1769,1769,-0.502620571344774,0.410725652034235
1,1770,1770,-0.419166125005273,0.559144250645585
1,1771,1771,-0.293489990677697,0.535457048261911
1,1772,1772,-0.204620665082735,0.348169092073621
1,1773,1773,-0.845804713917723,0.637930016430343
1,1774,1774,-1.03333014161786,0.814790095291598
1,1775,1775,-0.530816046395529,0.375742683022226
1,1776,1776,-0.518128400276667,0.25259496211544
1,1777,1777,-0.534563085279897,0.241629126378294
1,1778,1778,-0.354729346064306,0.106192418765858
1,1779,1779,-0.404193830727854,0.281862484754233
1,1780,1780,-0.26590737963221,0.121062636965735
1,1781,1781,-0.334368093250621,0.167836958337751
1,1782,1782,-0.331512144048531,0.117939084580465
1,1783,1783,-0.357276702559283,0.141792093267124
1,1784,1784,-0.376973533581909,0.172814525742299
1,1785,1785,-0.594351573097072,0.496215109097256
1,1786,1786,-0.463415822997246,0.310344282816137
1,1787,1787,-0.318891534128074,0.306900107700478
1,1788,1788,-0.243495137530291,0.270363749767365
1,1789,1789,-0.21585627384934,0.224152784178433
1,1790,1790,-0.566333231282922,1.29246444098444
1,1791,1791,-0.508930809381022,0.661131231299916
1,1792,1792,-0.777616129742253,0.894156366520494
1,1793,1793,-0.610330773793571,0.865028748559315
1,1794,1794,-0.856051115760634,1.16012994724552
1,1795,1795,-0.638211405714047,0.684277535703025
1,1796,1796,-0.809806490891067,1.14093492598182
1,1797,1797,-0.964105476677044,0.9082583841822
1,1798,1798,-1.06853416954316,1.09404466170848
1,1799,1799,-1.01097160954608,0.987513404586648
1,1800,1800,-0.732591596687178,0.987882157206516
1,1801,1801,-1.05173684371276,1.00478970415453
1,1802,1802,-0.874682297315157,0.857164762195714
1,1803,1803,-1.15686216161297,1.25606334956829
1,1804,1804,-1.47170270343098,1.19320713252129
1,1805,1805,-1.28018860251233,1.24977455992189
1,1806,1806,-0.868867353756761,0.757724185169769
1,1807,1807,-0.588875417249965,0.437964726485314
1,1808,1808,-0.562453643859994,0.471594645651627
1,1809,1809,-0.235577716923586,0.223754601510706
1,1810,1810,-0.257794391460462,0.310535861120472
1,1811,1811,-0.902482983017608,1.01247440179596
1,1812,1812,-0.62664904109815,0.635823957017378
1,1813,1813,-0.787928855724811,0.680240856617036
1,1814,1814,-0.74703904263372,0.597011669081038
1,1815,1815,-0.863519227180144,0.789275075214818
1,1816,1816,-0.424279151794051,0.537537858439064
1,1817,1817,-0.52045506302831,0.51120153755271
1,1818,1818,-0.369833261814772,0.32408804233379
1,1819,1819,-0.240458998646222,0.270950146198633
1,1820,1820,-0.566972998550108,0.332876237747593
1,1821,1821,-0.601045605738635,0.392916193636855
1,1822,1822,-0.525600593945356,0.415423067274843
1,1823,1823,-0.0900283617427557,0.446352192717773
1,1824,1824,-0.857441182389935,0.427491023247389
1,1825,1825,-1.09265287861964,1.12811576337012
1,1826,1826,-0.616144961191174,0.94879542433467
1,1827,1827,-0.679674454514591,0.959755873466709
1,1828,1828,-0.875758762849825,1.11393567162883
1,1829,1829,-0.959205671515082,1.25771083763615
1,1830,1830,-1.05178753110557,1.33431301741811
1,1831,1831,-1.10439742313623,1.58029540961384
1,1832,1832,-1.02438821253376,1.32545577344949
1,1833,1833,-0.328507273552381,1.29455992730343
1,1834,1834,-0.684099689936202,0.666345730829652
1,1835,1835,-0.813045901701755,0.689396179194351
1,1836,1836,-0.636780214551405,0.663775008643129
1,1837,1837,-0.397949482306234,0.688380916736612
1,1838,1838,-0.273555830065946,0.601061677420478
1,1839,1839,-0.505422783917272,0.753963424929582
1,1840,1840,-0.990212594647789,0.851962872300807
1,1841,1841,-1.23278267167149,0.783868380479848
1,1842,1842,-1.22888051497512,0.809034161429198
1,1843,1843,-0.605605025938665,0.487492599247841
1,1844,1844,-0.50180822678202,0.627906687654793
1,1845,1845,-0.546109128565224,0.629236185538335
1,1846,1846,-0.599860388575327,0.470066289754288
1,1847,1847,-0.718706394115306,0.888559237467626
1,1848,1848,-0.624988315043544,0.67522879179833
1,1849,1849,-0.475693275398703,0.450448286443772
1,1850,1850,-0.631492058950806,0.810222440695677
1,1851,1851,-0.515266678169098,0.833131155143856
1,1852,1852,-0.577947229365619,0.837043825082635
1,1853,1853,-0.567694901798791,0.732137151183973
1,1854,1854,-0.729213355035248,0.981537449419534
1,1855,1855,-0.78539957675352,0.939432550248048
1,1856,1856,-0.565937979931715,0.779673188487642
1,1857,1857,-0.620275676900316,0.7862365692009
1,1858,1858,-0.706575672337642,0.867430166179513
1,1859,1859,-0.662746636940417,0.561657072007316
1,1860,1860,-0.782734398756619,0.609329652692359
1,1861,1861,-0.819500677930595,0.690464189109192
1,1862,1862,-0.626938071501274,0.71483683574956
1,1863,1863,-0.831546706538778,1.37314570457597
1,1864,1864,-0.852609580659357,1.10798203273567
1,1865,1865,-0.76920875169092,0.934064473637928
1,1866,1866,-0.891392493060895,1.19386559499789
1,1867,1867,-0.565894487917476,0.609505395676451
1,1868,1868,-0.846763291592534,0.876970362615526
1,1869,1869,-0.515845240597301,0.328107468884954
1,1870,1870,-0.264995579397328,0.507904964951084
1,1871,1871,-0.461714962180367,0.545248825564426
1,1872,1872,-0.511823191091991,0.544339262843909
1,1873,1873,-0.438849581481713,0.636578844108786
1,1874,1874,-0.628241321288317,0.964992521832482
1,1875,1875,-0.882825652675045,0.833531136933479
1,1876,1876,-0.899308144175944,0.897588068283516
1,1877,1877,-0.944574129491174,1.61049522467969
1,1878,1878,-0.969358455237386,2.09225830752199
1,1879,1879,-0.814013221838219,0.664484533971687
1,1880,1880,-0.819998573968243,0.805495048576582
1,1881,1881,-0.835833275444102,0.779466823727755
1,1882,1882,-0.839022282240606,0.657588524614342
1,1883,1883,-0.844514830151185,0.61748590643636
1,1884,1884,-0.925423677715899,0.69587142249235
1,1885,1885,-0.877413251263784,0.669984053203194
1,1886,1886,-0.240407952252116,0.315362550905116
1,1887,1887,-0.638860018387214,0.623593398811494
1,1888,1888,-0.446470996348054,0.545256458419933
1,1889,1889,-0.566563407490577,0.478674713522431
1,1890,1890,-0.234769649947972,0.202281200615333
1,1891,1891,-0.765514935955362,0.511389632066833
1,1892,1892,-0.508297760849957,0.383682910832435
1,1893,1893,-0.404015176375181,0.365746324452597
1,1894,1894,-0.423866198043841,0.331311103876151
1,1895,1895,-0.21623726812476,0.212373380090157
1,1896,1896,-0.686650910533223,0.523227214815337
1,1897,1897,-0.386601842200385,0.24512106222418
1,1898,1898,-0.928631339259191,0.447114967509805
1,1899,1899,-0.705766280406213,0.308658105262661
1,1900,1900,-0.877246676539211,0.710410936190492
1,1901,1901,-0.84883878637665,0.778970015721946
1,1902,1902,-0.855605237428603,0.663799047122632
1,1903,1903,-0.702815066617825,0.407163082785448
1,1904,1904,-0.403360031823443,0.295878099906679
1,1905,1905,-0.500021377534451,0.343375235429972
1,1906,1906,-0.416087006920769,0.716096007997652
1,1907,1907,-0.599137053901073,0.32889825999333
1,1908,1908,-0.98576078077197,0.734937118369987
1,1909,1909,-0.426440353079888,0.385685544337336
1,1910,1910,-0.329465091166588,0.548346830131356
1,1911,1911,-0.420207638874676,0.430857015999322
1,1912,1912,-0.492786868061334,0.339781007593318
1,1913,1913,-0.451714543679469,0.38743086280526
1,1914,1914,-0.40959455475103,0.28373095803825
1,1915,1915,-0.410117914394577,0.45730429336578
1,1916,1916,-0.331084175765682,0.232098057203424
1,1917,1917,-0.604747696709238,0.560203227214881
1,1918,1918,-0.455475306503139,0.483980103067223
1,1919,1919,-0.210290987659018,0.099429343040746
1,1920,1920,-0.695136004090543,0.481572080806202
1,1921,1921,-0.237411760838318,0.309832125226423
1,1922,1922,-0.545458503337823,0.507889582154466
1,1923,1923,-0.734954927743093,0.567450634070512
1,1924,1924,-0.91011303376536,0.519745219145283
1,1925,1925,-0.848217953868269,0.652259947863194
1,1926,1926,-1.00329285751467,0.75447054288651
1,1927,1927,-1.10193807674803,0.908366383665283
1,1928,1928,-0.868719422441072,1.05017607757897
1,1929,1929,-0.834569554813878,0.961710274411037
1,1930,1930,-0.91624098553086,1.06201548964398
1,1931,1931,-0.984379720943754,0.853943056374148
1,1932,1932,-0.882345774759049,0.63198181824137
1,1933,1933,-0.644109478455717,0.28374027178783
1,1934,1934,-0.550449047207338,0.243702988569728
1,1935,1935,-0.369544190421344,0.406557271990918
1,1936,1936,-0.26380431259799,0.44233554720945
1,1937,1937,-0.52652077694344,0.680989354100893
1,1938,1938,-0.622260966157389,0.711499689075552
1,1939,1939,-0.253627678272301,0.563857519842923
1,1940,1940,-0.927976018746667,0.741643360906962
1,1941,1941,-1.05192386108992,0.818986064097538
1,1942,1942,-0.397162871571485,0.281032585526556
1,1943,1943,-0.300018836655712,0.321864036116519
1,1944,1944,-0.679296674527715,0.556157176204331
1,1945,1945,-0.175860196372072,0.239964745254905
1,1946,1946,-0.129724342238796,0.219148711896887
1,1947,1947,-0.252380399517861,0.31649891812928
1,1948,1948,-0.295306830992898,0.514308646667926
1,1949,1949,-0.328828032939707,0.758904966350066
1,1950,1950,-0.263342506110704,0.46400545723609
1,1951,1951,-0.325572267253812,0.354088207533409
1,1952,1952,-0.884353056263024,0.715684900515745
1,1953,1953,-0.676156481130014,0.707309435007524
1,1954,1954,-0.771129899303282,0.929710375599498
1,1955,1955,-0.994760450815328,0.94591849027786
1,1956,1956,-0.802333986563004,0.771539397772744
1,1957,1957,-0.644729989643139,0.662621847941464
1,1958,1958,-0.837142239856798,0.792001774104015
1,1959,1959,-0.796696855485096,1.0268766190897
1,1960,1960,-0.983819229625192,1.14912452384886
1,1961,1961,-1.08776472978225,1.06862338653858
1,1962,1962,-0.549554628233681,1.32470818163611
1,1963,1963,-0.906482178014628,1.19254847526812
1,1964,1964,-1.19102955537337,0.841087177295221
1,1965,1965,-0.924797598538711,0.738538184371145
1,1966,1966,-0.761412623064119,0.517410285847476
1,1967,1967,-0.559861446397983,0.381121323298382
1,1968,1968,-0.80497778640492,0.628893017889151
1,1969,1969,-0.907191902645136,0.772320805841271
1,1970,1970,-0.771866356693074,0.620663569590913
1,1971,1971,-0.604771927069798,0.460939770928968
1,1972,1972,-0.508556225926349,0.66817531068596
1,1973,1973,-0.687339672650704,0.795733062979298
1,1974,1974,-0.77438599015258,0.834982531370426
1,1975,1975,-0.551106526795385,0.419749693300297
1,1976,1976,-0.929633553427744,0.78856267542837
1,1977,1977,-0.83710769666839,0.709992291440142
1,1978,1978,-0.744856692370917,0.483893640038922
1,1979,1979,-0.854386429133625,0.543339328443806
1,1980,1980,-0.655149072526241,0.538304936946357
1,1981,1981,-0.487489980599254,0.336589884725913
1,1982,1982,-0.488623869466956,0.330010398066977
1,1983,1983,-0.323822306627384,0.469623261612949
1,1984,1984,-0.773475535420625,1.30553513284589
1,1985,1985,-0.405322667490772,0.775255714074558
1,1986,1986,-0.635073892498017,1.88429196682146
1,1987,1987,-0.552677022186676,1.92073220161176
1,1988,1988,-0.387684264197375,0.660242653122176
1,1989,1989,-0.30233705183042,0.36572421255276
1,1990,1990,-0.273163760454816,0.425099925883497
1,1991,1991,-0.469402712445596,0.680925215660714
1,1992,1992,-0.412323416780141,0.728550077972416
1,1993,1993,-0.321832433692441,0.229160061949239
1,1994,1994,-0.848348741823574,0.828677937647659
1,1995,1995,-0.47410658193497,0.448132325653787
1,1996,1996,-0.553039376006771,0.307230424813831
1,1997,1997,-0.65362825378926,0.481178107034743
1,1998,1998,-0.651168365538106,0.404354784063548
1,1999,1999,-0.854885673936992,0.690689741694299
1,2000,2000,-0.869497444959326,0.709195933060945
2,1,2001,-0.740804394302214,0.427299038666866
2,2,2002,-0.836648893214689,0.408528554968888
2,3,2003,-0.475274671560779,0.292414663288025
2,4,2004,-0.390069088262272,0.320735482627949
2,5,2005,-0.609009082271247,0.543145327835644
2,6,2006,-0.487901489310398,0.299783995603568
2,7,2007,-0.438206340359041,0.297693145741357
2,8,2008,-0.669880333163002,0.442305044739931
2,9,2009,-0.614006549536504,0.52582583663196
2,10,2010,-0.499744257377577,0.350716951644885
2,11,2011,-0.436964891916418,0.362223970600794
2,12,2012,-0.419076739300857,0.256893815692237
2,13,2013,-0.469274440667311,0.867937057058039
2,14,2014,-0.367499997845548,0.885685465070051
2,15,2015,-0.473900835474187,1.24582305270386
2,16,2016,-0.692100224689474,1.0143629161642
2,17,2017,-0.688649322121,0.90787397478673
2,18,2018,-0.654715106526544,0.821033172280004
2,19,2019,-0.555133391767341,0.810987870609932
2,20,2020,-0.444346218474773,0.626818498329277
2,21,2021,-0.347443813766221,0.461706600784598
2,22,2022,-0.274007645787331,0.443434397307503
2,23,2023,-0.301567062832454,0.373897255959621
2,24,2024,-0.325323517490014,0.37483582484637
2,25,2025,-0.134496993799791,0.421062958381706
2,26,2026,-0.162234984841884,0.323252650598919
2,27,2027,-0.439685229103974,0.493142649896138
2,28,2028,-0.644351294865242,0.823036091017966
2,29,2029,-0.598593881841625,0.790464428568998
2,30,2030,-0.228688454194802,0.619933871524799
2,31,2031,-0.423797272060081,0.491191822782752
2,32,2032,-0.312663769149781,0.292995587013983
2,33,2033,-0.301312323720586,0.344014799254364
2,34,2034,-0.274726300846304,0.262210254783113
2,35,2035,-0.271841055022005,0.307374497493254
2,36,2036,-0.215195992248328,0.266062589395091
2,37,2037,-0.355257703017131,0.443913203364654
2,38,2038,-0.239483002491079,0.117331587593305
2,39,2039,-0.360819512019906,0.298408119436262
2,40,2040,-0.202564948315468,0.212630968552668
2,41,2041,-0.425733806123623,0.369612470743192
2,42,2042,-0.330659869160093,0.286949880916022
2,43,2043,-0.3111596560415,0.390587547079292
2,44,2044,-0.236976123983174,0.115905656934768
2,45,2045,-0.333230173089446,0.188078089469848
2,46,2046,-0.339979960182371,0.589902551727471
2,47,2047,-0.10473851252044,0.336642912448056
2,48,2048,-0.26957925812494,0.441379455021951
2,49,2049,-0.652177812658987,0.430129075266859
2,50,2050,-0.322802247879558,0.322762936480566
2,51,2051,-0.313137817125294,0.356469035229717
2,52,2052,-0.380456711174402,0.365317931723974
2,53,2053,-0.212530872417212,0.157937515259021
2,54,2054,-0.273058899031294,0.242661660473941
2,55,2055,-0.248308215456502,0.192588003751675
2,56,2056,-0.195691051736422,0.0979500192603946
2,57,2057,-0.311780374025875,0.214568412671383
2,58,2058,-0.547249507372407,0.307375890775883
2,59,2059,-0.697132970817047,1.21199459015078
2,60,2060,-0.7591890190357,1.90260396607789
2,61,2061,-0.720043498648294,1.26207926771298
2,62,2062,-0.863617313721089,0.669439954776466
2,63,2063,-0.371041010116188,0.253263886774706
2,64,2064,-0.449279071212759,0.484134037614407
2,65,2065,-0.272201440336084,0.710692081340163
2,66,2066,-0.317072636502973,0.476115184528952
2,67,2067,-0.313460885958433,0.510982819943249
2,68,2068,-0.246312340603295,0.292758488750033
2,69,2069,-0.273802199117365,0.331244386657327
2,70,2070,-0.31256665229674,0.305603420721389
2,71,2071,-0.303698145719887,0.25688751274966
2,72,2072,-0.798464599908453,0.750934753859182
2,73,2073,-0.526319097294753,0.515425229148408
2,74,2074,-0.289050438302308,0.365952078951359
2,75,2075,-0.316730134367285,0.427097981494602
2,76,2076,-0.402081019641926,0.443573490154347
2,77,2077,-0.437364035274001,0.225693463277122
2,78,2078,-0.632659694748607,0.449223394438709
2,79,2079,-0.278904512283931,0.256926704647078
2,80,2080,-0.229468877816731,0.291512223738904
2,81,2081,-0.212073844057468,0.393312986884577
2,82,2082,-0.309192887179665,0.699583605348862
2,83,2083,-0.75087227470172,0.646793129792634
2,84,2084,-0.729235544655996,0.54372428187555
2,85,2085,-0.541577432666263,0.486903662860114
2,86,2086,-0.537076532039193,0.42750013666004
2,87,2087,-0.524136927100294,0.560675523476155
2,88,2088,-0.584101778029573,0.579755116546382
2,89,2089,-0.56642268441347,0.837861609455133
2,90,2090,-0.287573859338855,0.839687476328749
2,91,2091,-0.586354308331059,1.25769204147361
2,92,2092,-0.600874223135415,0.994060174051603
2,93,2093,-0.44161052800325,0.735027110165629
2,94,2094,-0.40815818371041,0.723872445030604
2,95,2095,-0.390488402748017,0.611163246681037
2,96,2096,-0.43187537554216,0.306823548773763
2,97,2097,-0.48133670141361,0.511947893609891
2,98,2098,-0.747595004121701,0.817990079277308
2,99,2099,-0.584396442159091,0.441506042243932
2,100,2100,-0.738599860853287,0.694239554539221
2,101,2101,-0.42078430675608,0.771649716280757
2,102,2102,-0.392847245799237,0.309251514300718
2,103,2103,-0.467807122648602,0.649312898208205
2,104,2104,-0.684220974315803,1.00332179017355
2,105,2105,-0.797720207957151,0.65112099088932
2,106,2106,-1.07962167199907,0.847573881911589
2,107,2107,-1.33456109396775,1.12150741280204
2,108,2108,-0.738290025861366,1.04260433440452
2,109,2109,-0.194582772862359,0.61421401239098
2,110,2110,-0.190360548458565,0.409715727396051
2,111,2111,-0.224562175192468,0.340623022021214
2,112,2112,-0.177177438466771,0.40214227157561
2,113,2113,-0.148543716626204,0.507263766563075
2,114,2114,-0.2360281543382,0.76568768688781
2,115,2115,-0.231816163684316,0.519066707315708
2,116,2116,-0.390526981776248,0.416836481466815
2,117,2117,-0.358013410314796,0.324756606642678
2,118,2118,-0.376794797692991,0.338308555726731
2,119,2119,-0.406425570622415,0.439037451566936
2,120,2120,-0.13164815437896,0.26508082732469
2,121,2121,-0.207392088419753,0.580931183103762
2,122,2122,-0.35911516347068,0.589788309825632
2,123,2123,-0.345917858780044,0.631108280174223
2,124,2124,-0.161644810992921,0.368430009191987
2,125,2125,-0.165600603580791,0.36644852180352
2,126,2126,-0.0867578964998839,0.305708264759031
2,127,2127,-0.18650407512346,0.306735154110871
2,128,2128,-0.283210738945629,0.509316521494863
2,129,2129,-0.565691713264582,0.348439080116077
2,130,2130,-0.609719847092602,0.322094802875359
2,131,2131,-1.19691720148899,0.999334100646121
2,132,2132,-0.916213290700555,0.5525562252165
2,133,2133,-0.650044860069848,0.423361903097705
2,134,2134,-0.909730606057038,0.666308524158103
2,135,2135,-1.02328352555604,0.737101820911531
2,136,2136,-0.86062503246012,0.507585846526537
2,137,2137,-0.729977643159271,1.00322521149935
2,138,2138,-0.812923706132341,1.05456024617663
2,139,2139,-0.915243286230623,0.969928505712612
2,140,2140,-1.04419706792124,1.02795756439144
2,141,2141,-1.10154824817333,1.29740593782559
2,142,2142,-0.565304683894861,0.532323913170883
2,143,2143,-0.49850760848124,0.535009562961163
2,144,2144,-0.544367674609448,0.421626082790571
2,145,2145,-0.180848345996342,0.615669330491919
2,146,2146,-0.433856641161868,0.513841795508358
2,147,2147,-0.356470506594756,0.307954948052409
2,148,2148,-0.465498141496829,0.311748570909536
2,149,2149,-0.430220769838213,0.321821428195664
2,150,2150,-0.388018771670831,0.32350188300365
2,151,2151,-0.451525364148063,0.416930951218139
2,152,2152,-0.582287123849432,0.519347995403557
2,153,2153,-0.681252074598655,0.440133050546075
2,154,2154,-0.686765592845768,0.517030683254241
2,155,2155,-0.443925533694302,0.379517683957806
2,156,2156,-0.373663509031475,0.38692663440801
2,157,2157,-0.742628966229776,0.439787072029934
2,158,2158,-0.537357122286306,0.392634087039999
2,159,2159,-0.578319316687566,0.339660396454889
2,160,2160,-0.37908804199687,0.256522885971215
2,161,2161,-0.35649531245542,0.410150922519736
2,162,2162,-0.503934746901821,0.449308730216534
2,163,2163,-0.500987386315475,0.607572576057946
2,164,2164,-0.471894515330936,0.236681326825687
2,165,2165,-0.401836800518788,0.379572017831472
2,166,2166,-0.612050698778149,0.466252186180144
2,167,2167,-0.397303563413684,0.347495056690616
2,168,2168,-0.955321955182802,0.736941985200568
2,169,2169,-0.96041962416983,1.05854619456478
2,170,2170,-1.13947360611338,1.32546911746824
2,171,2171,-0.659770143115354,0.585852008551371
2,172,2172,-0.830893774914588,0.644297229000052
2,173,2173,-0.610428840761114,0.442563387440983
2,174,2174,-0.371172451231155,0.279922822494086
2,175,2175,-0.56544044065508,0.342937733534878
2,176,2176,-0.141289565598359,0.150993355557901
2,177,2177,-0.209363222847441,0.18574277439845
2,178,2178,-0.559778727113148,0.372491076276935
2,179,2179,-0.393960939885171,0.44396060156701
2,180,2180,-1.10853539188255,0.956344295054611
2,181,2181,-1.02590536091639,1.06954318380267
2,182,2182,-0.903432187485839,0.824323910746127
2,183,2183,-0.660210303509303,0.466617806125811
2,184,2184,-0.354142801717486,0.529919153136738
2,185,2185,-0.368150017361069,0.626438873160089
2,186,2186,-0.334127397523034,0.273494192961232
2,187,2187,-0.645156958394869,0.531529833704409
2,188,2188,-0.678523520725574,0.604305100439203
2,189,2189,-0.66827906955169,0.554777207701151
2,190,2190,-0.418081019431067,0.407767007704089
2,191,2191,-0.520074534261488,0.445207070843196
2,192,2192,-0.189025465979149,0.20905942195779
2,193,2193,-0.139426469005523,0.24144714623044
2,194,2194,-0.258887874615545,0.172834175130562
2,195,2195,-0.366274822983538,0.332601807168265
2,196,2196,-0.56155430067587,0.483698355697731
2,197,2197,-0.752058432535804,0.700219349636897
2,198,2198,-0.717717104295203,0.674555216199551
2,199,2199,-0.290889502312401,0.247394968350531
2,200,2200,-1.0588671572718,0.881565400909764
2,201,2201,-0.951714106872184,0.896102281266842
2,202,2202,-0.944057473730085,0.732976909955467
2,203,2203,-0.647660203268547,0.459269948524151
2,204,2204,-0.72561341005376,0.71448292223864
2,205,2205,-0.237317882454821,0.65289734875462
2,206,2206,-0.357067444224914,0.441249800203772
2,207,2207,-0.293491852091735,0.31704085196693
2,208,2208,-0.185186287850575,0.342958460053338
2,209,2209,-0.222729060803811,0.394023778391564
2,210,2210,-0.280081722130782,0.341965153116066
2,211,2211,-0.278677215296926,0.299433614437763
2,212,2212,-0.286232549901328,0.240844048965053
2,213,2213,-0.312445704737408,0.461657614603286
2,214,2214,-0.43163700818511,0.790659145441804
2,215,2215,-0.80419777670137,1.44467943911715
2,216,2216,-0.433366448119338,0.680502948268376
2,217,2217,-0.701839049020606,0.754405401649724
2,218,2218,-1.00584296713005,0.950011672306115
2,219,2219,-0.89129724703278,0.867922535082038
2,220,2220,-0.971276718275881,0.870684799568125
2,221,2221,-1.46536682676769,1.15254141927342
2,222,2222,-0.902149374242426,0.759358615454239
2,223,2223,-0.759294518219367,0.582179902863187
2,224,2224,-0.503903816054914,0.394094824555345
2,225,2225,-0.344159693983593,0.425284076902672
2,226,2226,-0.360772617627918,0.280524451781549
2,227,2227,-0.992162521223598,0.765070903924611
2,228,2228,-0.860152881074201,0.545824283376561
2,229,2229,-1.25156303572573,1.12425769062416
2,230,2230,-0.57896714643453,1.31767733455278
2,231,2231,-0.953122492215931,0.955734660290504
2,232,2232,-0.945940603250247,0.674829009540214
2,233,2233,-1.08822358278508,0.743668677958918
2,234,2234,-1.1842240029454,0.838268910951426
2,235,2235,-1.19839884165152,1.12900562631335
2,236,2236,-1.30099072498655,1.2707869067995
2,237,2237,-0.304176802528464,0.300098821276689
2,238,2238,-0.552323802988077,0.367097287273053
2,239,2239,-0.518385500267763,0.418471358921483
2,240,2240,-0.712477069986745,0.612631223461426
2,241,2241,-0.56866517208893,0.749458535743216
2,242,2242,-1.17780262179004,1.03434912514652
2,243,2243,-0.955756766133152,0.724133201242419
2,244,2244,-1.43403290655459,1.37537084048999
2,245,2245,-1.32808521025132,1.08060532839006
2,246,2246,-1.33042354229385,0.970515441752486
2,247,2247,-1.31053776294667,0.934964690607578
2,248,2248,-1.07707091990741,0.677761285854081
2,249,2249,-0.952171506104401,0.595576227417763
2,250,2250,-0.853092441054831,0.477386248116548
2,251,2251,-0.595946671023609,0.352809107473115
2,252,2252,-0.578825262248137,0.564287512578297
2,253,2253,-0.646550570976531,0.371226285910685
2,254,2254,-0.514959490759509,0.373617161999444
2,255,2255,-0.454743699101983,0.319886944394703
2,256,2256,-0.43275902725799,0.344278403019815
2,257,2257,-0.689569444772854,0.475625729426759
2,258,2258,-0.543368055549592,0.538538502438113
2,259,2259,-0.398356788257147,0.774279548984655
2,260,2260,-0.323102322726585,0.564387538129261
2,261,2261,-0.38874352240767,0.917513605101846
2,262,2262,-0.434883825171019,0.705325647023353
2,263,2263,-0.736231318679858,0.877652316042571
2,264,2264,-0.440157281124983,0.457216889479898
2,265,2265,-0.412643993141229,0.556305152360373
2,266,2266,-0.882325562068869,0.566025222851929
2,267,2267,-0.837102580641381,0.590297700440771
2,268,2268,-0.82212315037657,0.614318775775893
2,269,2269,-0.300876135279944,0.189887557238944
2,270,2270,-0.297490773686489,0.492447941552019
2,271,2271,-0.241602489402698,0.429070303513324
2,272,2272,-0.736288595454009,0.828172583032904
2,273,2273,-0.818901201217556,0.964035843557777
2,274,2274,-0.558214777733728,0.394436272307948
2,275,2275,-0.456486069295512,0.267188385973426
2,276,2276,-0.71763077009855,0.563665190353335
2,277,2277,-0.814160573237972,0.586308772207471
2,278,2278,-0.613076573151159,0.371803784477114
2,279,2279,-0.639366194849544,0.357747312036702
2,280,2280,-0.410532631276218,0.361039475708691
2,281,2281,-0.670186239102085,0.600401504954588
2,282,2282,-1.18437651696667,0.768530775060218
2,283,2283,-0.508731877204866,0.318676018875611
2,284,2284,-0.500912614950948,0.285145912976658
2,285,2285,-0.616028933639413,0.330495516971091
2,286,2286,-0.870422858808591,0.600900345546571
2,287,2287,-0.596845527417592,0.32735625247069
2,288,2288,-0.527293502161626,0.31231168148839
2,289,2289,-0.886506154202137,0.667168457842995
2,290,2290,-0.735039693451002,0.772232377896577
2,291,2291,-0.569029120889062,1.3232692440895
2,292,2292,-0.847614541144756,0.665415907981162
2,293,2293,-0.809657351346762,0.501874222072086
2,294,2294,-0.50582948956032,0.32613427411771
2,295,2295,-0.475376804538517,0.274690113123723
2,296,2296,-0.406530069576004,0.425859409686222
2,297,2297,-0.335978406636042,0.304967614522243
2,298,2298,-0.723912491823294,0.726839760712957
2,299,2299,-0.43584369959147,0.402373423353214
2,300,2300,-0.423699142084349,0.379196657882261
2,301,2301,-0.458098159269975,0.366286334051284
2,302,2302,-0.435987134993705,0.51839883492921
2,303,2303,-0.629630020648561,0.680836556204915
2,304,2304,-0.629152537825159,0.447329539097832
2,305,2305,-0.721704533754901,0.512303592946389
2,306,2306,-0.592769245520867,0.565733860848061
2,307,2307,-0.966009356588291,0.920147955185447
2,308,2308,-0.462121944830122,0.520620743323938
2,309,2309,-0.312321331838552,0.899298807898533
2,310,2310,-0.203610150025986,0.589127973232166
2,311,2311,-0.675027497544836,0.599814402611498
2,312,2312,-0.861505977815638,0.761758952594556
2,313,2313,-0.561887513076985,0.441437512531296
2,314,2314,-0.590256385850447,0.464055608401454
2,315,2315,-0.313246103989813,0.327000751351956
2,316,2316,-0.305193147134655,0.270687617526877
2,317,2317,-0.308027604167728,0.4718031327263
2,318,2318,-0.288417466670753,0.500453085154043
2,319,2319,-0.308591242552121,0.525330960403074
2,320,2320,-0.590771841221023,0.853411626151384
2,321,2321,-0.456407874930128,0.566683565453645
2,322,2322,-0.454752754119452,0.581965038440065
2,323,2323,-0.636653031624147,0.996489046675761
2,324,2324,-0.466901670566043,0.284740385426887
2,325,2325,-0.510031042160082,0.541128061340251
2,326,2326,-0.468295200309567,0.485278089330745
2,327,2327,-0.398127268830633,0.458963496812458
2,328,2328,-0.363610973362861,1.20221852460638
2,329,2329,-0.257241120221219,0.7050637348026
2,330,2330,-0.61837641749055,0.458076911865148
2,331,2331,-0.633841732478372,0.470278886199209
2,332,2332,-0.478950293600719,0.403510264862063
2,333,2333,-0.534034642627229,0.386383608968467
2,334,2334,-0.152139492026246,0.195505060360157
2,335,2335,-0.17079516229231,0.294393704493586
2,336,2336,-0.10256652642834,0.21908167635041
2,337,2337,-0.306945318496069,0.309186361302578
2,338,2338,-0.28950121173905,0.250000494300587
2,339,2339,-0.365306555956758,0.35141349573916
2,340,2340,-0.364568865305248,0.409371886906335
2,341,2341,-0.202201951887562,0.36517969710452
2,342,2342,-0.410253249692078,0.53065238039721
2,343,2343,-0.428039529820002,0.456051072471064
2,344,2344,-0.542389615627843,0.603779144146392
2,345,2345,-0.527185985965251,0.554121260346983
2,346,2346,-0.364882802538819,0.206866751260731
2,347,2347,-0.529882087762493,0.386444212141618
2,348,2348,-0.404637166594728,0.212270809052591
2,349,2349,-0.517764356592249,0.333832662381645
2,350,2350,-0.25312059380303,0.19986158659115
2,351,2351,-0.329128433075545,0.402868780896726
2,352,2352,-0.150178758908598,0.185272582418054
2,353,2353,-0.206063512456267,0.435366950083332
2,354,2354,-0.153701478109595,0.908972636783447
2,355,2355,-0.480644004313506,0.524718762198017
2,356,2356,-0.714378253881999,0.548211799549714
2,357,2357,-0.520233487250642,0.527695203121361
2,358,2358,-0.844464730728535,1.09698179070844
2,359,2359,-0.573711064527343,0.744880328089077
2,360,2360,-0.557174662165207,0.982488428414149
2,361,2361,-0.548000349636608,1.18626279330554
2,362,2362,-0.890904820740166,0.757033897182227
2,363,2363,-0.914428458133647,1.15719830950007
2,364,2364,-0.889643908476441,1.11378596188908
2,365,2365,-1.01293118387694,1.14661647393892
2,366,2366,-1.06114215824262,0.851160067844389
2,367,2367,-0.622067479204989,0.583184511839081
2,368,2368,-0.267827863565437,1.10494169600958
2,369,2369,-0.572206948333745,0.771147062992457
2,370,2370,-0.695211066476506,1.35323766468704
2,371,2371,-0.430674011118599,0.68820840301312
2,372,2372,-0.432775229643465,0.636591541777538
2,373,2373,-0.290049600285988,0.548901854250573
2,374,2374,-0.277580302518966,0.600620082589946
2,375,2375,-0.239396672733828,0.246235711379038
2,376,2376,-0.853271885129707,1.18501992237087
2,377,2377,-0.84572462892059,0.614064616602572
2,378,2378,-0.0546580732447507,1.42081175800873
2,379,2379,-0.604493616207121,0.871625645230412
2,380,2380,-0.320883860588003,0.521477776954093
2,381,2381,-0.543851391162841,0.917226526375794
2,382,2382,-0.402555812169942,0.67281148431064
2,383,2383,-0.588632875478796,0.389323698144382
2,384,2384,-1.00595291776303,0.807650855061879
2,385,2385,-0.150314616046559,0.609922638699395
2,386,2386,-0.331154335631577,0.69746247541273
2,387,2387,-0.870121980805153,0.742432095742301
2,388,2388,-0.868806366891823,0.538949428985073
2,389,2389,-0.472253825574768,0.449777365713111
2,390,2390,-0.407022352082121,0.376623714426096
2,391,2391,-0.71233952488082,0.642833742908609
2,392,2392,-0.733043747103294,0.645113226398305
2,393,2393,-0.829365754951852,0.885711389689465
2,394,2394,-0.236904796964823,0.542761340282227
2,395,2395,-0.402587326239018,0.456501709698121
2,396,2396,-0.317223480359982,0.387014997916239
2,397,2397,-0.271485769790064,0.298665211639894
2,398,2398,-0.83872054572011,0.717008974746094
2,399,2399,-0.541540303258743,0.500561748352261
2,400,2400,-1.00178114355935,1.51853014451214
2,401,2401,-0.876814899933609,1.41968577115341
2,402,2402,-0.595009418357027,0.585595332727063
2,403,2403,-0.841392448337694,1.24574691592694
2,404,2404,-0.417953940351541,0.600406429997619
2,405,2405,-0.510259043436455,0.611921138116688
2,406,2406,-0.214811341937012,0.554119008404555
2,407,2407,-0.140191304437551,0.388185374415843
2,408,2408,-0.395342926729309,0.442646158834014
2,409,2409,-0.276699147894249,0.574349582583163
2,410,2410,-0.320583394699363,0.524602221303428
2,411,2411,-0.612710781380276,0.460437478511535
2,412,2412,-1.12779988890793,0.997255268598422
2,413,2413,-0.487592096652516,0.382737660846441
2,414,2414,-0.55133563781932,0.327957831170571
2,415,2415,-0.586833560327287,0.532331038862747
2,416,2416,-0.449192748299268,0.433709916113795
2,417,2417,-0.368262739793849,0.484136042977162
2,418,2418,-0.534977927217492,0.679458452418993
2,419,2419,-0.746643737658442,0.735694761854673
2,420,2420,-0.663807374988189,1.28911013624524
2,421,2421,-0.486508981792913,0.387743517639919
2,422,2422,-0.83524421181233,0.678052782067071
2,423,2423,-0.78363889947959,0.598402975128491
2,424,2424,-0.594226837166554,0.695478973445441
2,425,2425,-0.531579581237422,0.985759156160642
2,426,2426,-0.387490114448695,0.380478035473458
2,427,2427,-0.742251330715654,0.583183530065952
2,428,2428,-0.386037494430357,0.415737039988479
2,429,2429,-0.524838032087303,0.385879632379601
2,430,2430,-0.715909561480481,0.624808603099776
2,431,2431,-0.596313485358772,0.412680513877145
2,432,2432,-0.303641336262036,0.261706458806512
2,433,2433,-0.265626340534397,0.282188995833587
2,434,2434,-0.429555367347255,0.503935134283341
2,435,2435,-0.39895371845,0.487140666639705
2,436,2436,-0.736468156422036,1.00477212844478
2,437,2437,-0.697920679774591,0.667297432642463
2,438,2438,-0.713460295988205,0.811790322599388
2,439,2439,-0.195553920243825,0.374093625576262
2,440,2440,-0.756169982862762,0.565352508947775
2,441,2441,-0.531751195334097,0.669344791511678
2,442,2442,-0.345623178304553,0.773472141142423
2,443,2443,-0.50040588068772,0.891023817773609
2,444,2444,-0.658681101172219,0.423376349549701
2,445,2445,-1.62132018706048,1.03391553101279
2,446,2446,-0.760154650658056,0.745557910059137
2,447,2447,-1.11253959702717,0.890759558129001
2,448,2448,-1.20687862021742,0.662659819054385
2,449,2449,-1.03263455635877,0.643891190415786
2,450,2450,-1.06439343748296,0.656391211521996
2,451,2451,-1.09091357320259,0.771926940836048
2,452,2452,-0.898244220082567,0.90048732901349
2,453,2453,-0.506522040001289,0.544659019222351
2,454,2454,-0.606062590673734,0.518117124544069
2,455,2455,-0.653097036857454,0.412101509083664
2,456,2456,-0.521612614875475,0.415930524967612
2,457,2457,-0.366499363254803,0.330604998568136
2,458,2458,-0.25074623109321,0.418084738371
2,459,2459,-0.0426075138275609,0.277374037946168
2,460,2460,-0.420046040304851,0.262591404963366
2,461,2461,-0.428534909193316,0.240957641285852
2,462,2462,-0.543294205195215,0.485047545692882
2,463,2463,-0.478385626100416,0.334730804382435
2,464,2464,-0.872085209024624,0.712199940498184
2,465,2465,-0.544134406711818,0.230814640871942
2,466,2466,-0.52428856916819,0.246130193548814
2,467,2467,-0.508297845189994,0.250204876724997
2,468,2468,-0.144496582315285,0.0426355551894286
2,469,2469,-0.153872255055965,0.141628721393578
2,470,2470,-0.203265587232085,0.0631744784709518
2,471,2471,-0.265607077249226,0.226206223932466
2,472,2472,-0.497531367436221,0.271252463499959
2,473,2473,-0.560540271780258,0.586664338247437
2,474,2474,-0.358957764090398,0.326709021260803
2,475,2475,-0.568194448696263,0.390329085118318
2,476,2476,-0.443324188219419,0.387940761605872
2,477,2477,-0.62135628830194,0.474233848095862
2,478,2478,-0.475493701348343,0.535222008751576
2,479,2479,-0.453876272111262,0.317458809067233
2,480,2480,-0.411729469879188,0.343356338767134
2,481,2481,-0.477695115976261,0.303502850946388
2,482,2482,-0.343760693628491,0.422425850011746
2,483,2483,-0.609890761479059,0.411721032697576
2,484,2484,-0.694815660910564,0.422941994305567
2,485,2485,-0.407959716300609,0.245747085847221
2,486,2486,-0.41011889829008,0.390687743800841
2,487,2487,-0.561512251373718,0.472663250481063
2,488,2488,-0.197383367910549,0.437527140584063
2,489,2489,-0.295416627709795,0.45522306421636
2,490,2490,-0.33606331812786,0.305951942684649
2,491,2491,-0.553597250233273,0.623195293582124
2,492,2492,-0.281291988515645,0.193663393422496
2,493,2493,-0.520164354636312,0.313034015177644
2,494,2494,-0.440012295795361,0.26698153579875
2,495,2495,-0.383556218387195,0.288035858754058
2,496,2496,-0.5091660641377,0.469033349907431
2,497,2497,-0.416350652231593,0.311595579011588
2,498,2498,-0.615663921589717,0.646890131826061
2,499,2499,-0.843091510990167,0.725177991374219
2,500,2500,-0.402510272471331,0.287608386910223
2,501,2501,-0.221703626755353,0.145218469827753
2,502,2502,-0.229644567533211,0.320630455707035
2,503,2503,-0.00143740987369362,0.187166830828653
2,504,2504,-0.224112247897936,0.124910949025727
2,505,2505,-0.193016885465841,0.187281957344897
2,506,2506,-0.241692244713144,0.31035809961582
2,507,2507,-0.223811509728563,0.315112267820878
2,508,2508,-0.748892978849308,0.456771364080553
2,509,2509,-0.612630138016879,0.318392174010521
2,510,2510,-0.544204224119305,0.331548470282175
2,511,2511,-0.396597949550965,0.192211505167122
2,512,2512,-0.471667450429164,0.26506572821162
2,513,2513,-0.378132428813003,0.211706083793297
2,514,2514,-0.548440371486513,0.339580409425857
2,515,2515,-0.614574171733255,0.679366738624895
2,516,2516,-0.600347219420349,0.839513995117353
2,517,2517,-0.618483723365534,1.04910806356684
2,518,2518,-0.703798056689445,1.13671241403309
2,519,2519,-1.50553732208996,0.983049914600118
2,520,2520,-1.41747279935273,0.855653663672984
2,521,2521,-1.41729537846004,1.10810200120197
2,522,2522,-0.538718105806065,0.559641626270755
2,523,2523,-0.844505194416694,1.01002140532412
2,524,2524,-0.434626676035127,0.798677561504838
2,525,2525,-0.5343905295354,0.563922122869401
2,526,2526,-0.393249496490326,0.748791116545463
2,527,2527,-1.0965119000955,1.24355368373404
2,528,2528,-0.720643447281684,0.576588644530944
2,529,2529,-1.15485630882933,0.716415837547329
2,530,2530,-0.537522805773594,0.478964624695978
2,531,2531,-0.507550087770964,0.540755075551987
2,532,2532,-1.05017193212858,1.26232144601563
2,533,2533,-0.364263697909021,0.267045948228305
2,534,2534,-0.328667971633198,0.301112751793652
2,535,2535,-0.318054831981515,0.262264017379447
2,536,2536,-0.582867785391195,0.331847214159378
2,537,2537,-0.479223284107211,0.328985340950016
2,538,2538,-0.437059080179032,0.323708543842962
2,539,2539,-0.292714171823526,0.20713182846824
2,540,2540,-0.65921231836462,0.445678040818849
2,541,2541,-0.87892505790905,0.491138281616358
2,542,2542,-0.725898310298268,0.480159099370865
2,543,2543,-0.885463907561412,0.725642573239712
2,544,2544,-1.08278565558555,0.846186921089213
2,545,2545,-0.706647492524526,0.621258062884238
2,546,2546,-0.985469125243634,0.772798226851376
2,547,2547,-1.25887403781235,1.41522526916914
2,548,2548,-1.13045728169878,1.14093088598547
2,549,2549,-1.03701846866024,0.751587283066827
2,550,2550,-1.49750349624065,0.893632951756326
2,551,2551,-1.43379670948024,0.847261202932611
2,552,2552,-1.53785257744315,0.976622308106025
2,553,2553,-1.03196391649173,0.987137775164844
2,554,2554,-0.576659453431406,0.718374489609981
2,555,2555,-1.06240723530112,1.32956195935446
2,556,2556,-0.850470454993694,1.23430526772243
2,557,2557,-0.848724696931514,1.19954627347321
2,558,2558,-0.564947932281368,1.284515671598
2,559,2559,-0.486559892794842,0.438658454458556
2,560,2560,-0.895174849339117,0.669741835286988
2,561,2561,-0.472827113388528,0.564140122347967
2,562,2562,-0.538102407531179,0.839476538359224
2,563,2563,-0.346009200678733,0.405285868230321
2,564,2564,-0.421826321774738,0.535812844793853
2,565,2565,-0.344337214154186,0.614671146777256
2,566,2566,-0.346959208392255,0.66849317368352
2,567,2567,-0.603010977941877,1.3200537252905
2,568,2568,-0.53969729643814,0.645552013079079
2,569,2569,-0.479044970660833,0.490033122549655
2,570,2570,-0.62440747899831,0.645391398080427
2,571,2571,-0.581048429296613,0.553675244268783
2,572,2572,-0.425723107556827,0.533929839001121
2,573,2573,-0.509706292185061,0.487859018254444
2,574,2574,-0.789534003692881,0.449346533313936
2,575,2575,-0.567552336986093,0.491715207262873
2,576,2576,-0.665599556136178,0.534218538216304
2,577,2577,-0.443146219866202,0.249393813810173
2,578,2578,-0.753351502871043,0.571194113080927
2,579,2579,-0.660614556843906,0.599827327595338
2,580,2580,-0.47772830384948,0.559547598683568
2,581,2581,-0.484503459340377,0.478788187180453
2,582,2582,-0.794383972065071,0.886153789256003
2,583,2583,-0.878243889057131,0.986439227427862
2,584,2584,-0.832491894385814,1.01711884806276
2,585,2585,-0.592773869239957,0.774442045273802
2,586,2586,-0.605413137021857,0.710742876245799
2,587,2587,-0.269197797063915,0.519100667229221
2,588,2588,-0.299085221468368,0.363104833666121
2,589,2589,-0.395632372513006,0.389403257293203
2,590,2590,-0.524360410831957,0.464545460127798
2,591,2591,-0.649509438638922,0.301099260957708
2,592,2592,-0.713873305132105,0.465470772198581
2,593,2593,-0.636224046696254,0.367299150217673
2,594,2594,-0.188235967254942,0.633547018378
2,595,2595,-0.361434544424413,0.326157616448817
2,596,2596,-0.848213256035299,0.710788824124103
2,597,2597,-0.91076496132821,0.494050488076295
2,598,2598,-1.4328916482744,1.34036104160859
2,599,2599,-1.19874387969,1.3503223795918
2,600,2600,-1.34839043085183,1.63839006575
2,601,2601,-1.32918086148134,1.17403959332596
2,602,2602,-1.10470196281781,0.928054477395003
2,603,2603,-1.17956957486457,1.07807681756729
2,604,2604,-0.999089786688574,0.874379988486043
2,605,2605,-1.14585389788377,0.882128384735136
2,606,2606,-1.26807184262384,1.13923735845609
2,607,2607,-0.768147997938411,0.610527708459922
2,608,2608,-0.407258058445387,0.378961139503709
2,609,2609,-0.612447217239529,0.447200400587395
2,610,2610,-0.498868577823393,0.39507103306313
2,611,2611,-0.509647975583521,0.37549778255437
2,612,2612,-0.300442293485773,0.468730624989359
2,613,2613,-0.83366217505103,0.634929444283073
2,614,2614,-0.898811246335305,0.728720992056384
2,615,2615,-0.855228860712102,0.719809871242184
2,616,2616,-0.548714702310054,0.681220486685583
2,617,2617,-0.590380661308345,0.725950059302847
2,618,2618,-1.01108580021534,1.14290861605408
2,619,2619,-0.690126544936713,0.541966849534047
2,620,2620,-0.807704276452918,0.471257675774359
2,621,2621,-0.76603385303518,0.491007840795405
2,622,2622,-0.45041693369831,0.352149164760208
2,623,2623,-0.712156449760542,0.683517948447322
2,624,2624,-0.728480395379955,0.792307214884518
2,625,2625,-0.686004354270678,0.807009747264898
2,626,2626,-0.824765925113195,0.964376205861188
2,627,2627,-0.499258449411037,0.535112282720682
2,628,2628,-0.496487082940794,0.511265771549192
2,629,2629,-0.62443280595879,0.697714456948479
2,630,2630,-0.573074867974513,0.525873626817461
2,631,2631,-0.785948908700996,0.72930418809466
2,632,2632,-0.834336787127617,0.460089315480736
2,633,2633,-0.664860799120068,0.354386458239392
2,634,2634,-0.880062330626694,0.869449422918945
2,635,2635,-0.632916205186895,0.523331445856054
2,636,2636,-0.494109802245005,0.585361207224145
2,637,2637,-0.641337674716118,0.807950004774986
2,638,2638,-1.01476352593029,0.997199142352717
2,639,2639,-0.353380465920495,0.55644154721285
2,640,2640,-0.340585868024741,0.629583842035686
2,641,2641,-0.313881257484343,0.554128973350985
2,642,2642,-0.850017296364485,0.974874865934834
2,643,2643,-0.635583440785055,0.69391322026039
2,644,2644,-0.96198464173704,1.02223980695533
2,645,2645,-0.75435476786494,1.17883164208838
2,646,2646,-0.75392656289027,0.433664155814345
2,647,2647,-0.700649874496172,1.1959752854429
2,648,2648,-1.03084444860507,0.639854560370029
2,649,2649,-0.77589413142477,0.476904285764688
2,650,2650,-0.729553799984318,0.570361290398406
2,651,2651,-0.512695646462094,0.607708118175217
2,652,2652,-0.406710153646622,0.529890270937795
2,653,2653,-0.575836732517457,1.25072432428138
2,654,2654,-0.864856943541022,1.02690590313986
2,655,2655,-0.60006683097645,0.714467557455471
2,656,2656,-0.655336121516221,0.907586460858961
2,657,2657,-0.698805758805742,0.840019493544129
2,658,2658,-0.40790475899648,0.71929208703128
2,659,2659,-0.50384538757167,1.24659704057289
2,660,2660,-0.29403711373227,1.11575563969308
2,661,2661,-0.848508631507773,1.58470064630573
2,662,2662,-0.802317359310824,1.75692160877669
2,663,2663,-0.305629482118711,0.438310136881561
2,664,2664,-0.85143389266176,1.36636234452218
2,665,2665,-0.400621221813982,1.27924327279678
2,666,2666,-0.54944336481809,0.907163475610227
2,667,2667,-0.531155682489688,0.445488515943577
2,668,2668,-0.736465523859712,0.55288353482462
2,669,2669,-0.662634225508859,0.650493796048991
2,670,2670,-0.506895403262368,0.607148596714413
2,671,2671,-0.320073900330952,0.292802914437138
2,672,2672,-0.498832463269563,0.408892453052504
2,673,2673,-0.54943398291026,0.529923414806523
2,674,2674,-0.385468233085121,0.322064450261146
2,675,2675,-0.474698893175956,0.467875839914536
2,676,2676,-0.442160482377071,0.3329140076082
2,677,2677,-0.485986744858529,0.414937615909846
2,678,2678,-0.532721122623923,0.362506371473078
2,679,2679,-1.00487662776115,0.643878745060584
2,680,2680,-0.948010925533,0.678990170713262
2,681,2681,-0.973183459390699,0.707797089895335
2,682,2682,-0.619213282656908,0.636204423902328
2,683,2683,-0.486572656345537,0.451179318615071
2,684,2684,-0.497440409963885,0.70532030253159
2,685,2685,-0.53587024153716,0.706420382678537
2,686,2686,-0.442979429901558,0.865015794232326
2,687,2687,-0.52500412172241,0.33057684348916
2,688,2688,-0.485698935029733,0.322998232002848
2,689,2689,-0.806368655388012,0.68219931364621
2,690,2690,-0.560502935542543,0.415603804318402
2,691,2691,-0.408671637507238,0.222656212804243
2,692,2692,-0.694601729086463,0.430787845386663
2,693,2693,-0.591930073654205,0.427496467544072
2,694,2694,-0.709331917516152,0.527641235450177
2,695,2695,-0.634976095055896,0.491582147297473
2,696,2696,-0.634935273095983,0.462733225534057
2,697,2697,-0.746051902144918,0.725513514480865
2,698,2698,-0.785682474796978,0.666882066095813
2,699,2699,-1.07461502807689,0.998768230694992
2,700,2700,-1.05884080670449,1.51741505363878
2,701,2701,-0.914670949315203,0.703569678273034
2,702,2702,-0.700541631385091,0.787264264092078
2,703,2703,-0.748546825814114,0.802409448658323
2,704,2704,-0.709455414044555,0.476456093421173
2,705,2705,-0.810440617841765,0.588190677854056
2,706,2706,-0.7180713870086,0.56504085024177
2,707,2707,-0.472184534379068,0.318375812893395
2,708,2708,-0.712684091083807,0.525616525308091
2,709,2709,-0.710618290857813,0.465990151250172
2,710,2710,-0.527737464923264,0.259455992472118
2,711,2711,-0.515124137798099,0.287577388915026
2,712,2712,-0.520120236929084,0.371688414981032
2,713,2713,-0.846209989775033,0.597069805724683
2,714,2714,-0.934208846766301,0.569257594268732
2,715,2715,-0.835852037022244,0.510493200603375
2,716,2716,-0.668009828876853,0.338920313115277
2,717,2717,-0.57536632019549,0.673713976503382
2,718,2718,-0.61136957468712,0.431235620590014
2,719,2719,-0.449257968101894,0.358817069599737
2,720,2720,-0.376397624344221,0.209219362331955
2,721,2721,-0.630789808710631,0.621848316014369
2,722,2722,-0.733710631494044,0.584678547421701
2,723,2723,-0.592530892113189,0.405345789925971
2,724,2724,-0.56159313841091,1.21571922407221
2,725,2725,-0.702827873485829,0.435581717424637
2,726,2726,-0.42260716425028,0.381759909408381
2,727,2727,-0.323333694155426,0.295474577349031
2,728,2728,-0.328880078364479,0.376764694495505
2,729,2729,-0.489666119408407,0.6910700689249
2,730,2730,-0.709278018014957,1.31971465001908
2,731,2731,-0.617106647797598,0.877085145641856
2,732,2732,-0.579191394529361,0.71875300500213
2,733,2733,-0.780965539699048,0.837849630961065
2,734,2734,-0.776123458122162,0.88016430033451
2,735,2735,-0.752601857135599,0.788662612458369
2,736,2736,-0.625314002493276,0.794623181842354
2,737,2737,-0.446382487573973,0.883821985330479
2,738,2738,-0.268059694543813,0.809823400286407
2,739,2739,-0.423052290642712,1.27961837088474
2,740,2740,-0.953518614871262,0.777355689193726
2,741,2741,-1.67484423279254,1.34356716043964
2,742,2742,-1.37559012140086,1.05309955519334
2,743,2743,-0.993253274529412,0.581818456914652
2,744,2744,-0.747671254001697,0.576786934999939
2,745,2745,-1.21863770628449,1.38607605593393
2,746,2746,-0.970848623177418,1.05540585579675
2,747,2747,-0.465843401976509,1.70410487887396
2,748,2748,-0.58111719403562,0.535168290650313
2,749,2749,-0.497924212748005,0.445959847533259
2,750,2750,-0.538885493179578,0.357408493336658
2,751,2751,-0.5496391525977,0.436359315475109
2,752,2752,-0.455363267104946,0.421930712003216
2,753,2753,-0.317809387243484,0.260799889923026
2,754,2754,-0.561511552319675,0.583939448836681
2,755,2755,-0.414021573442209,0.366852566206832
2,756,2756,-0.71282785753526,1.00829044695958
2,757,2757,-0.82041836612213,1.09018519405443
2,758,2758,-0.280496993406974,1.07228222117178
2,759,2759,-0.158978896609358,1.351297157282
2,760,2760,-0.264149924466699,1.53910300841149
2,761,2761,-0.139268195446314,1.52580296001792
2,762,2762,-0.0148599253871466,1.78287881308992
2,763,2763,-0.144421315535821,1.39032055030847
2,764,2764,-0.215192442952411,2.12820191921147
2,765,2765,-0.157114564738668,1.35795697295362
2,766,2766,0.243043195908033,1.81915191081898
2,767,2767,-0.35507509214605,1.39386855393735
2,768,2768,-0.657765397877464,1.48598595163205
2,769,2769,-0.891152592229438,1.09284575695487
2,770,2770,-0.606322946810423,0.568582521463928
2,771,2771,-0.491080326731105,0.433643951750899
2,772,2772,-0.489916231189763,0.458082036568976
2,773,2773,-0.638035236521251,0.564332140802904
2,774,2774,-0.586883138413048,0.552363347833809
2,775,2775,-1.18660629268886,0.994270755343764
2,776,2776,-1.19493750525377,1.01950571526143
2,777,2777,-0.654324936141639,0.525787567583643
2,778,2778,-0.711055582453908,0.473858418397765
2,779,2779,-0.515714965470844,0.450261530708797
2,780,2780,-0.65056556109866,0.457542228934696
2,781,2781,-0.620772959361323,1.0294001961098
2,782,2782,-0.922215038643133,0.581916050458179
2,783,2783,-1.00750436867372,1.03186211086234
2,784,2784,-0.723123295995618,1.17144805422348
2,785,2785,-0.983600843576386,1.42464802416027
2,786,2786,-0.880403164389406,1.11966744282389
2,787,2787,-0.582887917032235,0.678311960771005
2,788,2788,-0.578021082795647,0.428293799604685
2,789,2789,-0.529866524376634,0.49292840480822
2,790,2790,-0.789950755396152,0.438995087715614
2,791,2791,-0.782826489424845,0.607572268337025
2,792,2792,-0.950578446026362,0.75115872015866
2,793,2793,-0.418297726981777,0.67823637571484
2,794,2794,-0.295706351145431,0.3435760503707
2,795,2795,-0.348764729021987,0.39315626141633
2,796,2796,-0.331230172526297,0.245229072035627
2,797,2797,-0.415468938542776,0.669709578035517
2,798,2798,-0.796207990476237,0.424999602541673
2,799,2799,-0.903498819638494,0.472239495299341
2,800,2800,-0.834364953671047,0.802777182697666
2,801,2801,-0.582777133970337,0.37728946779264
2,802,2802,-0.597200644900273,0.506684339723333
2,803,2803,-0.683542500715403,0.555071538229754
2,804,2804,-0.87621314198278,0.721625887589952
2,805,2805,-0.466928820851446,0.270525648938802
2,806,2806,-0.523243925337867,0.346763748259339
2,807,2807,-0.359139427264526,0.287353359200807
2,808,2808,-0.380842170185463,0.241823312820592
2,809,2809,-0.779907907991154,0.95031953703594
2,810,2810,-0.502267654583616,0.627829736564984
2,811,2811,-0.210799613416853,0.774466933469958
2,812,2812,-0.246322250663392,1.00938646877479
2,813,2813,-0.662598914955973,1.42517097851216
2,814,2814,-0.686020859446587,0.99980410552769
2,815,2815,-0.896004801410451,0.967697592158394
2,816,2816,-0.613602846684269,0.509675500276557
2,817,2817,-0.348355756357462,0.290056045988993
2,818,2818,-0.66066439297989,0.511737008841542
2,819,2819,-0.68753146293521,0.502970925264326
2,820,2820,-0.716031842823817,0.509011666510662
2,821,2821,-1.2129976486206,1.01226809355668
2,822,2822,-0.881714170584653,0.856987350056715
2,823,2823,-1.28964236387125,0.926454144749949
2,824,2824,-0.882134253454283,0.529793639572852
2,825,2825,-0.406268252907733,0.276961380879908
2,826,2826,-0.61727414303807,0.391743668589801
2,827,2827,-0.496844134108647,0.444662847076141
2,828,2828,-1.14160725164269,0.820659945661073
2,829,2829,-0.981087756506678,0.697563256289903
2,830,2830,-0.575078409816465,0.663313082617147
2,831,2831,-0.349443579005039,0.523751783924743
2,832,2832,-0.344412992765824,0.574988106380478
2,833,2833,-0.420819315763592,1.02784982009114
2,834,2834,-0.656869571600862,0.366044773145571
2,835,2835,-0.386970814548647,0.32715149650798
2,836,2836,-0.757746285389891,0.503692400314587
2,837,2837,-0.322204105579862,0.346331922519904
2,838,2838,-0.277114076998989,0.303628183234413
2,839,2839,-0.357235570677539,0.37872473016403
2,840,2840,-0.969821198376795,0.812802301916335
2,841,2841,-0.597598326720962,0.553746955016712
2,842,2842,-0.684717680440865,0.570260897263218
2,843,2843,-1.52164814904268,1.35192929078144
2,844,2844,-1.2004088034844,0.899806601096963
2,845,2845,-1.5618055265823,1.15531329472752
2,846,2846,-1.31893182049553,0.931570340379663
2,847,2847,-1.26948238551791,1.03280554095145
2,848,2848,-0.949521156648009,1.86495815487572
2,849,2849,-1.03111549049947,0.81064841328038
2,850,2850,-1.12188387715218,0.8282801132161
2,851,2851,-1.15024230480289,0.957897791938523
2,852,2852,-1.93089488137875,1.25248422145233
2,853,2853,-1.36661502663016,1.2273971959615
2,854,2854,-1.17251366908138,0.763847021243272
2,855,2855,-0.827665886453151,0.796117525683644
2,856,2856,-0.953408181848732,0.948475210323104
2,857,2857,-0.834943565177083,0.841483384510802
2,858,2858,-0.636659765340026,0.813566752039596
2,859,2859,-0.720093743254403,0.714533097034249
2,860,2860,-0.499909862925797,0.798765979808167
2,861,2861,-0.71596722577745,0.635515653065028
2,862,2862,-0.411397868037024,0.579389582779483
2,863,2863,-0.579255399984823,1.31192492101764
2,864,2864,-1.24145825378608,0.981599343188152
2,865,2865,-1.14783530444938,1.17494929567446
2,866,2866,-1.49741614024879,1.79540704202864
2,867,2867,-1.54226570482657,1.90009424078884
2,868,2868,-0.652202929812346,0.594723175746826
2,869,2869,-0.737731990955973,0.690869560717925
2,870,2870,-1.23153442044762,0.819051232970361
2,871,2871,-0.683707569786464,0.935227645484914
2,872,2872,-0.601670874161364,0.531892248066327
2,873,2873,-0.799485382188204,0.826259810834779
2,874,2874,-1.02565251762757,0.949480654021681
2,875,2875,-0.595535843388296,0.663822873993103
2,876,2876,-0.563506714735478,1.34229488607861
2,877,2877,-0.64652906035205,1.67955061392719
2,878,2878,-0.406263048870435,0.904100168122638
2,879,2879,-1.10837938418953,0.955380568645817
2,880,2880,-0.93111414411886,0.82040749147871
2,881,2881,-0.949695206191616,0.999901108214914
2,882,2882,-0.546790207120818,0.700126050043035
2,883,2883,-0.873952201243942,2.38795510550092
2,884,2884,-0.603256679058409,1.09800752696234
2,885,2885,-0.552398560049831,1.75855438666881
2,886,2886,-0.825897156927529,2.00216425398966
2,887,2887,-0.953694733980999,1.69954772464349
2,888,2888,-0.715788276440655,0.927895326312468
2,889,2889,-0.655444404044703,1.08827194171091
2,890,2890,-0.677510020055442,0.991912503111115
2,891,2891,-0.780776809086864,1.00686147941119
2,892,2892,-0.671548709739635,0.509133159217423
2,893,2893,-0.610322730606659,0.875126205814354
2,894,2894,-0.297948526961947,0.246915714672536
2,895,2895,-0.20296384247352,0.183448927567183
2,896,2896,-0.442328306154582,0.608295117482868
2,897,2897,-0.335374317053421,0.237055389298416
2,898,2898,-0.595034954327518,0.373805095493628
2,899,2899,-0.873658744493557,0.728858499079297
2,900,2900,-1.04431166760574,0.796880640876813
2,901,2901,-1.12272925655659,0.843358135572638
2,902,2902,-1.10522851387824,0.928189409656919
2,903,2903,-0.760299807872811,0.967837290198531
2,904,2904,-0.747787831035531,1.01531503463815
2,905,2905,-0.744796795677664,1.57026939462754
2,906,2906,-0.80405072711717,1.80502982505905
2,907,2907,-0.309485377608064,0.198075974430014
2,908,2908,-0.330185733306078,0.233935235079036
2,909,2909,-0.317012914488042,0.492428975145858
2,910,2910,-0.756875802085428,0.404538765679635
2,911,2911,-0.195856672734175,0.0560430706112043
2,912,2912,-0.159005779024186,0.0532480094433827
2,913,2913,-0.187949021351213,0.155016171079719
2,914,2914,-0.248550547073937,0.127763682431126
2,915,2915,-0.430217116193185,0.332084050782023
2,916,2916,-0.245672705117186,0.166072450783614
2,917,2917,-0.188535039961543,0.185597321351758
2,918,2918,-0.251825664380893,0.292412503386471
2,919,2919,-0.3827397407824,0.513490576538825
2,920,2920,-0.290899385633674,0.183337907735488
2,921,2921,-0.24293252717002,0.213927578926774
2,922,2922,-0.236645904832057,0.301836346325007
2,923,2923,-0.312029288799797,0.428245470311922
2,924,2924,-0.321092373083481,0.252049405945408
2,925,2925,-0.284242747520683,0.269320696353077
2,926,2926,-0.231330405830976,0.19253258720076
2,927,2927,-0.283440964085015,0.211322479072355
2,928,2928,-0.473063392780091,0.340886008447766
2,929,2929,-0.418228429198178,0.262736414086684
2,930,2930,-0.4671136834095,0.325347862309653
2,931,2931,-0.39478990045409,0.453142470707832
2,932,2932,-0.674062614714687,0.520952076449335
2,933,2933,-1.31979456345966,1.15480067731881
2,934,2934,-1.30316447228381,0.940208525265178
2,935,2935,-0.279836687988107,0.434850833780073
2,936,2936,-0.301715849267873,0.288862274249158
2,937,2937,-0.271420929710926,0.466213858735921
2,938,2938,-0.270696114007762,0.110743927214373
2,939,2939,-0.29786035129428,0.192832961199226
2,940,2940,-0.415870491089617,0.272779091188727
2,941,2941,-0.954747638792334,0.52514338802245
2,942,2942,-0.592185796137217,0.371133820368484
2,943,2943,-0.466776341553219,0.318361765223028
2,944,2944,-0.610724207206846,0.372505998045973
2,945,2945,-0.388478472218186,0.227162047968349
2,946,2946,-0.376324003488542,0.239950295134397
2,947,2947,-0.676592475576207,0.715390910040836
2,948,2948,-0.587362695318133,0.453360991307043
2,949,2949,-0.577545317533931,0.54792121416476
2,950,2950,-0.513850649770635,0.530985371856509
2,951,2951,-0.536482222816002,0.533053244241307
2,952,2952,-0.472396630385578,0.621396065241777
2,953,2953,-0.43431071113948,0.439175882064599
2,954,2954,-0.65203047388869,0.520160722647284
2,955,2955,-0.901683192757107,0.811519120775883
2,956,2956,-0.873517661241434,0.929083453319782
2,957,2957,-0.983267596113241,1.27374745442416
2,958,2958,-0.724209941871406,0.531460885919609
2,959,2959,-0.969656331923591,0.549433558046676
2,960,2960,-0.579916135374809,1.15059886664254
2,961,2961,-0.423049888663206,0.379216153584036
2,962,2962,-0.550718878528906,0.530442444988217
2,963,2963,-0.354822319876708,0.400868805329436
2,964,2964,-0.240878340161905,0.506984111427089
2,965,2965,-0.327804872041066,0.295906686302394
2,966,2966,-0.237557418764204,0.214384095922072
2,967,2967,-0.338438158945636,0.445561989679194
2,968,2968,-0.387513901049734,0.245694126806313
2,969,2969,-0.345070861649457,0.168737378231498
2,970,2970,-0.472857548370705,0.261127672182674
2,971,2971,-0.60615415529986,0.328596548535653
2,972,2972,-0.465977089948653,0.293014721808703
2,973,2973,-0.346977698121817,0.30213510236754
2,974,2974,-0.374641192080615,0.335482854076528
2,975,2975,-0.247766006068078,0.217492410941881
2,976,2976,-0.725918920252037,0.505011215814104
2,977,2977,-0.801113865760225,0.597518826483565
2,978,2978,-0.745608011087138,0.537926569740562
2,979,2979,-0.749336338022182,0.565633568375936
2,980,2980,-0.892604829567279,0.624107786514864
2,981,2981,-0.999569086310498,0.724079407758422
2,982,2982,-0.465629720070152,0.301660902181034
2,983,2983,-0.800020717663833,0.606490304289362
2,984,2984,-0.55731084867963,0.507026351007692
2,985,2985,-0.936591876872184,1.0073115424101
2,986,2986,-1.00294823397375,0.931294714221357
2,987,2987,-0.411435615483651,0.429323523386281
2,988,2988,-0.559060676231742,0.474983462418094
2,989,2989,-0.288273621276636,0.351821825147959
2,990,2990,-0.270411803574188,0.332318102247211
2,991,2991,-0.788782142730981,0.790214226366101
2,992,2992,-1.22377071185661,0.945697819903161
2,993,2993,-0.719813040993394,0.835040243187399
2,994,2994,-0.474305163367104,0.628036014946078
2,995,2995,-0.718804538971777,0.664514740350366
2,996,2996,-0.775577184873374,0.53099732413493
2,997,2997,-0.852067635533374,0.654601691552557
2,998,2998,-0.747551043987308,0.54095584678926
2,999,2999,-0.400542327387386,0.315371813744103
2,1000,3000,-0.380715802565362,0.512098752385862
2,1001,3001,-0.26312705095215,0.340923746565026
2,1002,3002,-0.26767169645383,0.246863357596531
2,1003,3003,-0.209787005578849,0.152132957712262
2,1004,3004,-0.224139737538686,0.159560754544513
2,1005,3005,-0.236924891244409,0.207012972380332
2,1006,3006,-0.589345841753787,0.415171422783577
2,1007,3007,-0.334251845887967,0.276400932010753
2,1008,3008,-0.658223815233462,0.438598903273151
2,1009,3009,-0.42157914759758,0.307185949189789
2,1010,3010,-0.888208547664811,0.772687573464431
2,1011,3011,-0.734146857633367,0.634525685513503
2,1012,3012,-1.31563280876605,0.982413190988028
2,1013,3013,-1.067243422198,0.836765351147329
2,1014,3014,-1.34593903741051,1.20831223827279
2,1015,3015,-1.35257706528218,1.05095798296252
2,1016,3016,-0.82976210039822,0.49766725924017
2,1017,3017,-1.20214131946971,0.749787924055592
2,1018,3018,-0.964673964492173,0.715293446312084
2,1019,3019,-0.881816131196051,0.700478672885652
2,1020,3020,-0.859838114248324,0.765047495304916
2,1021,3021,-0.546300059747819,0.519001207034193
2,1022,3022,-0.359041084368637,0.435104634077267
2,1023,3023,-0.823768198440364,0.861105898982346
2,1024,3024,-1.58016332103545,1.14818632711499
2,1025,3025,-0.908862433965731,0.677022726053852
2,1026,3026,-0.92084374698376,0.78331367478921
2,1027,3027,-0.84366271036573,0.730130694575401
2,1028,3028,-0.834009479328878,0.595273997225032
2,1029,3029,-0.667459009123128,0.673118063042702
2,1030,3030,-0.362598705506711,0.68978222900327
2,1031,3031,-0.917548724057524,0.719865659292151
2,1032,3032,-0.5634908214317,0.476929980864541
2,1033,3033,-0.470288700753208,0.413574877042218
2,1034,3034,-0.603653455248138,0.501969116961997
2,1035,3035,-0.51029355426025,0.330982067075913
2,1036,3036,-0.864818926576267,0.641738383462735
2,1037,3037,-0.874953218162859,0.679497571569646
2,1038,3038,-0.58971926501298,0.517513085199044
2,1039,3039,-0.577265759164461,0.484235043237988
2,1040,3040,-0.488145623687945,0.817263375147221
2,1041,3041,-0.343199342664,0.667225359291372
2,1042,3042,-0.213705859404987,0.364718146961887
2,1043,3043,-0.541266918462552,0.334535584908932
2,1044,3044,-0.422487562727747,0.366720798005456
2,1045,3045,-0.397888554734895,0.299258471030159
2,1046,3046,-0.940541626840422,0.7974853245717
2,1047,3047,-0.821900262810903,0.647589246570842
2,1048,3048,-1.09330050837778,0.855227533292055
2,1049,3049,-1.31883516167616,0.80815604570515
2,1050,3050,-1.29891078740113,0.896632105411884
2,1051,3051,-0.962885225135208,0.481182344069501
2,1052,3052,-0.628043594244256,0.254403180502905
2,1053,3053,-0.650731958958846,0.390734142709632
2,1054,3054,-0.562350295138428,0.317322976815562
2,1055,3055,-0.405866268376366,0.265628079250772
2,1056,3056,-0.877931415452509,0.556621708344612
2,1057,3057,-0.623265643199973,0.37918911629667
2,1058,3058,-0.704826216907018,0.371800435817687
2,1059,3059,-0.614183500196262,0.367828570680784
2,1060,3060,-0.372375586995396,0.530104169529764
2,1061,3061,-0.724917132237453,0.582731546337103
2,1062,3062,-0.519667150822466,0.611964926236984
2,1063,3063,-0.536492452820502,0.479001411327855
2,1064,3064,-0.829245007885872,0.714575764221502
2,1065,3065,-0.49183039721678,0.458277462975002
2,1066,3066,-0.67753104918889,0.553839783248414
2,1067,3067,-0.479197370950125,0.516301730902186
2,1068,3068,-0.538087134210432,0.567489301353032
2,1069,3069,-0.584653004412992,0.369069050469123
2,1070,3070,-1.11690570741353,0.759516617449592
2,1071,3071,-1.17502908720476,0.834803433499204
2,1072,3072,-0.653394421767783,0.759808024409163
2,1073,3073,-0.925564813214302,0.755010141401727
2,1074,3074,-0.675361821699498,0.508892701092008
2,1075,3075,-0.715827112797494,0.746269476879398
2,1076,3076,-0.626604100357179,0.598631584149463
2,1077,3077,-0.780685065587758,1.15419066206325
2,1078,3078,-0.724332729960975,1.07972748532667
2,1079,3079,-0.823914775192105,1.15567003707588
2,1080,3080,-0.804207482555711,0.637470852670382
2,1081,3081,-0.997366004515032,1.35720436002888
2,1082,3082,-0.89098386962364,0.926127287444831
2,1083,3083,-0.816802121392909,0.94587121779724
2,1084,3084,-0.840535185017466,0.957822740704699
2,1085,3085,-0.462054735206553,0.344972919681181
2,1086,3086,-1.01498782943551,0.753903413883566
2,1087,3087,-0.640318810074139,0.610377029964243
2,1088,3088,-0.819615002468366,0.697292923897813
2,1089,3089,-0.469408366072258,0.443154249342105
2,1090,3090,-0.527990048348276,0.475999592184833
2,1091,3091,-0.802431066061876,0.93476334293078
2,1092,3092,-0.786776171106002,0.944093211157119
2,1093,3093,-0.788696208068,0.93311674576076
2,1094,3094,-1.22497875354328,1.3027223215162
2,1095,3095,-1.07379789904089,0.833257369227633
2,1096,3096,-0.63490655380563,0.69475259069156
2,1097,3097,-0.491707680911923,0.745461399987008
2,1098,3098,-0.645096929887241,1.05919531645401
2,1099,3099,-0.386424436713816,0.683850737740425
2,1100,3100,-0.403755737159935,0.677698800285606
2,1101,3101,-0.464265494947177,0.686909311406028
2,1102,3102,-0.793146924598109,0.66255297149293
2,1103,3103,-0.910499901358631,0.942157289417126
2,1104,3104,-0.665731961466131,0.782928879815461
2,1105,3105,-0.419780805976821,0.912340366584378
2,1106,3106,-0.234842334826748,0.983217063356402
2,1107,3107,-0.194555888957993,1.77833717756426
2,1108,3108,-0.228548488490856,1.74712314272616
2,1109,3109,-0.104993664577278,1.6478908189005
2,1110,3110,-1.19914393786788,0.909961956339552
2,1111,3111,-0.7087116551219,1.03488733140009
2,1112,3112,-0.418506139822927,0.558887079807265
2,1113,3113,-0.670768127375791,0.822933661899341
2,1114,3114,-0.649025054396275,0.302791887323699
2,1115,3115,-0.582558439943726,0.686152430512885
2,1116,3116,-0.705554344569046,0.525551928177242
2,1117,3117,-0.468813778676867,0.36115558994018
2,1118,3118,-0.540698564549507,0.43061861415247
2,1119,3119,-1.13022748126853,1.02388407449538
2,1120,3120,-0.441681345004146,0.404276098671246
2,1121,3121,-0.536890998948633,0.562534376548379
2,1122,3122,-0.351586683844472,0.172081395807261
2,1123,3123,-0.291826365622599,0.0927782915828625
2,1124,3124,-0.55657380893084,0.2411518923562
2,1125,3125,-1.08516601548783,0.49922020926204
2,1126,3126,-0.353686846580732,0.612747041709967
2,1127,3127,-0.410198423445134,0.494072467024734
2,1128,3128,-0.315636688424248,0.550225541159785
2,1129,3129,-0.674003688634495,0.838618733786316
2,1130,3130,-0.70962230254468,0.347906903080184
2,1131,3131,-0.67962135636158,0.48968548456059
2,1132,3132,-0.48737110326389,0.345373987175037
2,1133,3133,-0.663450380296768,0.426206537312555
2,1134,3134,-0.531107601074483,0.503743018192731
2,1135,3135,-0.461392268554666,0.521308580046255
2,1136,3136,-0.584305793227012,0.665233623521453
2,1137,3137,-0.348128482805089,0.325253206598525
2,1138,3138,-0.79826955882652,0.609107439610936
2,1139,3139,-0.493451275115523,0.43753933958598
2,1140,3140,-0.515832022706585,0.522554591067037
2,1141,3141,-0.399746335724189,1.30905867333821
2,1142,3142,-0.417616509830671,0.476365828655925
2,1143,3143,-0.665798652014283,0.767506190579903
2,1144,3144,-1.17673900762537,0.79858651506113
2,1145,3145,-0.852386057844034,0.922828642084395
2,1146,3146,-0.807460060063969,0.557663302308023
2,1147,3147,-0.750125265439217,0.492607242417489
2,1148,3148,-0.781523018804559,0.439484027091072
2,1149,3149,-0.609019783876307,0.323440964033449
2,1150,3150,-0.331134161096024,0.208255294801626
2,1151,3151,-0.647029988496155,0.392770651566823
2,1152,3152,-0.565033354263781,0.359114896361323
2,1153,3153,-0.644429594932383,0.451728887474687
2,1154,3154,-1.01965830222296,0.760325888031502
2,1155,3155,-0.279160455086414,0.659412117452382
2,1156,3156,-0.398598516228603,0.501184968183157
2,1157,3157,-0.814053920628953,0.727636486984121
2,1158,3158,-0.919127463291721,0.704911300324478
2,1159,3159,-1.18574397773605,0.637121591621782
2,1160,3160,-0.637672882956004,0.489934983663654
2,1161,3161,-0.628775195557732,0.65305916341621
2,1162,3162,-0.343166168077156,0.429867126400107
2,1163,3163,-0.48259383783596,0.342492523299385
2,1164,3164,-0.771586573335453,0.498395034973511
2,1165,3165,-0.552279601351798,0.389150477884714
2,1166,3166,-0.662563553577054,0.465676760843394
2,1167,3167,-0.462430328561477,0.395093705547388
2,1168,3168,-0.240045928337885,0.195653613881154
2,1169,3169,-0.21467040740308,0.358404423162321
2,1170,3170,-0.209668529882506,0.220035518628458
2,1171,3171,-0.515916810834574,0.53223032537096
2,1172,3172,-0.510859392172586,0.531512912428325
2,1173,3173,-0.284572580086727,0.130927836058378
2,1174,3174,-0.323319606942796,0.331811985121416
2,1175,3175,-0.29482980130767,0.218024407897465
2,1176,3176,-0.247521305828917,0.121732103670248
2,1177,3177,-0.140982007347644,0.105413036366346
2,1178,3178,-0.189216279004616,0.144108074759226
2,1179,3179,-0.211465001500256,0.184347450165326
2,1180,3180,-0.147874052572131,0.308394680777168
2,1181,3181,-0.160571192804989,0.314778375941494
2,1182,3182,-0.6484726225809,0.420104212350346
2,1183,3183,-0.801234190734295,0.76132259214612
2,1184,3184,-0.650130900335312,0.591187305633495
2,1185,3185,-1.0889951790188,1.1724563873424
2,1186,3186,-1.1071057996143,0.805518516555297
2,1187,3187,-1.33699072422615,0.730604173214069
2,1188,3188,-1.0680021780598,0.606000896408938
2,1189,3189,-0.908377466272792,0.724109792888824
2,1190,3190,-0.734049835961238,0.404365574891471
2,1191,3191,-0.930429490292723,1.0484309247266
2,1192,3192,-1.01180485572897,0.79765586707818
2,1193,3193,-0.829388869487495,0.775508944476887
2,1194,3194,-0.840469735152898,1.05983478146464
2,1195,3195,-0.982632150347957,1.08576606522231
2,1196,3196,-0.673370223327417,1.16728823352172
2,1197,3197,-0.7796066984943,1.13290686116025
2,1198,3198,-0.46540131007451,0.709284541424837
2,1199,3199,-0.513898968759785,0.67305626152576
2,1200,3200,-0.655025532736882,1.10676982192734
2,1201,3201,-0.565346425724154,0.72048720743168
2,1202,3202,-0.830104112814623,0.767918842004875
2,1203,3203,-1.19021976606716,0.881232912660946
2,1204,3204,-0.969275971674001,0.625774060856729
2,1205,3205,-0.789460832883906,0.729544038514138
2,1206,3206,-0.630240180397691,0.526313370173798
2,1207,3207,-0.762050677435377,0.550891483743199
2,1208,3208,-0.523919850173963,0.633567858120176
2,1209,3209,-0.520661318351319,0.719764012213802
2,1210,3210,-0.603815641932265,0.811684282670744
2,1211,3211,-0.498147230594897,0.594246419375266
2,1212,3212,-1.0456659922837,0.625365780989541
2,1213,3213,-0.998230182961532,0.611598177580786
2,1214,3214,-1.07044728681494,0.690637657537851
2,1215,3215,-0.448372284843535,0.376951821718554
2,1216,3216,-0.413236627476806,0.298357598769439
2,1217,3217,-0.297002190166177,0.249928122300636
2,1218,3218,-0.333869686805637,0.213210124277254
2,1219,3219,-0.306466937380068,0.190565032614714
2,1220,3220,-0.308128054732086,0.332400174026023
2,1221,3221,-0.319620486672326,0.348591028047938
2,1222,3222,-0.421014573057867,0.286722655340134
2,1223,3223,-0.585284115774629,0.469151209829537
2,1224,3224,-0.653561055601324,0.487746756079184
2,1225,3225,-0.811937706102477,0.658795847720105
2,1226,3226,-0.429012230181261,0.277992642912353
2,1227,3227,-0.43846080126825,0.294473479846807
2,1228,3228,-0.466333314854589,0.325285625778082
2,1229,3229,-0.30938793802265,0.313545851889115
2,1230,3230,-0.231296365328337,0.188962792999868
2,1231,3231,-0.301806926164217,0.319036752486373
2,1232,3232,-0.498096240510127,0.325746565457075
2,1233,3233,-0.347290889386892,0.153640700224399
2,1234,3234,-0.118925866619224,0.453092354029841
2,1235,3235,-0.19726695085034,0.290401292955289
2,1236,3236,-0.305693055814941,0.336347651447933
2,1237,3237,-0.411688621081552,0.344085748818763
2,1238,3238,-0.481943925762126,0.256254217232997
2,1239,3239,-0.39987094715862,0.288826192917651
2,1240,3240,-0.306311312545263,0.274850353145444
2,1241,3241,-0.661389023902078,0.578872600280323
2,1242,3242,-0.91922536333146,0.560251960682391
2,1243,3243,-1.03773685805884,0.83135826354273
2,1244,3244,-1.0449824351339,0.808763451578064
2,1245,3245,-1.00559568660057,0.946507358242814
2,1246,3246,-0.474800488838241,0.270351110863075
2,1247,3247,-0.634503224032498,0.501933823953148
2,1248,3248,-0.150391500153313,0.290120240979839
2,1249,3249,-0.197040542937939,0.30115906745469
2,1250,3250,-0.21389065563573,0.264016306590226
2,1251,3251,-0.43613292315904,0.172368046487802
2,1252,3252,-0.302387654331868,0.167381940301727
2,1253,3253,-0.257264987008905,0.181608228367155
2,1254,3254,-0.296483612654148,0.119699988474115
2,1255,3255,-0.278082750426598,0.175817885218902
2,1256,3256,-0.334706632340664,0.155552613582141
2,1257,3257,-0.250212116335473,0.175800998679401
2,1258,3258,-0.242245185485657,0.228768641326591
2,1259,3259,-0.424638747226856,0.277433431697449
2,1260,3260,-0.766293409657281,0.475856649945451
2,1261,3261,-0.342031868762351,0.191801840167994
2,1262,3262,-0.816712085858688,0.614781348361705
2,1263,3263,-0.898237427852848,0.60846126274662
2,1264,3264,-0.645748555712506,0.939050057861534
2,1265,3265,-0.813955205167103,1.02795995071978
2,1266,3266,-1.17786799387215,1.39903258811517
2,1267,3267,-1.13832703211028,1.42720011249449
2,1268,3268,-1.09567274718798,1.45043078879247
2,1269,3269,-1.09141995757496,1.42335706086813
2,1270,3270,-0.761825889552585,0.656609946073065
2,1271,3271,-0.780855114575044,0.733147554915356
2,1272,3272,-0.785251190572422,0.762020240959185
2,1273,3273,-0.477920998988188,0.318598865329307
2,1274,3274,-1.1192943034789,0.970394874387132
2,1275,3275,-0.681433337348096,0.572191441511233
2,1276,3276,-0.714704189103101,0.633534857031974
2,1277,3277,-0.513948227280135,0.44064206156256
2,1278,3278,-0.716945473269089,0.479565986878314
2,1279,3279,-0.826776996356943,0.938761576265855
2,1280,3280,-0.910487074733805,0.839581424732226
2,1281,3281,-0.658234566790276,0.957111258074302
2,1282,3282,-1.03167098313587,0.816835508038704
2,1283,3283,-0.609057951429656,0.316325802813749
2,1284,3284,-0.673983971040636,0.461170341297572
2,1285,3285,-0.491406324768348,0.641268546572374
2,1286,3286,-0.630550054454868,0.491354706428127
2,1287,3287,-0.355082496901113,0.281477148928975
2,1288,3288,-0.376107142038736,0.430257438936022
2,1289,3289,-0.610622276098385,0.409817234671415
2,1290,3290,-0.482836281847407,0.38834785767489
2,1291,3291,-0.492434645928407,0.40555417208769
2,1292,3292,-0.329759280639022,0.387562374428194
2,1293,3293,-0.270315432712866,0.507683701422937
2,1294,3294,-0.24455045417391,0.635199663009917
2,1295,3295,-0.656004261184234,0.554990884932998
2,1296,3296,-0.277216717267406,0.297462537457597
2,1297,3297,-0.96214730069394,0.587325902661582
2,1298,3298,-0.575004012733811,0.398020755507921
2,1299,3299,-0.54432175837747,0.424437598759847
2,1300,3300,-0.63649346880621,0.534875457368962
2,1301,3301,-0.341473205040612,0.477858764860012
2,1302,3302,-0.317958140078736,0.435712590960794
2,1303,3303,-0.411305713328672,0.333922867258551
2,1304,3304,-0.28000059296704,0.256371995875314
2,1305,3305,-0.315227677061337,0.259265391697883
2,1306,3306,-0.335296233294336,0.218839673481444
2,1307,3307,-0.270884609100482,0.139865958874234
2,1308,3308,-0.323197172485171,1.29601267576932
2,1309,3309,-0.292216284726379,0.355994329320332
2,1310,3310,-1.04405163831021,0.962722294789562
2,1311,3311,-0.502263781914419,0.542603459034018
2,1312,3312,-0.43008457520012,0.577289983760787
2,1313,3313,-0.382421259931375,0.356550973180046
2,1314,3314,-0.354857055844547,0.706816094755917
2,1315,3315,-0.402584093232,0.677386752186186
2,1316,3316,-0.331744972915612,0.802447900965758
2,1317,3317,-0.771252859574655,0.694674614900768
2,1318,3318,-0.713568269309983,0.786996144929125
2,1319,3319,-0.629321251560251,0.79043724778873
2,1320,3320,-0.722974610655341,0.784079108352423
2,1321,3321,-0.559299828069007,0.668303012821808
2,1322,3322,-0.621237246868832,0.442410403040987
2,1323,3323,-0.922362294236844,0.609587340164519
2,1324,3324,-0.971891626190921,0.7889376939087
2,1325,3325,-0.933559417802047,0.714009450070673
2,1326,3326,-0.94705924532409,0.85246979175702
2,1327,3327,-0.833398960999255,0.884488563844298
2,1328,3328,-0.634209888863285,0.623316226379194
2,1329,3329,-0.597536357646439,0.459394736030894
2,1330,3330,-0.630222560535202,0.493477031955154
2,1331,3331,-1.11371904262145,0.869992499072729
2,1332,3332,-0.972295266858003,0.822017542240918
2,1333,3333,-1.17554671484251,1.05310017900445
2,1334,3334,-0.346854228473042,0.350620755560146
2,1335,3335,-0.520230360296377,0.279151130326974
2,1336,3336,-0.376586498628783,0.384976846378942
2,1337,3337,-0.345529140801451,0.282472029940911
2,1338,3338,-0.423659018179202,0.295959181561117
2,1339,3339,-0.418181929821127,0.457761908746773
2,1340,3340,-0.487242678508607,0.508550837612365
2,1341,3341,-0.514517826130849,0.655800376913902
2,1342,3342,-0.93493326869634,0.876119634905807
2,1343,3343,-1.02274187371955,0.703322116936949
2,1344,3344,-1.14240975151597,0.840349048629825
2,1345,3345,-1.01340748346597,0.777425275645433
2,1346,3346,-0.446426853130393,0.312272293555176
2,1347,3347,-0.606452230662777,0.305801344912475
2,1348,3348,-0.292942676801235,0.303275834823201
2,1349,3349,-0.245019777447328,0.39069640649656
2,1350,3350,-0.232720010706958,0.277104811770783
2,1351,3351,-0.731658244486694,1.15852428179147
2,1352,3352,-0.504345146885973,1.02435405240428
2,1353,3353,-0.443409822265238,0.639973208832855
2,1354,3354,-0.642999414979626,0.408094135992825
2,1355,3355,-0.6201055245467,0.709659476908713
2,1356,3356,-0.590464899903204,0.604809995456605
2,1357,3357,-0.403418672395266,0.580302709764116
2,1358,3358,-0.498280178017447,0.601338726870562
2,1359,3359,-0.880196069519268,0.866331935988741
2,1360,3360,-0.699218097912249,0.523492095245706
2,1361,3361,-0.570685143728429,0.395556623142528
2,1362,3362,-0.675541163023916,0.379535595866453
2,1363,3363,-1.05361776449683,0.848652702706848
2,1364,3364,-0.530453156803752,0.331359510538519
2,1365,3365,-0.880053366887473,0.756896831290064
2,1366,3366,-0.512576410398695,1.01436905609238
2,1367,3367,-0.405979813431289,0.365653561526861
2,1368,3368,-0.887407593174527,0.788157126439223
2,1369,3369,-0.501625352517436,0.31205256396667
2,1370,3370,-0.583235090453265,0.313567720497937
2,1371,3371,-0.925760305474023,0.501722338764261
2,1372,3372,-0.330564028185275,0.477769698159462
2,1373,3373,-0.289237301255145,0.325865622291741
2,1374,3374,-0.245313796195001,0.327933231287954
2,1375,3375,-0.288465167196706,0.31342766879688
2,1376,3376,-0.273627271160807,0.399316205731104
2,1377,3377,-0.455168815629413,0.617827370442939
2,1378,3378,-0.391940622810766,0.345447810986899
2,1379,3379,-0.65942975850951,0.457112159491735
2,1380,3380,-0.704985000545876,0.700593527057744
2,1381,3381,-0.641856070684594,0.381827731593271
2,1382,3382,-0.435149934109393,0.270041975222644
2,1383,3383,-0.409885774188698,0.495845370197546
2,1384,3384,-0.503333692131042,0.624939167457673
2,1385,3385,-0.423786647481767,0.515913752709296
2,1386,3386,-0.431600656187502,0.281087790793324
2,1387,3387,-0.599386701046805,0.344307963202064
2,1388,3388,-0.663602242028967,0.385539462831178
2,1389,3389,-0.387687331727786,0.263366008062709
2,1390,3390,-0.674479009293423,0.480760989532948
2,1391,3391,-0.784761247606476,0.557142430510241
2,1392,3392,-0.715781401238978,0.474757929782138
2,1393,3393,-1.03434829583688,0.994584129257683
2,1394,3394,-0.70295593982012,0.541327780751862
2,1395,3395,-1.03660196806418,0.682004636276873
2,1396,3396,-0.913416534577864,0.682702735005278
2,1397,3397,-0.595416400321083,0.615073008421481
2,1398,3398,-0.797217866428222,0.777557262405437
2,1399,3399,-0.831472369968715,0.736316400965446
2,1400,3400,-0.470726159349045,0.395178845750604
2,1401,3401,-0.435403369994108,0.469335707517901
2,1402,3402,-0.513047635403302,0.485244306127998
2,1403,3403,-0.221908036283557,0.29381441986876
2,1404,3404,-0.39870138248536,0.590270735370703
2,1405,3405,-0.289314790212374,0.267090310806407
2,1406,3406,-0.319562483868871,0.262095471796939
2,1407,3407,-0.430569481063434,0.238772473660004
2,1408,3408,-0.274706648279751,0.114002492657137
2,1409,3409,-0.367719102551871,0.33613011472072
2,1410,3410,-0.278663089645399,0.157147490062298
2,1411,3411,-0.264373650950274,0.166210272220295
2,1412,3412,-0.334063945573089,0.219388141586026
2,1413,3413,-0.43558423815841,0.36210271322106
2,1414,3414,-0.337368276334434,0.233256591353145
2,1415,3415,-0.50088717560461,0.683155809400315
2,1416,3416,-0.345205356208879,0.351377603745857
2,1417,3417,-0.60585337583708,0.95750973203607
2,1418,3418,-0.414428916427727,0.605842355969341
2,1419,3419,-0.66893939044779,0.852080115898213
2,1420,3420,-0.631215783698607,0.514426225205225
2,1421,3421,-0.63475672474731,0.563660898102318
2,1422,3422,-0.707602893753634,0.609640961517304
2,1423,3423,-0.617760669973019,0.74639704433575
2,1424,3424,-0.851561347527966,1.00516689725815
2,1425,3425,-0.551479994122656,1.16811385032598
2,1426,3426,-0.590053084412913,0.804149306261916
2,1427,3427,-0.741091896056097,0.607713782989655
2,1428,3428,-0.502689758346326,0.548523087540232
2,1429,3429,-0.618620765898936,0.487013274986638
2,1430,3430,-0.520705779643416,0.306014967011384
2,1431,3431,-0.467414980801392,0.306006034151472
2,1432,3432,-0.400093708778522,0.368288542060585
2,1433,3433,-0.320594179097368,0.25201070635963
2,1434,3434,-0.335856514213108,0.195122925701011
2,1435,3435,-0.923836009160516,0.965158440010592
2,1436,3436,-0.808605162776778,0.831933498608911
2,1437,3437,-0.761696579274399,0.934738189474121
2,1438,3438,-0.92268874434908,0.88868198181561
2,1439,3439,-1.38557986274755,1.18033646041898
2,1440,3440,-1.04965508247091,1.08423709973105
2,1441,3441,-0.468055287781381,0.612723625629998
2,1442,3442,-0.574402392319019,0.603202707298042
2,1443,3443,-0.516777683042008,0.428594111801663
2,1444,3444,-1.003518807954,0.626632468119947
2,1445,3445,-0.736987364350899,0.753069692590941
2,1446,3446,-0.755020325036645,0.594531546738603
2,1447,3447,-0.704512701537585,0.763072902448251
2,1448,3448,-0.827235073480386,0.834053499984824
2,1449,3449,-0.694720813895112,0.641110982720971
2,1450,3450,-0.74438259145566,0.716557340674763
2,1451,3451,-0.328930371416763,0.474782639392957
2,1452,3452,-0.571009779386573,1.09700304169027
2,1453,3453,-0.502324119512466,0.351165387647221
2,1454,3454,-0.477096727541521,0.306945178284936
2,1455,3455,-0.333895144521496,0.285262691386879
2,1456,3456,-0.238748834088921,0.391632647092936
2,1457,3457,-0.18485244006874,0.368873586867622
2,1458,3458,-0.292855754406574,0.558597857051947
2,1459,3459,-0.419233701634649,0.652510002927302
2,1460,3460,-0.236706345422851,0.296977904750746
2,1461,3461,-0.412822800263796,0.609365302109289
2,1462,3462,-0.257970882990985,0.297864686004457
2,1463,3463,-0.238347958958269,0.325243922260889
2,1464,3464,-0.396706923765979,0.344269953243317
2,1465,3465,-0.343431226954396,0.328140489941815
2,1466,3466,-0.361808877683228,0.400179483486124
2,1467,3467,-0.332176652406303,0.371479025267699
2,1468,3468,-0.4015631735306,0.275628660771253
2,1469,3469,-0.586128767240697,0.380579756450172
2,1470,3470,-0.576990457705521,0.317043190121214
2,1471,3471,-0.815731114210871,0.658228672550846
2,1472,3472,-0.949365932117492,1.20767659752235
2,1473,3473,-0.790045871933128,1.05109712478884
2,1474,3474,-0.559387700833747,1.45284762672856
2,1475,3475,-0.660206650156416,0.889170124824725
2,1476,3476,-0.369964177159005,0.40342576810295
2,1477,3477,-1.09723848830542,0.918063613686848
2,1478,3478,-0.691580199507369,0.353051548475381
2,1479,3479,-0.914040463663934,0.533113847093243
2,1480,3480,-0.853818533348532,0.492548167068075
2,1481,3481,-0.586220000570454,0.261176563197879
2,1482,3482,-1.03174165926246,0.582984369188208
2,1483,3483,-0.83929935436668,0.469108295423693
2,1484,3484,-0.92320408081373,0.595791943611583
2,1485,3485,-0.674270053277973,0.461157088243686
2,1486,3486,-0.741500774064255,0.508942758193045
2,1487,3487,-1.07463233246715,1.0016405128335
2,1488,3488,-1.12130898489738,1.39624296761139
2,1489,3489,-1.19839450471891,1.28427689220417
2,1490,3490,-0.992333073893898,0.908019442454441
2,1491,3491,-0.708731186707304,0.536025673282009
2,1492,3492,-1.08025779590437,0.60746589468597
2,1493,3493,-0.764052059758987,0.689406161785339
2,1494,3494,-0.482942356859741,0.58090108032318
2,1495,3495,-0.6772241203965,0.852877753677816
2,1496,3496,-0.759027087810065,0.850051936152274
2,1497,3497,-0.412800558376485,1.20666180001021
2,1498,3498,-0.589100543829891,1.214971077962
2,1499,3499,-0.841167593797145,0.389938388798001
2,1500,3500,-1.13761515485468,0.56333713829105
2,1501,3501,-0.789624535661219,0.635432669272472
2,1502,3502,-0.83085282496021,0.620184702517548
2,1503,3503,-0.56473698698739,0.530829302175887
2,1504,3504,-0.534821413879798,0.300937203966863
2,1505,3505,-0.527549394246558,0.271599274414605
2,1506,3506,-0.561553175038423,0.283173243473201
2,1507,3507,-0.534319914866561,0.341321916049934
2,1508,3508,-0.514298538034766,0.347332167380613
2,1509,3509,-0.79643804862917,0.917316840135456
2,1510,3510,-0.780725899863652,0.984924353559615
2,1511,3511,-0.999662351557654,2.01714328366859
2,1512,3512,-0.911621005482658,1.88075929366809
2,1513,3513,-1.16064293103485,1.41623782308353
2,1514,3514,-1.29747288855539,1.51788946786776
2,1515,3515,-1.24583495954291,1.37054526805208
2,1516,3516,-1.27652181971842,1.18905082679217
2,1517,3517,-1.17274001377525,1.20873471907411
2,1518,3518,-0.896577653638362,1.35652533697614
2,1519,3519,-0.78900256967675,1.26077876859588
2,1520,3520,-0.527601428193664,1.16929457873154
2,1521,3521,-0.431960060621763,1.13666241560425
2,1522,3522,-0.850963589529008,0.995079225019439
2,1523,3523,-0.857869592071179,0.740417258174937
2,1524,3524,-1.05115260199553,0.922396585880723
2,1525,3525,-0.250438629332457,0.662411171764547
2,1526,3526,-0.364867603988296,1.07692237990098
2,1527,3527,-0.52228958290527,0.489878732244239
2,1528,3528,-0.514202177956748,0.595426466004748
2,1529,3529,-0.493165678059745,0.450900493349036
2,1530,3530,-0.43250874688208,0.599957176679875
2,1531,3531,-0.868673766715559,0.75983907858706
2,1532,3532,-0.815357302876812,0.541602932860054
2,1533,3533,-0.739419535482265,0.958150563355148
2,1534,3534,-0.510394790854897,0.467159127425734
2,1535,3535,-0.416068090670617,0.509492865060703
2,1536,3536,-0.638551502754467,0.510536359566356
2,1537,3537,-0.425079485053802,0.348154129043417
2,1538,3538,-0.464783750787903,0.368338638501309
2,1539,3539,-0.636717907972515,0.702168537320582
2,1540,3540,-0.429907924088181,0.499502583200577
2,1541,3541,-0.547168939646107,0.770472689202172
2,1542,3542,-0.478483495819374,0.557898031194648
2,1543,3543,-0.397809225359684,0.569125685311054
2,1544,3544,-1.32577198116568,0.904633634606148
2,1545,3545,-0.86110525019154,0.594870559002078
2,1546,3546,-0.438115518894578,0.609196179392011
2,1547,3547,-0.389685138613658,0.200101038720735
2,1548,3548,-0.536572755198315,0.348861461923234
2,1549,3549,-0.507410521344219,0.291093668415313
2,1550,3550,-0.646077175146101,0.258215481278095
2,1551,3551,-0.744485498599183,0.312047512874052
2,1552,3552,-0.932260477195466,0.629021929772891
2,1553,3553,-1.03800977638161,0.723729233276507
2,1554,3554,-1.04080334223652,0.652909440627852
2,1555,3555,-0.731838396992735,0.458837000094552
2,1556,3556,-0.883026094391601,0.550551606594138
2,1557,3557,-0.613695066220743,0.621609238173108
2,1558,3558,-0.947144556961135,0.625345895877538
2,1559,3559,-0.913238713870286,0.62713071493542
2,1560,3560,-0.519468557096015,0.421122639797347
2,1561,3561,-0.654274841214631,0.457052708379254
2,1562,3562,-0.683681022457728,0.601289433238096
2,1563,3563,-0.450284494714125,0.497531602212653
2,1564,3564,-1.09058354120364,0.823118846401025
2,1565,3565,-0.806600536176212,0.77408138676888
2,1566,3566,-0.934781807452226,0.895455560092937
2,1567,3567,-0.927607334319707,0.867031857407289
2,1568,3568,-1.22571189259386,1.49517915028236
2,1569,3569,-1.11432780429114,1.05533021041235
2,1570,3570,-0.918563266882647,0.608913832279238
2,1571,3571,-0.774168214987713,0.427745236653972
2,1572,3572,-0.420757249245002,0.309018919716846
2,1573,3573,-0.179450612067321,0.480757087194961
2,1574,3574,-0.175959276069994,0.505518518269534
2,1575,3575,-0.935326415255092,1.1646333633635
2,1576,3576,-0.535228657979256,0.454147915200834
2,1577,3577,-0.722881150992058,0.903865139907872
2,1578,3578,-0.808730256384087,0.63444661555685
2,1579,3579,-0.501406025925291,0.375192176322166
2,1580,3580,-0.711764102358103,0.780835097805185
2,1581,3581,-0.585057794883699,0.71172600079846
2,1582,3582,-0.266783221475871,0.302808326267411
2,1583,3583,-0.409776532900788,0.351971310635603
2,1584,3584,-0.37392626032347,0.288839866138092
2,1585,3585,-0.611555009484587,0.554941778711863
2,1586,3586,-0.766973026977736,0.829613132058352
2,1587,3587,-0.779455529083219,0.638952911408087
2,1588,3588,-0.511485639756842,0.337369999280179
2,1589,3589,-0.794060047851801,0.613555973222269
2,1590,3590,-0.672691858443476,0.838043764537698
2,1591,3591,-0.751250425812622,0.642171256021693
2,1592,3592,-0.815112014876281,0.498062737332138
2,1593,3593,-0.897364345302101,0.620855204158708
2,1594,3594,-0.431918469703477,0.463385910461199
2,1595,3595,-0.733721949838964,0.654297933402393
2,1596,3596,-0.560368342558664,0.52082936417141
2,1597,3597,-0.311475395839901,0.164566468408011
2,1598,3598,-0.411405283251965,0.363515622005967
2,1599,3599,-0.30283346014297,0.272267248810892
2,1600,3600,-0.497028945090766,0.485546366522225
2,1601,3601,-0.404292724556517,0.50048492721287
2,1602,3602,-0.516935720092258,0.90979352202881
2,1603,3603,-0.486283103492635,1.08115005529756
2,1604,3604,-0.910650349139484,1.02757717615418
2,1605,3605,-0.545864047576352,0.806126165090455
2,1606,3606,-0.549284775409365,0.699500260291843
2,1607,3607,-0.602160245669423,0.416256020690727
2,1608,3608,-0.285935586170376,0.273806975066506
2,1609,3609,-0.605289475287726,0.78968355938684
2,1610,3610,-0.526922251237628,0.313849358276945
2,1611,3611,-0.463808587214772,0.452305922647345
2,1612,3612,-0.855618621904513,0.753471825158249
2,1613,3613,-0.896436494752742,0.635959452698994
2,1614,3614,-0.478183395160532,0.510097593118089
2,1615,3615,-0.219170477926545,0.225999820103648
2,1616,3616,-0.304046167720349,0.285015728591511
2,1617,3617,-0.24364291813079,0.285410187205802
2,1618,3618,-0.248451627124516,0.240110771405215
2,1619,3619,-0.453527986068624,0.250423557414909
2,1620,3620,-0.305747027151573,0.136236377030513
2,1621,3621,-0.615917311908833,0.537263497660472
2,1622,3622,-0.911502353587633,0.553917742586276
2,1623,3623,-0.315703936767247,0.124063442081761
2,1624,3624,-0.969170069236316,0.351398131321388
2,1625,3625,-0.212878884636678,0.313525692759814
2,1626,3626,-0.12210011961475,0.236035687802688
2,1627,3627,-0.382320502294323,0.207581442959179
2,1628,3628,-0.362838563871983,0.110923775942808
2,1629,3629,-0.360792166110171,0.213907406096813
2,1630,3630,-0.975765368401041,0.535178025837431
2,1631,3631,-0.687487778182965,0.374409186605832
2,1632,3632,-0.476068837739251,0.250326884200185
2,1633,3633,-0.737894730160817,0.474337139519482
2,1634,3634,-0.612352657290018,0.445657386088071
2,1635,3635,-0.921530376381044,0.58374713614291
2,1636,3636,-0.877738603843327,0.598422005154008
2,1637,3637,-0.767672528958096,0.429342062616127
2,1638,3638,-1.01484553196715,0.622362934528083
2,1639,3639,-0.938870067188713,0.605683430460754
2,1640,3640,-0.699659424084307,0.511204110367933
2,1641,3641,-0.648234724968128,0.60279914899081
2,1642,3642,-1.10333320993745,0.934573256549716
2,1643,3643,-0.872236555436944,0.848108867562723
2,1644,3644,-0.62051472928801,0.411688751883746
2,1645,3645,-0.757536768860467,0.911458442411404
2,1646,3646,-0.816795561558285,0.810079552850594
2,1647,3647,-0.612717517350463,0.720303632323681
2,1648,3648,-0.717320369119672,0.59034729618254
2,1649,3649,-0.837357870878125,0.62328058574602
2,1650,3650,-0.343741207462535,0.275786660539814
2,1651,3651,-0.572931026625112,0.60142249911493
2,1652,3652,-0.466236743121244,0.70063337521596
2,1653,3653,-0.267082145428068,0.457605232717142
2,1654,3654,-0.653510481493846,0.821592631407715
2,1655,3655,-0.520650044135957,0.679237225878739
2,1656,3656,-0.671823956427523,0.62613091534958
2,1657,3657,-0.740827438695947,2.01699647747193
2,1658,3658,-0.692620659880939,1.02566006721423
2,1659,3659,-0.489763630976497,0.378534495195466
2,1660,3660,-0.489992845058091,0.470309141611611
2,1661,3661,-0.368206103755297,0.419450770383624
2,1662,3662,-0.477597001989376,0.432969709750645
2,1663,3663,-0.296315686429585,0.23082732089969
2,1664,3664,-0.341644807111745,0.275568113303842
2,1665,3665,-0.290573259904245,0.192009068538297
2,1666,3666,-0.400703454657138,0.334890794729468
2,1667,3667,-0.243889270276085,0.363016155484974
2,1668,3668,-0.418121438560268,0.372763445071435
2,1669,3669,-0.391857151929784,0.422175042612863
2,1670,3670,-0.631590727953612,0.401984851827326
2,1671,3671,-1.07645508503014,0.892154684657254
2,1672,3672,-1.56271373898334,1.20919067820546
2,1673,3673,-0.900667651733588,0.706735354742015
2,1674,3674,-0.941256490480046,0.677003052676228
2,1675,3675,-1.22859289820634,0.867978460595493
2,1676,3676,-0.745429338954334,0.784518881416383
2,1677,3677,-0.585086109645842,0.409965730630064
2,1678,3678,-0.604056211938677,0.363915060361502
2,1679,3679,-0.484269283844357,0.380188825738133
2,1680,3680,-0.783234551572212,0.80206636672558
2,1681,3681,-0.516404150824577,0.559576831550237
2,1682,3682,-0.57237307794299,0.489145249136835
2,1683,3683,-1.0567337363594,1.24296433119222
2,1684,3684,-0.951922283054271,1.11152040472408
2,1685,3685,-1.20100300183332,1.32851912385383
2,1686,3686,-0.76117453048505,0.824128600508982
2,1687,3687,-1.29367513843447,1.31570020855545
2,1688,3688,-1.06299363951787,1.31384473456931
2,1689,3689,-1.02980494163215,1.32068208984099
2,1690,3690,-1.04929723387448,1.22020151886255
2,1691,3691,-1.53098097608587,1.06678590178029
2,1692,3692,-0.960461556161929,0.526816694802003
2,1693,3693,-0.414102554956327,0.73055900686151
2,1694,3694,-0.552076339680836,0.598854529071657
2,1695,3695,-0.390591848297675,0.36887547278392
2,1696,3696,-0.600067493126793,0.55465898928398
2,1697,3697,-0.554261003051578,0.478939148939988
2,1698,3698,-0.435277006462586,0.407718131795338
2,1699,3699,-0.526675920941063,0.483999902733964
2,1700,3700,-0.611393224676959,0.496548328435279
2,1701,3701,-0.55591675142846,0.524715295292112
2,1702,3702,-0.251002605382807,0.80511696273369
2,1703,3703,-0.308699249021036,0.258462561919687
2,1704,3704,-0.58962323499658,0.569518965331756
2,1705,3705,-0.340413646705675,0.226726665861519
2,1706,3706,-0.754059928019983,0.426740993099757
2,1707,3707,-0.623210157699713,0.499080394067823
2,1708,3708,-0.653511330455459,0.51992294661412
2,1709,3709,-0.668415499084578,0.785296618340453
2,1710,3710,-0.799124835522748,0.571566523519963
2,1711,3711,-1.43395268332063,1.15112881886428
2,1712,3712,-1.44129143137179,0.871186538741915
2,1713,3713,-1.33140549535153,1.22572566769323
2,1714,3714,-1.4028764512725,1.24128220814295
2,1715,3715,-0.761530598738442,0.78541375180309
2,1716,3716,-0.592308755869377,0.734422333773076
2,1717,3717,-0.524826669016948,1.2472675418158
2,1718,3718,-0.221326162103946,0.602578852425726
2,1719,3719,-0.279183646829432,0.584541793905435
2,1720,3720,-0.57444487207317,0.856844302608408
2,1721,3721,-0.53195883152905,0.556553832729024
2,1722,3722,-0.587784678837924,0.447256015694144
2,1723,3723,-0.738749109262334,0.839022991293809
2,1724,3724,-0.743086376754723,0.725983121507147
2,1725,3725,-0.771555863627044,0.595252554260594
2,1726,3726,-0.535006975931785,0.580882118406706
2,1727,3727,-0.783908450970404,0.791182794440412
2,1728,3728,-0.917412303696321,1.01818461105219
2,1729,3729,-0.742827778849708,0.476295710183765
2,1730,3730,-0.695094428957767,0.683009528316433
2,1731,3731,-0.646260485870748,0.527665275945782
2,1732,3732,-0.613988167581033,0.709995708187482
2,1733,3733,-0.469255341247901,0.396442207792577
2,1734,3734,-0.319353812894024,0.328297380964642
2,1735,3735,-0.739589793354355,0.754374227836779
2,1736,3736,-0.576770967840464,0.437844683704383
2,1737,3737,-0.456561085147595,0.481783329336437
2,1738,3738,-0.503872845419101,0.42668008478003
2,1739,3739,-0.305437879753433,0.200082168549449
2,1740,3740,-0.477212134224105,0.318281217346869
2,1741,3741,-0.29632204933268,0.240400910688776
2,1742,3742,-0.434867046698687,0.462922994259706
2,1743,3743,-0.570752913127194,0.529457645435196
2,1744,3744,-1.10120744475803,1.14617096485555
2,1745,3745,-0.717846806835503,0.544114425588065
2,1746,3746,-0.774659597843739,0.771082838258812
2,1747,3747,-0.947515376105477,0.666197499117033
2,1748,3748,-1.27386588124881,0.886820794548861
2,1749,3749,-0.89271540481842,0.831728466577267
2,1750,3750,-1.15295898319388,0.656894043637658
2,1751,3751,-1.16527110374825,0.947413424341502
2,1752,3752,-1.06128040855145,0.765680671161135
2,1753,3753,-1.62921622238705,1.1796350382152
2,1754,3754,-1.41238138587614,1.0207885189508
2,1755,3755,-1.22535746398234,1.19259779483416
2,1756,3756,-0.795339142538788,0.685172512034373
2,1757,3757,-0.753227184499267,1.09149094379784
2,1758,3758,-0.926374182931456,1.73082302133336
2,1759,3759,-0.828427607409097,1.70866761225225
2,1760,3760,-0.466514841963777,0.557085262346696
2,1761,3761,-0.232647578571601,0.252261762246461
2,1762,3762,-0.306771347548427,0.338133683399181
2,1763,3763,-0.325795527195522,0.352402212361181
2,1764,3764,-0.585023676144022,0.725770356553697
2,1765,3765,-0.327507292304709,0.257152450179738
2,1766,3766,-0.528637702229177,0.280638028540733
2,1767,3767,-0.444470771515817,0.273327286549681
2,1768,3768,-0.784636185655872,0.748161764605422
2,1769,3769,-0.7397031860319,0.660674891304517
2,1770,3770,-0.827415941338716,0.678982796422668
2,1771,3771,-0.935794122510442,0.68678989018406
2,1772,3772,-0.705514283735648,0.544513932226991
2,1773,3773,-0.804522675364003,0.814844274437975
2,1774,3774,-0.830600595702321,1.12187367992525
2,1775,3775,-0.586012463473273,0.952443821298085
2,1776,3776,-0.644131528933814,0.935425200842036
2,1777,3777,-0.710644548649228,1.03769533311647
2,1778,3778,-0.888865256552137,0.890481764109096
2,1779,3779,-0.67961133679706,0.742100190229392
2,1780,3780,-0.629862130758911,0.888508720125608
2,1781,3781,-0.820730215752283,0.540000078404427
2,1782,3782,-0.578489955764108,0.783964028504549
2,1783,3783,-0.444322644097313,0.411710112693179
2,1784,3784,-0.456116477724218,0.401956981707066
2,1785,3785,-0.675351442515979,0.480984851373158
2,1786,3786,-0.757655514598027,0.659368928537463
2,1787,3787,-0.529435914786511,0.457816376355487
2,1788,3788,-0.772640099127333,0.667495571644767
2,1789,3789,-0.551282778756417,0.403713129516964
2,1790,3790,-0.567886559067223,0.344379480778354
2,1791,3791,-0.471311437433395,0.30846316126254
2,1792,3792,-0.473647926075396,0.305296991936606
2,1793,3793,-0.545225179659147,0.358358980302635
2,1794,3794,-0.488305653517166,0.412911276890195
2,1795,3795,-0.470618785941077,0.44910021029061
2,1796,3796,-0.340964837365155,0.448062773100555
2,1797,3797,-0.733769708320563,0.617273227086649
2,1798,3798,-0.370665715752005,0.511964786841393
2,1799,3799,-0.322328275982005,0.675832571917177
2,1800,3800,-0.601241124040832,0.397841798592509
2,1801,3801,-0.477683697449548,0.42777216747837
2,1802,3802,-0.45347697333959,0.569032008354785
2,1803,3803,-0.602140954104864,0.786949432649143
2,1804,3804,-0.614578548847268,0.844297722965823
2,1805,3805,-0.734285583643115,0.764829559198804
2,1806,3806,-0.71583023870998,0.707830400873301
2,1807,3807,-0.455716601771351,0.300280602261904
2,1808,3808,-0.633594605552161,0.535634357238599
2,1809,3809,-0.257580332711805,0.324066165615004
2,1810,3810,-0.417949419342735,0.282635306530899
2,1811,3811,-0.810394253350104,0.35796861222654
2,1812,3812,-0.798943229061302,0.431728803061027
2,1813,3813,-1.01484009947321,0.84396019523268
2,1814,3814,-0.799173750870824,0.803333704540824
2,1815,3815,-0.945735280072179,1.16392288019907
2,1816,3816,-0.680764402727006,1.00100730945946
2,1817,3817,-0.73312648654652,0.964493520578067
2,1818,3818,-0.859434675238235,1.22043971886101
2,1819,3819,-0.678679469172077,1.21098746092336
2,1820,3820,-0.907626495909901,1.32327523241493
2,1821,3821,-0.637336484087499,0.888349316217657
2,1822,3822,-0.880589776093796,1.38123022669076
2,1823,3823,-0.571698281361983,0.603199358183585
2,1824,3824,-0.193891667051546,0.31848720702962
2,1825,3825,-0.155992234483162,0.189780814371955
2,1826,3826,-0.128399076044647,0.119894460436891
2,1827,3827,-0.139505294070663,0.156531955160939
2,1828,3828,-0.286535631393887,0.333834951846295
2,1829,3829,-0.751523930393894,0.582015290010845
2,1830,3830,-0.417257853172093,0.209220314486217
2,1831,3831,-0.250263481644803,0.148590595913621
2,1832,3832,-0.336889476988463,0.24452910715246
2,1833,3833,-0.446741997602319,0.740396629705361
2,1834,3834,-0.304142528735879,0.408603136065341
2,1835,3835,-0.284062541979146,0.363549812842505
2,1836,3836,-0.380033470484418,0.428746529237898
2,1837,3837,-0.732221317915156,0.355601682922799
2,1838,3838,-0.735305221880472,0.321616877849108
2,1839,3839,-0.656115608772424,0.422698186832764
2,1840,3840,-0.62671029389029,0.414856982069614
2,1841,3841,-0.605660962982074,0.377235453623172
2,1842,3842,-0.519722224445902,0.328791981045664
2,1843,3843,-0.319466047888916,0.375336511408323
2,1844,3844,-0.238961667479307,0.163097230109078
2,1845,3845,-0.304254122049231,0.166873639966428
2,1846,3846,-0.479683660123667,0.22535388451729
2,1847,3847,-0.503330450304695,0.453445843259912
2,1848,3848,-0.49029488208868,0.60783627908475
2,1849,3849,-0.322715848648927,0.497660437223112
2,1850,3850,-0.288239684266348,0.278245894599082
2,1851,3851,-0.360807024517285,0.370226504448947
2,1852,3852,-0.404999463539875,0.423912258133969
2,1853,3853,-0.341540015090961,0.722887217036626
2,1854,3854,-0.543796849000448,1.05300016401143
2,1855,3855,-0.627158064824121,1.12121394469246
2,1856,3856,-0.887402576457794,0.923577381616545
2,1857,3857,-0.760193121144684,0.508328268518507
2,1858,3858,-0.83620463126379,0.630296082290738
2,1859,3859,-1.23919952817698,1.01753402143531
2,1860,3860,-1.13615353484015,1.01727658956679
2,1861,3861,-1.15851296104484,1.09537375775117
2,1862,3862,-0.793883456016423,0.448570847761899
2,1863,3863,-0.831500247386211,0.403133705644098
2,1864,3864,-0.971899274991034,0.628101201086201
2,1865,3865,-1.06867058542673,0.683150889934776
2,1866,3866,-1.42599786434246,1.36197942548151
2,1867,3867,-1.27139678489601,1.57149050293147
2,1868,3868,-0.93041949333557,1.47376205127067
2,1869,3869,-0.945739646563733,1.84649818465994
2,1870,3870,-0.937992411754642,1.85632990314153
2,1871,3871,0.248017041318949,1.15414807821371
2,1872,3872,-0.182945542994362,1.81892406350918
2,1873,3873,-0.602741094962329,1.00732476389556
2,1874,3874,-0.39107481082497,0.913935477462755
2,1875,3875,-0.113790151419737,0.502444196693577
2,1876,3876,-0.177571205469708,0.409157530791639
2,1877,3877,-0.120984171144061,0.469707588488943
2,1878,3878,-0.177315572034049,0.844038493604147
2,1879,3879,-0.344763609249938,0.818708861988635
2,1880,3880,-0.997173435938596,0.903592022053202
2,1881,3881,-0.742035978395629,1.06610129546239
2,1882,3882,-0.928611060829795,0.82445217624042
2,1883,3883,-0.954868217785439,0.910317739616635
2,1884,3884,-0.802636344284244,0.914520121599515
2,1885,3885,-1.00553093189882,1.06768526007373
2,1886,3886,-0.766033898078882,0.545855703569467
2,1887,3887,-0.990151258980447,0.765892658540815
2,1888,3888,-0.5890078973195,0.479880138324286
2,1889,3889,-0.916846827396976,0.812971970908754
2,1890,3890,-0.444127391857643,0.479086239837869
2,1891,3891,-0.242800370579272,0.385325472433782
2,1892,3892,-0.476306901447555,0.46519597225736
2,1893,3893,-0.75946801654112,1.08257879130606
2,1894,3894,-0.659797350536104,0.881736625961308
2,1895,3895,-0.76334823942019,0.971129800524636
2,1896,3896,-0.91342278840697,1.04794540418179
2,1897,3897,-0.650283343023198,0.999726792323785
2,1898,3898,-0.835055735830343,0.82212928838869
2,1899,3899,-0.505771744188014,0.387359813721215
2,1900,3900,-0.554839997196825,0.696575582408066
2,1901,3901,-1.15799978231819,1.02794874663894
2,1902,3902,-0.739697395679021,0.672966364039886
2,1903,3903,-0.202251112396623,0.711833803316526
2,1904,3904,-0.51672763622614,0.673011079210557
2,1905,3905,-0.56740756427062,0.637102313424304
2,1906,3906,-0.623826318023068,0.556488382128477
2,1907,3907,-0.868031017203492,1.51267248434941
2,1908,3908,-1.02957503436579,1.36439308607949
2,1909,3909,-0.970282584839674,1.16223950488635
2,1910,3910,-0.53292600250231,0.79218130126187
2,1911,3911,-0.425073323356368,0.47281585677111
2,1912,3912,-0.566719982976923,0.919776433081143
2,1913,3913,-0.517086616522052,1.00165011330463
2,1914,3914,-0.27524862010608,0.362720350397673
2,1915,3915,-0.602688864975144,0.959392735477919
2,1916,3916,-0.649353275692367,0.655142871955743
2,1917,3917,-0.67593820766567,0.902634913770347
2,1918,3918,-0.678530280015443,0.836637534896704
2,1919,3919,-0.52365655271593,0.797441675017204
2,1920,3920,-0.567822713374469,0.718820669003177
2,1921,3921,-0.861384816589246,0.753433932194676
2,1922,3922,-1.16702282521533,0.838402974076331
2,1923,3923,-1.01777781627883,0.847695539110483
2,1924,3924,-1.14187788159007,0.976686138133304
2,1925,3925,-1.1278314510174,0.868751736305864
2,1926,3926,-1.02439859895018,0.901586387126767
2,1927,3927,-1.05597671975752,0.778076570406279
2,1928,3928,-0.459309913510451,0.521026741475884
2,1929,3929,-0.49323141322364,0.490380010512663
2,1930,3930,-0.334491341939422,0.433308539380051
2,1931,3931,-0.36123869235427,0.32549555009255
2,1932,3932,-0.275595818827464,0.28855556100556
2,1933,3933,-0.316286009559261,0.303131574175042
2,1934,3934,-0.421498036305084,0.572008997496477
2,1935,3935,-0.470084115255454,0.521226063475784
2,1936,3936,-0.334708723301256,0.364390940097281
2,1937,3937,-0.356915188884822,0.422225520440219
2,1938,3938,-0.989597425055444,0.618601631731898
2,1939,3939,-0.685068576086133,0.548377125990074
2,1940,3940,-0.600754257184234,0.596417683748823
2,1941,3941,-0.650603189328447,0.626780392680429
2,1942,3942,-0.603020404760017,0.791264188848055
2,1943,3943,-0.52596308875539,0.479579254241974
2,1944,3944,-0.417059146736111,0.247367672741261
2,1945,3945,-0.172607441334993,0.189778811516914
2,1946,3946,-0.408581297285841,0.405791326382506
2,1947,3947,-0.3934333947893,0.342996156509474
2,1948,3948,-0.405277446021465,0.562293059439052
2,1949,3949,-0.443541928409009,0.447062595416227
2,1950,3950,-0.861759210454338,0.667214116916971
2,1951,3951,-0.804990260530175,0.613469691036055
2,1952,3952,-0.817463805687734,0.772428135090722
2,1953,3953,-0.614696188242573,0.496254334254666
2,1954,3954,-0.423493347912345,0.42710885812797
2,1955,3955,-0.323520027492848,0.5287365469949
2,1956,3956,-0.343664597615884,0.69160938249388
2,1957,3957,-0.285218545845634,0.175524582685987
2,1958,3958,-0.199324164856237,0.409069724323844
2,1959,3959,-0.494413091322294,0.826950185227368
2,1960,3960,-0.503992260792018,0.702655371107834
2,1961,3961,-0.494559932130005,0.832674764468211
2,1962,3962,-0.351403715285416,0.382538126935406
2,1963,3963,-0.68581643391265,1.03853079562278
2,1964,3964,-0.955251480355419,1.29255394359586
2,1965,3965,-0.640378949891793,1.31874475634105
2,1966,3966,-0.48200601584128,0.925677021130636
2,1967,3967,-0.590803315741181,1.07904471300433
2,1968,3968,-0.569462976582933,1.25808502855879
2,1969,3969,-0.314106279421353,1.51921675237378
2,1970,3970,-0.346632299128437,1.37776290488888
2,1971,3971,-0.237088062545436,2.09825557928152
2,1972,3972,-1.02837502080493,0.941877172304252
2,1973,3973,-1.10426882109259,0.73313393742053
2,1974,3974,-1.26352546985643,0.958184937927555
2,1975,3975,-1.57483396992016,1.19951305680314
2,1976,3976,-1.23378894289063,0.873567565035692
2,1977,3977,-1.11702811588531,0.78972905453734
2,1978,3978,-0.386496829571484,0.535527084877537
2,1979,3979,-0.751099070432017,1.09506075807304
2,1980,3980,-0.566713538766523,0.915498472597294
2,1981,3981,-0.385442143581069,1.01529010152736
2,1982,3982,-0.744534487316793,1.47841963826155
2,1983,3983,-0.502483604356122,0.806166826749384
2,1984,3984,-0.8186189148108,1.38536413293647
2,1985,3985,-0.761201352077518,1.37092018900722
2,1986,3986,-0.918710252746604,1.82762315847756
2,1987,3987,-0.643916731255301,0.985666734897265
2,1988,3988,-0.351753289594316,0.42900508869405
2,1989,3989,-1.03760905909323,0.933190812955792
2,1990,3990,-1.06203963480652,0.931696532131511
2,1991,3991,-0.760211008234864,0.768790045161521
2,1992,3992,-0.83801733238795,0.886959472363644
2,1993,3993,-1.16354004221537,1.30643093049229
2,1994,3994,-0.896715566052091,0.682239149431191
2,1995,3995,-0.981893846787023,0.50479801970568
2,1996,3996,-0.957959702364916,0.642747639625357
2,1997,3997,-0.601715783306323,0.445878784794062
2,1998,3998,-0.68390170875398,0.385035396523888
2,1999,3999,-0.530879152432194,0.280234865337184
2,2000,4000,-0.65602207293279,0.385275146275229
3,1,4001,-0.744152896619315,0.865528616416614
3,2,4002,-0.907185268896943,1.07444648648295
3,3,4003,-0.546784192162195,0.44992352792965
3,4,4004,-0.865843742218076,0.591061405874768
3,5,4005,-0.74576004235774,0.576045423945868
3,6,4006,-0.62005783713982,0.611608044891497
3,7,4007,-0.597937795553874,0.601499803401896
3,8,4008,-0.631120756594108,0.603329783910376
3,9,4009,-0.481425077320888,0.497484771132874
3,10,4010,-0.508415599001724,0.495786146795387
3,11,4011,-0.703844097656064,0.57224261616054
3,12,4012,-0.653868226193983,0.510685258157826
3,13,4013,-1.0246664163528,0.66296331930978
3,14,4014,-1.14312987175935,1.12489869132928
3,15,4015,-0.598208155467055,0.959583140914718
3,16,4016,-0.914554725830279,0.632301809029424
3,17,4017,-0.482653348071405,0.43659337814884
3,18,4018,-0.7247246366942,0.751839606108758
3,19,4019,-0.459566055861091,0.522417623895069
3,20,4020,-0.936575884613094,0.939991657638691
3,21,4021,-0.291422673674065,0.81097736256852
3,22,4022,-0.889258403320968,1.26596268571345
3,23,4023,-1.00530135285412,1.26865226355284
3,24,4024,-0.677136458509807,1.4880135766434
3,25,4025,-0.577749534049626,0.910131875723309
3,26,4026,-0.855554891646664,1.22344448074835
3,27,4027,-0.96349435982921,0.885894513972925
3,28,4028,-1.19935668708189,1.16755508188991
3,29,4029,-1.36602165234604,1.29507226137704
3,30,4030,-1.02630067026023,1.11044215887947
3,31,4031,-1.07797151124218,1.10618186983927
3,32,4032,-0.734851427384856,1.30981885908195
3,33,4033,-0.976558354842253,0.822313302645826
3,34,4034,-0.997748388843124,0.803343536551925
3,35,4035,-1.18329080348377,0.941256500703428
3,36,4036,-0.983394841339897,0.664548451113682
3,37,4037,-0.956743347227122,0.74875914802203
3,38,4038,-1.08239265136011,0.774805076696229
3,39,4039,-0.978489313928734,1.10414038940169
3,40,4040,-0.695818371761665,0.654605838437456
3,41,4041,-0.280923880247372,0.455149331715342
3,42,4042,-0.34179210377171,0.510813838969804
3,43,4043,-0.244503550449901,0.44002665889725
3,44,4044,-0.579629404029054,0.609621250049116
3,45,4045,-0.442444669053859,0.432486593740065
3,46,4046,-0.390846487977677,0.445182122138982
3,47,4047,-0.541608088071713,0.538860808134937
3,48,4048,-0.599620343479197,0.547962853420892
3,49,4049,-0.585537259686526,0.393164298632601
3,50,4050,-0.491076077593915,0.345624457509901
3,51,4051,-0.691500526511704,0.855854727037246
3,52,4052,-0.649746889472851,0.848399806152001
3,53,4053,-0.669024356764196,0.443595200126693
3,54,4054,-0.888165424604092,0.518765825195411
3,55,4055,-0.759025124891725,0.458446356215564
3,56,4056,-0.755420044052293,0.473539876877859
3,57,4057,-0.594387216974619,0.352099008098089
3,58,4058,-0.582766774798609,0.644979260486849
3,59,4059,-0.420067478915123,0.320418286518827
3,60,4060,-0.540256594242759,0.364168267320666
3,61,4061,-0.53195089468628,0.34654238816235
3,62,4062,-0.394928202824506,0.343455136036118
3,63,4063,-0.377616216442005,0.405105740984973
3,64,4064,-0.662897174387656,0.601831254607976
3,65,4065,-0.865498456764231,0.667644590990324
3,66,4066,-0.194213405258669,0.238613839680153
3,67,4067,-0.449854832079858,0.481350939722026
3,68,4068,-0.294413343624439,0.279248878764886
3,69,4069,-0.496034415365582,0.286875930967858
3,70,4070,-0.616325985532897,0.411857603641427
3,71,4071,-0.475317504446243,0.327740595823178
3,72,4072,-0.546282676391568,0.478797151535781
3,73,4073,-0.456334787468305,0.401188367832249
3,74,4074,-0.464892282350329,0.37951794025335
3,75,4075,-0.575135971290911,0.428798119897139
3,76,4076,-0.489732090481732,0.283211191104886
3,77,4077,-0.716670710599468,0.418504756441219
3,78,4078,-0.780016692146139,0.468533795268036
3,79,4079,-0.639427457053363,0.408678880873131
3,80,4080,-0.776735967023492,0.467664534857335
3,81,4081,-0.668614011519092,0.582780549085805
3,82,4082,-0.427042262213271,0.306332045175
3,83,4083,-0.339148691243623,0.342044112155603
3,84,4084,-0.409582531637023,0.568597767882446
3,85,4085,-0.381231281995773,0.56559375577862
3,86,4086,-0.415728370909425,0.511445227047904
3,87,4087,-0.367320213683443,0.619743142992373
3,88,4088,-0.231055631749065,0.259369743645406
3,89,4089,-0.449781895716304,0.260116557913071
3,90,4090,-0.339301851343981,0.338303374072225
3,91,4091,-0.211823179942754,0.182213694638302
3,92,4092,-0.531334613666019,0.30758713207436
3,93,4093,-0.299623890926344,0.15986690922143
3,94,4094,-0.228253566880164,0.157274989472599
3,95,4095,-0.0973345160789215,0.164103960208233
3,96,4096,-0.211037705623282,0.171015386222254
3,97,4097,-0.249379202139653,0.255590156144016
3,98,4098,-0.159807706960726,0.194170085423032
3,99,4099,-0.350314225830559,0.340661862918836
3,100,4100,-0.393004199532542,0.287950648473477
3,101,4101,-0.38961706098565,0.302084168160496
3,102,4102,-0.474573856031776,0.292440182137906
3,103,4103,-0.286892500562896,0.146992231439921
3,104,4104,-0.349789821502642,0.345008062985202
3,105,4105,-0.200548485060427,0.25233896451524
3,106,4106,-0.314429889460345,0.243147425354286
3,107,4107,-0.588433418512479,0.446531528316183
3,108,4108,-0.517856001802241,0.324847429068561
3,109,4109,-0.785658880653425,0.833345091365189
3,110,4110,-0.710270082874073,0.609871935676281
3,111,4111,-0.573868260142719,0.445515315778248
3,112,4112,-1.164452155587,1.53930220004021
3,113,4113,-0.636660485597443,0.864617007252593
3,114,4114,-0.624170985868771,0.804935904873612
3,115,4115,-0.748934885015413,1.21198879129612
3,116,4116,-0.385079436217232,0.389020015700805
3,117,4117,-0.927963669654166,0.84840557353567
3,118,4118,-0.781990267038696,0.791815831211932
3,119,4119,-0.471082896829441,0.737745206228914
3,120,4120,-0.455447989655598,1.25128999853369
3,121,4121,-0.503242784585307,0.702178377479815
3,122,4122,-0.532329830819112,1.46727393408227
3,123,4123,-0.769725338507564,1.20331496411358
3,124,4124,-0.704913356690462,1.01882847610923
3,125,4125,-0.694708770709773,1.14184687514688
3,126,4126,-0.739693505241033,0.588222170506765
3,127,4127,-0.585532363113318,0.484281573477648
3,128,4128,-0.483395136149897,0.699491416875205
3,129,4129,-0.359303658062419,0.364695382838935
3,130,4130,-0.509460544093346,0.38170057396361
3,131,4131,-0.512323820034237,0.431082482518173
3,132,4132,-0.645322552733867,0.520049715362677
3,133,4133,-0.670001616872112,0.486450037088191
3,134,4134,-0.505728441944948,0.340625157925897
3,135,4135,-0.307251882950375,0.25051505832317
3,136,4136,-0.405538576356454,0.857320012904562
3,137,4137,-0.202678644748667,0.55985243601288
3,138,4138,-0.20352853875139,0.572040913197781
3,139,4139,-0.227173258445657,0.669190567635563
3,140,4140,-0.617026275373408,1.22852415531339
3,141,4141,-0.258525678168615,1.37952499523426
3,142,4142,-0.144383951887277,1.10826217364287
3,143,4143,-0.498725317781861,0.963216289625571
3,144,4144,-0.703099214062177,0.930694628988207
3,145,4145,-1.0335513851535,1.00931212889654
3,146,4146,-0.915920101554845,0.778825570977455
3,147,4147,-0.859146042936747,1.39999461149139
3,148,4148,-0.831974139076696,1.28122282731517
3,149,4149,-0.567546406714893,0.582753958211213
3,150,4150,-0.774595339248017,0.690632515288853
3,151,4151,-0.655428583197323,0.552536816391179
3,152,4152,-0.570958995320566,0.589029330909568
3,153,4153,-0.703706618802811,0.663973297903192
3,154,4154,-0.686999652225908,0.536384366504885
3,155,4155,-0.641888269833421,0.476942093841485
3,156,4156,-0.270738045780334,0.225903579008528
3,157,4157,-0.286942334874519,0.256660667734083
3,158,4158,-0.411461252532215,1.01660898044901
3,159,4159,-0.457585548245197,0.628829556336576
3,160,4160,-0.484049212861983,0.480645945836229
3,161,4161,-0.620027929821866,0.519845956544785
3,162,4162,-0.553737575171586,0.628656268069736
3,163,4163,-0.393981965297222,0.602446934304708
3,164,4164,-0.478279870426986,0.723632008747534
3,165,4165,-0.506375217115091,0.450846565476515
3,166,4166,-0.700819540938909,0.971082832280966
3,167,4167,-0.810819161074673,0.941882722194823
3,168,4168,-0.15703816416773,0.227041439787193
3,169,4169,-0.152212982675206,0.209843240215403
3,170,4170,-0.374073626945978,0.2586342068727
3,171,4171,-0.442790309675797,0.366313129693303
3,172,4172,-0.496454210365702,0.430589953843387
3,173,4173,-0.359222650752043,0.268164059506867
3,174,4174,-0.370523788367679,0.297319513882025
3,175,4175,-0.157411607911499,0.444812026283862
3,176,4176,-0.382878625004526,0.240502615621214
3,177,4177,-0.311231765490191,0.197751287479286
3,178,4178,-0.265660937192713,0.0889782215700579
3,179,4179,-0.574203920674464,0.364470805236239
3,180,4180,-0.200399275803223,0.169347196102295
3,181,4181,-0.204784932668578,0.191998179173808
3,182,4182,-0.205148819480639,0.120231252348586
3,183,4183,-0.333550023036916,0.605503337766689
3,184,4184,-0.516687818574686,0.447026853236258
3,185,4185,-0.486626798879908,0.411003478652513
3,186,4186,-0.727054766645904,0.602082445596959
3,187,4187,-0.306278041778303,0.477130786165442
3,188,4188,-0.408775063847621,0.366251402683619
3,189,4189,-0.76255156454697,0.547627068115838
3,190,4190,-0.64234248476284,0.514350277585862
3,191,4191,-0.804459604740951,0.955889373042916
3,192,4192,-0.600659674417467,0.45569674812737
3,193,4193,-0.526131464481501,0.45112085812278
3,194,4194,-0.273862913700606,0.38020360303103
3,195,4195,-0.415026597187844,0.548930903546115
3,196,4196,-0.49992492577603,0.383493654499056
3,197,4197,-0.481392563045187,0.311989380374661
3,198,4198,-0.229533767957342,0.178692707319734
3,199,4199,-0.316813222877424,0.233179186218775
3,200,4200,-0.280859629324358,0.22034455744682
3,201,4201,-0.376124208843989,0.252905788521107
3,202,4202,-0.399558125203366,0.168730575462052
3,203,4203,0.147588412088769,1.3917310524776
3,204,4204,-0.120990401910443,0.563042067673263
3,205,4205,-0.369713885443191,0.36763485969146
3,206,4206,-0.420585760455272,0.245808490182296
3,207,4207,-0.445048231296544,0.229112271187355
3,208,4208,-0.989549792094453,0.493120207766046
3,209,4209,-0.819840421238881,0.434890378197334
3,210,4210,-0.804167778428655,0.402546609576687
3,211,4211,-0.76154614602031,0.433995002636127
3,212,4212,-0.985452461862634,0.414088632654992
3,213,4213,-0.64400139150292,0.255268827239679
3,214,4214,-0.987146564019758,0.715003402578904
3,215,4215,-0.275814294974092,0.418572492541387
3,216,4216,-0.354953877092701,0.434332908902873
3,217,4217,-0.360048189530043,0.307503927391247
3,218,4218,-0.340939429254282,0.312561890876459
3,219,4219,-0.395906904996882,0.314225174532484
3,220,4220,-0.682752410293789,0.49281344228036
3,221,4221,-0.549485950213693,0.309864678920361
3,222,4222,-0.756871034528271,0.864098101398205
3,223,4223,-0.597542330091603,0.469411287433057
3,224,4224,-0.520277908145474,0.376813652021932
3,225,4225,-0.441016543956839,0.329450464117206
3,226,4226,-0.465825127551239,0.454141611510525
3,227,4227,-0.738681992880633,0.567572968142251
3,228,4228,-0.579004558277825,0.798989827428756
3,229,4229,-0.405547223168423,0.363391785423255
3,230,4230,-0.471344726153724,0.390205979232407
3,231,4231,-0.491901182144242,0.563185718094
3,232,4232,-0.614153904324954,0.396900004356557
3,233,4233,-0.599204508195908,0.353922959897328
3,234,4234,-0.55769294298221,0.548541661260451
3,235,4235,-0.518719503986526,0.428703249508923
3,236,4236,-0.42463834715612,0.326830252920113
3,237,4237,-0.452079058577799,0.329495858768935
3,238,4238,-0.509312660426313,0.348966197319738
3,239,4239,-0.417168448978456,0.263124184710382
3,240,4240,-0.5153434774535,0.450964053093865
3,241,4241,-0.297175603342021,0.215728987948113
3,242,4242,-0.301430680434474,0.349219089202005
3,243,4243,-0.752780084322555,0.680880642784945
3,244,4244,-0.533713277215252,0.567987278696395
3,245,4245,-0.590408178392534,0.760189922555561
3,246,4246,-0.280299843294065,0.212212667390321
3,247,4247,-0.27704585178007,0.168574945512411
3,248,4248,-0.244100080670385,0.141126619951753
3,249,4249,-0.416321728428545,0.357993578658324
3,250,4250,-0.494348357155668,0.298522751828181
3,251,4251,-0.392700336293009,0.303220696037172
3,252,4252,-0.698832254944184,0.879804194228496
3,253,4253,-0.84993216895106,0.8987568352448
3,254,4254,-0.874819369527504,0.905748425995667
3,255,4255,-0.810576273255745,0.766755203523634
3,256,4256,-0.631572729559507,0.545800639097242
3,257,4257,-0.59065008052167,0.503738946831921
3,258,4258,-0.382250561658953,0.405323350406718
3,259,4259,-0.494015910766993,0.578722823112416
3,260,4260,-0.297636150486926,0.426186491181686
3,261,4261,-0.458575978059168,0.370586541429252
3,262,4262,-0.810093852270011,0.574754066755375
3,263,4263,-0.783622421273891,0.726882879404697
3,264,4264,-0.750097672330874,0.656283911366551
3,265,4265,-0.71088398938804,0.745162454249699
3,266,4266,-0.60883052579856,0.581063734198245
3,267,4267,-0.649722494166991,0.545578998922098
3,268,4268,-0.695385343728212,0.592930124945154
3,269,4269,-0.682587540395107,0.678837912531157
3,270,4270,-0.674963285990195,0.81827515314184
3,271,4271,-0.683140518416741,1.590480380209
3,272,4272,-0.878359562504456,1.0136251954748
3,273,4273,-0.900993560159328,1.18567839942291
3,274,4274,-1.15943870633509,0.789056598490114
3,275,4275,-1.23707415080676,0.966126501350658
3,276,4276,-1.28447944676684,1.394376146013
3,277,4277,-1.24438611672916,1.36091046941833
3,278,4278,-0.910819038440908,1.1103695605042
3,279,4279,-0.739410347920922,0.730588175138887
3,280,4280,-0.671848671232314,0.74801353772737
3,281,4281,-0.900423792185051,0.992699998915536
3,282,4282,-0.655852097092977,1.09084468899943
3,283,4283,-1.00212964800065,1.17004373063838
3,284,4284,-1.20682678781331,0.911317535325297
3,285,4285,-0.463402184211214,0.504851897801969
3,286,4286,-0.622858065867027,0.73807866118346
3,287,4287,-0.550648615505753,0.501993520372224
3,288,4288,-0.584297273482706,0.510470903389846
3,289,4289,-0.749181784474002,0.581248915332516
3,290,4290,-0.414294219333559,0.254328853226871
3,291,4291,-0.449101754603105,0.474392557857818
3,292,4292,-0.374146128163389,0.388189310779773
3,293,4293,-0.792800208256727,0.652953564504402
3,294,4294,-0.424573306674278,0.768207634730059
3,295,4295,-0.441951386075936,0.557919863188953
3,296,4296,-0.469931744647164,1.42662851191264
3,297,4297,-0.369014075882433,0.907107193574818
3,298,4298,-0.508039666985126,1.22012222466261
3,299,4299,-0.576819131410188,0.683287989974904
3,300,4300,-0.458650913572243,0.456349294169099
3,301,4301,-0.723103645484731,0.697492248933244
3,302,4302,-1.02855551868159,1.35562538079605
3,303,4303,-0.504813047012402,0.341457145549349
3,304,4304,-0.538343292826918,0.531426239796704
3,305,4305,-0.273205947974909,0.64122523278942
3,306,4306,-0.586633773362589,0.876651670477695
3,307,4307,-0.395823058559748,0.698743764032354
3,308,4308,-1.32598662173693,0.947091138646469
3,309,4309,-0.574246542077075,0.496011936114219
3,310,4310,-0.514812168683811,0.4988673258462
3,311,4311,-0.495068786708676,0.479531006425278
3,312,4312,-0.51178457464155,0.632851054679347
3,313,4313,-0.898485014003036,1.01425353876928
3,314,4314,-0.364582488480555,0.291934357518615
3,315,4315,-0.422807606349219,0.330718563807849
3,316,4316,-0.517296197749202,0.348747288719795
3,317,4317,-0.393906525631387,0.259325604258446
3,318,4318,-0.585188329396471,0.334322343497979
3,319,4319,-0.496062967910693,0.338467707373254
3,320,4320,-0.778926122826771,0.474533914716362
3,321,4321,-1.02821963473265,0.607581129606252
3,322,4322,-0.965814207964611,0.492951777727486
3,323,4323,-0.907567528655804,0.471684236411046
3,324,4324,-0.848400695378325,0.467705116586121
3,325,4325,-1.03237716388333,0.61862361502791
3,326,4326,-0.807034642492091,0.448766437733982
3,327,4327,-0.646665240458612,0.322348748900269
3,328,4328,-0.509659242563666,0.463717442521188
3,329,4329,-0.27749565834173,0.337503909817807
3,330,4330,-0.225903376755712,0.223695315853706
3,331,4331,-0.401118703746349,0.278077386973465
3,332,4332,-0.45344246182385,0.284036530062063
3,333,4333,-0.718094007886218,0.479871217834745
3,334,4334,-0.632274726432773,0.391365458877214
3,335,4335,-0.432303380923628,0.329562295065323
3,336,4336,-0.647250120892808,0.405149054181416
3,337,4337,-0.531738571359841,0.335566700122856
3,338,4338,-0.965773147788726,0.605340730247302
3,339,4339,-0.41408193295363,0.368649142549812
3,340,4340,-0.331846167424337,0.325954488485054
3,341,4341,-0.467966905599533,0.306325344321585
3,342,4342,-0.661353198783252,0.454333607834185
3,343,4343,-0.626446028025969,0.522685029699805
3,344,4344,-0.392786401564908,0.239077432522156
3,345,4345,-0.623441000378404,0.644087242983726
3,346,4346,-0.740782670605667,0.799016859382928
3,347,4347,-0.427888728226994,0.500627160179096
3,348,4348,-0.505867516102488,0.691195151913663
3,349,4349,-0.481787997169928,0.640455353124793
3,350,4350,-0.608536774527858,0.658510700913279
3,351,4351,-0.6228706239103,0.66903429258319
3,352,4352,-0.880142779540535,0.908161835702049
3,353,4353,-0.950699718844304,0.996531656270002
3,354,4354,-0.622459266567944,0.926254966851888
3,355,4355,-0.688691064860585,1.05367476418179
3,356,4356,-0.577184649197627,0.645713394366476
3,357,4357,-0.586441341423394,0.647024376533613
3,358,4358,-0.780130213722006,0.938407833918028
3,359,4359,-0.934166071516703,0.853551564790749
3,360,4360,-0.801864988935997,0.727771920860074
3,361,4361,-0.644814823822074,0.764997236901637
3,362,4362,-0.585301749719375,0.532017759838671
3,363,4363,-0.769617737705785,0.69056795327975
3,364,4364,-1.17587792448911,1.24557430239987
3,365,4365,-1.17219545684431,1.04220768967213
3,366,4366,-1.02307787368992,1.23527886598176
3,367,4367,-0.999409514223628,0.997821397932777
3,368,4368,-1.35901830358157,1.30792847661646
3,369,4369,-1.32488875073518,1.48932807276909
3,370,4370,-1.17312369936522,1.02719852421375
3,371,4371,-1.23921052446652,1.14696026873206
3,372,4372,-1.19414120344812,0.880646028960826
3,373,4373,-1.26233481028065,1.00610850536046
3,374,4374,-0.706379954915841,0.628411048433132
3,375,4375,-1.00206106973768,0.824405075345731
3,376,4376,-1.02583866619181,0.710000620461012
3,377,4377,-1.63899229074606,1.20846445577811
3,378,4378,-2.07437645054297,1.17112406633448
3,379,4379,-1.95475894084331,1.42200310364295
3,380,4380,-1.92498557242315,1.44301602672997
3,381,4381,-1.98479095302066,1.43328689524065
3,382,4382,-1.43366670547532,0.847263559839781
3,383,4383,-1.76500199806886,1.13055023615891
3,384,4384,-1.41307408219547,0.782386412992178
3,385,4385,-1.27163702663121,0.774410109414238
3,386,4386,-1.46146526548669,0.801681620388686
3,387,4387,-1.38302384673609,1.16149763744726
3,388,4388,-0.909042264961287,1.12250297875609
3,389,4389,-0.675244989782709,0.673470464030035
3,390,4390,-0.522901339076925,0.62364863370751
3,391,4391,-0.665033385023569,0.927671068198677
3,392,4392,-0.485228465571279,0.337847910614663
3,393,4393,-0.418393661733665,0.292195898084171
3,394,4394,-0.420326277712103,0.488319858627195
3,395,4395,-0.464007178056191,0.839047575101682
3,396,4396,-0.395380475065057,0.746879569963324
3,397,4397,-0.33155605275515,0.155901659459794
3,398,4398,-0.348263376357194,0.231547633883151
3,399,4399,-0.2879558323691,0.158033762078513
3,400,4400,-0.3588056914837,0.240733969751867
3,401,4401,-0.302792809178681,0.133955259574739
3,402,4402,-0.168578675740262,0.160929648981106
3,403,4403,-0.709467924290484,0.386510331006455
3,404,4404,-0.724145431838291,0.397111142359264
3,405,4405,-1.00629881636448,0.59810796484414
3,406,4406,-0.866742920888305,0.607786650021906
3,407,4407,-0.925163239934068,0.566586352217086
3,408,4408,-0.972761796048196,1.11283686558758
3,409,4409,-0.89701623154241,0.7016937488802
3,410,4410,-0.846200226824325,0.91997852558119
3,411,4411,-0.79242488623349,0.67103154827875
3,412,4412,-0.691710399270117,0.641139015318861
3,413,4413,-0.446576588612418,0.607596829892721
3,414,4414,-0.349564443050417,0.516437458054955
3,415,4415,-0.617548561609871,0.651833598929483
3,416,4416,-0.69710395780161,0.72244761316759
3,417,4417,-0.735171821410192,0.805198061422022
3,418,4418,-0.814619840932636,0.821892726474114
3,419,4419,-0.536331715006904,0.599602168449027
3,420,4420,-0.552831244881093,0.684897076478082
3,421,4421,-0.585986663298369,0.776038715212097
3,422,4422,-0.542845075722126,0.692642462367353
3,423,4423,-0.553287771988167,0.66439377286101
3,424,4424,-0.584041722305325,0.513131589281013
3,425,4425,-0.75745755093415,0.841525043037001
3,426,4426,-0.729611891913369,0.783870858907722
3,427,4427,-0.71443772117084,0.415084752709395
3,428,4428,-0.700599473843363,0.502831273304574
3,429,4429,-0.628500782939671,0.447021183919715
3,430,4430,-0.323309627994114,0.777198163734537
3,431,4431,-0.490543904843481,0.642416357117706
3,432,4432,-0.655033356653319,0.857225068944885
3,433,4433,-0.406808058222797,0.460649008950052
3,434,4434,-0.893058113710585,0.918955876977777
3,435,4435,-1.1226906289428,1.20836733816292
3,436,4436,-0.859015316457205,0.924889133308934
3,437,4437,-1.02623482852666,0.777377780102979
3,438,4438,-0.597762100547481,0.389645667838858
3,439,4439,-0.479858314674524,0.251881755553223
3,440,4440,-0.923711024228177,0.582522108000101
3,441,4441,-0.504142130048604,0.388323004699268
3,442,4442,-0.532288545229063,0.320090307423527
3,443,4443,-1.20902498682716,0.847871728307771
3,444,4444,-1.05457307616737,0.787232484696032
3,445,4445,-0.518341200268291,0.343143481092897
3,446,4446,-0.812762555992726,0.428907046574712
3,447,4447,-1.1399895297816,0.617302896157326
3,448,4448,-0.476072837531794,0.42022747955917
3,449,4449,-0.455919819806818,0.379754841361931
3,450,4450,-0.793722873148662,0.694101571092008
3,451,4451,-0.61468739584683,0.470256728664241
3,452,4452,-0.770445807611974,0.660077654946489
3,453,4453,-0.6693831836622,0.587808132231644
3,454,4454,-0.882345649380347,0.894838890573388
3,455,4455,-0.672141234263206,0.665001894186031
3,456,4456,-0.528148128324304,0.638642669717097
3,457,4457,-0.575422624900519,0.696180076913674
3,458,4458,-0.697702722336935,0.7894633635385
3,459,4459,-0.405515414988316,0.346221364748697
3,460,4460,-0.809300176599311,0.647122635085434
3,461,4461,-0.738450577724448,0.605778173754013
3,462,4462,-0.528165816762108,0.322750958568787
3,463,4463,-0.807454450881449,0.818419584340306
3,464,4464,-0.717900368065858,0.46404857935127
3,465,4465,-0.901720509919835,1.07853931571625
3,466,4466,-0.782086656880238,0.866540849573441
3,467,4467,-0.560750676425587,0.578698147619356
3,468,4468,-0.738197629836515,0.423792443743104
3,469,4469,-0.639347679870002,0.435328037138301
3,470,4470,-0.615071512269129,0.396266517743339
3,471,4471,-0.664682050065355,0.461071978888673
3,472,4472,-0.789163646463811,0.627926758329222
3,473,4473,-0.897919863149187,0.657770588811912
3,474,4474,-0.571801191162152,0.40495478922288
3,475,4475,-0.538520878399678,0.420816657293777
3,476,4476,-0.598720393340937,0.354499510893203
3,477,4477,-1.5267650701549,1.10578299516396
3,478,4478,-0.761859643226209,0.525174344358284
3,479,4479,-0.456890702607976,0.614545563093417
3,480,4480,-0.736353655005459,0.648053763079258
3,481,4481,-0.914279285809672,0.824673143443148
3,482,4482,-1.11425065103699,1.43739643435858
3,483,4483,-0.481627527025337,1.4809240444788
3,484,4484,-0.544507864678153,2.39609742444073
3,485,4485,-0.650308721460249,1.8140396937749
3,486,4486,-0.630840672899628,0.619352709895998
3,487,4487,-0.715508984705516,1.21046640606444
3,488,4488,-0.542810853767168,1.83172681429635
3,489,4489,-0.392612969984793,0.724725668760006
3,490,4490,-0.553972516449655,0.933370250243903
3,491,4491,-0.869231031799321,1.10599103446982
3,492,4492,-0.388076466292575,0.619558677273583
3,493,4493,-0.778292277314637,1.07633458237696
3,494,4494,-0.722099307398898,2.10744022785378
3,495,4495,-0.824123088472281,2.39609742009437
3,496,4496,-0.856396524647481,2.47514978771255
3,497,4497,-0.807243126819517,2.23113604321398
3,498,4498,-1.19857406343427,1.63785059850414
3,499,4499,-1.14795840052008,1.64407005020259
3,500,4500,-1.07916270366997,1.0458967869687
3,501,4501,-0.815537173170048,0.772408808261296
3,502,4502,-1.09319632357626,0.874763290157063
3,503,4503,-1.19525762674641,0.807318107411219
3,504,4504,-1.02651251178145,0.751005238664787
3,505,4505,-0.76874359829066,0.74608268922623
3,506,4506,-0.688200453159703,0.619251863403887
3,507,4507,-1.15896880994699,1.07397484230097
3,508,4508,-0.966996338753262,0.881111265941589
3,509,4509,-1.00515724338708,0.844949541659995
3,510,4510,-0.940673539483775,0.959363339185985
3,511,4511,-1.02016698895322,1.0188077989536
3,512,4512,-1.27813840699425,1.09908876330827
3,513,4513,-0.844868159931671,1.155020014485
3,514,4514,-0.921801905525293,1.25866270709633
3,515,4515,-0.639946655030089,0.942663166618347
3,516,4516,-0.459588105062221,0.597470048113791
3,517,4517,-0.442322339118066,0.628828841764834
3,518,4518,-0.737724238954113,0.778566278858508
3,519,4519,-0.651461599068533,0.663943676844315
3,520,4520,-0.391129019907099,0.441936690328167
3,521,4521,-0.30076099553048,0.44081624334092
3,522,4522,-0.597298070244317,0.784370124464762
3,523,4523,-0.391606581824874,0.438351468360259
3,524,4524,-0.57686475990019,0.621199586047465
3,525,4525,-0.780154157543327,0.710525420642475
3,526,4526,-1.05718926246473,1.12858582604559
3,527,4527,-1.09800440715226,1.23849568213467
3,528,4528,-0.823383681489976,0.661390718812197
3,529,4529,-0.97445111757388,1.13348109218592
3,530,4530,-1.0670119042951,0.822816294758764
3,531,4531,-0.798762859070774,0.676036941339405
3,532,4532,-0.435516478756993,0.37096165208829
3,533,4533,-0.336645159251588,0.347202454336566
3,534,4534,-0.561667223191295,0.548924957735866
3,535,4535,-0.55120008008638,0.362346053503928
3,536,4536,-0.517363831891967,0.850973395120024
3,537,4537,-0.701903965502076,1.21748454885085
3,538,4538,-0.673604581768844,0.705804350625679
3,539,4539,-0.627777486318696,0.737611243588032
3,540,4540,-0.529129423108081,0.414756742102753
3,541,4541,-0.456299653587227,0.628734545005764
3,542,4542,-0.964798636958151,1.49186105004981
3,543,4543,-1.10814971145118,1.3102539870039
3,544,4544,-1.30494492066491,1.67220217833949
3,545,4545,-1.44824716375731,1.53787359355581
3,546,4546,-1.6367228805429,1.23918790181477
3,547,4547,-1.38572500189219,0.904115066763412
3,548,4548,-1.38306930745249,1.35833136025769
3,549,4549,-1.19782905098723,1.25801859182653
3,550,4550,-0.797427982519268,0.666861091557951
3,551,4551,-0.529391964021285,0.406060554224091
3,552,4552,-0.512629188578303,0.3484798783723
3,553,4553,-0.558773795814504,0.371966158866976
3,554,4554,-0.77424227881194,0.479196585978914
3,555,4555,-0.694715754553928,0.434333773086977
3,556,4556,-0.588839337828404,0.414155045991506
3,557,4557,-0.630744200918162,0.391433122516471
3,558,4558,-0.253502019101803,0.145135710692707
3,559,4559,-0.185121200106739,0.127615482517917
3,560,4560,-0.231001872394579,0.142250516632267
3,561,4561,-0.307235559898441,0.275348890641406
3,562,4562,-0.631240068722721,0.518372823510981
3,563,4563,-0.610629292573116,0.383598435861824
3,564,4564,-0.617697862608169,0.428117951381996
3,565,4565,-0.569262105665403,0.443946252852645
3,566,4566,-0.611680297563804,0.814222640754849
3,567,4567,-0.672185062096092,0.553393829515078
3,568,4568,-0.326830927052239,0.222303581863769
3,569,4569,-0.377322871115298,0.23105480245364
3,570,4570,-0.411266026755363,0.342078353526277
3,571,4571,-0.500496508588504,0.542833648259992
3,572,4572,-0.569273148727077,0.618275272673899
3,573,4573,-0.382286200770689,0.325840237749987
3,574,4574,-0.39243310090366,0.307947956408917
3,575,4575,-0.492792190361679,0.278918425622616
3,576,4576,-0.485568288524864,0.493662634471971
3,577,4577,-0.749378276869724,0.557710831792373
3,578,4578,-0.692382268679475,0.614598092693619
3,579,4579,-0.605537987545589,0.531981354864439
3,580,4580,-0.778504875242133,0.621047709323704
3,581,4581,-0.859977073809262,0.640661163581819
3,582,4582,-0.441611951775828,0.25457104300559
3,583,4583,-0.615317138920103,0.546365869408059
3,584,4584,-0.262381098667433,0.36760883505559
3,585,4585,-0.372342085090852,0.477707182846949
3,586,4586,-0.451167944839173,0.451729899460753
3,587,4587,-0.29189005099674,0.413698133005331
3,588,4588,-0.373972047673847,0.396318534904344
3,589,4589,-0.180854488849653,0.172208335356279
3,590,4590,-0.261406131300868,0.189726523599362
3,591,4591,-0.549392256844977,0.40396706755471
3,592,4592,-0.400145838283649,0.273768510497149
3,593,4593,-0.428301787891753,0.17490424509956
3,594,4594,-0.365026970268701,0.166153575458501
3,595,4595,-0.414450028486055,0.199187774183999
3,596,4596,-0.215180878734387,0.271246718503875
3,597,4597,-0.16559770777761,0.198783904483241
3,598,4598,-0.15309628107305,0.191188136900583
3,599,4599,-0.275482571430149,0.187684492214612
3,600,4600,-0.223996014518019,0.222423443635489
3,601,4601,-0.116611116091491,0.0833446788050468
3,602,4602,-0.119196886007791,0.0759032202571603
3,603,4603,-0.226150464911605,0.138394148443091
3,604,4604,-0.223565235533824,0.149918938826854
3,605,4605,-0.382786724928814,0.271475172402815
3,606,4606,-0.563335858151273,0.407605258920694
3,607,4607,-0.491878278228183,0.245614629626153
3,608,4608,-0.644326095062747,0.421620742008587
3,609,4609,-0.862331039800478,0.509767159432213
3,610,4610,-0.911150563874616,0.578802636276922
3,611,4611,-0.434773759553123,0.332153061497969
3,612,4612,-0.490922881167849,0.390856276631801
3,613,4613,-0.706901902232748,0.405675575820348
3,614,4614,-0.842453605978848,0.60879015938145
3,615,4615,-0.955416282743837,0.649628761767671
3,616,4616,-0.415434654169843,0.322019597377919
3,617,4617,-0.893507757330063,0.659595944816821
3,618,4618,-0.401085541627289,0.405607842930413
3,619,4619,-1.08944057848034,0.699138548709455
3,620,4620,-1.30053325312478,1.07163753296192
3,621,4621,-1.25445186952233,1.37162163444749
3,622,4622,-1.20541234548957,1.17736967000168
3,623,4623,-1.19990913847998,1.82435013353599
3,624,4624,-1.17302313099887,1.89563796059857
3,625,4625,-0.388933497310672,0.388084860975502
3,626,4626,-0.419131731030918,0.280793094087315
3,627,4627,-0.55875494951678,0.394051804893717
3,628,4628,-0.58868847870647,0.385229581270307
3,629,4629,-0.336039964277979,0.354851518183296
3,630,4630,-0.47618356593917,0.34214392166896
3,631,4631,-0.431722989049186,0.335432321960116
3,632,4632,-0.54416963289117,0.336481747003943
3,633,4633,-0.806365585307884,0.570980133384713
3,634,4634,-0.606978035787606,0.276187333950611
3,635,4635,-0.511307273822179,0.255774683663088
3,636,4636,-0.754474461918282,0.688561681613869
3,637,4637,-0.472160383531006,0.366558445018242
3,638,4638,-0.547300335327656,0.688823778594763
3,639,4639,-0.888167186735987,0.929975082872379
3,640,4640,-0.876846573383478,0.916008108116221
3,641,4641,-0.814852332396147,0.561851529691665
3,642,4642,-0.610201463521772,0.370828982930603
3,643,4643,-0.505957074463745,0.354478794380186
3,644,4644,-0.365210280076491,0.252288632826071
3,645,4645,-0.257490471961642,0.120632647877785
3,646,4646,-0.216383258495587,0.130870689194588
3,647,4647,-0.183091703915748,0.0643927603180043
3,648,4648,-0.146276405225882,0.108176333793808
3,649,4649,-0.161793827173978,0.133077582852004
3,650,4650,-0.177983874751355,0.192199662733717
3,651,4651,-0.320830436725486,0.369860261678147
3,652,4652,-0.451126626391908,0.45658101557459
3,653,4653,-0.429888322880414,0.404702375024191
3,654,4654,-0.470431786848611,0.594135766110601
3,655,4655,-0.534268123072156,0.592229073070203
3,656,4656,-0.530994267668608,0.603088012768526
3,657,4657,-0.484402707200594,0.445389793861403
3,658,4658,-0.613915292467136,0.479391827139983
3,659,4659,-0.63911844699088,0.453268834373098
3,660,4660,-0.576024298474019,0.633889810916441
3,661,4661,-0.510122715446657,0.677195379363795
3,662,4662,-0.892871047315344,1.25325054158194
3,663,4663,-0.710966023583417,0.897932033104023
3,664,4664,-0.700754018009256,0.732171916011755
3,665,4665,-0.66198188964792,0.566671806087344
3,666,4666,-0.638835639748777,0.495476909684706
3,667,4667,-0.70731974243495,0.82501600656438
3,668,4668,-0.979758359850498,0.7246441020615
3,669,4669,-0.974380575985514,0.767305309790084
3,670,4670,-0.679471908290819,0.576922879200122
3,671,4671,-0.572354988738837,0.458776617568912
3,672,4672,-0.566505857055438,0.352699268977848
3,673,4673,-0.563800220672242,0.476255905343942
3,674,4674,-0.834235339728438,0.474377171420332
3,675,4675,-0.559143592116909,0.419409410306117
3,676,4676,-0.537696300731229,0.490274764244963
3,677,4677,-0.927421732249931,0.900415506722561
3,678,4678,-0.760989000329838,1.04024681397192
3,679,4679,-0.78179532178184,0.809726123593247
3,680,4680,-0.2285101370279,0.764937437773771
3,681,4681,-0.247554815967174,0.474227834969322
3,682,4682,-0.431489778366693,0.25089751933569
3,683,4683,-0.428789604975562,0.218128747161033
3,684,4684,-0.316400429969827,0.229981617964989
3,685,4685,-0.438853467991153,0.332222689191401
3,686,4686,-0.486807008481011,0.418456126591918
3,687,4687,-0.269728478358103,0.230878078691584
3,688,4688,-0.443840226982725,0.547983226603307
3,689,4689,-0.684955378673666,0.735208998070242
3,690,4690,-0.481933385809947,1.30483296012283
3,691,4691,-0.97930682718841,0.857650943048487
3,692,4692,-0.331745808484668,0.258465475190058
3,693,4693,-0.558910044796641,0.430569168246252
3,694,4694,-0.528506556585319,0.366376958968705
3,695,4695,-0.44834866748329,0.263345585497112
3,696,4696,-0.562185036662559,0.341955657856324
3,697,4697,-0.728141791445839,0.660950975244787
3,698,4698,-0.78919902541345,0.804803980989747
3,699,4699,-1.59989517449247,1.10109674326856
3,700,4700,-0.899013527383779,0.664492941942178
3,701,4701,-1.21936033429282,1.10784712035195
3,702,4702,-1.0400773633859,1.15802544319429
3,703,4703,-1.04515288181964,1.2879609181238
3,704,4704,-0.923590392291259,1.07797858987198
3,705,4705,-0.214372660079727,0.85079413728782
3,706,4706,-0.966425433801697,1.17563441148474
3,707,4707,-0.836144463453807,1.09520794700437
3,708,4708,-1.04141408880368,0.740253242045216
3,709,4709,-1.05849564449296,0.720634412872593
3,710,4710,-0.955548862057708,0.980423991359261
3,711,4711,-0.879397821091287,1.07728651434167
3,712,4712,-0.347643045295614,0.597447377369594
3,713,4713,-0.622507112546462,0.739382069739031
3,714,4714,-0.642658810930153,0.652015340037298
3,715,4715,-0.976828352300463,0.923666922258857
3,716,4716,-0.688345653970125,0.410917877723206
3,717,4717,-0.928842833420527,0.636231710063485
3,718,4718,-1.35016120011837,0.917678088751869
3,719,4719,-1.2231894910721,0.904462505279763
3,720,4720,-0.693403450125447,0.576639380745339
3,721,4721,-0.62492433627754,0.545278928615076
3,722,4722,-0.854315693507704,0.732750483402089
3,723,4723,-0.946963783886663,0.759541221592421
3,724,4724,-1.12823334204616,0.915890576815484
3,725,4725,-1.01687729456565,0.881744765279931
3,726,4726,-0.562088084847525,0.576395684478962
3,727,4727,-0.498456123969426,0.942802456152839
3,728,4728,-1.17505034893139,1.28011093677817
3,729,4729,-0.705680286034864,0.940457019719721
3,730,4730,-1.01814958463478,0.918495773976801
3,731,4731,-1.22048028910248,1.32150015392519
3,732,4732,-0.446266755491078,0.60278293042095
3,733,4733,-0.81704437266243,0.800785932980996
3,734,4734,-0.956850791516977,1.0243567827643
3,735,4735,-1.07419592235429,1.03875657395176
3,736,4736,-0.855155993685385,0.887452308101081
3,737,4737,-1.21223912546144,1.08898136262185
3,738,4738,-0.915750542326777,0.682055208622182
3,739,4739,-0.963257835190552,0.789443497424072
3,740,4740,-1.02226221367548,1.11422280014505
3,741,4741,-0.969494575212456,0.719432535837221
3,742,4742,-0.405792791032531,0.820697418487042
3,743,4743,-0.800697415400858,0.978561942793754
3,744,4744,-0.589958961557951,0.726962259356502
3,745,4745,-0.23263919636649,0.912008455263422
3,746,4746,-0.0756496271720469,0.893151763338189
3,747,4747,-0.0608027657482575,0.885459907684066
3,748,4748,-0.116079547422993,0.658210923620933
3,749,4749,-0.184162997299627,0.284978967937839
3,750,4750,-0.258826076335678,0.473529556083973
3,751,4751,-0.25499032763361,0.263040708419036
3,752,4752,-0.422850805112804,0.448715506909684
3,753,4753,-0.568180659565479,0.819915853291408
3,754,4754,-0.823191289634402,0.937448426978541
3,755,4755,-0.355065884880237,0.693540981097674
3,756,4756,-0.432025809763633,0.45164678692663
3,757,4757,-0.369544176186531,0.376472613346465
3,758,4758,-0.575962230281576,0.661177903702184
3,759,4759,-0.849479155132878,0.71491245799274
3,760,4760,-0.870777964866115,0.709887470175941
3,761,4761,-0.409149527996789,0.409631240712942
3,762,4762,-0.405659507658725,0.304757900773638
3,763,4763,-0.212905167769486,0.278787674148447
3,764,4764,-0.3518016296245,0.446969518382918
3,765,4765,-0.375125790573074,0.693834306658728
3,766,4766,-0.686025529146227,0.368584826362339
3,767,4767,-0.590335190080139,0.369244225882114
3,768,4768,-0.278480429168553,0.216262304685395
3,769,4769,-0.251337131247001,0.356892484158953
3,770,4770,-0.353155805872714,0.424878480822051
3,771,4771,-0.364470794219534,0.417780138880794
3,772,4772,-0.570887109305931,0.620246031328779
3,773,4773,-0.339266815105246,0.281592002006561
3,774,4774,-0.607562719254536,0.718437811160161
3,775,4775,-0.493244855367552,0.322604791311416
3,776,4776,-1.0891463562961,0.840659360869963
3,777,4777,-1.04934456091774,0.697157949210615
3,778,4778,-1.06931176859679,0.830890702099237
3,779,4779,-0.592174499551257,1.41249731110561
3,780,4780,-0.643484995877062,1.33969868174359
3,781,4781,-0.438169247601247,1.43132200305273
3,782,4782,-0.334566509456967,0.512837244371478
3,783,4783,-0.476268150613671,0.73304756421994
3,784,4784,-0.603228508056497,0.72109329951688
3,785,4785,-0.569406407748274,0.870704541409508
3,786,4786,-0.252555233262775,0.753682178226696
3,787,4787,-0.507640044101222,0.857399516912021
3,788,4788,-0.704782353859234,0.666667396454512
3,789,4789,-1.39863907409023,0.806247253381287
3,790,4790,-0.937770641377699,0.697321842679668
3,791,4791,-1.16382429987177,0.754563883735562
3,792,4792,-1.04182539527842,0.690736594398456
3,793,4793,-1.22031547065324,0.837640601624092
3,794,4794,-0.876713319432143,1.09036300605235
3,795,4795,-1.24125304473456,0.668565930417805
3,796,4796,-1.0615870776344,0.537204803347563
3,797,4797,-0.913815660921376,0.394792606077306
3,798,4798,-0.912976698742494,0.511246704556818
3,799,4799,-1.16700738264044,0.607273413647886
3,800,4800,-1.11852419962083,0.650141503465761
3,801,4801,-0.681452469996955,0.347905899264895
3,802,4802,-0.364961766385902,0.239782897176562
3,803,4803,-0.248715317216312,0.192862431034454
3,804,4804,-0.271646534985551,0.235116308669602
3,805,4805,-0.450132078042203,0.257636218499855
3,806,4806,-0.71374618136454,0.330559523677202
3,807,4807,-0.308602097275328,0.423794459290485
3,808,4808,-0.596657622220083,0.455707558686499
3,809,4809,-0.378385637095959,0.402442212781174
3,810,4810,-0.334740927459622,0.365925017158867
3,811,4811,-0.573882129605494,0.907049180931412
3,812,4812,-0.337580922044335,0.512667359446912
3,813,4813,-1.02724387507001,1.1206102442775
3,814,4814,-1.16198955377989,0.987759696193299
3,815,4815,-0.907780991784532,1.06470475477777
3,816,4816,-1.125012731995,1.18680989314034
3,817,4817,-0.852921496103008,0.822544083903356
3,818,4818,-0.871492895621049,0.741196678493959
3,819,4819,-0.63584678582833,0.606940115150739
3,820,4820,-0.459867030055937,0.668452834782441
3,821,4821,-0.65118776175971,0.65893234408865
3,822,4822,-0.518875127355253,0.573515342041842
3,823,4823,-0.949853101875572,0.870389185194994
3,824,4824,-0.795822059223751,0.593077116449956
3,825,4825,-0.69023166308927,0.467097092659463
3,826,4826,-0.616401718688587,0.346640060245841
3,827,4827,-0.597332171046138,0.565406704450163
3,828,4828,-1.10817751015551,0.656072864614611
3,829,4829,-1.18108680266881,0.835115321465169
3,830,4830,-0.984331697256038,0.856819298602877
3,831,4831,-0.841834037594034,0.623956873431198
3,832,4832,-0.925408050868953,0.654037680554608
3,833,4833,-0.95093123677257,0.616436984447516
3,834,4834,-0.831409079168029,0.705106351806747
3,835,4835,-0.84282993473875,0.689889854722245
3,836,4836,-1.10774779819613,1.00970706062829
3,837,4837,-1.2738306183577,0.81814275032289
3,838,4838,-1.31194537393114,0.967357529767389
3,839,4839,-1.3577216714546,1.08043393250006
3,840,4840,-0.711558142131772,0.459992104003267
3,841,4841,-0.722527614041465,0.528527567889344
3,842,4842,-0.843976787752303,0.669122916189423
3,843,4843,-0.799379015151698,0.61805141419606
3,844,4844,-0.990913821615817,0.680936087896788
3,845,4845,-1.01724953374261,0.670150458932499
3,846,4846,-1.01183783725253,0.652843930158432
3,847,4847,-0.771600855341973,0.455117025296541
3,848,4848,-0.978365181765049,0.855348228441557
3,849,4849,-1.20299790974845,1.1966120751453
3,850,4850,-0.923229602775032,0.86343125740386
3,851,4851,-0.664139091465191,0.525555274202183
3,852,4852,-0.774143655823116,0.558954645870714
3,853,4853,-0.818470613612693,0.730345234102135
3,854,4854,-1.1744164107436,0.939864402218898
3,855,4855,-1.04370283931451,0.670332234994858
3,856,4856,-0.850999362164721,0.487993182990371
3,857,4857,-0.644145696727453,0.436552662383365
3,858,4858,-1.25590797145369,0.970128874250299
3,859,4859,-0.706719239788311,0.477477876144218
3,860,4860,-0.660996955630465,0.630191392433222
3,861,4861,-0.581302602668516,0.487870180721339
3,862,4862,-0.518649475367517,0.468668561193109
3,863,4863,-0.603187518627127,0.499750237546264
3,864,4864,-0.481257691976287,0.346230216734268
3,865,4865,-0.511834916803442,0.375553885347788
3,866,4866,-0.659814906202921,0.503963480194134
3,867,4867,-0.753044009245257,0.536970700402141
3,868,4868,-0.487933320755333,0.258675275083944
3,869,4869,-0.595744143380207,0.366085697876187
3,870,4870,-0.554307599447868,0.349351976290697
3,871,4871,-0.469359785927456,0.623146782903603
3,872,4872,-0.257138713508088,0.272657166257079
3,873,4873,-0.36704064758941,0.233481986041299
3,874,4874,-0.392654905172738,0.247694002515957
3,875,4875,-0.507582194836152,0.63646028699868
3,876,4876,-0.581739439033066,0.8129996445801
3,877,4877,-0.565475991144374,0.810954874584831
3,878,4878,-0.388832073768773,0.449006598343289
3,879,4879,-0.429406034953109,0.268206820655789
3,880,4880,-0.411547493306222,0.250367899927497
3,881,4881,-0.26377545070677,0.222406195142287
3,882,4882,-0.487925672242851,0.458567937599143
3,883,4883,-0.646971880727531,0.552042516429391
3,884,4884,-0.425420878028105,0.517934019043529
3,885,4885,-0.235657180534842,0.279806279201404
3,886,4886,-0.109001407559313,0.356878563297784
3,887,4887,-0.203013119973995,0.330052679645685
3,888,4888,-0.361315614610539,0.610010378156915
3,889,4889,-0.3669234595638,0.504242149204696
3,890,4890,-0.475491007587608,0.730525079548594
3,891,4891,-0.485208768056751,0.304613619945156
3,892,4892,-0.370600014143754,0.360703871121446
3,893,4893,-0.664786037461006,0.518181238041258
3,894,4894,-0.68237189505926,0.480048714900188
3,895,4895,-0.682971496069838,0.481905383300614
3,896,4896,-0.702869126289398,0.562931533037884
3,897,4897,-0.407322680857228,0.329713897355711
3,898,4898,-0.286719032851508,0.261613310116738
3,899,4899,-0.346319249720921,0.355396865595277
3,900,4900,-0.379182581655807,0.292001109467771
3,901,4901,-0.345357588141956,0.366882410097102
3,902,4902,-0.265837975641208,0.373923891157873
3,903,4903,-0.308126912371977,0.341534827220474
3,904,4904,-0.234541823277905,0.200616366851346
3,905,4905,-0.479575834942035,0.74281212467813
3,906,4906,-0.460236638801864,0.7540258169905
3,907,4907,-0.464216435935137,0.753863938946468
3,908,4908,-0.320001897525301,0.379017433257246
3,909,4909,-0.79772479824611,0.749894786769676
3,910,4910,-0.204356504223371,0.273249310830584
3,911,4911,-0.907315863921649,0.848148693968863
3,912,4912,-0.427687555966017,0.276861929982054
3,913,4913,-0.471527721166483,0.31877496018239
3,914,4914,-0.523413310585982,0.44048046964539
3,915,4915,-0.643436281452815,0.485359645620074
3,916,4916,-0.475640107339142,0.637948512824281
3,917,4917,-0.523928971433758,0.58159320763049
3,918,4918,-0.751598587180116,0.844505532459762
3,919,4919,-1.01517959571768,0.744334018124999
3,920,4920,-1.18169587483216,1.42901631252964
3,921,4921,-0.476370818823748,0.454219578727449
3,922,4922,-0.895586509579834,0.854752150813895
3,923,4923,-0.923822129570972,0.958401103938207
3,924,4924,-0.708604004960544,1.42643327399457
3,925,4925,-0.668181307029271,1.30804743398632
3,926,4926,-0.85942399642542,0.805373417641103
3,927,4927,-0.948884341307489,0.781770393687837
3,928,4928,-0.696218640120296,0.604942945236388
3,929,4929,-0.902496925921809,0.870827693226358
3,930,4930,-0.998636954811849,0.922573818934465
3,931,4931,-0.4806747050856,0.72097816214715
3,932,4932,-0.408682491521444,0.603670139475606
3,933,4933,-0.587311041731879,0.823573010339402
3,934,4934,-0.552742333186702,0.858404257078183
3,935,4935,-0.838206262713971,1.19543511395071
3,936,4936,-0.640001029824872,1.05116847427685
3,937,4937,-1.01724398617931,0.672465371748713
3,938,4938,-0.741314396475386,0.613162313226466
3,939,4939,-1.3587465588382,1.19491845657627
3,940,4940,-1.40331331543245,1.10158684626394
3,941,4941,-0.879414888382799,1.04124474261619
3,942,4942,-0.746458532652428,0.908629693560724
3,943,4943,-0.561384131959461,0.821531265157958
3,944,4944,-0.1408463113537,1.08906981509901
3,945,4945,-0.445783714785908,1.45840310751217
3,946,4946,-0.554164828665819,1.30539520883015
3,947,4947,-0.632183669745724,1.49549948166915
3,948,4948,-0.491091412471012,1.22615703609067
3,949,4949,-0.487584963394005,1.00989817081756
3,950,4950,-0.426008547024922,0.795670246575997
3,951,4951,-0.470881861276994,0.697221075846642
3,952,4952,-0.299078126299561,0.622346787034761
3,953,4953,-0.44394149731948,1.17499088181687
3,954,4954,-0.443202346152478,1.03306522536188
3,955,4955,-0.389428751142544,0.39335638936422
3,956,4956,-0.490362718163124,0.671014862255936
3,957,4957,-0.854538117018315,0.721743763558356
3,958,4958,-0.731704313732959,1.10372331709907
3,959,4959,-0.782227002472043,0.88456675350026
3,960,4960,-0.790590517196538,0.795266929644615
3,961,4961,-0.3504055206352,0.412371081391611
3,962,4962,-0.726854348099504,0.592789831732731
3,963,4963,-0.646692094380482,0.485534204278562
3,964,4964,-0.373158123365439,0.58410225932149
3,965,4965,-0.670526581468254,0.54554156205085
3,966,4966,-0.365606690095336,0.364415387923636
3,967,4967,-0.465382657006656,0.643484610549474
3,968,4968,-0.432701345590134,0.81732095369296
3,969,4969,-0.62705134488228,0.815280130615493
3,970,4970,-0.818672630666957,1.04951443107848
3,971,4971,-1.07827771356108,0.626051925069986
3,972,4972,-0.902034482891427,0.549978785175295
3,973,4973,-1.01844345975681,1.04811374138862
3,974,4974,-0.957174856796875,0.944956606489499
3,975,4975,-0.999964102528376,1.15389231474834
3,976,4976,-1.00367666212283,1.13796238037653
3,977,4977,-0.516427513387347,0.624806171837391
3,978,4978,-0.271146475448036,0.622358085193566
3,979,4979,-0.491344355008193,0.80260722707167
3,980,4980,-0.591562213836985,1.02347741789644
3,981,4981,-0.738357208453404,0.635955021102126
3,982,4982,-0.756462071117113,0.851021006094477
3,983,4983,-0.708372258335901,1.05640700935819
3,984,4984,-0.472149457798881,0.690233272010732
3,985,4985,-0.532514156080783,0.650521328326551
3,986,4986,-0.492978577964082,0.372471661454787
3,987,4987,-0.411077355685958,0.420714429181623
3,988,4988,-0.352578864020988,0.212925654884389
3,989,4989,-0.256748646707586,0.201307678956316
3,990,4990,-0.309435426632067,0.219506953142506
3,991,4991,-0.275710094889487,0.178454763491032
3,992,4992,-0.395119184030504,0.414770396019514
3,993,4993,-0.618116303360412,0.469874686539656
3,994,4994,-0.549928260382345,0.454170108495199
3,995,4995,-0.225172859881336,0.292964490741775
3,996,4996,-0.515532360927927,0.532042273999298
3,997,4997,-0.504879103699415,0.526765322410903
3,998,4998,-0.585414402936909,0.495566355866759
3,999,4999,-0.781035378977014,0.606103086776993
3,1000,5000,-0.452933332628052,0.32768383253755
3,1001,5001,-0.461773984445325,0.351670280666956
3,1002,5002,-0.353610577884402,0.420771899973779
3,1003,5003,-0.723175216681576,0.401270053344999
3,1004,5004,-0.624678875017715,0.351612608050317
3,1005,5005,-0.477987916121938,0.635624064157328
3,1006,5006,-0.263115014779579,0.877225223574054
3,1007,5007,-0.747938305483628,0.643650532051177
3,1008,5008,-0.376666986141034,0.506385552979937
3,1009,5009,-0.59239845614967,0.537025904568907
3,1010,5010,-0.459207020799954,0.440775655610803
3,1011,5011,-0.532944654673003,0.41844409223864
3,1012,5012,-0.545363221832582,0.409597139707584
3,1013,5013,-0.55195621366308,0.502829030106121
3,1014,5014,-0.528431254424449,0.319224602601493
3,1015,5015,-0.728720431356823,0.463889007476268
3,1016,5016,-0.272564524239977,0.157281283615224
3,1017,5017,-0.727396934220587,0.492360969447002
3,1018,5018,-1.05321921077268,0.673900400880332
3,1019,5019,-0.807207978308566,0.451686069356455
3,1020,5020,-0.857865528633728,0.539861951846652
3,1021,5021,-0.711910140650912,0.582884834833212
3,1022,5022,-0.525373836625806,0.887077537007309
3,1023,5023,-0.624278198064947,0.920225158648051
3,1024,5024,-0.525240034449403,0.933550024237296
3,1025,5025,-0.481193867663658,0.703280745089152
3,1026,5026,-0.437182769602657,0.896230723397682
3,1027,5027,-0.313645875322612,0.682973603365273
3,1028,5028,-0.140502095916306,0.632584676743561
3,1029,5029,-0.306302991439303,0.568796010315004
3,1030,5030,-0.254974895644106,0.439820927438984
3,1031,5031,-0.435658100422935,0.665453103891889
3,1032,5032,-0.250305960770316,0.734776455062195
3,1033,5033,-0.342825205214365,1.01583436334806
3,1034,5034,-0.466521770963171,0.754571015714314
3,1035,5035,-0.56427335394713,1.19175045522674
3,1036,5036,-0.868860369175918,0.847909105971574
3,1037,5037,-0.720585620931694,0.644450490294413
3,1038,5038,-0.608218591758903,0.777101992516162
3,1039,5039,-0.569097309283398,0.58781972100722
3,1040,5040,-0.911635442986208,0.882799627595076
3,1041,5041,-0.721264420273168,0.781526244614128
3,1042,5042,-1.14709918929519,1.37905744950855
3,1043,5043,-1.11318642706707,1.29540074062227
3,1044,5044,-0.746360497363045,1.01736312860537
3,1045,5045,-0.579392592599625,0.666317982045752
3,1046,5046,-1.15516016812691,1.34613363236959
3,1047,5047,-0.802509543533611,0.863614472979784
3,1048,5048,-0.88942057009922,1.33466077250125
3,1049,5049,-1.130648142746,1.29191132056996
3,1050,5050,-0.729477141438623,0.894118938610702
3,1051,5051,-0.375129962032855,0.904843477449963
3,1052,5052,-0.327633195342169,1.54523826792465
3,1053,5053,-0.749840148598846,2.12191771608036
3,1054,5054,-0.816466309694693,1.54228912805396
3,1055,5055,-0.743707872187699,1.83284408347
3,1056,5056,-0.887555051023593,1.50507444491998
3,1057,5057,-0.754621995916023,0.902285093126219
3,1058,5058,-0.831653889274633,1.11461215210804
3,1059,5059,-0.610659569905908,0.606331140928975
3,1060,5060,-0.820454374322107,0.565558844118181
3,1061,5061,-0.41866854302414,0.274648839648124
3,1062,5062,-0.798759526131232,0.718425764787787
3,1063,5063,-0.5012053164315,0.402414477278326
3,1064,5064,-0.766190476197628,0.845467986469052
3,1065,5065,-0.527264808626545,0.384680980611572
3,1066,5066,-0.60818363622971,0.548329064134702
3,1067,5067,-0.675205801568794,0.642244817403029
3,1068,5068,-1.12281628781296,1.43684671229561
3,1069,5069,-1.17452781685319,1.64390249972578
3,1070,5070,-1.37057536039582,1.48053237891211
3,1071,5071,-1.32542830868059,1.50319164151638
3,1072,5072,-0.667267401184113,1.12576597631141
3,1073,5073,-0.653008396605471,1.44556944703926
3,1074,5074,-0.801466988483203,1.28565117128339
3,1075,5075,-0.592578607077519,0.816314143323034
3,1076,5076,-0.308444736850849,0.683369699103196
3,1077,5077,-0.494814480805794,0.832659913691608
3,1078,5078,-0.491293730399547,0.647604370771174
3,1079,5079,-0.61367787838777,1.14739702902862
3,1080,5080,-0.35367866488228,0.460502580225794
3,1081,5081,-0.252936356555482,0.283668122489945
3,1082,5082,-0.395599070848448,0.868816232883974
3,1083,5083,-0.758613910408662,0.726481554393064
3,1084,5084,-0.500416088426011,0.42744792853812
3,1085,5085,-0.853040320155601,0.8467925721171
3,1086,5086,-0.770835361484706,0.803644008979838
3,1087,5087,-0.833074353510769,0.813118483434245
3,1088,5088,-1.03136425419842,1.01035320943164
3,1089,5089,-0.958337711682054,0.996026656874251
3,1090,5090,-0.834277436198085,0.772628204002455
3,1091,5091,-1.07288158905682,0.641975048203795
3,1092,5092,-1.24482303684378,0.887957347913434
3,1093,5093,-0.825942988852847,0.567635643282855
3,1094,5094,-0.926993098949984,0.672357533983059
3,1095,5095,-1.13751765580758,0.762040726859995
3,1096,5096,-1.15964200106196,0.789242572250813
3,1097,5097,-1.18491056870094,0.844869664037793
3,1098,5098,-0.523521944062553,0.677038239070707
3,1099,5099,-0.426335041270735,0.685325563246073
3,1100,5100,-0.216730494039475,0.485604703529276
3,1101,5101,-0.337402942632785,0.626876775000444
3,1102,5102,-0.492569261223323,0.506060331589847
3,1103,5103,-0.515205997742818,0.430311049722046
3,1104,5104,-0.291061511801724,0.524003506542031
3,1105,5105,-0.831563185604995,0.748832900658674
3,1106,5106,-1.46281616102727,1.18497493562852
3,1107,5107,-1.48184279151988,1.30759000594937
3,1108,5108,-0.962078331205666,0.495424871992942
3,1109,5109,-0.837462849342605,0.369336924803236
3,1110,5110,-0.841867864093102,0.422526718021619
3,1111,5111,-0.797817818269224,0.374518739637143
3,1112,5112,-0.747182535783587,0.445504148119623
3,1113,5113,-0.330864316722645,0.288613257578975
3,1114,5114,-0.229620057011467,0.159092379486793
3,1115,5115,-0.260284622861192,0.283511220456025
3,1116,5116,-0.453623220392353,0.401260374284354
3,1117,5117,-0.577523320684457,0.359779134137378
3,1118,5118,-0.892928962568465,0.936033289982354
3,1119,5119,-0.99688140760053,1.01159694512304
3,1120,5120,-0.594199902342263,0.854739745630217
3,1121,5121,-0.451815974286373,0.790724494626833
3,1122,5122,-0.99123153467047,1.00955140998815
3,1123,5123,-0.78371912801399,0.50428439689456
3,1124,5124,-0.96002921080854,0.673289058235644
3,1125,5125,-0.946128949247037,0.67552104364231
3,1126,5126,-0.901592794650366,0.546931457520292
3,1127,5127,-1.05489629743681,0.888494682959321
3,1128,5128,-0.668296601961492,0.4491927593005
3,1129,5129,-0.885525236019793,0.61572701825559
3,1130,5130,-0.76743347738033,0.587614154577366
3,1131,5131,-1.23712329821546,0.778776280864855
3,1132,5132,-0.727535715164544,0.44250332108869
3,1133,5133,-0.788711797000664,0.480444492700514
3,1134,5134,-0.303759846950689,0.219307919870831
3,1135,5135,-0.655464635485259,0.721095409024066
3,1136,5136,-0.867799727071648,0.601054515389758
3,1137,5137,-0.707978832797925,0.68478932704394
3,1138,5138,-0.648588085011273,0.970549808593206
3,1139,5139,-0.414023497828306,0.8250913783125
3,1140,5140,-0.404193839272208,0.527811099064383
3,1141,5141,-0.776462171978172,0.493901036195503
3,1142,5142,-0.669538560721755,0.677183176983672
3,1143,5143,-0.784406732097516,0.526880311460364
3,1144,5144,-0.591306291182546,0.439726985197411
3,1145,5145,-0.825506284167637,1.23893527141598
3,1146,5146,-0.814866989955171,1.26394578599034
3,1147,5147,-0.565861023440014,0.831505418331783
3,1148,5148,-0.42718303580644,0.434937071803932
3,1149,5149,-0.215216408675563,0.243436730682598
3,1150,5150,-0.145289743970129,0.259427120124701
3,1151,5151,-0.241053318231756,0.239141378729068
3,1152,5152,-0.287134418376289,0.256926584900604
3,1153,5153,-0.212103068157172,0.306003928380113
3,1154,5154,-0.263606445162221,0.264422121540109
3,1155,5155,-0.349053147556508,0.329284342418208
3,1156,5156,-0.597244184004379,0.498212664116083
3,1157,5157,-0.626109975292296,0.614457434156277
3,1158,5158,-0.683972123108078,0.672794142774414
3,1159,5159,-0.632340484445971,0.632400811968563
3,1160,5160,-0.50512858416083,0.442601846995185
3,1161,5161,-0.714293706260267,0.621227832898969
3,1162,5162,-0.471276323722896,0.433406937847503
3,1163,5163,-0.69395411030953,0.479440277939109
3,1164,5164,-0.621661855447224,0.366302763491714
3,1165,5165,-0.606580982512245,0.386796276021665
3,1166,5166,-0.48880088446624,0.30590239061595
3,1167,5167,-0.650951223500543,0.351425496306503
3,1168,5168,-0.424818414245745,0.348924043221393
3,1169,5169,-0.565562318790884,0.376829656751712
3,1170,5170,-0.694980215161348,0.580631025362649
3,1171,5171,-0.969631892195865,1.26635701050732
3,1172,5172,-0.955866503303228,1.10942608937672
3,1173,5173,-1.18249506236107,1.43339997891125
3,1174,5174,-0.962627516021264,0.925187720263908
3,1175,5175,-0.70869150093651,0.783549002866436
3,1176,5176,-0.813547309693103,0.955984172391521
3,1177,5177,-0.86648179157,1.38512353853789
3,1178,5178,-0.485990686232316,0.613393931865763
3,1179,5179,-0.525276335172072,0.786346392432964
3,1180,5180,-0.848590799860861,0.635849607855379
3,1181,5181,-0.789347262461931,0.49529334909659
3,1182,5182,-0.298392946222892,0.506117298870155
3,1183,5183,-0.280557995949606,0.453000951357237
3,1184,5184,-0.459052225549753,0.21436359529622
3,1185,5185,-0.755776677578294,0.480179145639749
3,1186,5186,-0.747661836162425,0.43829704694786
3,1187,5187,-0.709726557204681,0.515236925292926
3,1188,5188,-1.06258269656321,0.660610460694749
3,1189,5189,-0.746945656322739,0.492085935533982
3,1190,5190,-0.687479394518513,0.35364196505889
3,1191,5191,-0.526377328340254,0.379794306073395
3,1192,5192,-0.46357765771469,0.387200528033464
3,1193,5193,-0.588633063655876,0.392501979466278
3,1194,5194,-0.703624083609591,0.691599169335442
3,1195,5195,-0.435237881532634,0.271769343336496
3,1196,5196,-0.48513893518346,0.332174827360331
3,1197,5197,-0.453215876508537,0.330801232112622
3,1198,5198,-0.546878674562846,0.330303200776307
3,1199,5199,-0.555558364072378,0.32832128492736
3,1200,5200,-0.493283563338476,0.327529261605755
3,1201,5201,-0.282039445140995,0.161321542778656
3,1202,5202,-0.433009250445025,0.249839036883559
3,1203,5203,-0.450722854835951,0.27187230891552
3,1204,5204,-0.287537444755974,0.211519164282349
3,1205,5205,-0.188270505028054,0.119038858023858
3,1206,5206,-0.461323804219571,0.319669657743139
3,1207,5207,-0.41504583935435,0.470531399367834
3,1208,5208,-0.324134448392397,0.729215342935244
3,1209,5209,-0.299208142965842,0.625313949861744
3,1210,5210,-0.329919925787731,0.504293070330256
3,1211,5211,-0.272163738987049,0.526169149669746
3,1212,5212,-0.461356780899787,0.536971297178107
3,1213,5213,-0.471659559758011,0.839747793356697
3,1214,5214,-0.545683565809237,0.61965381609956
3,1215,5215,-0.448000249351805,0.595155274008968
3,1216,5216,-0.61446734944733,0.755239638289709
3,1217,5217,-0.475521266154766,0.567463149650827
3,1218,5218,-0.508130456823962,0.559658173260581
3,1219,5219,-0.423591547488711,0.373858932794044
3,1220,5220,-0.359447655674937,0.239529058078045
3,1221,5221,-0.417713379022739,0.412646309067856
3,1222,5222,-0.462075668872804,0.282227049030304
3,1223,5223,-0.733673968385232,0.752312142514549
3,1224,5224,-0.833824310320286,0.514786575420382
3,1225,5225,-0.668333212704175,0.640156135421407
3,1226,5226,-0.811818920806744,0.841795580828478
3,1227,5227,-0.588578636805708,0.877904785052594
3,1228,5228,-0.524707959460863,0.416294532658378
3,1229,5229,-0.726004568933292,0.666633200593112
3,1230,5230,-0.676970512199704,0.57431781508044
3,1231,5231,-0.675495540734251,0.592571052220521
3,1232,5232,-0.631245756311621,0.742522231194483
3,1233,5233,-0.590673399441365,0.68406266002869
3,1234,5234,-0.724251975694508,0.365847775777061
3,1235,5235,-0.623379719670683,0.462057550791249
3,1236,5236,-0.730829189013267,0.571264267527858
3,1237,5237,-0.75414530223729,0.474506284175224
3,1238,5238,-0.710637652641487,0.993232175345922
3,1239,5239,-0.591933079422285,0.288022696670265
3,1240,5240,-0.58084985238182,0.415695300436096
3,1241,5241,-1.06387819360126,0.837354472007607
3,1242,5242,-0.817975614066556,0.763895956851046
3,1243,5243,-0.909543407822575,0.891152212978362
3,1244,5244,-0.438108897717281,0.888105374446463
3,1245,5245,-0.505132604693447,1.32091766932058
3,1246,5246,-0.579731175033959,0.658164408554066
3,1247,5247,-0.542245844103796,0.882784433396682
3,1248,5248,-0.58516659654989,0.848763137199626
3,1249,5249,-1.52999733257644,1.17635393175226
3,1250,5250,-1.10143484798585,1.06438776246107
3,1251,5251,-0.711589086005809,1.32764892599064
3,1252,5252,-0.530193620130923,1.41777584626183
3,1253,5253,-0.367422559188268,0.820942032405186
3,1254,5254,-0.457177810376795,1.29609270119202
3,1255,5255,-0.772291008619849,1.008589910736
3,1256,5256,-0.658903996589304,0.919166749497644
3,1257,5257,-0.842316444741057,0.598227838432428
3,1258,5258,-0.848496297077666,0.841724463629072
3,1259,5259,-0.412988456867515,1.06238989565058
3,1260,5260,-0.500649173921559,0.825328258814995
3,1261,5261,-0.519523126178628,0.96754897291989
3,1262,5262,-0.287594249176135,0.482020826113017
3,1263,5263,-0.301567924297424,0.323708584797184
3,1264,5264,-0.36292411253425,0.568119217156464
3,1265,5265,-0.261476698437846,0.417512141279357
3,1266,5266,-0.518910159539503,0.760420226459294
3,1267,5267,-0.296709134868077,0.534699320120428
3,1268,5268,-0.583506853823988,0.553587633375793
3,1269,5269,-0.395926000604005,0.446122186223716
3,1270,5270,-0.755004215031213,0.46966597601102
3,1271,5271,-0.406937681834257,0.614822203478556
3,1272,5272,-0.551885232574156,0.680721343809245
3,1273,5273,-0.504148841792058,0.784814485879988
3,1274,5274,-0.546376044501007,0.658074373731117
3,1275,5275,-0.601968297972498,0.276160395652238
3,1276,5276,-0.767945624451516,0.348285363973166
3,1277,5277,-0.779249042479659,0.348690517120985
3,1278,5278,-0.601283374903905,0.452615782018751
3,1279,5279,-0.499802371463917,0.494370868460664
3,1280,5280,-1.05853447478075,0.620353397656426
3,1281,5281,-0.878723145137286,0.533440328396591
3,1282,5282,-0.880989016863702,0.824452864512062
3,1283,5283,-0.623909263991208,0.37543423562907
3,1284,5284,-0.565733197711709,0.351650589574629
3,1285,5285,-0.527192518988717,0.362907475468878
3,1286,5286,-0.340455770181092,0.225182726705254
3,1287,5287,-0.572829340411126,0.35946560740119
3,1288,5288,-0.600396053671672,0.34812609159406
3,1289,5289,-0.525440234506664,0.344846690133312
3,1290,5290,-0.530322072147177,0.441024221887563
3,1291,5291,-0.587525589488239,0.470982590770764
3,1292,5292,-0.341231704212738,0.280249540379585
3,1293,5293,-0.637768710949207,0.448524014036283
3,1294,5294,-0.476725517663826,0.326540441688248
3,1295,5295,-0.48002318974152,0.372089734760184
3,1296,5296,-0.408031382775555,0.245861382798628
3,1297,5297,-0.410952822235204,0.240055105375398
3,1298,5298,-0.246900833756347,0.333844135215843
3,1299,5299,-0.367149443197293,0.310070343237252
3,1300,5300,-0.385814291412529,0.310061150148908
3,1301,5301,-0.290770302613706,0.356811494502645
3,1302,5302,-0.484750251825118,0.519722064621242
3,1303,5303,-0.342611219338984,0.27072566790347
3,1304,5304,-0.492348862901113,0.379336196371089
3,1305,5305,-0.175236711241898,0.813566143658641
3,1306,5306,-0.437184278878467,0.35072775167503
3,1307,5307,-0.418544084036755,0.253234188494844
3,1308,5308,-0.328951315664539,0.217133400723225
3,1309,5309,-0.625161870151572,0.338241056640702
3,1310,5310,-0.412417829233088,0.490844527948555
3,1311,5311,-0.281214564857467,0.518756538457092
3,1312,5312,-0.347640845458322,0.572153103793338
3,1313,5313,-0.346891444108518,0.410076165535123
3,1314,5314,-0.347619768169926,0.614690356893389
3,1315,5315,-0.233870243607281,0.276225042485587
3,1316,5316,-0.511976858206386,0.44002380387996
3,1317,5317,-0.592970498989836,0.412959117330744
3,1318,5318,-0.739677602198759,0.636967610641889
3,1319,5319,-0.496646443899724,0.877425462736625
3,1320,5320,-0.393190861459151,0.758207483992288
3,1321,5321,-0.565785249251452,0.960122679256198
3,1322,5322,-0.742838074164213,1.43547112848178
3,1323,5323,-1.14641308835321,0.959608415131532
3,1324,5324,-0.964094427461041,0.969119620622274
3,1325,5325,-1.22920802272236,1.03547592949966
3,1326,5326,-1.74037179980374,1.24629623602292
3,1327,5327,-1.49693467936079,1.42903707070752
3,1328,5328,-1.69895204567783,1.45087833843857
3,1329,5329,-1.45835650870536,1.20906774022519
3,1330,5330,-1.11618879108065,0.964420979205245
3,1331,5331,-1.10418119447045,1.06910098672624
3,1332,5332,-1.09266165072444,0.782575216612641
3,1333,5333,-1.08037141138904,0.886171701307034
3,1334,5334,-0.97466336832236,0.726895653578585
3,1335,5335,-0.506718790977626,0.445645781897652
3,1336,5336,-0.503785220067696,0.404945906801929
3,1337,5337,-0.775882232945193,0.411933660058026
3,1338,5338,-0.901605280985059,0.38156157408122
3,1339,5339,-0.421881331881932,0.513973276465579
3,1340,5340,-0.386421464546441,0.283769029431269
3,1341,5341,-0.277491893448919,0.504249619244028
3,1342,5342,-0.368666083078757,0.480130108725771
3,1343,5343,-0.949010302941837,0.880999010146918
3,1344,5344,-0.748509916395609,0.679153572091856
3,1345,5345,-0.720251169107384,0.831608396579863
3,1346,5346,-0.674737410779704,0.587030508615434
3,1347,5347,-0.804887526453445,0.603941377967568
3,1348,5348,-0.497962617849997,0.287164900107538
3,1349,5349,-0.603133000784217,0.295191594885279
3,1350,5350,-0.237263482702978,0.430428827318541
3,1351,5351,-0.257067099325649,0.207704307190334
3,1352,5352,-0.252810926372233,0.164728900564124
3,1353,5353,-0.306063460936159,0.181192260478669
3,1354,5354,-0.346401375383107,0.19620815791481
3,1355,5355,-0.32601346156879,0.229762506136587
3,1356,5356,-0.819212991196298,0.71073245145258
3,1357,5357,-0.426535776760875,0.488037548652324
3,1358,5358,-0.382279329722212,0.341569319304644
3,1359,5359,-0.673006254273239,0.515459281392704
3,1360,5360,-0.612028650743735,0.619144409352439
3,1361,5361,-0.603905697448313,0.606076092241328
3,1362,5362,-0.899910799333726,0.956230301662273
3,1363,5363,-0.625425961568102,0.67120508969677
3,1364,5364,-0.884575319521512,0.843122580936862
3,1365,5365,-0.873583443665749,0.938935429483704
3,1366,5366,-0.809254690462576,0.61746108909126
3,1367,5367,-0.467491549229292,0.423218187614342
3,1368,5368,-0.498468678072647,0.434104757240163
3,1369,5369,-0.454925088863695,0.405596460491694
3,1370,5370,-0.367882147651601,0.408887485793545
3,1371,5371,-0.465316829501953,0.360041835716873
3,1372,5372,-0.59236641829421,0.680852047630211
3,1373,5373,-0.56490455485262,0.867996499967698
3,1374,5374,-0.405070440303623,0.447691869065338
3,1375,5375,-0.873740561261062,0.874306933281328
3,1376,5376,-0.569207976802818,0.471579066256595
3,1377,5377,-0.814664285442242,0.65942145251064
3,1378,5378,-0.357975472705803,0.491445439073474
3,1379,5379,-0.635061555133903,0.672249928617064
3,1380,5380,-0.815669690236088,0.963947869466964
3,1381,5381,-0.66440129652911,0.517958309869808
3,1382,5382,-0.713275221331429,0.575546968037514
3,1383,5383,-0.253268841001001,0.299945544387733
3,1384,5384,-0.27909950554187,0.259695112629984
3,1385,5385,-0.293513984322257,0.222693274720392
3,1386,5386,-0.393808218185174,0.260245298729926
3,1387,5387,-0.512605854270763,0.404689882929326
3,1388,5388,-0.520124444252578,0.431515764977033
3,1389,5389,-0.569543800428278,0.588984942457082
3,1390,5390,-0.569627299516516,0.456251928184244
3,1391,5391,-0.385043220004288,0.301128944042118
3,1392,5392,-0.219936761750237,0.19078382302884
3,1393,5393,-0.20634451780187,0.120706188940954
3,1394,5394,-0.157948112198942,0.143720011338902
3,1395,5395,-0.263521264868219,0.241916332830651
3,1396,5396,-0.15261071150417,0.506051751568359
3,1397,5397,-0.343616211452145,0.227584845019294
3,1398,5398,-0.537683205192978,0.815407904951986
3,1399,5399,-0.459535820666471,0.730574779324139
3,1400,5400,-0.646350754313994,1.00368346286286
3,1401,5401,-0.397063643949039,0.80786948117525
3,1402,5402,-0.756474570377493,1.02358799232538
3,1403,5403,-0.775342650985335,0.875889175719764
3,1404,5404,-0.891265594495976,1.01976921617223
3,1405,5405,-0.688126397705862,0.598495417983108
3,1406,5406,-0.654641418791382,0.732505444106746
3,1407,5407,-0.841788562099685,0.826316874805347
3,1408,5408,-1.002252765855,1.36730780921985
3,1409,5409,-0.681768698346989,0.606053535899757
3,1410,5410,-0.574796416077001,0.827189081236127
3,1411,5411,-0.573984882750795,0.842003814696947
3,1412,5412,-0.404268861344429,0.89982375551795
3,1413,5413,-0.387262829647014,1.00955328326305
3,1414,5414,-0.72102201664464,0.498568108027165
3,1415,5415,-0.789563920777195,0.572838456383531
3,1416,5416,-0.21248434157653,0.440706704329695
3,1417,5417,-0.341591252479874,0.29734599221626
3,1418,5418,-0.228186186542761,0.241353725380339
3,1419,5419,-0.400171696931755,0.215396107999289
3,1420,5420,-0.233928588724442,0.25871637303573
3,1421,5421,-0.568863211787055,0.436897728259938
3,1422,5422,-0.595378252960643,0.616915664523679
3,1423,5423,-0.60199933757501,0.911800595316796
3,1424,5424,-0.255185400332653,0.436188142109427
3,1425,5425,-0.322778233563988,0.344663972467465
3,1426,5426,-0.298880360127725,0.456849335389475
3,1427,5427,-0.227566042072903,0.35777229197451
3,1428,5428,-0.209386359252066,0.254195816372007
3,1429,5429,-0.423879714058329,0.260306070771869
3,1430,5430,-0.34236854603765,0.308464385811699
3,1431,5431,-0.4153032958728,0.319016003859313
3,1432,5432,-0.481647238115635,0.367485823468322
3,1433,5433,-0.603637431433607,0.553716478700875
3,1434,5434,-0.441497949456353,0.379137941861279
3,1435,5435,-0.341664322216236,0.448797719805466
3,1436,5436,-0.482812358666924,0.418466535189409
3,1437,5437,-0.547970538255462,0.540022957708967
3,1438,5438,-0.845496520115802,0.745880734197123
3,1439,5439,-1.1888528208866,0.753011958676525
3,1440,5440,-1.31752896116752,0.873994465406133
3,1441,5441,-0.910030000811454,0.66550488831028
3,1442,5442,-1.2114082371828,0.875994656788703
3,1443,5443,-1.20040113890767,0.704616990425831
3,1444,5444,-1.08638199052258,0.822882031404825
3,1445,5445,-1.2002684776208,1.14365625105249
3,1446,5446,-1.22924011955169,1.26654782727867
3,1447,5447,-1.35907762170179,1.11512813625076
3,1448,5448,-1.28387845540737,1.20014293666687
3,1449,5449,-1.54765367534117,1.14751184254465
3,1450,5450,-1.9935957803149,1.70724411129689
3,1451,5451,-2.02485857307408,1.65991886031422
3,1452,5452,-1.68029172332933,2.20784258436881
3,1453,5453,-1.67964471893287,1.95569288250304
3,1454,5454,-0.722776776719173,0.453458661369447
3,1455,5455,-1.09653469705229,0.59961352910102
3,1456,5456,-1.20168712444785,0.707460972512451
3,1457,5457,-1.1766795128432,0.632461977099067
3,1458,5458,-1.06351949530067,1.07332427232777
3,1459,5459,-0.907641445185165,0.607636034353209
3,1460,5460,-0.77650256689871,0.526370089712131
3,1461,5461,-0.720335842421643,0.648062065682111
3,1462,5462,-0.438776781368835,0.42190025605812
3,1463,5463,-0.65234903553298,0.569536798198826
3,1464,5464,-0.719978927734295,0.912805769772029
3,1465,5465,-0.551704021093192,0.873265546544547
3,1466,5466,-0.311015374720468,0.671205726462413
3,1467,5467,-0.702824899684128,0.895277806530195
3,1468,5468,-0.638935141707025,0.748608164379381
3,1469,5469,-0.653878611055658,0.594603505982888
3,1470,5470,-0.856361874867844,1.16883193961185
3,1471,5471,-1.33997236757329,0.906384632914358
3,1472,5472,-1.2842604841023,0.822777860335469
3,1473,5473,-1.26600327428212,0.805381842471544
3,1474,5474,-1.12940043560768,0.804851043899813
3,1475,5475,-0.609819441184198,0.391607058945541
3,1476,5476,-0.512713763063608,0.40439588106931
3,1477,5477,-0.441136452660628,0.264997182406321
3,1478,5478,-0.580762498268139,0.364765359876937
3,1479,5479,-0.451162971664562,0.262432640560089
3,1480,5480,-0.767278895916511,0.387934764077362
3,1481,5481,-0.795876450699005,0.559637377048569
3,1482,5482,-0.846035747389675,0.46161287192615
3,1483,5483,-0.737170084124628,0.433687857835837
3,1484,5484,-0.499562837994519,0.411625015536201
3,1485,5485,-0.486638244535804,0.319285842920373
3,1486,5486,-0.516545315980309,0.424281887864767
3,1487,5487,-0.492373381139464,0.621977154973364
3,1488,5488,-0.437588271889538,0.615865260994518
3,1489,5489,-1.00773000716663,1.3033588789944
3,1490,5490,-1.04388043415193,0.907961134707821
3,1491,5491,-1.15760769267168,1.00086147203584
3,1492,5492,-0.583882783293226,0.475376838283504
3,1493,5493,-0.588355387441272,0.958192734306215
3,1494,5494,-0.491880885879364,0.46202108896408
3,1495,5495,-0.331360049700564,0.365263986571961
3,1496,5496,-0.47747826210895,0.415682247045755
3,1497,5497,-0.213324345506322,0.197462383282019
3,1498,5498,-0.200931042531613,0.113448029842631
3,1499,5499,-0.20661222737034,0.135049798535796
3,1500,5500,-0.300138211823655,0.195138152894273
3,1501,5501,-0.379380171065048,0.30150057386917
3,1502,5502,-0.39775587259122,0.27655812585163
3,1503,5503,-0.72288819869039,0.478500120339155
3,1504,5504,-0.672179326204284,0.341252149826453
3,1505,5505,-0.689539325567918,0.362382285138559
3,1506,5506,-0.699574486363549,0.329723860114672
3,1507,5507,-0.987996961297234,1.14803215434774
3,1508,5508,-0.699951671599413,0.853815042140759
3,1509,5509,-0.577959026265713,0.817157689351612
3,1510,5510,-0.677112989959781,0.848121301192749
3,1511,5511,-0.625835828858881,0.753390850594438
3,1512,5512,-0.829184045962735,0.914624490869476
3,1513,5513,-0.384674166795565,0.818604760651155
3,1514,5514,-0.347560016126688,0.544228900357562
3,1515,5515,-0.570917880642087,0.590826172276004
3,1516,5516,-0.961062100802173,0.559553267208446
3,1517,5517,-0.676008964634208,0.3665245184781
3,1518,5518,-0.431991864501723,0.373913185406871
3,1519,5519,-0.357310397144158,0.197401159115576
3,1520,5520,-0.300870942212384,0.17568771446607
3,1521,5521,-0.310221567276519,0.392366750836176
3,1522,5522,-0.235311939213571,0.249859379751042
3,1523,5523,-0.195143342922827,0.170122342769158
3,1524,5524,-0.39778448174628,1.0101952242163
3,1525,5525,-0.439971940083211,0.734306720811726
3,1526,5526,-0.48974067401494,0.729840651167678
3,1527,5527,-0.586531392789551,0.645398851205022
3,1528,5528,-0.522550865730312,0.556015149326252
3,1529,5529,-0.826468792925374,1.06696767387305
3,1530,5530,-0.782505510990174,0.885774269049242
3,1531,5531,-1.17363671844659,0.667458927927816
3,1532,5532,-1.43755850802955,0.91554441045848
3,1533,5533,-1.89967871375714,1.40536338320882
3,1534,5534,-1.77618512909691,1.75402417105784
3,1535,5535,-1.74047566706784,1.453264134837
3,1536,5536,-1.89973332069182,1.47394161698247
3,1537,5537,-1.31540839977809,1.188373720433
3,1538,5538,-1.42906034919951,0.963627486294679
3,1539,5539,-1.38735993133011,0.961964935485765
3,1540,5540,-1.16897034172481,0.811122254586305
3,1541,5541,-1.11724596555268,0.812028886375735
3,1542,5542,-0.400976129097416,0.258297313691062
3,1543,5543,-0.415023608546582,0.251930071141252
3,1544,5544,-0.51742986756229,0.370285170912355
3,1545,5545,-0.624617426855788,0.731939686438602
3,1546,5546,-0.826868545531824,0.463002281400664
3,1547,5547,-0.750897328379973,0.453295878632679
3,1548,5548,-0.848056563504495,0.684867332292016
3,1549,5549,-0.70928816719407,0.679013853495635
3,1550,5550,-1.13757749085151,0.950293191518779
3,1551,5551,-0.771980422599322,0.805012411245277
3,1552,5552,-0.75138948095438,0.879787769666298
3,1553,5553,-0.674179323314597,1.1762801577741
3,1554,5554,-0.706237022504512,1.12274443676341
3,1555,5555,-0.914960608732303,1.74648181876432
3,1556,5556,-0.906558976108187,0.564308543718246
3,1557,5557,-0.628403514810847,0.388214046193874
3,1558,5558,-0.365007593162538,0.400509172653321
3,1559,5559,-0.371491137297867,0.741434845459757
3,1560,5560,-0.481218883282201,0.739914545798195
3,1561,5561,-0.50025635905001,0.507320623297903
3,1562,5562,-0.334149043070816,0.322363143061358
3,1563,5563,-0.570683589990104,0.491619642291007
3,1564,5564,-0.439463984549529,0.425886715053084
3,1565,5565,-0.527951264595283,0.489542021697357
3,1566,5566,-0.560932458532772,0.603092341109827
3,1567,5567,-0.478516312571874,0.794900223462835
3,1568,5568,-0.58326690505018,1.7649577576828
3,1569,5569,-0.800136392730409,1.28794960237412
3,1570,5570,-0.828353734608562,1.32421173601265
3,1571,5571,-0.720067958259646,0.940432181998166
3,1572,5572,-1.01258908625308,0.893634107335082
3,1573,5573,-1.2649936807526,0.9993666455299
3,1574,5574,-0.546169451419766,0.4481006629526
3,1575,5575,-0.929154391570829,0.986549817775849
3,1576,5576,-1.22626033095719,0.755782024258088
3,1577,5577,-1.07543083304164,0.895018395509651
3,1578,5578,-1.04186918860249,0.742893221588943
3,1579,5579,-1.82893689953417,1.52220347163357
3,1580,5580,-1.91510406733084,1.63398582656587
3,1581,5581,-1.44775281215223,1.24649983309377
3,1582,5582,-1.55362070139008,1.31718601283905
3,1583,5583,-1.09861696299164,1.17907198902112
3,1584,5584,-1.2379978623885,1.61113079307873
3,1585,5585,-0.672048364007845,0.917549201774484
3,1586,5586,-0.590431580565561,0.782640390128117
3,1587,5587,-0.132823237789868,0.716070153911806
3,1588,5588,-0.856069476285454,0.571222623121376
3,1589,5589,-0.405505513423022,0.221723941711557
3,1590,5590,-0.878997469597846,0.852112122547968
3,1591,5591,-1.00539245416824,0.947054376322739
3,1592,5592,-0.720306542657999,1.40641447778326
3,1593,5593,-0.542392765176419,1.05938898908528
3,1594,5594,-0.563495352125811,1.05477589975386
3,1595,5595,-0.57156515237932,1.00698399095746
3,1596,5596,-0.759259736468747,1.52944756726484
3,1597,5597,-0.940405557066279,1.43096574837366
3,1598,5598,-1.16549091621749,0.794006581073408
3,1599,5599,-0.902491120562947,0.962736565254775
3,1600,5600,-0.525334695630519,0.549946234458091
3,1601,5601,-0.495585834227313,0.531699872397575
3,1602,5602,-0.591495265572113,0.433421905321458
3,1603,5603,-0.968027677837797,0.735865323872206
3,1604,5604,-0.755285790891002,0.413992906400828
3,1605,5605,-0.604269483964329,0.390070174874078
3,1606,5606,-0.89831486134931,0.593369766231873
3,1607,5607,-0.554107169084635,0.442433503300743
3,1608,5608,-0.766723607856719,0.460995841084754
3,1609,5609,-0.45484346315815,0.352200279977126
3,1610,5610,-0.446153549363014,0.506256412757578
3,1611,5611,-0.482712394272035,0.556347334513114
3,1612,5612,-0.757527317119803,0.932522912059672
3,1613,5613,-0.760632173522977,0.799789042873681
3,1614,5614,-0.540272152821779,1.32076351642555
3,1615,5615,-0.580400377550633,0.516923022445482
3,1616,5616,-0.158873667142512,0.323672641716862
3,1617,5617,-0.499984361545882,0.465901332605145
3,1618,5618,-0.160155213148369,0.33560268310994
3,1619,5619,-0.23651519496599,0.432263551039557
3,1620,5620,-0.413112505432492,0.629539266822172
3,1621,5621,-0.111074424359199,0.534346660321209
3,1622,5622,-0.288268895337357,0.223041961001691
3,1623,5623,-0.437409143635657,0.320242389388101
3,1624,5624,-0.316132106417144,0.136389614717502
3,1625,5625,-0.525669059732854,0.301273165056049
3,1626,5626,-0.393963048059933,0.250880431595312
3,1627,5627,-0.433107763278124,0.294970982674169
3,1628,5628,-1.00071322888729,0.832181250416048
3,1629,5629,-0.492361270128812,0.351373137181739
3,1630,5630,-0.67391426925687,0.470272276742436
3,1631,5631,-0.425192243510171,0.389897725340884
3,1632,5632,-0.457649318619422,0.438022632792434
3,1633,5633,-0.394805666918143,0.467275917108911
3,1634,5634,-0.426091054996965,0.406503090666085
3,1635,5635,-0.505576957487726,0.46266364621552
3,1636,5636,-0.447777758966959,0.342356913394086
3,1637,5637,-0.334626754835008,0.183968937278367
3,1638,5638,-0.401148149843064,0.223629427343326
3,1639,5639,-0.285362432164792,0.51203152245948
3,1640,5640,-0.41307437596777,0.277444332012307
3,1641,5641,-0.490209975614059,0.411937102539889
3,1642,5642,-0.342048002801456,0.323460331726605
3,1643,5643,-0.352716173025309,0.268301626530026
3,1644,5644,-0.438412204348562,0.344822739266561
3,1645,5645,-0.518114348361432,0.414581916222635
3,1646,5646,-0.605903106459164,0.32477724473409
3,1647,5647,-0.628600956958564,0.356514144073407
3,1648,5648,-0.684222749721595,0.406435117269556
3,1649,5649,-0.0930819826145034,0.0543249128913501
3,1650,5650,-0.0514411598690046,0.0827509424669378
3,1651,5651,-0.330537760234134,0.472027464172355
3,1652,5652,-0.361929552156751,0.28912452699121
3,1653,5653,-0.765964595256898,0.577693420772869
3,1654,5654,-0.59018242098922,0.514325187145612
3,1655,5655,-0.398057170483382,0.298785052941769
3,1656,5656,-0.510055239321882,0.366017856659714
3,1657,5657,-0.765737568278627,0.543205384151081
3,1658,5658,-0.936120006731515,0.840496165598679
3,1659,5659,-0.673655755579185,0.674653418699809
3,1660,5660,-0.699789970079193,0.755476096433849
3,1661,5661,-0.749639298322747,0.724789654238026
3,1662,5662,-0.795414866830477,0.60710858152639
3,1663,5663,-0.693338729601077,0.642688507649223
3,1664,5664,-0.820560812301688,0.586703656951584
3,1665,5665,-0.872721572076792,0.637863068511092
3,1666,5666,-0.641512229575818,0.594958825001159
3,1667,5667,-0.889229949606801,0.807115653218124
3,1668,5668,-0.43695143691827,0.284205105675025
3,1669,5669,-0.45096630904682,0.295132538911834
3,1670,5670,-0.2542093766043,0.201699513516663
3,1671,5671,-0.244236551712445,0.0977985062447786
3,1672,5672,-0.113958121931554,0.0899169223559578
3,1673,5673,-0.275010994331386,0.0983255564771285
3,1674,5674,-0.177704540703985,0.112159397701126
3,1675,5675,-0.356813927487284,0.315495388713623
3,1676,5676,-0.321910472979924,0.222384395613083
3,1677,5677,-0.296171500152043,0.230629712600936
3,1678,5678,-0.327497002558926,0.316180528073284
3,1679,5679,-0.315852502667057,0.302758131242414
3,1680,5680,-0.534373549397473,0.526852691473788
3,1681,5681,-0.369191729363201,0.505466034160172
3,1682,5682,-0.39632520827826,0.327609513515622
3,1683,5683,-0.427403511473624,0.316497168629417
3,1684,5684,-0.498374667598164,0.661513440538612
3,1685,5685,-0.442791746720879,0.374130002885735
3,1686,5686,-0.939940595557104,0.565861798313463
3,1687,5687,-0.534629160404079,0.304321205256887
3,1688,5688,-0.690456525060029,0.384392064114852
3,1689,5689,-0.444243634572469,0.346503972967195
3,1690,5690,-0.480445656648021,0.436198576400585
3,1691,5691,-0.412385072511088,0.300545491661523
3,1692,5692,-0.593475569391506,0.389553939021003
3,1693,5693,-0.78077485034006,0.51082999316748
3,1694,5694,-1.3602228478874,1.13558969940929
3,1695,5695,-1.38570597296626,1.26744494729963
3,1696,5696,-0.971255101763829,0.657450924804916
3,1697,5697,-0.82779092425507,0.799209092005817
3,1698,5698,-0.743917984889557,0.852508565932773
3,1699,5699,-0.489791523861227,0.59804456944899
3,1700,5700,-0.526197760596708,0.524293201634525
3,1701,5701,-0.430013638514326,0.373671533884412
3,1702,5702,-0.419738602758793,0.479579810017644
3,1703,5703,-0.567611894704906,0.612284202316353
3,1704,5704,-0.58310828488408,0.53064451699637
3,1705,5705,-0.793830718141912,0.782139453332042
3,1706,5706,-0.402499059012414,0.408010141351333
3,1707,5707,-0.677958131039535,0.483467512187712
3,1708,5708,-0.480859768306176,0.440631599379926
3,1709,5709,-0.843144007230894,0.942192418721244
3,1710,5710,-1.380523122626,1.83980159885739
3,1711,5711,-0.675717416018014,1.62377306106387
3,1712,5712,-0.635238873006439,1.55196864723766
3,1713,5713,-0.834177136498821,0.87664159068235
3,1714,5714,-0.707302424416864,1.26158251391422
3,1715,5715,-0.726593275564378,0.686697596365797
3,1716,5716,-0.760565587575002,0.654429568548809
3,1717,5717,-0.649545973130094,0.767374631499725
3,1718,5718,-0.6166858029592,0.51938022984929
3,1719,5719,-1.03770025643057,0.673205853793307
3,1720,5720,-0.879967830373825,0.718009066787261
3,1721,5721,-0.83636577678471,0.63217823947069
3,1722,5722,-0.741181792230413,0.456499285239523
3,1723,5723,-0.600011032897793,0.360895188130281
3,1724,5724,-0.781745926605334,0.737924462147424
3,1725,5725,-0.484701489196631,0.313132263888511
3,1726,5726,-0.49055943209421,0.427470009446262
3,1727,5727,-0.552730577780387,0.604286902437014
3,1728,5728,-0.345355816052833,0.580307962032667
3,1729,5729,-0.322553112301765,0.407230214723846
3,1730,5730,-0.431971746256284,0.278873292924369
3,1731,5731,-0.394459824651674,0.280489531114956
3,1732,5732,-0.509815733700893,0.390392622713872
3,1733,5733,-0.120405421718427,0.476500615307221
3,1734,5734,-0.218895036881448,0.504796608125286
3,1735,5735,-0.894743065289845,0.877053498653082
3,1736,5736,-0.742232793957516,0.712086593250249
3,1737,5737,-0.881247914059286,0.8372788981314
3,1738,5738,-0.714241117978543,0.596307493733373
3,1739,5739,-0.521833991697335,1.67951652989468
3,1740,5740,-0.69204241047671,0.664521983973959
3,1741,5741,-0.768301576241374,1.16764218617216
3,1742,5742,-0.901407280126568,0.770812621662229
3,1743,5743,-0.680089538615133,0.973954846874948
3,1744,5744,-0.694743020929314,0.79588908698255
3,1745,5745,-0.44474992450989,0.410183248004734
3,1746,5746,-0.465922162143476,0.627565615594459
3,1747,5747,-0.249741532386397,0.299773389944159
3,1748,5748,-0.650916081541025,0.405350051895213
3,1749,5749,-0.194463962299557,0.179998046100949
3,1750,5750,-0.278372737846169,0.249007395679051
3,1751,5751,-0.996678842493907,0.575047699668845
3,1752,5752,-0.803552420231214,0.4659702281917
3,1753,5753,-0.57336602608164,0.272773894972134
3,1754,5754,-0.517590726917801,0.256046779950956
3,1755,5755,-0.349344154288617,0.240538864378317
3,1756,5756,-0.514343802479399,0.621022378525999
3,1757,5757,-0.861095803380144,0.81205086515766
3,1758,5758,-0.823258875086657,1.1519390122289
3,1759,5759,-0.837904714298702,1.29607810521182
3,1760,5760,-0.66774054140978,0.538488568955432
3,1761,5761,-0.63796259408077,0.344636591200828
3,1762,5762,-0.54784231051525,0.335661705180791
3,1763,5763,-0.587720035602816,0.712894911363821
3,1764,5764,-0.495500381213278,0.357913655900104
3,1765,5765,-0.320756759633588,0.54337437536051
3,1766,5766,-0.353281461953239,0.366635009084016
3,1767,5767,-0.395969381321318,0.337925682832396
3,1768,5768,-0.381056903114082,0.50538049875466
3,1769,5769,-0.476277778558089,0.807255451703457
3,1770,5770,-0.466938904783347,0.742000320601832
3,1771,5771,-0.426511842276398,0.645738888477796
3,1772,5772,-0.718031334859348,0.809201282020107
3,1773,5773,-0.714276354098583,0.833326707758526
3,1774,5774,-0.676134700042559,0.693869960190366
3,1775,5775,-0.591892932672098,0.468727252046483
3,1776,5776,-0.384935102387778,0.277624559240084
3,1777,5777,-0.394985313877963,0.273531095659653
3,1778,5778,-0.279214897439315,0.911782761983929
3,1779,5779,-0.285011779121422,1.03557105838359
3,1780,5780,-0.650493106719996,1.17624983295053
3,1781,5781,-0.633818581145725,0.953227711738201
3,1782,5782,-0.660883174185943,0.696277252001593
3,1783,5783,-0.732456356744114,0.621575887150863
3,1784,5784,-1.06466629794351,0.761636257544768
3,1785,5785,-0.700228490301175,0.435028751788041
3,1786,5786,-1.12591533664221,1.00064287682871
3,1787,5787,-1.01474160893454,1.29634965795816
3,1788,5788,-1.00597976358236,1.26812452819416
3,1789,5789,-0.97929585763866,0.681071998599514
3,1790,5790,-0.6034672173928,1.25853430075762
3,1791,5791,-0.349729710243738,0.649179275201918
3,1792,5792,-0.535920598119935,0.437318077516932
3,1793,5793,-0.383719514443981,0.424012455994457
3,1794,5794,-0.270585730791985,0.293010384961128
3,1795,5795,-0.436300232270132,0.43703771136457
3,1796,5796,-0.26601056633163,0.220839309510807
3,1797,5797,-0.365337407480897,0.667555868285248
3,1798,5798,-0.480914438506784,0.38786785536218
3,1799,5799,-0.539579348707131,0.472518259536427
3,1800,5800,-1.40595328586928,1.13224440335007
3,1801,5801,-1.15489185954926,1.05919864042241
3,1802,5802,-0.366148650868452,0.372419600134701
3,1803,5803,-0.316243735392064,0.267672498182914
3,1804,5804,-0.447728439669032,0.374232794236335
3,1805,5805,-0.346885215063845,0.370524791171963
3,1806,5806,-0.625156249138886,0.608271618155418
3,1807,5807,-0.579439556327239,0.408387302116309
3,1808,5808,-0.610306499837459,0.417877459156455
3,1809,5809,-0.598750635157926,0.457983261134041
3,1810,5810,-0.824563925963984,0.639935375581794
3,1811,5811,-0.834877234868622,1.25100433975616
3,1812,5812,-0.533083148017625,0.538309029649094
3,1813,5813,-0.522133747278884,0.546054810308804
3,1814,5814,-0.596733969223556,0.858166378933185
3,1815,5815,-0.435905972940371,0.621622239369309
3,1816,5816,-0.586120076532467,0.65204114753722
3,1817,5817,-0.295751690719761,0.249641777608602
3,1818,5818,-0.610322377745379,0.497196417861296
3,1819,5819,-0.697139701506937,0.506115952621455
3,1820,5820,-0.695194948535163,0.520957862756469
3,1821,5821,-0.590981276175475,0.449547560163889
3,1822,5822,-0.42986789058876,0.398459891185539
3,1823,5823,-0.434227894863515,0.438243513605206
3,1824,5824,-0.548675153711846,0.885561206071212
3,1825,5825,-0.775813508956166,0.662889552831401
3,1826,5826,-0.936586300770282,1.33417350463765
3,1827,5827,-0.903561157623612,1.08017170443055
3,1828,5828,-0.922964117028336,1.16480217926071
3,1829,5829,-1.14101254333154,1.24249439265688
3,1830,5830,-1.34178245961293,1.31972554810627
3,1831,5831,-1.3720739700821,1.43538524319137
3,1832,5832,-1.32286246908671,1.19393746949407
3,1833,5833,-1.23275910519149,1.0065690507417
3,1834,5834,-1.31794494329514,1.04621556819542
3,1835,5835,-1.26707303621402,0.973974386061363
3,1836,5836,-1.2983604468114,1.13973542540622
3,1837,5837,-0.649981358043962,0.747188280112136
3,1838,5838,-0.84758578696684,0.833217937818326
3,1839,5839,-0.584792389139568,0.533499170917583
3,1840,5840,-0.659263434455126,0.568396138426517
3,1841,5841,-0.537945525211377,0.412683722777499
3,1842,5842,-0.586375907591304,0.536441989552822
3,1843,5843,-0.753909145495272,1.14135092694851
3,1844,5844,-0.855082087023646,1.20932124646549
3,1845,5845,-0.634256893448846,1.14759233206028
3,1846,5846,-0.660770958725038,1.15557308949995
3,1847,5847,-0.619147912539113,1.29578236451833
3,1848,5848,-0.577894429709715,0.940732683875096
3,1849,5849,-0.859468342080055,0.63993186374393
3,1850,5850,-0.849708129683616,0.49906067590131
3,1851,5851,-0.636706354836038,0.614689459259503
3,1852,5852,-0.873514604945888,0.52920965335703
3,1853,5853,-0.808173921157686,0.633501271743887
3,1854,5854,-0.707185515476884,0.527260114896195
3,1855,5855,-0.564508566398526,0.568504887024993
3,1856,5856,-0.66193154665492,0.70287279322109
3,1857,5857,-0.414834405261672,0.69015128704696
3,1858,5858,-0.789361080403889,0.998602361379448
3,1859,5859,-0.37331047347069,0.809930143726504
3,1860,5860,-0.54350312509409,1.19023166429003
3,1861,5861,-0.467770903534389,0.993143092304794
3,1862,5862,-0.54597962554165,0.550282323353785
3,1863,5863,-0.571596837666621,0.553061909772156
3,1864,5864,-0.979668399422739,1.06974867316255
3,1865,5865,-0.998836833687088,1.00625498878597
3,1866,5866,-1.02423082461181,1.11811521253453
3,1867,5867,-0.92991497642495,1.01471268379
3,1868,5868,-1.03051728588076,1.18391028474711
3,1869,5869,-0.785157051164339,0.823780169295359
3,1870,5870,-0.853976757429817,1.3394309582047
3,1871,5871,-0.685995473176301,1.07435054624408
3,1872,5872,-0.64909391198882,1.39929546644014
3,1873,5873,-0.584167104131338,1.32839387664506
3,1874,5874,-0.639247685590278,1.42559006407542
3,1875,5875,-0.658440844408617,0.879675486667575
3,1876,5876,-0.808151823456382,0.612126762684691
3,1877,5877,-0.710884182875607,0.598924433737878
3,1878,5878,-0.87787877173442,0.753040749609354
3,1879,5879,-0.623652113791351,0.496538057985749
3,1880,5880,-0.720376050753503,0.673407703189279
3,1881,5881,-0.600522389875575,0.380450831975911
3,1882,5882,-0.800061429225823,0.581752311666355
3,1883,5883,-0.480196876364033,0.489930797429477
3,1884,5884,-0.327945793287461,1.66626800842212
3,1885,5885,-0.339390038261338,1.03996304324593
3,1886,5886,-0.299444874163802,0.88450926064298
3,1887,5887,-0.102677788312233,0.810628043515613
3,1888,5888,-0.107649145290269,0.588521393468261
3,1889,5889,-0.375909791092322,0.57151221468694
3,1890,5890,-0.521112930771687,0.2736195688527
3,1891,5891,-0.55951699796142,0.370546023447277
3,1892,5892,-0.681298357737046,0.506789193021329
3,1893,5893,-0.456213170441787,0.336448993510073
3,1894,5894,-0.442410821471649,0.336179300539753
3,1895,5895,-0.4005361247106,0.413418842909734
3,1896,5896,-0.264541655591298,0.414174887228891
3,1897,5897,-0.30966034219542,0.682430487271744
3,1898,5898,-0.847745938653924,1.23605111777664
3,1899,5899,-0.415285131522617,1.61870775365447
3,1900,5900,-0.413538883820761,1.87255791457085
3,1901,5901,-0.685359559046381,0.943141695113664
3,1902,5902,-1.05518953008626,1.64766267170114
3,1903,5903,-0.841904105948026,0.855262354676041
3,1904,5904,-0.670926217075152,0.414387505268368
3,1905,5905,-0.665155770018259,0.535522840741541
3,1906,5906,-0.6381792674892,0.503347947598998
3,1907,5907,-0.618038244370845,0.485161838238453
3,1908,5908,-0.705117443570975,0.521013282465236
3,1909,5909,-0.415131928601263,0.366651021224249
3,1910,5910,-0.658701812143155,0.540967933528547
3,1911,5911,-0.499755788858148,0.559174013632112
3,1912,5912,-0.622025775220327,0.62705778321999
3,1913,5913,-0.325309468982604,0.458040989453958
3,1914,5914,-0.505436911998546,0.615170235623391
3,1915,5915,-0.617039882654918,0.998030189749691
3,1916,5916,-0.531114296510467,1.07338695522712
3,1917,5917,-0.677702089749157,0.608849273448884
3,1918,5918,-0.363196431110728,0.407828621811069
3,1919,5919,-0.744152873504391,0.50657175096288
3,1920,5920,-0.66248572822903,0.604283948752745
3,1921,5921,-0.632477242007612,0.452144518401431
3,1922,5922,-0.120305791293826,0.354313384020172
3,1923,5923,-0.135587315896327,0.451981740074068
3,1924,5924,-0.4554480368431,0.729822795773629
3,1925,5925,-0.503378260667246,0.718806719280045
3,1926,5926,-0.578427300936739,1.18186007418362
3,1927,5927,-0.716702247932341,0.53095897008967
3,1928,5928,-0.494548270995825,0.290723009008229
3,1929,5929,-0.920280312042432,0.548079538134057
3,1930,5930,-0.973768763887991,0.56790078973731
3,1931,5931,-1.15873931560122,0.993779791540257
3,1932,5932,-1.46128291507048,1.02165446338416
3,1933,5933,-1.22309142719705,0.901390162338119
3,1934,5934,-1.09189552133088,0.897275045230838
3,1935,5935,-0.749042708913322,0.91173638513304
3,1936,5936,-0.766435019554395,1.09629290017364
3,1937,5937,-0.733680251890865,1.03797113578214
3,1938,5938,-0.541258195804094,0.724123417767391
3,1939,5939,-0.617244359739548,0.957106024902106
3,1940,5940,-0.749677815867979,0.47138096609373
3,1941,5941,-0.438371469593852,0.283736930189487
3,1942,5942,-0.610405879681471,0.476620641344803
3,1943,5943,-0.755117338894579,0.607348570350146
3,1944,5944,-0.80645234742945,0.618064385355423
3,1945,5945,-0.896971117207017,0.939645191854064
3,1946,5946,-0.946447158145125,0.948538534848261
3,1947,5947,-1.20149446411565,1.10678755166
3,1948,5948,-0.605725452949184,0.624662900734646
3,1949,5949,-0.606371285115535,0.471481395158693
3,1950,5950,-0.769720119437268,0.625220094345961
3,1951,5951,-0.875908052724704,0.718925233446873
3,1952,5952,-0.790653282699697,0.672867262094693
3,1953,5953,-1.01073657225306,0.703087706118148
3,1954,5954,-1.08232185552844,0.82341937602674
3,1955,5955,-0.826831454013228,0.954340855697345
3,1956,5956,-0.428215656385983,0.353655253447746
3,1957,5957,-0.772994089838299,1.74823268035808
3,1958,5958,-0.636007397249745,1.21745893454458
3,1959,5959,-1.25579442812715,2.33358967078544
3,1960,5960,-0.540190567795007,0.482216427088834
3,1961,5961,-0.433197889131766,0.650388583168356
3,1962,5962,-0.89396569378659,0.832755366405677
3,1963,5963,-0.387619740618991,0.541105178624019
3,1964,5964,-0.701264906537757,0.65052003735684
3,1965,5965,-0.49183825725863,0.372235033694194
3,1966,5966,-0.188793056637529,0.355225637628727
3,1967,5967,-0.384718701656197,0.256992740664615
3,1968,5968,-0.477334968216458,0.593116679537444
3,1969,5969,-0.51956749590968,0.5865230060175
3,1970,5970,-0.190510150321415,0.26042186890161
3,1971,5971,-0.200003797943179,0.297224514516732
3,1972,5972,-0.258007676446266,0.256015010105238
3,1973,5973,-0.15599099762363,0.147771508410329
3,1974,5974,-0.324393812981897,0.517601253362755
3,1975,5975,-0.38145050478615,0.300106171406923
3,1976,5976,-0.204484885429069,0.264166895155367
3,1977,5977,-0.829014257593959,0.719653363362078
3,1978,5978,-0.687160469714999,0.539886560224631
3,1979,5979,-0.716774549187712,0.909414723455291
3,1980,5980,-0.909405718933466,0.951153961288644
3,1981,5981,-0.793380647767938,0.808247067705005
3,1982,5982,-0.920603017923528,0.97123092705512
3,1983,5983,-1.53551508443965,1.2697870042979
3,1984,5984,-1.20911149562285,1.62238522819178
3,1985,5985,-0.814742004306296,1.05815753474261
3,1986,5986,-1.12408943045963,1.27672754423437
3,1987,5987,-1.08760290449343,1.03036863456664
3,1988,5988,-0.750611259624726,0.563038729328761
3,1989,5989,-0.762529777368851,0.756114809952261
3,1990,5990,-0.600318971445597,0.580510225585247
3,1991,5991,-0.887067115487593,1.08424568584943
3,1992,5992,-0.760786989253536,0.660098187840174
3,1993,5993,-0.59718180887724,0.766296717946384
3,1994,5994,-0.629386703747433,0.635342825670325
3,1995,5995,-0.454557360534995,0.680978655819337
3,1996,5996,-0.424602507564293,0.685056059122565
3,1997,5997,-0.576581199879972,0.713873409207712
3,1998,5998,-0.481968724918103,0.923168199481722
3,1999,5999,-0.694458680747509,0.789609508013041
3,2000,6000,-0.788592301011791,0.87511956391552
4,1,6001,-0.228225311354172,0.183035177692884
4,2,6002,-0.183518296949772,0.188289890391428
4,3,6003,-0.380917143668632,0.695424640509439
4,4,6004,-0.311334635589481,0.398707532287835
4,5,6005,-0.623246316182043,0.580253440246129
4,6,6006,-0.406782195668301,0.651481260058542
4,7,6007,-0.508850092512991,1.16235341247972
4,8,6008,-0.297897465795229,0.467198637634117
4,9,6009,-0.68645764791037,0.744548004152218
4,10,6010,-0.292769088396874,0.361323194296632
4,11,6011,-0.46570735615179,0.352515008071309
4,12,6012,-0.339997945723858,0.592410094389896
4,13,6013,-0.455754816161697,0.330731292214123
4,14,6014,-0.498817966495053,0.460788311575772
4,15,6015,-0.549917256034184,0.66943762821203
4,16,6016,-0.252485093697831,0.536822781840189
4,17,6017,-0.503362010681487,0.690777744948046
4,18,6018,-0.724352233796009,0.804497255474778
4,19,6019,-0.581207914193077,0.499484451712478
4,20,6020,-0.315731550669109,0.290701763894361
4,21,6021,-0.238121024283621,0.255577647338503
4,22,6022,-0.247027452118583,0.257831374161418
4,23,6023,-0.332323611397147,0.419412276489833
4,24,6024,-0.259837654570544,0.13871641636636
4,25,6025,-0.315583650168545,0.187910477471725
4,26,6026,-0.216476202386384,0.121034154245579
4,27,6027,-0.389780022895127,0.287472828917944
4,28,6028,-0.538299014561403,0.382955875845187
4,29,6029,-0.312159556501153,0.204986577224946
4,30,6030,-0.628627209227204,0.665086479778413
4,31,6031,-0.430106415074842,0.231909009206337
4,32,6032,-0.25555497315097,0.207272539303373
4,33,6033,-0.341792089972325,0.28713967195363
4,34,6034,-0.289087856404698,0.181786808473317
4,35,6035,-0.0731761651693381,0.214819653873961
4,36,6036,-0.0698898196457165,0.243926483602192
4,37,6037,-0.126119021302233,0.106895037801424
4,38,6038,-0.130121131735173,0.231606320484064
4,39,6039,-0.144017352464849,0.118042727447914
4,40,6040,-0.235850410761504,0.0660570690980552
4,41,6041,-0.290959000419489,0.133454896687174
4,42,6042,-0.157296629764614,0.0389889803115376
4,43,6043,-0.24114242424422,0.265011058441659
4,44,6044,-0.239304524128573,0.385485611823211
4,45,6045,-0.187360713921564,0.164383675823281
4,46,6046,-0.231221867500939,0.318253483565347
4,47,6047,-0.274646102778138,0.330321134030072
4,48,6048,-0.221869489266133,0.172115210534522
4,49,6049,-0.321296929888395,0.295783958068147
4,50,6050,-0.203014443645618,0.13852800773369
4,51,6051,-0.411816170795166,0.283721026133098
4,52,6052,-0.424707010638539,0.415214345626501
4,53,6053,-0.529015434315756,0.500148418902335
4,54,6054,-0.525099084183019,0.507809626761192
4,55,6055,-0.0821495279203557,0.109450237795371
4,56,6056,-0.24042970964713,0.201900272892493
4,57,6057,-0.213546198759026,0.138065906016232
4,58,6058,-0.447254049284567,0.356800377477181
4,59,6059,-0.387883939085179,0.336509428901821
4,60,6060,-0.35491740229286,0.350983185790958
4,61,6061,-0.36290280727091,0.30891499416036
4,62,6062,-0.500931769698425,0.420600654518634
4,63,6063,-0.574912018840019,0.607810779757457
4,64,6064,-0.33327359338442,0.460576265815
4,65,6065,-0.569194575686358,0.523051928337363
4,66,6066,-0.258463507559616,0.369920083170418
4,67,6067,-0.359831273567679,0.569840450403137
4,68,6068,-0.247207271789775,0.608388241694402
4,69,6069,-0.573685323682863,1.07749057743668
4,70,6070,-0.275105121560382,0.711857310240428
4,71,6071,-0.864529908545125,1.26717976572179
4,72,6072,-0.684843496889671,0.762974861865634
4,73,6073,-0.718387253083883,0.707122283650844
4,74,6074,-1.01827684988832,1.13098630626985
4,75,6075,-0.392825950078819,0.509603198420267
4,76,6076,-1.06121341308047,0.999995755166428
4,77,6077,-0.971217521335624,0.901026966880062
4,78,6078,-0.693968785780109,0.732271928634809
4,79,6079,-0.3469476679091,0.47670922351219
4,80,6080,-0.566091716644538,0.455776307002841
4,81,6081,-1.36144829108763,0.947100917920427
4,82,6082,-1.19391791287095,0.918193323522277
4,83,6083,-1.35616087788759,1.12527201662923
4,84,6084,-1.11465592107867,0.83381481987286
4,85,6085,-0.666804135764395,1.35869618987092
4,86,6086,-0.942265455158223,0.723377352738114
4,87,6087,-0.570850146839461,0.354057395660159
4,88,6088,-0.665474964606399,0.60450139687346
4,89,6089,-0.709297567679823,0.570676825698895
4,90,6090,-0.765734683006712,0.398898418628187
4,91,6091,-0.404914671892746,0.516336325110821
4,92,6092,-0.520464067161286,0.362488965398239
4,93,6093,-0.403573686574681,0.307497638746726
4,94,6094,-0.630561663981041,0.757215089272842
4,95,6095,-0.407998520934204,0.514478990962244
4,96,6096,-0.504347823589467,0.549558537814706
4,97,6097,-0.36394260083194,0.224577525434807
4,98,6098,-0.815672775524082,0.608710270797167
4,99,6099,-0.58880238202972,0.435774991117455
4,100,6100,-0.579066740272126,0.403986064816105
4,101,6101,-0.80264964440313,0.744868853117342
4,102,6102,-0.819924478315135,0.769009789581584
4,103,6103,-1.02286789713472,0.783943649205584
4,104,6104,-1.01572794112488,0.586105062735931
4,105,6105,-0.897176944350737,0.621031037159325
4,106,6106,-0.392653534067553,0.233819277508751
4,107,6107,-0.547430951283104,0.330581085681868
4,108,6108,-0.590575360845366,0.331314346338038
4,109,6109,-0.56707217815965,0.341881251705728
4,110,6110,-0.408292468301656,0.669590223398888
4,111,6111,-0.345515092395865,0.537235772930692
4,112,6112,-0.333138100305613,0.786659068274895
4,113,6113,-0.375093650982108,1.08590653008147
4,114,6114,-0.260770484629596,0.884977652112983
4,115,6115,-0.533067812468534,0.840307790695496
4,116,6116,-0.408982333838889,1.15136336519406
4,117,6117,-0.506820587632291,1.44498228677658
4,118,6118,-0.479418143023331,0.881080428732167
4,119,6119,-0.583642099622456,0.814740790874887
4,120,6120,-1.17595566984521,1.52170204344794
4,121,6121,-1.30070400086238,0.902854565311025
4,122,6122,-0.89515795825483,0.663742720603474
4,123,6123,-0.438730906783913,0.357359181506557
4,124,6124,-0.549777131864125,0.37069423131321
4,125,6125,-0.562686408428077,0.520378110486666
4,126,6126,-0.666712906371318,0.968615390524373
4,127,6127,-0.674083197121857,0.821129119826554
4,128,6128,-0.835685125905263,0.950448251577219
4,129,6129,-0.50516746216729,1.05028606639708
4,130,6130,-0.71118103241777,0.506683000528837
4,131,6131,-0.456472573556977,0.365029252763605
4,132,6132,-0.978187896928366,0.976844984533093
4,133,6133,-0.919422322249554,1.02771628203508
4,134,6134,-0.625185810515755,0.80629426320227
4,135,6135,-0.339149856814786,0.570205852410394
4,136,6136,-0.41047104819073,0.357566560980891
4,137,6137,-0.391424892366486,0.318540143867239
4,138,6138,-0.494605575221526,0.34098418691694
4,139,6139,-0.410905410562398,0.286610079868416
4,140,6140,-0.819780883135533,0.509377102051363
4,141,6141,-0.470486826366781,0.490490969462912
4,142,6142,-0.407541072756902,0.214842903926564
4,143,6143,-0.35926142687768,0.3203616429779
4,144,6144,-0.353683404714086,0.34088674501918
4,145,6145,-0.263688333780193,0.212162387800253
4,146,6146,-0.254360432493723,0.50386356754473
4,147,6147,-0.119057226094622,0.161586593449849
4,148,6148,-0.196994058140672,0.180555918413828
4,149,6149,-0.190707670185979,0.184018518184895
4,150,6150,-0.202290801322226,0.127201435798718
4,151,6151,-0.68687299353775,0.400296786411929
4,152,6152,-0.553838639637008,0.364322597776615
4,153,6153,-1.26448647634221,1.16412952786127
4,154,6154,-0.649566526622717,0.450788820928041
4,155,6155,-0.496621261588237,0.297821314144257
4,156,6156,-0.842280209343562,0.842217824212023
4,157,6157,-0.41902154412558,0.32022832088091
4,158,6158,-0.406120394194002,0.445984242908274
4,159,6159,-0.494863958439927,0.633812476756957
4,160,6160,-0.429669669830126,0.441399886655858
4,161,6161,-0.624638797184494,0.615113495817576
4,162,6162,-0.521634510170271,0.312407992298331
4,163,6163,-0.353377094699736,0.221131463353542
4,164,6164,-0.375739771591206,0.365903283175622
4,165,6165,-0.719551546678009,0.484393166837968
4,166,6166,-0.991792343155176,0.678873786764258
4,167,6167,-0.611776315988454,0.424992793110357
4,168,6168,-0.407515181494142,0.490042145741163
4,169,6169,-0.34580207260065,0.228414163144349
4,170,6170,-0.221841320107958,0.097456267007229
4,171,6171,-0.287887990500562,0.139941365041595
4,172,6172,-0.410863109488645,0.285952307591182
4,173,6173,-0.769928745322082,0.578149114782531
4,174,6174,-0.725122666072729,0.517701540759847
4,175,6175,-0.8858638950428,0.73360698756281
4,176,6176,-0.311819087507841,0.277205898626496
4,177,6177,-0.341839899319064,0.535726900871145
4,178,6178,-0.787078035366047,0.971949583307335
4,179,6179,-0.784217344410828,0.741932483118892
4,180,6180,-0.499515682906277,0.39061294264857
4,181,6181,-0.657503771525271,0.598133197864803
4,182,6182,-0.934674663035374,0.710884132275706
4,183,6183,-0.617514196889244,0.802371714366065
4,184,6184,-0.606270407157861,0.734276232768031
4,185,6185,-0.401911127320751,0.498951355336891
4,186,6186,-1.26417315600105,0.841185301289358
4,187,6187,-1.5477086421798,1.39064922102858
4,188,6188,-1.61308153636272,1.35666045677343
4,189,6189,-1.39327604489865,1.14476094613222
4,190,6190,-1.55813708641516,1.10962880195883
4,191,6191,-0.792167123937846,0.497581976030436
4,192,6192,-0.962053946906461,0.85485919846318
4,193,6193,-0.646963312803486,0.330489414724866
4,194,6194,-0.479125736317821,0.223726072152515
4,195,6195,-0.580326779431268,0.342090897756562
4,196,6196,-0.590774791214706,0.332765034769157
4,197,6197,-0.815704461649401,0.918222093060487
4,198,6198,-0.650863473245502,0.529867471146526
4,199,6199,-0.616687199640707,0.382516103339088
4,200,6200,-0.599406821891443,0.532554927549874
4,201,6201,-0.210689105912837,0.222683446175124
4,202,6202,-0.125465375855879,0.797675774055165
4,203,6203,-0.870939624163753,0.54898767895228
4,204,6204,-0.349595384976916,0.223591061794027
4,205,6205,-0.614736172831394,0.381608248618419
4,206,6206,-1.10069992907957,0.771325987607562
4,207,6207,-1.0819622437152,0.757256005537901
4,208,6208,-1.06520006546413,0.708570852653847
4,209,6209,-0.83359617520388,1.01076018069196
4,210,6210,-0.894603974978117,0.839612292411788
4,211,6211,-0.478161159880294,0.299420712784373
4,212,6212,-0.853006261593461,0.468273332474336
4,213,6213,-0.745738338070836,0.387126106122615
4,214,6214,-0.670719944107362,0.490481138571939
4,215,6215,-0.834737871678641,0.839489106379332
4,216,6216,-0.625219499355858,0.489295575348517
4,217,6217,-0.746880960338198,0.582943126995714
4,218,6218,-0.851736305298609,0.880634786223219
4,219,6219,0.187049529062753,1.39177051038052
4,220,6220,-0.284998475725987,0.800238773009801
4,221,6221,-0.763223586625895,0.874064896145026
4,222,6222,-0.760670426500292,0.702097010854106
4,223,6223,-0.929923177093045,0.699772230901762
4,224,6224,-1.169640578286,0.887459271397255
4,225,6225,-1.17275639205172,0.804294161583691
4,226,6226,-1.16440711125414,0.870131732540065
4,227,6227,-1.2776353283468,0.905685630583403
4,228,6228,-1.45114080993647,1.18738162452909
4,229,6229,-1.2418678280875,1.10089700007951
4,230,6230,-1.06132514895305,0.864939361469006
4,231,6231,-0.805726616089577,0.98508342712484
4,232,6232,-0.765745321095203,1.06157344100137
4,233,6233,-0.57562332403284,0.863247952187206
4,234,6234,-0.988188586385258,0.858401614961061
4,235,6235,-0.985217927954244,0.874992517291381
4,236,6236,-0.832756513306836,0.624588815671307
4,237,6237,-0.475436681623985,0.643064544362459
4,238,6238,-0.572702727591393,0.583112267000184
4,239,6239,-0.777946086395824,0.801478762287861
4,240,6240,-0.764357350216511,0.885356901916944
4,241,6241,-0.713471057038949,0.927077344367631
4,242,6242,-0.867220500951754,1.04558320266623
4,243,6243,-0.595314499462409,0.584487674591348
4,244,6244,-0.456492663727749,0.592061600352675
4,245,6245,-0.531231951511783,0.599404067480511
4,246,6246,-0.213205676519641,0.391956800258712
4,247,6247,-0.292178229690124,0.276889587965052
4,248,6248,-0.655499507171152,0.566284982580121
4,249,6249,-0.601591680635906,0.593434914834117
4,250,6250,-0.630665452338287,0.614389415722213
4,251,6251,-0.357316895165762,0.307048446447404
4,252,6252,-0.16042976441817,0.119725278548537
4,253,6253,-0.321664501278787,0.182688201913777
4,254,6254,-0.644714604337264,0.566657510315371
4,255,6255,-0.426430908278333,0.288080637226144
4,256,6256,-0.466631735982771,0.508708633272198
4,257,6257,-0.592479315408589,0.653814001017352
4,258,6258,-0.606527340139867,0.680974337506382
4,259,6259,-0.559736221488857,0.976065826874664
4,260,6260,-0.431951039221553,0.370958533715722
4,261,6261,-0.732360183525568,0.527780491790887
4,262,6262,-0.557168605430293,0.710590312608345
4,263,6263,-0.65420201198767,0.653179457275143
4,264,6264,-0.646385915151911,0.893996859926469
4,265,6265,-0.647581907003981,0.422323699962527
4,266,6266,-0.4968697379344,0.340302231100136
4,267,6267,-0.485417749660736,0.747832998136579
4,268,6268,-0.792809132076388,0.746705042357177
4,269,6269,-0.377224482728759,0.737199323701838
4,270,6270,-1.18139369319754,0.83962407613145
4,271,6271,-1.27989883639291,0.592244816848359
4,272,6272,-1.41109282100418,0.638205461672929
4,273,6273,-0.954215681953818,0.510198424309836
4,274,6274,-0.924090814866609,0.525692049418962
4,275,6275,-0.36697860437114,0.196305296842129
4,276,6276,-0.393959124376895,0.207749826566773
4,277,6277,-0.618535664957038,0.469166975803688
4,278,6278,-0.566317469928768,0.461841112999188
4,279,6279,-0.913966514620782,0.701675994404434
4,280,6280,-0.750928624339311,0.747783209579017
4,281,6281,-0.532584735198933,0.435187979280194
4,282,6282,-0.910566960396712,0.824991944908298
4,283,6283,-1.097095829507,0.799511253616396
4,284,6284,-1.07163124285803,0.902378283572387
4,285,6285,-0.748891220548394,1.03568749684186
4,286,6286,-0.649427779860526,0.795142148176222
4,287,6287,-0.301907806700481,1.05253211764869
4,288,6288,-0.413326459884629,1.14102809615722
4,289,6289,-0.700748146363427,0.650660106590711
4,290,6290,-0.424638333157512,0.360633057365877
4,291,6291,-0.232148212057181,0.410035664585444
4,292,6292,-0.338615428203641,0.568178778701564
4,293,6293,-0.301472750114873,0.644792743372148
4,294,6294,-0.25635027448153,0.194318019523053
4,295,6295,-0.472490519946228,0.603143249696484
4,296,6296,-0.563264009296855,0.855543519917374
4,297,6297,-0.533541123871845,0.680430848227613
4,298,6298,-0.436860744354689,0.848973327992002
4,299,6299,-0.113892691377668,1.13535394364662
4,300,6300,-0.424140533866809,0.946864036564702
4,301,6301,-0.348926012232359,0.940899664134519
4,302,6302,-0.528722592377466,0.430925889394832
4,303,6303,-0.500677848859323,0.968654616454205
4,304,6304,-1.09699742022455,1.12512415605588
4,305,6305,-0.457738899733653,0.42678934854662
4,306,6306,-1.61369148309807,1.58436570890995
4,307,6307,-1.62924194407993,1.35270122794855
4,308,6308,-0.78201194881489,1.60495362472632
4,309,6309,-1.01944326948197,2.02068199596807
4,310,6310,-1.00516234191993,2.04707882563642
4,311,6311,-0.860602888019748,1.70887027063042
4,312,6312,-1.11229320042038,1.19135020292625
4,313,6313,-0.696439669021109,1.29511227260835
4,314,6314,-1.03268223073335,1.64976840579664
4,315,6315,-0.933617709443987,1.41241506556563
4,316,6316,-0.979110459290675,1.4974327444372
4,317,6317,-0.94580099663542,1.39105580988422
4,318,6318,-0.833842275928614,1.2762650201959
4,319,6319,-0.790334185355424,1.2155843561431
4,320,6320,-0.973159105321034,1.06720900850636
4,321,6321,-1.00092468617367,1.36040081997621
4,322,6322,-0.762419047148688,0.791118878788447
4,323,6323,-0.680357903857426,0.669720134010867
4,324,6324,-0.637833369735077,0.586919615217941
4,325,6325,-0.555962288789515,0.577921964383583
4,326,6326,-0.449377111488518,0.681437487229999
4,327,6327,-0.585971344313041,0.537334514070622
4,328,6328,-1.05306414270535,1.71465994180206
4,329,6329,-1.11700783200144,1.34912670038892
4,330,6330,-1.10518122442999,1.09154047595686
4,331,6331,-1.050631656332,0.83108803072828
4,332,6332,-0.96269703743387,0.752959174168932
4,333,6333,-0.893135009692978,1.28112997144381
4,334,6334,-0.835793401054147,1.20429927927433
4,335,6335,-0.661253886023733,1.06338371040812
4,336,6336,-0.71015707994498,0.870795332857153
4,337,6337,-0.739084519048761,0.780183729671277
4,338,6338,-0.621367839981669,0.879635656893431
4,339,6339,-0.820574713709619,1.11311404196949
4,340,6340,-0.854733308413605,0.710925278316756
4,341,6341,-0.945408971974534,0.893434406282297
4,342,6342,-0.675878751506802,0.530498085456605
4,343,6343,-0.876121436093877,0.732228709654476
4,344,6344,-0.687831003080916,0.431233201592924
4,345,6345,-0.905877871587416,0.494076937842748
4,346,6346,-0.949559840308772,0.632666807301205
4,347,6347,-0.525919055681634,0.282028568719351
4,348,6348,-0.389018189190636,0.51772049408598
4,349,6349,-0.222349826396161,0.168918740659192
4,350,6350,-0.445359914112042,0.595309154546449
4,351,6351,-0.603641001761107,0.609089388364587
4,352,6352,-0.433656421380294,0.381583560336287
4,353,6353,-0.484716626323024,0.393060705748651
4,354,6354,-0.543623148977273,0.588620867689886
4,355,6355,-0.654267496888103,1.32261507825127
4,356,6356,-0.485841145996456,1.17567772362059
4,357,6357,-0.956322009893831,0.737864228408757
4,358,6358,-0.383808230317068,1.01725065840143
4,359,6359,-0.97161408835874,1.07356125420146
4,360,6360,-0.636423582579931,0.639320858030741
4,361,6361,-1.15352911655768,0.844648905891879
4,362,6362,-0.667165004750443,0.543656611453793
4,363,6363,-1.05493301034686,0.847371965669183
4,364,6364,-0.537436611760165,0.348277783831633
4,365,6365,-1.2526978500943,1.19808393060413
4,366,6366,-1.35196347710733,1.22672571668606
4,367,6367,-1.40412164725535,0.990910976506171
4,368,6368,-1.3731241908798,1.0918162482074
4,369,6369,-1.97774289942275,1.3726576693714
4,370,6370,-0.426838775226404,0.352403825115551
4,371,6371,-0.537608303482598,0.664349905742586
4,372,6372,-0.656854949006137,0.762541088460038
4,373,6373,-0.62749074978395,0.804037896314078
4,374,6374,-0.620726204252023,0.82914795778414
4,375,6375,-0.631992734889369,0.399204531540874
4,376,6376,-0.818505236920066,0.859431523211844
4,377,6377,-0.236987710913966,0.352577438228591
4,378,6378,-0.364373517549403,0.68811205926123
4,379,6379,-0.544238578198344,0.600330030762342
4,380,6380,-0.440316365691268,0.408710026144977
4,381,6381,-0.805760635212361,0.617619968825664
4,382,6382,-0.779413657668638,0.822283304063171
4,383,6383,-0.815720924527067,0.956459771324376
4,384,6384,-0.676890707291413,0.595406676694138
4,385,6385,-0.629800528062278,0.669137453949973
4,386,6386,-0.602839921152411,0.573377930058488
4,387,6387,-0.885220633610644,0.660998382844835
4,388,6388,-1.20494532662694,0.691009566124583
4,389,6389,-0.451777506150027,0.546732739686533
4,390,6390,-0.373402722769921,0.595485190613843
4,391,6391,-0.404210369368826,0.769505042370173
4,392,6392,-0.300542060924254,0.251624295602987
4,393,6393,-0.416640943570749,0.411436524053359
4,394,6394,-0.819363260629482,0.841666647113572
4,395,6395,-0.341943680093942,0.16826351689583
4,396,6396,-0.304979430599138,0.133355576774897
4,397,6397,-0.513964633627909,0.571939358443523
4,398,6398,-0.280036872088898,0.214453986045566
4,399,6399,-0.174967960954713,0.114699019080417
4,400,6400,-0.182530950968443,0.204617277660444
4,401,6401,-0.168116181778022,0.128010370791164
4,402,6402,-0.288099186058553,0.234052671222527
4,403,6403,-0.35454810339617,0.246778428461008
4,404,6404,-0.543717583627583,0.581556595209
4,405,6405,-0.343868139547444,0.235935661766307
4,406,6406,-0.192434898660488,0.131844546217237
4,407,6407,-0.230019896064367,0.152466864689754
4,408,6408,-0.365151093337664,0.315921732891841
4,409,6409,-0.103616859242835,0.21871350112778
4,410,6410,-0.474728057757363,0.547005274604984
4,411,6411,-0.399116861338696,0.86368484427783
4,412,6412,-0.50253384724419,0.866797298636217
4,413,6413,-0.357967073682157,1.2409701617187
4,414,6414,-1.04196117260992,0.908470895905145
4,415,6415,-1.28475920457156,0.856345342330477
4,416,6416,-1.30881819041038,0.895004468681638
4,417,6417,-1.35971345218932,0.84675136641367
4,418,6418,-1.35403670986463,0.771862220655255
4,419,6419,-1.66456377901166,0.835130247390964
4,420,6420,-1.65043401106988,1.38183069639033
4,421,6421,-0.892615774257185,1.01548795249867
4,422,6422,-0.553049601395472,0.54657598530434
4,423,6423,-0.468014430787923,0.578199071049022
4,424,6424,-0.696669500532238,0.719127238026894
4,425,6425,-0.496368830087553,0.505200566951809
4,426,6426,-0.408872431160395,0.253314996349788
4,427,6427,-0.398487154231454,0.346145459934498
4,428,6428,-0.921382992338878,0.669948758991292
4,429,6429,-1.01155362389684,1.02589229372562
4,430,6430,-0.861104820182002,0.898418755228756
4,431,6431,-0.883952055517524,0.630113027055821
4,432,6432,-0.495934213016556,0.346808345676795
4,433,6433,-0.215111776760852,0.121829607640244
4,434,6434,-0.0631686844317719,0.100179345959954
4,435,6435,-0.200937006370611,0.118675174085968
4,436,6436,-0.237192535035582,0.423065618998092
4,437,6437,-0.12635728844126,0.367348851088886
4,438,6438,-0.26920281909117,0.545441522932206
4,439,6439,-0.563229758492422,0.560796887020611
4,440,6440,-0.461787992115251,0.433174498807879
4,441,6441,-0.384037255238931,0.30290268170407
4,442,6442,-0.664889514057277,0.742929001419335
4,443,6443,-0.574397114357009,0.906675926513892
4,444,6444,-0.695619519400908,0.535886843418587
4,445,6445,-0.555978009344857,0.439959575908203
4,446,6446,-0.857794114034774,0.69033300619534
4,447,6447,-0.290763064550455,0.292421341806089
4,448,6448,-0.690739495557488,0.604160389193211
4,449,6449,-0.289798967212723,0.334096628367748
4,450,6450,-0.667612503431967,0.972806947273418
4,451,6451,-1.13467059096852,0.822253154708787
4,452,6452,-0.903032215537537,0.644511818824448
4,453,6453,-1.19582443051122,1.04985576646314
4,454,6454,-1.04349021280764,0.963426027972936
4,455,6455,-0.819655620701254,0.614849757019424
4,456,6456,-0.73106585984417,0.87794069142585
4,457,6457,-0.422707656689543,0.727003717036745
4,458,6458,-0.222086892054909,0.564561291571552
4,459,6459,-0.789168955923574,0.894291788451188
4,460,6460,-0.852529159041265,0.829586618369629
4,461,6461,-0.569754273448139,0.467692285585829
4,462,6462,-0.554038544688344,0.433319595938007
4,463,6463,-0.246236260591424,0.32464005423786
4,464,6464,-0.233985489596702,0.476441669830948
4,465,6465,-0.398243321981055,0.287384487367344
4,466,6466,-0.308324586469526,0.242602735300307
4,467,6467,-0.238108617422943,0.157612620102733
4,468,6468,-0.192959673184817,0.155695473025757
4,469,6469,-0.674116556545004,0.640285901820257
4,470,6470,-0.440052793349728,0.257245498344061
4,471,6471,-0.603750165179567,0.606555635427199
4,472,6472,-0.565212281984399,0.397355397401688
4,473,6473,-0.276343926988356,0.283482088317085
4,474,6474,-0.798909060281253,0.786318292387096
4,475,6475,-0.692545998609658,0.646385680216873
4,476,6476,-0.809288965836872,1.41071587494929
4,477,6477,-0.733538045681136,0.765532657840209
4,478,6478,-0.703500182689442,0.936557819694785
4,479,6479,-0.392540219143561,0.748279637754818
4,480,6480,-0.335549149103569,0.524205606132241
4,481,6481,-0.77059370601343,0.790978978531025
4,482,6482,-0.473702274858964,0.408458391186235
4,483,6483,-0.556498838524025,0.493812456500656
4,484,6484,-0.272346301800981,0.258098981855842
4,485,6485,-0.424054493141384,0.318679897000979
4,486,6486,-0.717293358550302,0.625321195145991
4,487,6487,-0.87290280038126,0.709690817011679
4,488,6488,-0.694762141818996,0.560273488060319
4,489,6489,-0.654114499413131,0.619152483463557
4,490,6490,-0.687654092775641,0.461019280808818
4,491,6491,-0.260654780359635,0.219783841975683
4,492,6492,-0.256593875349096,0.19854277676838
4,493,6493,-0.515853882690456,0.481177192785596
4,494,6494,-0.718300702527232,0.598440760664875
4,495,6495,-1.08926066916457,0.814860403331336
4,496,6496,-0.406408405132261,0.341460533935735
4,497,6497,-0.617294014102768,0.424954314388726
4,498,6498,-0.6239294365022,0.483770746503183
4,499,6499,-0.715727769870601,0.453914334473904
4,500,6500,-0.303760858728283,0.385833681924131
4,501,6501,-0.237863797017451,0.329727135117352
4,502,6502,-0.241427833508758,0.516886671636585
4,503,6503,-0.484176235403874,0.238126148124808
4,504,6504,-0.479878836108736,0.469598294789535
4,505,6505,-0.27793326666994,0.293971318896081
4,506,6506,-0.305686391461877,0.612235309068633
4,507,6507,-0.499425349438721,0.60968556862255
4,508,6508,-0.102544688295541,0.559369469464765
4,509,6509,-0.419703989507352,0.591762009930852
4,510,6510,-0.299414922520544,0.648922135223436
4,511,6511,-0.508131903344848,0.656531678677485
4,512,6512,-0.424680480652114,0.477365961240064
4,513,6513,-0.511011605462896,0.719829443094835
4,514,6514,-0.419841631311187,0.695065008422598
4,515,6515,-0.491134839249319,1.75955662959865
4,516,6516,-0.570797112063732,1.23365971645353
4,517,6517,-0.360983103697986,0.505138523237045
4,518,6518,-0.834766550091565,0.765569416637641
4,519,6519,-1.08104801198372,0.701937023122719
4,520,6520,-1.09729811336611,1.57159710201009
4,521,6521,-1.09765353228257,1.37671838184888
4,522,6522,-0.977250225598841,1.02698940998848
4,523,6523,-1.30347168057431,1.88658629750701
4,524,6524,-1.27921004022952,1.9488911191864
4,525,6525,-1.25695518379879,1.20261615783782
4,526,6526,-1.21171290599507,1.39763450030832
4,527,6527,-0.781354201548699,1.41129389715229
4,528,6528,-0.704888970364813,1.0710834522318
4,529,6529,-0.94607357481657,1.37476746141429
4,530,6530,-0.900114327992373,1.35347215502029
4,531,6531,-0.429526435767929,1.09085838491904
4,532,6532,-0.437778518375815,1.25512832564703
4,533,6533,-0.703904602654452,0.890767024207044
4,534,6534,-0.547326591527547,0.752197715703377
4,535,6535,-0.5960734728995,0.702822107893569
4,536,6536,-0.82122472626569,0.89703418408284
4,537,6537,-0.812018299839545,0.94593742402028
4,538,6538,-0.926059341881891,0.959928083704902
4,539,6539,-0.872824313823705,0.785001726559726
4,540,6540,-0.634771707002206,0.87997071383872
4,541,6541,-1.50094064914466,1.31911581626604
4,542,6542,-0.309843936159929,0.199254724019082
4,543,6543,-0.440764980612803,0.260070151633957
4,544,6544,-0.552152079296772,0.398458730872956
4,545,6545,-0.632378604036471,0.416746839639597
4,546,6546,-0.486972471477437,0.394407239425614
4,547,6547,-0.602007736351331,0.558430641920554
4,548,6548,-0.604519316799274,0.521667999789162
4,549,6549,-0.683151339083842,1.0229650899753
4,550,6550,-0.545219220559396,0.96446007144162
4,551,6551,-0.369953224708656,0.233767161305803
4,552,6552,-1.06635550478554,0.960243821082206
4,553,6553,-0.869779539254035,0.624649295316208
4,554,6554,-0.845744054120559,0.599376980184345
4,555,6555,-0.450984212665549,0.64749433547286
4,556,6556,-0.400844466157855,0.817484409736421
4,557,6557,-0.196980174219537,0.641586324101231
4,558,6558,-0.713560959346807,0.692433092335806
4,559,6559,-0.879117400499982,1.36422889722185
4,560,6560,-0.969496242436193,1.54659328290982
4,561,6561,-0.938362278085003,1.74417518800058
4,562,6562,-0.863027446306067,0.745514129077098
4,563,6563,-0.658037467222178,0.63511973405296
4,564,6564,-0.334998867685548,0.421520672352157
4,565,6565,-0.295538282660158,0.538147546007786
4,566,6566,-0.245715226302614,0.328021326749348
4,567,6567,-0.405325665842004,0.238285670790928
4,568,6568,-0.621083797285922,0.408434396199218
4,569,6569,-0.423669892143685,0.288760026070416
4,570,6570,-0.128883501943283,0.130604171814582
4,571,6571,-0.1465660951296,0.156376817993125
4,572,6572,-0.417074339428123,0.46916087986827
4,573,6573,-0.775475103046631,0.553948618592019
4,574,6574,-0.700997148591681,0.447431513050456
4,575,6575,-1.06163857726822,0.700972825381293
4,576,6576,-1.09772616843251,0.855053789870655
4,577,6577,-0.777488663724306,0.649304308884206
4,578,6578,-0.799819213608383,0.489256399072451
4,579,6579,-1.19942898822861,0.783646340638128
4,580,6580,-0.820956816035142,0.670397171544315
4,581,6581,-0.647571614210047,1.01055612215597
4,582,6582,-0.604064824282952,0.915258061583761
4,583,6583,-0.420396711231606,0.467539466743771
4,584,6584,-0.44802043730657,0.338774909795459
4,585,6585,-0.385156609119671,0.131383416120202
4,586,6586,-0.425642862900726,0.168860410554709
4,587,6587,-0.373389953940492,0.148942999410521
4,588,6588,-0.363131921678359,0.232731034990576
4,589,6589,-0.646613963021339,0.515758777675133
4,590,6590,-0.652096009999476,0.510191645368626
4,591,6591,-0.893611203903253,1.31288815293542
4,592,6592,-0.520127221712777,0.565545155911417
4,593,6593,-0.509481460031214,0.689448534950502
4,594,6594,-0.341199193894006,0.505197545884804
4,595,6595,-0.390684435432851,0.45158292885089
4,596,6596,-0.707916268840794,0.514652014553059
4,597,6597,-0.795602634184319,0.84711853680301
4,598,6598,-0.532970877427581,0.450418972267345
4,599,6599,-0.768935433845447,0.587755647389633
4,600,6600,-0.685341332750592,0.654114024365635
4,601,6601,-0.613854374597624,0.832499589156528
4,602,6602,-0.413671197238585,0.298890868045369
4,603,6603,-0.418402013724132,0.462067899422152
4,604,6604,-0.581007767312506,0.500841629520216
4,605,6605,-0.62195433892915,0.634836821605617
4,606,6606,-0.595012988262717,0.689797107356102
4,607,6607,-0.588700431603237,0.560995836701924
4,608,6608,-0.529958630155588,1.35897906218507
4,609,6609,-0.434980673850676,0.720615953311991
4,610,6610,-0.313843940829223,0.394302654782949
4,611,6611,-0.352677265441449,0.212821221689782
4,612,6612,-0.828196453803844,0.796390533903791
4,613,6613,-0.686784515955312,0.74755587336714
4,614,6614,-0.602876976205404,0.780523852380261
4,615,6615,-0.378849558171958,0.421085227717356
4,616,6616,-0.19185387489012,0.376083289079833
4,617,6617,-0.461045890554368,0.264410464457555
4,618,6618,-0.515822021111208,0.358724381260718
4,619,6619,-0.841138381569137,0.567492402841801
4,620,6620,-0.640437962248608,0.528215283112617
4,621,6621,-0.785956030925331,0.395193536689747
4,622,6622,-0.874099055929425,0.612842590526941
4,623,6623,-0.700056861225414,0.43928427925757
4,624,6624,-0.956289223708433,0.727326094388097
4,625,6625,-1.00103442916357,0.751488776348876
4,626,6626,-0.829788973838055,0.535882089439765
4,627,6627,-0.655083031843612,0.397129965970713
4,628,6628,-0.561115949563308,0.342605056422903
4,629,6629,-0.31991589925022,0.448973906445703
4,630,6630,-0.296723341741954,0.446787366467575
4,631,6631,-0.373438771599552,0.47803254139016
4,632,6632,-0.241345380092475,0.214122147256558
4,633,6633,-0.198492295829693,0.262537306936574
4,634,6634,-0.164196168648787,0.506068903533755
4,635,6635,-0.523657779886993,0.801009388055671
4,636,6636,-0.403821390225508,0.493997829341659
4,637,6637,-0.4478924845783,0.418888934767326
4,638,6638,-0.439138218653947,0.504614117326882
4,639,6639,-0.520555892653622,0.978773071738522
4,640,6640,-0.460015697367741,1.18811658006821
4,641,6641,-0.844514818182481,1.2188772696011
4,642,6642,-0.783821995648382,1.8477645002139
4,643,6643,-0.775536310480347,1.87145146789507
4,644,6644,-0.858614098674318,2.14260574994496
4,645,6645,-1.04806362203166,1.25851518634352
4,646,6646,-1.05447090257542,0.961598293789951
4,647,6647,-1.23729186495881,1.24679319531
4,648,6648,-0.720653166690624,1.34781044752026
4,649,6649,-0.401952494485424,0.379376614422371
4,650,6650,-0.329085797912485,0.922143434840313
4,651,6651,-0.452127954924448,0.427272435407827
4,652,6652,-0.490834283172205,0.516438117085435
4,653,6653,-0.419854483957414,0.520292687290628
4,654,6654,-0.414418560305997,0.404010194826134
4,655,6655,-0.48176505000772,0.439465099030433
4,656,6656,-0.319015706014527,0.329789142335651
4,657,6657,-0.479809329706422,0.693432768485747
4,658,6658,-0.528200353049729,0.732127163912636
4,659,6659,-0.6123911036527,0.335879180269308
4,660,6660,-0.633025203140331,0.402186541326879
4,661,6661,-0.465485274317203,0.49989014623272
4,662,6662,-0.366216128274783,0.555784635327759
4,663,6663,-0.384417073094806,0.434259997622505
4,664,6664,-0.598268670227185,0.599216728952045
4,665,6665,-0.43945090088011,0.450961228996046
4,666,6666,-0.373782047314836,0.266349762157726
4,667,6667,-0.397563243795722,0.339025872909646
4,668,6668,-0.159733056710183,0.219946650146892
4,669,6669,-0.205091641825831,0.514585313910241
4,670,6670,-0.255183517183358,0.356791092805187
4,671,6671,-0.279681327715404,0.414746919982693
4,672,6672,-0.491443102597074,0.468764323766416
4,673,6673,-0.281009941845403,0.293957778419027
4,674,6674,-0.831995096373858,0.537345647033548
4,675,6675,-0.855163029952386,0.76112658355353
4,676,6676,-0.536813908457053,0.768078605934668
4,677,6677,-0.515448991605806,0.76825900529629
4,678,6678,-0.354922482079098,0.586437490736501
4,679,6679,-0.534240473505599,0.42541246227936
4,680,6680,-0.285422896025509,0.395059238935404
4,681,6681,-0.358251678883361,0.386244193492954
4,682,6682,-0.655005486592115,0.581595505578962
4,683,6683,-0.278884913871742,0.321455090510875
4,684,6684,-0.596009026965235,0.495821034016727
4,685,6685,-0.643008328881218,0.572482154990698
4,686,6686,-0.416704747267034,0.403541263185967
4,687,6687,-0.469944399139726,1.06036227556093
4,688,6688,-0.635795158106074,0.781501791446627
4,689,6689,-0.970970659188694,0.660312784156624
4,690,6690,-0.999978184937304,1.61127480284362
4,691,6691,-0.831934030180921,0.783760633784639
4,692,6692,-1.02115912555221,1.255655424569
4,693,6693,-1.45619585916366,1.28232812550395
4,694,6694,-0.935911653559495,1.0925074589412
4,695,6695,-0.912826978282718,0.996794223593101
4,696,6696,-1.03846767249818,1.26091349949292
4,697,6697,-0.890177387375169,1.07543881169969
4,698,6698,-0.948317011148766,1.09470948231571
4,699,6699,-0.753062002904737,0.97565948741215
4,700,6700,-0.501199022136437,0.930218299430101
4,701,6701,-1.02205423249342,0.974857592845159
4,702,6702,-0.663047827078599,0.526849977878245
4,703,6703,-1.00726987352398,1.12351582175085
4,704,6704,-0.761622615622869,1.00079266307309
4,705,6705,-0.619996800613781,0.64865106798066
4,706,6706,-0.829738384673914,0.778823222204593
4,707,6707,-0.732062334396785,0.774846684830788
4,708,6708,-0.923095893834833,0.757124160766492
4,709,6709,-0.960996182974715,1.15814459398708
4,710,6710,-0.791641421204902,0.742291418517416
4,711,6711,-1.37787054268673,1.18257271107354
4,712,6712,-1.33754324414062,0.99440653619733
4,713,6713,-1.19931970937672,0.838486093048055
4,714,6714,-1.17556528613769,1.04135181553437
4,715,6715,-1.17264906204866,0.96188373649071
4,716,6716,-0.72900909105295,0.584210900196602
4,717,6717,-0.281257052565753,0.841382259533735
4,718,6718,-0.635620523631608,0.431757468768459
4,719,6719,-0.527077795627126,0.580577917034573
4,720,6720,-0.544014519464631,0.776445743721975
4,721,6721,-0.636268845920954,0.84540585091906
4,722,6722,-0.498362379122608,0.768046570760945
4,723,6723,-0.951405972879736,1.28940949385752
4,724,6724,-0.86000735358195,0.818788425916693
4,725,6725,-0.919695702812957,0.929122088776438
4,726,6726,-0.800021129104348,1.43875785978587
4,727,6727,-0.789154578740206,1.34739578404331
4,728,6728,-0.298959122008676,0.267965235769348
4,729,6729,-0.378044301142772,0.193238932663389
4,730,6730,-0.602832939898438,0.293046420606677
4,731,6731,-0.423126784343025,0.319760446475836
4,732,6732,-0.507728979324408,0.231141473791747
4,733,6733,-0.501297867896659,0.22591570181405
4,734,6734,-0.730571358404155,0.335495534976295
4,735,6735,-0.532795740937553,0.262103795737078
4,736,6736,-0.96935060910625,0.700285267489688
4,737,6737,-1.14142147640956,0.702838306740939
4,738,6738,-0.729638840469127,0.525645624939009
4,739,6739,-0.993036122043197,0.658450958865215
4,740,6740,-0.98404984669989,0.815601516523912
4,741,6741,-0.577395716140621,0.398850276238066
4,742,6742,-0.536970496696902,0.322040774214326
4,743,6743,-0.806872701365124,0.593649517991639
4,744,6744,-0.699307680938657,0.515418344686306
4,745,6745,-0.533342714812565,0.35810906380852
4,746,6746,-0.613609001466564,0.570510146130053
4,747,6747,-0.538046426266078,0.455167562664203
4,748,6748,-0.389136238008397,0.318470455634883
4,749,6749,-0.570120829710953,0.471347523169633
4,750,6750,-0.348067048287924,0.501248845660638
4,751,6751,-0.663615620555015,0.659216945497057
4,752,6752,-0.694108560242129,0.842374776071513
4,753,6753,-0.574148148551236,0.978302288479983
4,754,6754,-0.644862504950938,0.8592687709383
4,755,6755,-0.735147488882827,0.814822897216388
4,756,6756,-0.534058968598077,0.582376207536266
4,757,6757,-0.67274170755337,0.375987537100053
4,758,6758,-0.828363158746457,0.587164756715547
4,759,6759,-0.388935454257916,0.172365196391039
4,760,6760,-0.346579105597904,0.282956126003204
4,761,6761,-0.0668231799249683,0.106779425086266
4,762,6762,-0.18255937988564,0.2152461757577
4,763,6763,-0.142858519396857,0.202648835420318
4,764,6764,-0.268282551372188,0.196010775550586
4,765,6765,-0.237041479329239,0.245955173799727
4,766,6766,-0.456950973184708,0.41087058529944
4,767,6767,-0.22697545490357,0.207972298148242
4,768,6768,-0.163242566370932,0.208779009330099
4,769,6769,-0.327324591267283,0.244558280955769
4,770,6770,-0.349119034504111,0.271149385973423
4,771,6771,-0.419633794897848,0.247001961428067
4,772,6772,-0.448294757708547,0.309554884205102
4,773,6773,-0.748879945340895,0.523600718300746
4,774,6774,-0.82307633034197,0.534704430295741
4,775,6775,-0.645486565850866,0.455970770524853
4,776,6776,-0.384095151493325,0.622654277293266
4,777,6777,-0.450633749312072,0.825523584029677
4,778,6778,-0.630015397859066,1.01063187782599
4,779,6779,-0.480807930557363,0.694584808287572
4,780,6780,-0.491105083543167,0.347833023790007
4,781,6781,-0.480142488302331,0.354995084455406
4,782,6782,-0.598522741194559,0.451601258719514
4,783,6783,-0.942338988793811,0.608785201203911
4,784,6784,-1.09363950069048,0.719238554410952
4,785,6785,-1.12771949410846,0.806934376206514
4,786,6786,-0.537075344939348,0.376266594671117
4,787,6787,-0.335532484094275,0.261039126744458
4,788,6788,-1.0412667166169,0.545311888789119
4,789,6789,-0.808380345675639,0.566754831513547
4,790,6790,-0.803614790848427,0.601975062456711
4,791,6791,-0.826397948111304,0.540985799215979
4,792,6792,-1.02871207163247,0.682619319547268
4,793,6793,-1.10419559430616,0.870538244516692
4,794,6794,-0.955608387159045,0.798275607709456
4,795,6795,-0.451767736812746,0.59295946660055
4,796,6796,-0.576301219245594,0.387665288815259
4,797,6797,-0.651802059660248,0.361069749139102
4,798,6798,-0.292365495871224,0.286792576020193
4,799,6799,-0.0944058634108437,0.433674094949933
4,800,6800,-0.125005282275823,0.254685107396741
4,801,6801,-0.277199114513879,0.304865844435759
4,802,6802,-0.335461991485845,0.332451784109569
4,803,6803,-0.698963295212358,1.12350357595567
4,804,6804,-0.848598581941628,1.13300637817298
4,805,6805,-0.841354316539707,1.40547438670042
4,806,6806,-0.776034186574201,0.868024251373529
4,807,6807,-1.075720762929,1.11131314184049
4,808,6808,-0.94435709640216,0.615432368745037
4,809,6809,-0.779480950949124,0.486880678666193
4,810,6810,-1.36267279683707,0.944726784742395
4,811,6811,-1.06447824233733,0.888578616775306
4,812,6812,-0.685631579854609,0.822889531112377
4,813,6813,-0.369648592622485,0.564794366200939
4,814,6814,-0.211202812087727,0.311688589707846
4,815,6815,-0.533574366266775,0.790874615276695
4,816,6816,-0.419875348250197,0.560728376139608
4,817,6817,-0.35245001601012,0.355687786623481
4,818,6818,-0.617326476579109,0.556089825940485
4,819,6819,-0.530684638822123,0.55830328926687
4,820,6820,-0.651932712936891,0.900338827520336
4,821,6821,-0.262116515364312,0.457292792453027
4,822,6822,-0.566690825206779,0.321003363568085
4,823,6823,-0.207036909440096,0.25118298197362
4,824,6824,-0.308773913551027,0.122649883634935
4,825,6825,-0.228884475799234,0.218055291749213
4,826,6826,-0.319530637514222,0.246332840996357
4,827,6827,-0.349628951488968,0.200596050259251
4,828,6828,-0.333696619606014,0.125180350267925
4,829,6829,-0.596958544931408,0.555602721481937
4,830,6830,-1.02571826563236,0.603974425731813
4,831,6831,-0.739000811431567,0.479381854822475
4,832,6832,-0.680742631450611,0.48735069918562
4,833,6833,-1.20754422019698,0.776792350926446
4,834,6834,-0.431335057513466,0.569925209492237
4,835,6835,-0.823353371541962,1.21591833119771
4,836,6836,-0.60405482162349,0.886571687616535
4,837,6837,-0.630437100577388,0.680475354725693
4,838,6838,-0.882498292540402,0.517530345058979
4,839,6839,-1.2685729840756,0.866955860117516
4,840,6840,-1.12131693289512,1.24691784522638
4,841,6841,-1.18765836583735,0.906418509183212
4,842,6842,-0.955432341189522,0.746136980762066
4,843,6843,-0.86958254777187,0.606085712184035
4,844,6844,-1.11650972493703,0.691633603145119
4,845,6845,-0.946161922428976,0.580014858215355
4,846,6846,-0.953769090690975,0.646158231244986
4,847,6847,-0.364093590206184,0.461037961570272
4,848,6848,-0.445714099829804,0.519496822964195
4,849,6849,-0.879562907156463,0.676045553892422
4,850,6850,-0.677202142559892,0.582222525680147
4,851,6851,-0.832546974493046,0.677978211065036
4,852,6852,-0.45628893677283,0.630829082314163
4,853,6853,-0.51685888699444,1.15668643614258
4,854,6854,-0.344707512491862,0.560355195411295
4,855,6855,-0.28219227800143,0.405920148780859
4,856,6856,-0.18237142229475,0.130862731694964
4,857,6857,-0.176689779719932,0.124508110779983
4,858,6858,-0.222546363106188,0.0691147431166574
4,859,6859,-0.218971732712594,0.0903468997701031
4,860,6860,-0.14282375973811,0.0901124489811805
4,861,6861,-0.086201313971336,0.1900722395506
4,862,6862,-0.094117428402226,0.1640551176817
4,863,6863,-0.129892462757943,0.103123461694018
4,864,6864,-0.113368224303054,0.082982677081421
4,865,6865,-0.0482686256805752,0.121034501835498
4,866,6866,-0.14834316549524,0.132565429703772
4,867,6867,-0.145446048260927,0.147620775148157
4,868,6868,-0.188125508020692,0.206325085541288
4,869,6869,-0.747004484930898,0.42961279677514
4,870,6870,-0.68564987220838,0.293960727766137
4,871,6871,-0.441375390202953,0.852308573979407
4,872,6872,-0.446856086667135,1.16636734997118
4,873,6873,-0.692644587110942,0.918927787745646
4,874,6874,-0.778213408861931,1.00558246890787
4,875,6875,-0.418395384897426,1.12023308529634
4,876,6876,-0.718366649860034,0.418573141766243
4,877,6877,-0.944129874096765,0.549818157498031
4,878,6878,-1.24911438546904,1.00234922218629
4,879,6879,-1.0748404790683,0.924609057745222
4,880,6880,-1.09363229323655,1.25750530518823
4,881,6881,-1.0982907574644,1.30830087739567
4,882,6882,-0.961314035097321,0.676209932595849
4,883,6883,-0.785635174000984,0.78701772233061
4,884,6884,-0.508384176281183,1.41015843802528
4,885,6885,-0.56761064848669,0.488392293094332
4,886,6886,-0.494532370168848,0.643978299411279
4,887,6887,-0.507141725363476,0.525130687355955
4,888,6888,-0.653693862404109,0.515978980793149
4,889,6889,-1.39639955075833,0.763291189010391
4,890,6890,-0.842861811505498,0.565783356511799
4,891,6891,-1.23808272339949,1.23854522703313
4,892,6892,-0.644220990112319,0.392235325514932
4,893,6893,-0.644229436484231,0.947344407859052
4,894,6894,-0.458478175966522,0.593493467000877
4,895,6895,-0.420168618928622,0.30457059137844
4,896,6896,-0.441513301511342,0.691122892591502
4,897,6897,-0.605960293120547,0.60772282197152
4,898,6898,-0.719550844425761,0.62900676116976
4,899,6899,-0.804640470667074,0.482985882495623
4,900,6900,-1.3958025772482,0.878331235091708
4,901,6901,-1.36523238872815,0.898738445052959
4,902,6902,-1.3128187812627,0.731189110886811
4,903,6903,-0.808463676129845,0.459128463535894
4,904,6904,-1.08026551032046,0.61021747003725
4,905,6905,-0.709542185460153,0.360153896578079
4,906,6906,-0.832624317521282,0.438347861531129
4,907,6907,-0.751050054689546,0.376014565558066
4,908,6908,-0.35260793134967,0.393843642293654
4,909,6909,-0.578834393499473,0.633227498661869
4,910,6910,-0.520978355108648,0.320809987420072
4,911,6911,-0.526704534152481,0.729989372178802
4,912,6912,-0.361865666423443,1.23383117391088
4,913,6913,-0.358947323647129,0.241053850927663
4,914,6914,-0.47665368597026,0.299542404398718
4,915,6915,-0.573266874675207,0.458555758072771
4,916,6916,-0.682435921436172,0.599812285747221
4,917,6917,-0.562530698043005,0.409401775705298
4,918,6918,-0.777282707774133,0.617317944306436
4,919,6919,-1.0583650718015,1.03098316383054
4,920,6920,-0.474610074318489,0.390608563758865
4,921,6921,-0.492596028125825,0.445037810770534
4,922,6922,-0.663167113506624,0.513061629682244
4,923,6923,-0.534147830512915,0.320318140683133
4,924,6924,-0.384629501749607,0.155834937641792
4,925,6925,-0.304439898706913,0.134534138568729
4,926,6926,-0.600433865529493,0.339178939650915
4,927,6927,-0.768973300625476,0.442574705690439
4,928,6928,-0.656503444985755,0.452736908753497
4,929,6929,-0.379586753535069,0.195295382629213
4,930,6930,-0.270108461775334,0.113896952034371
4,931,6931,-0.356306823589507,0.175747157333058
4,932,6932,-0.336016368755022,0.408183382259352
4,933,6933,-0.610378689132453,0.610940018564551
4,934,6934,-0.386739971665647,0.352740801068184
4,935,6935,-0.399141997984961,0.459469520677298
4,936,6936,-0.75349773976709,1.23766839701988
4,937,6937,-0.682382103735484,0.920576475096473
4,938,6938,-0.284478176375412,0.381693489918187
4,939,6939,-0.432007286681927,0.611620894917726
4,940,6940,-0.83744040622387,1.2571066400879
4,941,6941,-0.796727290934,0.939940304710477
4,942,6942,-0.642824986191769,0.874044814632074
4,943,6943,-0.303284555062795,0.477719972102366
4,944,6944,-0.774687586961243,0.886698117881179
4,945,6945,-0.708990732899085,0.851624929557314
4,946,6946,-0.529605278988966,0.671919595654527
4,947,6947,-0.718156082684419,0.925135634951077
4,948,6948,-0.64051042049386,1.19747478189502
4,949,6949,-1.05394004617559,1.06917573300974
4,950,6950,-0.714228869059571,0.819642677067402
4,951,6951,-0.65609788959413,0.932450672814404
4,952,6952,-0.761313407409007,1.02517516139283
4,953,6953,-0.55714391714695,0.911637476831274
4,954,6954,-0.414719388792566,0.829293138105173
4,955,6955,-0.416652606928966,0.748722790608625
4,956,6956,-0.265748559532878,1.32755972855716
4,957,6957,-0.505430431563096,1.66905653534285
4,958,6958,-0.410141168622306,1.18633196027112
4,959,6959,-0.666034157313887,1.299614017548
4,960,6960,-0.414364667637294,1.69726156060273
4,961,6961,-0.701659292880714,0.659590907781437
4,962,6962,-0.493827202839862,0.478697690196112
4,963,6963,-0.52064422461667,0.439264379715271
4,964,6964,-0.209514341266942,0.296263571147473
4,965,6965,-0.32169900852364,0.240699174658404
4,966,6966,-0.219730217920471,0.151202838134067
4,967,6967,-0.169551945610375,0.140446347706129
4,968,6968,-0.187904269880554,0.0945885606472977
4,969,6969,-0.205050375054808,0.129956970921846
4,970,6970,-0.128259106294762,0.13868048275308
4,971,6971,-0.196852568161915,0.106797075470672
4,972,6972,-0.560635556192177,0.426807190449017
4,973,6973,-0.6256503306452,0.430326909671848
4,974,6974,-0.642756103394962,0.514781686248537
4,975,6975,-0.678268301779399,0.526735286984987
4,976,6976,-0.537012790400395,0.435800604773045
4,977,6977,-0.503588345880806,0.394710319424334
4,978,6978,-0.367240384666399,0.579889958601655
4,979,6979,-0.155086384544461,0.266722176624168
4,980,6980,-0.4547795237932,0.634255755806398
4,981,6981,-0.669846968962347,0.78290133257658
4,982,6982,-0.386672662352447,0.2829583711925
4,983,6983,-0.468262131950804,0.248850897444796
4,984,6984,-0.62975878149773,0.372773590540437
4,985,6985,-0.903435483691376,0.546691334511903
4,986,6986,-0.573375230501051,0.375911400261191
4,987,6987,-1.33521354410579,1.28034289879161
4,988,6988,-1.3625788846249,1.27755836064783
4,989,6989,-0.336790525198598,0.447314647316172
4,990,6990,-0.267708892292458,0.592518499151082
4,991,6991,-0.33607855934856,1.08437134926738
4,992,6992,-0.492186988543952,0.663856759114598
4,993,6993,-0.539423266150439,0.781789384264468
4,994,6994,-0.738419658046991,0.931544767405583
4,995,6995,-0.738583558060608,0.771649152931487
4,996,6996,-0.906137171380118,0.66633204701606
4,997,6997,-0.669441047664375,0.375792031931855
4,998,6998,-0.289862383943479,0.520737265949277
4,999,6999,-0.284841397387069,0.218136612690535
4,1000,7000,-0.328157564703104,0.237583855258399
4,1001,7001,-0.523101677452342,0.499788829280023
4,1002,7002,-0.172570430873576,0.148824263702354
4,1003,7003,-0.159436737521409,0.176182422078482
4,1004,7004,-0.190153596642664,0.141912345494628
4,1005,7005,-0.296519257315732,0.342801597319174
4,1006,7006,-0.348768934535895,0.352618987051102
4,1007,7007,-0.272683526131283,0.248366030407138
4,1008,7008,-0.363392191741836,0.287729403252531
4,1009,7009,-0.6973496146585,0.666076883680662
4,1010,7010,-0.69731658110694,0.68348437578936
4,1011,7011,-0.730058717966432,0.724131572041933
4,1012,7012,-0.834586365676757,1.12567576506325
4,1013,7013,-0.871890350831452,1.22037000136082
4,1014,7014,-0.919679570528494,1.19950667376806
4,1015,7015,-0.790988512523958,0.896718416458903
4,1016,7016,-0.335748608695988,0.711513786354503
4,1017,7017,-0.23136291797251,0.252721986210046
4,1018,7018,-0.627721073863691,0.457949402682972
4,1019,7019,-0.672871608863289,0.395042068687017
4,1020,7020,-0.739116376161495,0.473475242170969
4,1021,7021,-0.732672614074561,0.668139676080785
4,1022,7022,-0.417211873560855,0.388966100364488
4,1023,7023,-0.416173637842739,0.342550057564334
4,1024,7024,-0.192322148870535,0.276323557041628
4,1025,7025,-0.568035871915366,0.297591954817801
4,1026,7026,-0.435048951866155,0.211659383285035
4,1027,7027,-0.301953852735373,0.28110060654172
4,1028,7028,-0.439168695332272,0.253223355843641
4,1029,7029,-0.447786030100944,0.413682039059124
4,1030,7030,-0.719594514344541,0.715119054424247
4,1031,7031,-0.443012168812624,0.339946175715787
4,1032,7032,-0.71187255806291,0.652761395868702
4,1033,7033,-0.712862765820236,0.851396825406253
4,1034,7034,-0.943155174212548,1.12981104903411
4,1035,7035,-0.960818830070254,0.931541196079582
4,1036,7036,-1.04598598174163,0.850689452495228
4,1037,7037,-0.986802304877348,0.742794384872436
4,1038,7038,-0.547483090062952,0.816568370133386
4,1039,7039,-0.834713892338277,1.00713972624346
4,1040,7040,-0.819823400567906,0.855157412052185
4,1041,7041,-0.363351400481612,0.315490203061086
4,1042,7042,-0.219387856980941,0.191714943817636
4,1043,7043,-0.894342755270973,0.474098392434759
4,1044,7044,-0.440346899118731,0.370433264211451
4,1045,7045,-0.670835927849555,0.481107188924088
4,1046,7046,-0.477688511964337,0.338593535696922
4,1047,7047,-0.421214546534664,0.229290065070078
4,1048,7048,-0.478848320886375,0.327469666796581
4,1049,7049,-0.453244906376592,0.274270194437276
4,1050,7050,-0.293404065566303,0.25686497238541
4,1051,7051,-0.396778936274944,0.328869720768747
4,1052,7052,-0.645517173135348,0.431644817382085
4,1053,7053,-0.826732056793871,0.609419206028126
4,1054,7054,-0.713331120550256,0.628264036149066
4,1055,7055,-0.493038416830987,0.645875578359622
4,1056,7056,-0.546805080408865,0.822470008214295
4,1057,7057,-0.19069688848341,0.385371936817329
4,1058,7058,-0.536180396816215,0.454463701488149
4,1059,7059,-0.6114201706066,0.627913077837124
4,1060,7060,-0.63870392876046,0.769387547659691
4,1061,7061,-0.384571899317603,0.481129953134424
4,1062,7062,-0.535205262701762,0.58601602038648
4,1063,7063,-0.958327360143548,1.45796194746293
4,1064,7064,-0.573058199138196,0.586025439959457
4,1065,7065,-0.560772938780039,0.977381177699161
4,1066,7066,-0.810526396603293,0.977893821582633
4,1067,7067,-0.752592055810249,0.750970988816543
4,1068,7068,-0.769869869240931,0.839423286238874
4,1069,7069,-0.901617697543655,1.07475617701957
4,1070,7070,-0.690265416476624,0.693480248172278
4,1071,7071,-0.863960392654491,0.692909419946035
4,1072,7072,-0.496856640842746,0.238968211697783
4,1073,7073,-0.75773569523317,0.449022524886744
4,1074,7074,-0.497276934878741,0.397740088530791
4,1075,7075,-0.433280722519454,0.538171952368916
4,1076,7076,-0.42541084745715,0.6617701626436
4,1077,7077,-0.585609405079638,0.541413062342269
4,1078,7078,-0.65605030552754,0.593197882540401
4,1079,7079,-0.773008951270914,0.722657650156079
4,1080,7080,-0.527151552541212,0.539116687242814
4,1081,7081,-0.457152830019012,0.403787096328096
4,1082,7082,-0.486801166010683,0.425442706833067
4,1083,7083,-0.721235662843547,0.60982766796789
4,1084,7084,-0.810230336601973,1.01217315974485
4,1085,7085,-0.756960376704216,0.713981820632647
4,1086,7086,-0.580700860493053,0.509643800530965
4,1087,7087,-0.593483101372708,0.488674483691851
4,1088,7088,-0.441928205238862,0.272353760535927
4,1089,7089,-0.293122216478651,0.302748077242844
4,1090,7090,-0.454081850665755,0.688449073982699
4,1091,7091,-1.34523287149706,1.08244012058754
4,1092,7092,-0.570309505194592,0.930468871845995
4,1093,7093,-1.20380133571236,1.20596891702641
4,1094,7094,-1.43299115834777,1.31212764729559
4,1095,7095,-1.38258009061188,1.20569101984082
4,1096,7096,-1.69398976184378,1.26372322776765
4,1097,7097,-0.801669771796853,1.15457118088604
4,1098,7098,-0.768082855723281,1.31872101804483
4,1099,7099,-0.735909231759894,0.608617221021285
4,1100,7100,-1.08987109167417,0.906367628615808
4,1101,7101,-0.789702501053506,0.772109878742179
4,1102,7102,-0.966213613342986,1.08574853808815
4,1103,7103,-0.713396091695254,0.831836385779149
4,1104,7104,-0.165846617172687,0.858432294777567
4,1105,7105,-0.47466082888758,0.311466328840703
4,1106,7106,-0.405312377300471,0.358817872265793
4,1107,7107,-0.485460474794696,0.543654030017177
4,1108,7108,-0.56219850675165,0.593636424555852
4,1109,7109,-0.847777712087287,0.889643965817615
4,1110,7110,-0.666660907741677,0.758508161806167
4,1111,7111,-0.681587140438054,0.86471211299454
4,1112,7112,-0.725407288553118,0.958058243942508
4,1113,7113,-0.826215494699213,0.858389157020514
4,1114,7114,-0.895252831243494,0.681520258865293
4,1115,7115,-0.606633107608207,0.592790397888262
4,1116,7116,-0.639506259260405,0.804045752326186
4,1117,7117,-0.790794539771694,0.422775618891911
4,1118,7118,-0.763558755575964,0.596395282317669
4,1119,7119,-0.65404513224133,0.532505062904308
4,1120,7120,-0.69435923803173,0.401709499605506
4,1121,7121,-0.827480065727449,0.715951449828352
4,1122,7122,-0.735172755385664,0.669753187139084
4,1123,7123,-0.427350936481014,1.06340569519137
4,1124,7124,-0.460633907621707,1.06775290163223
4,1125,7125,-0.266513628929237,0.668532312514304
4,1126,7126,-0.56843539159312,0.25493967033719
4,1127,7127,-0.735261250192999,0.507743236578998
4,1128,7128,-0.305108228385985,0.293535968369897
4,1129,7129,-0.150202182787191,0.400415161719804
4,1130,7130,-0.464578830411628,0.546887697267139
4,1131,7131,-0.46656232950486,0.390241698157634
4,1132,7132,-0.432308588892539,0.395880392152276
4,1133,7133,-0.43743547828413,0.370056133990551
4,1134,7134,-0.427080391110016,0.229023108613012
4,1135,7135,-0.416753951039225,0.220818245421936
4,1136,7136,-0.757478493236981,0.464278007543533
4,1137,7137,-0.248253589860668,0.174253635274583
4,1138,7138,-0.499395332264009,0.48417759897613
4,1139,7139,-0.456788747747848,0.288195210145108
4,1140,7140,-1.09802281961153,0.660572795365549
4,1141,7141,-0.639200071885573,0.427252379496865
4,1142,7142,-0.876649079300013,0.581205249168121
4,1143,7143,-0.72746877214977,0.466240724624418
4,1144,7144,-0.747385463258672,0.54145663903196
4,1145,7145,-0.636099768840042,0.612062705878896
4,1146,7146,-0.405968430449825,0.49106385214639
4,1147,7147,-0.766086351432206,0.886421649250666
4,1148,7148,-0.49206641087502,0.67386199391019
4,1149,7149,-0.558862414248745,0.349032678259983
4,1150,7150,-0.441356930259846,0.274372533028772
4,1151,7151,-0.573016141320782,0.335964530077866
4,1152,7152,-0.473493765878766,0.324624249163115
4,1153,7153,-0.846299766840035,0.521638461410548
4,1154,7154,-0.479477140982152,0.292228430114544
4,1155,7155,-0.876001470233194,0.760883776848758
4,1156,7156,-0.818784896363791,0.689388958238466
4,1157,7157,-0.595118803143878,0.532840421035221
4,1158,7158,-0.59960026609051,0.611278689780905
4,1159,7159,-0.481829662169018,0.56669204811563
4,1160,7160,-0.564873512631453,0.555531564973893
4,1161,7161,-0.879970605009484,1.06448412406509
4,1162,7162,-1.22371658420563,0.818610680524228
4,1163,7163,-0.742253932595947,0.540850048945204
4,1164,7164,-1.57445838413839,1.18874317130013
4,1165,7165,-1.57506021248093,1.15875989140859
4,1166,7166,-0.94949200970889,0.599731564766189
4,1167,7167,-0.919185613683485,0.754558902743284
4,1168,7168,-0.914421272885414,0.726346200432361
4,1169,7169,-0.717328739684422,0.561170763738562
4,1170,7170,-0.81052976573356,1.12408330683187
4,1171,7171,-0.793433805640035,0.923749593811245
4,1172,7172,-0.749402140257783,0.614445101116487
4,1173,7173,-0.787628925977116,0.711224420027124
4,1174,7174,-0.633694557682819,0.411322854817067
4,1175,7175,-0.515247481890493,0.430324511631564
4,1176,7176,-0.81539978517109,0.836934828636914
4,1177,7177,-0.374923213334035,0.41756294615697
4,1178,7178,-1.00806889114387,0.608680410142875
4,1179,7179,-0.889725310605818,0.597340338593835
4,1180,7180,-0.855174864749911,0.701874839574767
4,1181,7181,-0.656178326977354,0.443600225752411
4,1182,7182,-0.426751456502422,0.400981508110339
4,1183,7183,-0.502386290100144,0.433015374424771
4,1184,7184,-1.37400526065567,1.03299801097705
4,1185,7185,-1.3566843361145,1.09507879384533
4,1186,7186,-1.27768144424511,1.14352536074474
4,1187,7187,-1.30750712734387,0.709329226638163
4,1188,7188,-1.48300370116965,0.785504244057906
4,1189,7189,-1.33430504669105,1.22026148773085
4,1190,7190,-0.225663045098979,0.52142958657439
4,1191,7191,-0.423985650433721,0.893918065478723
4,1192,7192,-0.382212053432385,1.09986422677378
4,1193,7193,-0.426629284556197,1.58322224744026
4,1194,7194,-0.566236806599821,1.91521868921585
4,1195,7195,-0.593026346797668,0.842334992570399
4,1196,7196,-0.820108673979428,0.793214233186399
4,1197,7197,-0.665525038238324,0.993987176861912
4,1198,7198,-0.50322209714916,0.836608679339871
4,1199,7199,-0.683212822666129,0.460059069384857
4,1200,7200,-0.581487130126704,0.489107134719621
4,1201,7201,-0.53132012989497,0.504100650935446
4,1202,7202,-0.413256321967613,0.384395041631569
4,1203,7203,-0.338311476726869,0.260932121177263
4,1204,7204,-0.338783718520049,0.453795814533445
4,1205,7205,-0.179682089076094,0.317778584882384
4,1206,7206,-0.183642658874307,0.190715213236681
4,1207,7207,-0.134882010791362,0.0959350656738602
4,1208,7208,-0.268018686828908,0.169537170154436
4,1209,7209,-0.551071473351859,0.364980085607318
4,1210,7210,-0.316728427384536,0.186856179830716
4,1211,7211,-0.38548167610755,0.340277753152713
4,1212,7212,-0.26823307182013,0.348963305219235
4,1213,7213,-0.595208280710397,0.789189946324413
4,1214,7214,-0.384023425446358,0.460184665456362
4,1215,7215,-0.332748868408747,0.302472203096841
4,1216,7216,-0.412730848379675,0.406461110763902
4,1217,7217,-0.463453791980484,0.583473205781044
4,1218,7218,-0.35619848070517,0.373462230786109
4,1219,7219,-0.248123506468678,0.30266769938673
4,1220,7220,-0.264796181842277,0.297444455333696
4,1221,7221,-0.344291940247748,0.472824116916848
4,1222,7222,-0.356316355294857,0.539554618935893
4,1223,7223,-0.1629294527976,0.290645230634353
4,1224,7224,-0.065647426166682,0.158082983728822
4,1225,7225,-0.128041005381489,0.0920185675361904
4,1226,7226,-0.207440047736859,0.1512469952817
4,1227,7227,-0.342542522002776,0.260474915663815
4,1228,7228,-0.285321094969368,0.237937339353395
4,1229,7229,-0.519906442572102,0.587590634146457
4,1230,7230,-0.279894487746376,0.286386989372446
4,1231,7231,-0.30753066196417,0.234903990644693
4,1232,7232,-0.381088943222059,0.33465610373128
4,1233,7233,-0.361554393279378,0.943799459433048
4,1234,7234,-0.355795116704703,0.398874175959937
4,1235,7235,-0.367591980413478,0.587928026472686
4,1236,7236,-0.30411725624079,0.352659544987884
4,1237,7237,-0.337966477805065,0.304955479842688
4,1238,7238,-0.300191028566255,0.172792775024718
4,1239,7239,-0.30608981916952,0.142901549911133
4,1240,7240,-0.310354706012419,0.189691694002997
4,1241,7241,-0.244662264109211,0.108007518283068
4,1242,7242,-0.24898938503018,0.145040484951829
4,1243,7243,-0.422123792122337,0.290007479968033
4,1244,7244,-0.24983518982591,0.407356583969476
4,1245,7245,-0.387849595508116,0.398909350294944
4,1246,7246,-0.238467613432026,0.256160871490749
4,1247,7247,-0.237037762722364,0.292594136041685
4,1248,7248,-0.0996754605278049,0.320017515025676
4,1249,7249,0.205098721326748,0.712287895911372
4,1250,7250,-0.317933819480698,1.3144517175809
4,1251,7251,-0.139898916831636,0.397049591560726
4,1252,7252,-0.246458917924347,0.362073320844362
4,1253,7253,-0.589232614570621,0.638016267976383
4,1254,7254,-0.814374359408167,0.561384673520808
4,1255,7255,-0.643185637786291,0.384309247877448
4,1256,7256,-0.509351455895741,0.473495270576053
4,1257,7257,-0.856039841471689,0.972484112286594
4,1258,7258,-1.00111799596745,1.09160444406389
4,1259,7259,-0.754277226508178,0.715364146555929
4,1260,7260,-0.295645395570899,0.320674962013102
4,1261,7261,-0.77842464630402,0.940347576554437
4,1262,7262,-0.569917101485848,0.771621855951196
4,1263,7263,-0.615516394264307,0.579471783302723
4,1264,7264,-0.796793935444028,0.767292117222745
4,1265,7265,-0.652211763497763,0.692535922107154
4,1266,7266,-0.674262677908068,1.24970443650443
4,1267,7267,-0.795340711676255,1.20094142742281
4,1268,7268,-0.503233618531836,0.674222378386595
4,1269,7269,-0.447372269074221,0.383584428987642
4,1270,7270,-0.389540191485943,0.533506397380312
4,1271,7271,-0.491012457962086,0.680214495329744
4,1272,7272,-0.407615658219473,0.474953551052588
4,1273,7273,-0.483869857744923,0.549417419405983
4,1274,7274,-0.279169981482294,0.367855310523011
4,1275,7275,-1.23212888022697,1.46357695576357
4,1276,7276,-0.805239639129491,0.990362488897765
4,1277,7277,-0.714812574825348,0.926359120408853
4,1278,7278,-0.420195042726813,0.575890113141936
4,1279,7279,-0.50988954393706,0.500800915252799
4,1280,7280,-0.9365314506915,0.885324764728878
4,1281,7281,-0.99500121905072,0.879075338793185
4,1282,7282,-1.15055756789836,1.10411826151772
4,1283,7283,-0.40963882126433,0.390534424309037
4,1284,7284,-0.295409814617944,0.342665212928682
4,1285,7285,-0.139411926460459,0.325671104992637
4,1286,7286,-0.213214270075023,0.302478280257171
4,1287,7287,-0.279676388968355,0.221789827254978
4,1288,7288,-0.150780900700733,0.113337023796596
4,1289,7289,-0.262311888596823,0.252533380578372
4,1290,7290,-0.117600063635167,0.340326140230367
4,1291,7291,-0.253727994463709,0.19049396820824
4,1292,7292,-0.281009195280231,0.14740766098987
4,1293,7293,-0.19171805056014,0.123020068044482
4,1294,7294,-0.205481594884073,0.0594574006616824
4,1295,7295,-0.2661765177216,0.366827208583435
4,1296,7296,-0.218018697426419,0.0774617287587122
4,1297,7297,-0.328454898563915,0.21384732163979
4,1298,7298,-0.353571972160053,0.262176747193896
4,1299,7299,-0.678515132396994,0.556542274784785
4,1300,7300,-0.737525471205485,0.646685910708489
4,1301,7301,-0.82977790608482,0.61823819049596
4,1302,7302,-0.447147686962717,0.404404072765818
4,1303,7303,-0.363092191164559,0.289270909676225
4,1304,7304,-0.441011364043873,0.669692334171496
4,1305,7305,-0.600346715161997,0.581648485754074
4,1306,7306,-0.637464372499161,0.752288641891231
4,1307,7307,-0.446545249233759,0.775884176591368
4,1308,7308,-0.911028171634967,0.977742930379236
4,1309,7309,-0.60091596058448,0.747358313742955
4,1310,7310,-0.524988084195309,0.718138682938738
4,1311,7311,-0.525857848320168,0.618085460513272
4,1312,7312,-0.447692919544832,0.643067601005375
4,1313,7313,-0.27192832960173,0.430869404546637
4,1314,7314,-0.447050616331502,0.368332238909312
4,1315,7315,-0.554102982228361,0.467963113787532
4,1316,7316,-0.52543720482583,0.532165287385612
4,1317,7317,-0.191996192920182,0.490232090049113
4,1318,7318,-0.418319928652865,0.638419728350852
4,1319,7319,-0.647550640849522,0.845210106303074
4,1320,7320,-0.529095335312533,0.704537628467114
4,1321,7321,-0.387494072123058,0.37167816331241
4,1322,7322,-0.422182212995417,0.428390275294441
4,1323,7323,-0.377837833780411,0.383505364095848
4,1324,7324,-0.471816065411158,0.447409701634226
4,1325,7325,-0.460508670386333,0.347395403681211
4,1326,7326,-0.502468943050633,0.473561344586456
4,1327,7327,-0.64963842637236,0.594964007067784
4,1328,7328,-0.421769722232658,0.316345151218344
4,1329,7329,-0.370308457761606,0.182480030874827
4,1330,7330,-0.306102441584244,0.208114757397247
4,1331,7331,-0.358265245618078,0.233601350798855
4,1332,7332,-0.681474272529922,0.498106080596814
4,1333,7333,-0.3445064012597,0.402627460173434
4,1334,7334,-0.373804256032258,0.355707599920441
4,1335,7335,-0.508526132187101,0.657161824732441
4,1336,7336,-0.272028184672735,0.557479101255213
4,1337,7337,-0.38952046183294,0.736436623297434
4,1338,7338,-0.395194603353752,1.48629927600938
4,1339,7339,-0.53564905125619,0.93328244178199
4,1340,7340,-0.782853178622516,1.15689122640304
4,1341,7341,-0.667486630426872,0.770693164969495
4,1342,7342,-0.836581726774863,0.868530901855573
4,1343,7343,-0.997604705442839,1.24054406664793
4,1344,7344,-0.659861204970481,0.498018631817214
4,1345,7345,-1.07717937800214,0.66017094744098
4,1346,7346,-0.419976915304023,0.531549202163355
4,1347,7347,-0.506551068672964,0.435026294997029
4,1348,7348,-0.883407129441083,0.830656572759765
4,1349,7349,-0.68690040647432,0.436490112098551
4,1350,7350,-0.546297988247299,0.43963000381678
4,1351,7351,-0.468420934087968,0.325210938735769
4,1352,7352,-0.404899669296771,0.554619760832687
4,1353,7353,-0.153972154345129,0.166382656155275
4,1354,7354,-0.330346719378645,0.583576652570248
4,1355,7355,-0.414100418099366,0.59632501886925
4,1356,7356,-0.695286925158746,0.893056191202275
4,1357,7357,-0.505864278437067,0.502830016649067
4,1358,7358,-0.517798066890891,0.47336857028758
4,1359,7359,-0.358409686691357,0.238713320396946
4,1360,7360,-0.27249718142637,0.192558211205778
4,1361,7361,-0.35722512614808,0.220915777324312
4,1362,7362,-0.24182042296975,0.327833025757469
4,1363,7363,-0.328654349350255,0.250325107383021
4,1364,7364,-0.354233216265074,0.368630195808511
4,1365,7365,-0.355726989064941,0.480878598387773
4,1366,7366,-0.479153224391127,1.12010480264924
4,1367,7367,-0.278779573817244,1.34401658494597
4,1368,7368,-0.40458384497978,1.04039521239875
4,1369,7369,-0.431836945813938,1.05378018637202
4,1370,7370,-0.30185582315918,1.1921813934503
4,1371,7371,-0.56017337157801,1.06348842356065
4,1372,7372,-0.344367149491276,0.410286101480855
4,1373,7373,-0.434553211599376,0.287127560184663
4,1374,7374,-0.570505786442574,0.595171780286114
4,1375,7375,-0.679848160821026,0.481104848651707
4,1376,7376,-0.709201564270755,0.77059277074792
4,1377,7377,-0.63605097362918,0.689583998197576
4,1378,7378,-0.568063823318382,1.71758305532909
4,1379,7379,-0.49390399608331,0.874749959284538
4,1380,7380,-0.590590140232998,0.731274353522417
4,1381,7381,-0.418766545858002,0.507986612415674
4,1382,7382,-0.463404806153447,0.790496348842297
4,1383,7383,-0.379431230876398,0.356430381376631
4,1384,7384,-0.724526398029338,0.984383643750849
4,1385,7385,-0.402353986337452,0.671137676897692
4,1386,7386,-0.431119892510489,0.545605468624708
4,1387,7387,-0.912331523023842,0.86057081526965
4,1388,7388,-0.81175021324438,1.05341115312564
4,1389,7389,-0.594998861643551,0.91435169612599
4,1390,7390,-0.508891432116892,0.515129412488249
4,1391,7391,-0.87478687234257,0.891384752431131
4,1392,7392,-1.20974769192491,1.38708274776763
4,1393,7393,-0.607213811032744,1.24330185423761
4,1394,7394,-0.519696498452403,1.49311087918503
4,1395,7395,-0.534550115194637,1.41952135114913
4,1396,7396,-0.745141548696798,0.888888412745035
4,1397,7397,-0.823616643567656,1.11966335328061
4,1398,7398,-1.09106628213163,1.02342512867276
4,1399,7399,-1.08108816612466,0.90971168917897
4,1400,7400,-0.275479126142066,0.447705740895943
4,1401,7401,-0.268542369579623,0.207618973499005
4,1402,7402,-0.364722921658867,0.326365976118897
4,1403,7403,-0.470946122197255,0.341757245335256
4,1404,7404,-0.880606747063203,0.46946936459415
4,1405,7405,-0.797873873736507,0.507471252306692
4,1406,7406,-0.514788617987461,0.282525638808863
4,1407,7407,-0.662736139832165,0.429468053394504
4,1408,7408,-0.790832716596378,0.398449547711114
4,1409,7409,-0.251409662928286,0.267817599372158
4,1410,7410,-0.226785991420451,0.162163456503982
4,1411,7411,-0.421092501110778,0.233335714316146
4,1412,7412,-0.395410634980269,0.333237148474029
4,1413,7413,-0.372940510860014,0.317928930541342
4,1414,7414,-0.492480325166413,0.386984460289968
4,1415,7415,-0.304233183945446,0.245295557238859
4,1416,7416,-0.484614565192487,0.538401804271866
4,1417,7417,-0.286126339980458,0.267760087560584
4,1418,7418,-0.182426179448572,0.152802718094297
4,1419,7419,-0.251673185614046,0.120907106628532
4,1420,7420,-0.220984026322819,0.137966625641097
4,1421,7421,-0.214577290164323,0.105194223204978
4,1422,7422,-0.219339964649406,0.147135248666676
4,1423,7423,-0.183224892275332,0.0978885596559273
4,1424,7424,-0.370400570256159,0.158249511214569
4,1425,7425,-0.271643158405999,0.0914209334877112
4,1426,7426,-0.512757520868524,0.433214462083652
4,1427,7427,-0.356433418097069,0.326961129512129
4,1428,7428,-0.326611733240513,0.327883159242856
4,1429,7429,-0.278445769672265,0.18281160293333
4,1430,7430,-0.264127757104994,0.239216260281611
4,1431,7431,-0.251781162251757,0.12249845675204
4,1432,7432,-0.291682502388709,0.220429328136525
4,1433,7433,-0.315655163828834,0.19766367959684
4,1434,7434,-0.35233411036769,0.456963142432126
4,1435,7435,-0.78213506543869,0.925450536377137
4,1436,7436,-1.26586470389171,1.55947423050771
4,1437,7437,-1.26123209144312,1.55623897141724
4,1438,7438,-1.43064700555403,1.53614982944496
4,1439,7439,-1.35068476026368,1.73867299374554
4,1440,7440,-1.42843654768384,1.6226226865871
4,1441,7441,-0.392218965243803,0.58222573688182
4,1442,7442,-0.392649708104692,0.460034772248855
4,1443,7443,-0.556205234394163,0.579903112433786
4,1444,7444,-1.31759633835056,1.1442056950456
4,1445,7445,-1.54955642657914,1.30800240500895
4,1446,7446,-1.59974005275873,1.17722334957224
4,1447,7447,-1.41498367466779,1.04639534802928
4,1448,7448,-0.973481877210082,1.15911773688429
4,1449,7449,-1.12709213342805,1.35172178935121
4,1450,7450,-1.11778983979939,0.889962048607412
4,1451,7451,-0.49242512725436,0.518322091469525
4,1452,7452,-0.312597859977475,0.299255753411733
4,1453,7453,-0.713533150280995,0.725165571423137
4,1454,7454,-0.634330804777739,0.522120354521203
4,1455,7455,-0.842498043720432,0.809060181785656
4,1456,7456,-0.735294314635845,0.721642326733751
4,1457,7457,-0.74911364766069,0.823704651852588
4,1458,7458,-0.688950279440137,0.726478437825792
4,1459,7459,-0.965171994280181,0.939021916936863
4,1460,7460,-1.15268315603726,1.34928189669722
4,1461,7461,-0.729641778958912,0.901624032414824
4,1462,7462,-0.839460900536092,0.930309193392768
4,1463,7463,-0.413313093458478,0.474270069709106
4,1464,7464,-0.852683669174939,1.13540716514987
4,1465,7465,-0.51293852065458,0.492148775187338
4,1466,7466,-0.787240316597752,0.618440092089041
4,1467,7467,-0.304990129211686,0.360717985690277
4,1468,7468,-0.529361908480919,0.575392444063266
4,1469,7469,-0.296413708059423,0.325587991161485
4,1470,7470,-0.230078065215369,0.630831934170046
4,1471,7471,-1.06747394780227,1.06695049722315
4,1472,7472,-0.933735825578576,0.825777608811274
4,1473,7473,-0.67430778240406,0.636828091190384
4,1474,7474,-0.645238757434854,0.581563629269019
4,1475,7475,-1.0300932815105,1.1542320856831
4,1476,7476,-1.02850897909332,1.21793089599126
4,1477,7477,-0.798493053905667,1.02089400990397
4,1478,7478,-0.760577028827208,0.758102467293478
4,1479,7479,-0.710694714372491,0.511597159544847
4,1480,7480,-0.703472402379715,0.512765986325051
4,1481,7481,-0.674729901642544,0.413114507543308
4,1482,7482,-0.633100681378953,0.38187216878503
4,1483,7483,-0.589393879759775,0.277664102528498
4,1484,7484,-0.948821661586921,0.591067866964675
4,1485,7485,-0.606095354875149,0.366457510048863
4,1486,7486,-0.211763470087344,0.120112555931073
4,1487,7487,-0.515173358559178,0.305967485617443
4,1488,7488,-0.296456038178848,0.329829716207704
4,1489,7489,-0.325352796501619,0.181820545227813
4,1490,7490,-0.244730315733998,0.183963416272693
4,1491,7491,-0.258480724890413,0.186353914186999
4,1492,7492,-0.292853039915177,0.205568961037002
4,1493,7493,-0.152621165764603,0.177832575971371
4,1494,7494,-0.483046358384634,0.408670759785961
4,1495,7495,-0.305448323233412,0.287148763750457
4,1496,7496,-0.385858466294821,0.675564171988789
4,1497,7497,-0.331234107093911,0.367443904534803
4,1498,7498,-0.673752075837942,0.495545618971265
4,1499,7499,-0.514339135588067,0.657320764763614
4,1500,7500,-0.432966304892877,0.395641808841714
4,1501,7501,-0.302091431677254,0.139629011447834
4,1502,7502,-0.22993381153283,0.128541631468166
4,1503,7503,-0.343657617891366,0.532929217961581
4,1504,7504,-0.471588674190472,0.353846136463419
4,1505,7505,-0.576710269470589,0.378598050535306
4,1506,7506,-0.670935994759564,0.520541107543273
4,1507,7507,-0.580624761747692,0.365285730021574
4,1508,7508,-0.699145717907626,0.452686778101997
4,1509,7509,-0.693692182899617,0.406198065368275
4,1510,7510,-0.764775714005322,0.549841322227741
4,1511,7511,-1.01159291028087,0.839555485350811
4,1512,7512,-0.445644411607305,0.290335602980968
4,1513,7513,-0.30263871884311,0.251024669438121
4,1514,7514,-0.575597795131682,0.437432509812315
4,1515,7515,-0.539292745839432,0.437175946195047
4,1516,7516,-0.298629967585992,0.331923415227706
4,1517,7517,-0.427886047675325,0.397515013769369
4,1518,7518,-1.26080125107691,1.30395910446617
4,1519,7519,-1.05237862930331,1.53533527586176
4,1520,7520,-0.824691362582119,1.24623371363898
4,1521,7521,-0.650465479367835,0.755569535469307
4,1522,7522,-0.512935426585402,0.688656101250044
4,1523,7523,-0.58638791966214,0.639500390569963
4,1524,7524,-0.699279369312711,0.519835267305866
4,1525,7525,-0.869568427855702,0.565944445124309
4,1526,7526,-0.673860081392172,0.417606002388455
4,1527,7527,-0.75403205300308,0.592230537840505
4,1528,7528,-0.909551142616086,0.78460637979606
4,1529,7529,-0.996067186146789,1.03036401718879
4,1530,7530,-0.968917672156575,0.95839497837631
4,1531,7531,-0.849314727712526,0.599423782157319
4,1532,7532,-0.943444429515557,0.554902634052931
4,1533,7533,-1.26918954622697,1.01357064303005
4,1534,7534,-0.325745256784789,0.990437755206315
4,1535,7535,-0.209212720177496,0.884978909856316
4,1536,7536,-0.521902437273188,1.48815514897098
4,1537,7537,-0.582775208790367,1.72747122995994
4,1538,7538,-0.776606553177975,1.03479491112371
4,1539,7539,-1.11287978871868,1.64599074084662
4,1540,7540,-0.91608283554211,0.724519352294613
4,1541,7541,-0.881786500564581,0.685046950627626
4,1542,7542,-1.02299523057232,0.811118061128761
4,1543,7543,-0.974409411713794,0.702980174766237
4,1544,7544,-0.912514218707125,1.15766733259618
4,1545,7545,-0.909495258093914,0.927071360660621
4,1546,7546,-1.06536208147796,1.10277240727112
4,1547,7547,-1.01414770124084,0.938327877354648
4,1548,7548,-1.00537399356789,1.10617677121739
4,1549,7549,-1.42625563016212,1.06499334794403
4,1550,7550,-1.1364206274647,0.882371810806746
4,1551,7551,-1.32768568744312,0.889939799755861
4,1552,7552,-1.30096037730326,0.95520882016677
4,1553,7553,-1.47746777113099,1.05448631747461
4,1554,7554,-1.65940435665269,0.890430304015344
4,1555,7555,-0.889029236635508,0.777942615292704
4,1556,7556,-0.863280803986648,0.771863689296849
4,1557,7557,-0.51870997449624,0.547528375024809
4,1558,7558,-0.562753773072662,0.451853931023645
4,1559,7559,-0.513146137184107,0.691733118545749
4,1560,7560,-0.332760873987245,0.499133986415172
4,1561,7561,-0.382619042622366,0.790628766748082
4,1562,7562,-0.601385451928549,0.907026671125415
4,1563,7563,-0.743205634993698,1.07077939595448
4,1564,7564,-0.568408221010053,0.787414157738239
4,1565,7565,-0.565874301234575,0.863941945607486
4,1566,7566,-0.67406938457429,0.468061877930575
4,1567,7567,-0.535081083729255,0.700342712030863
4,1568,7568,-0.552528576629397,0.613864570595127
4,1569,7569,-0.35664653556758,0.43912743767972
4,1570,7570,-0.617872578925474,0.640857198440408
4,1571,7571,-0.747298854916832,1.10414208955896
4,1572,7572,-0.610086732964226,1.22181359933141
4,1573,7573,-0.742119475423392,0.623960252260442
4,1574,7574,-0.961891912526211,0.951995614757773
4,1575,7575,-1.14129082561132,1.33989450379028
4,1576,7576,-1.13139397477677,1.77847767416926
4,1577,7577,-1.04363680777328,1.41805279125824
4,1578,7578,-0.968409724442714,1.51118611206245
4,1579,7579,-0.595051822536699,0.433239612094059
4,1580,7580,-0.514571910304963,0.333269266846618
4,1581,7581,-0.8583133496655,0.595105812710487
4,1582,7582,-0.515499596329898,0.240070493215939
4,1583,7583,-0.334678478140464,0.171217993609192
4,1584,7584,-0.811840969278018,0.656786094622767
4,1585,7585,-0.447413519707713,1.03575157308476
4,1586,7586,-0.623168189465429,0.851515173134159
4,1587,7587,-0.419037494663759,0.261755505678776
4,1588,7588,-0.973227826534768,0.857561578575741
4,1589,7589,-0.711679752934215,0.564566230143219
4,1590,7590,-0.890335263571076,0.576592853450312
4,1591,7591,-0.738440709102505,0.404146337400797
4,1592,7592,-0.811331285698721,0.479156725952953
4,1593,7593,-1.01764719522077,0.6395486554027
4,1594,7594,-0.88901929621775,0.799399313517744
4,1595,7595,-0.811215071328675,0.761489703718229
4,1596,7596,-0.667382088035365,0.66835058630631
4,1597,7597,-0.901327390221677,0.790503454837307
4,1598,7598,-0.849745949593498,0.699166091463373
4,1599,7599,-0.750501816158663,0.83746663664884
4,1600,7600,-0.857764082633306,0.702698682698561
4,1601,7601,-0.808082587321006,0.769440641082094
4,1602,7602,-0.276894353669353,0.831191350920096
4,1603,7603,-0.732557497875843,1.34106247175825
4,1604,7604,-0.388955788814018,0.322739731718129
4,1605,7605,-0.557860216210619,0.481442981399963
4,1606,7606,-0.784986650408308,0.691550014377106
4,1607,7607,-0.548757042710285,0.4499552461724
4,1608,7608,-0.432385569062732,0.394424868906899
4,1609,7609,-0.383918004051993,0.572068359244877
4,1610,7610,-0.797999027307068,1.03729361048681
4,1611,7611,-0.310014394180268,1.18889682623944
4,1612,7612,-0.277391000721068,1.36203258049364
4,1613,7613,-0.394396480995509,1.24462452311071
4,1614,7614,-0.800325390008406,1.16183887615607
4,1615,7615,-0.331386778782479,0.463027109751514
4,1616,7616,-0.466189278321055,0.639986904556093
4,1617,7617,-0.46294723884109,0.722932652247163
4,1618,7618,-0.279706966069075,0.305402266199984
4,1619,7619,-0.412952531404206,0.347057464923174
4,1620,7620,-0.39530103210081,0.409585623385844
4,1621,7621,-0.265046922340136,0.293795162378478
4,1622,7622,-0.599413186601309,0.471095760154743
4,1623,7623,-1.17261880333323,0.727359974303623
4,1624,7624,-1.06120147603422,0.609794546677125
4,1625,7625,-0.408203221492582,0.332114081159328
4,1626,7626,-0.946700529989117,0.584096232744499
4,1627,7627,-0.623197723756328,0.466499313450841
4,1628,7628,-0.622216368650282,0.824988578153833
4,1629,7629,-0.601206896555459,0.821354802616902
4,1630,7630,-0.414524232767744,0.651052844418043
4,1631,7631,-0.520473946812913,0.523688026957704
4,1632,7632,-0.692893789309026,0.809897513876625
4,1633,7633,-0.621994858351865,0.632763411096032
4,1634,7634,-0.977419924836172,1.0616709703159
4,1635,7635,-0.961377289482738,2.05429634547822
4,1636,7636,-1.32818390018258,1.29339648029897
4,1637,7637,-1.25281942272488,1.03987114319822
4,1638,7638,-1.25883318697701,1.22378408064557
4,1639,7639,-0.87687013684174,0.492176781321344
4,1640,7640,-0.695894283933321,0.443291537462844
4,1641,7641,-0.291421628550119,0.308292748002227
4,1642,7642,-0.467371269512663,0.4402586206649
4,1643,7643,-0.338826180458237,0.385999195742984
4,1644,7644,-0.533215922372062,0.472396976352242
4,1645,7645,-0.452386582856721,0.363014319610149
4,1646,7646,-0.274048047458998,0.199287304479974
4,1647,7647,-0.369962928045845,0.406559615873601
4,1648,7648,-0.251446079061721,0.187938277639408
4,1649,7649,-0.226679699404539,0.286440606593678
4,1650,7650,-0.289265817639766,0.330443104875105
4,1651,7651,-0.684876231313947,0.605684487944718
4,1652,7652,-0.396399813465657,0.698996207191199
4,1653,7653,-0.285078755133376,0.715498489182285
4,1654,7654,-0.181932105370211,0.538569224736827
4,1655,7655,-0.422688708281563,1.05795364845736
4,1656,7656,-0.559384486524572,0.589301386719902
4,1657,7657,-0.294161228165656,0.852624513047891
4,1658,7658,-0.963589541699718,1.36220636139173
4,1659,7659,-0.903634384788017,1.35691840356548
4,1660,7660,-0.266567167115113,0.407802727014703
4,1661,7661,-0.416698283802635,0.877324439224981
4,1662,7662,-0.366006053656031,1.00139723254172
4,1663,7663,-0.910537700677658,0.652131580386798
4,1664,7664,-0.564785184371257,0.463736306506134
4,1665,7665,-0.709719694311067,0.537150691246526
4,1666,7666,-0.869361527301963,0.595543165939842
4,1667,7667,-0.719399548222609,0.537119062226394
4,1668,7668,-0.37687490610787,0.241858044191498
4,1669,7669,-0.788274368075108,1.12489202549601
4,1670,7670,-0.580272412309216,0.542704201080699
4,1671,7671,-0.448942109276443,0.506676263554037
4,1672,7672,-0.353789964405829,0.397215922587342
4,1673,7673,-0.267202524805847,0.548652429531027
4,1674,7674,-0.241988620001197,0.52766650407668
4,1675,7675,-0.367606289174457,0.678766991745068
4,1676,7676,-0.301843368258995,0.95525998289673
4,1677,7677,-0.397449129160638,0.466970028789153
4,1678,7678,-0.370789540571306,0.250774092702133
4,1679,7679,-0.344939001150683,0.341955481583894
4,1680,7680,-0.327034579471834,0.48404936437631
4,1681,7681,-0.412512348241314,0.377394930397764
4,1682,7682,-0.344776739700373,0.307369209810612
4,1683,7683,-0.394439735377132,0.44132940595377
4,1684,7684,-0.962386960561915,0.962061173373363
4,1685,7685,-1.08924161825381,1.03324825834445
4,1686,7686,-1.10727349915607,1.07423499728033
4,1687,7687,-1.09543648521714,0.928079566133134
4,1688,7688,-1.06476076983191,0.724276012918358
4,1689,7689,-0.240313179457792,0.224593200580728
4,1690,7690,-0.318947473811486,0.229859972915348
4,1691,7691,-0.287083685755334,0.164384251209809
4,1692,7692,-1.05509595036849,0.628839272795812
4,1693,7693,-0.500407637473899,0.387387263163035
4,1694,7694,-0.829932774970839,0.625931986759229
4,1695,7695,-0.561824301093343,0.462758598351065
4,1696,7696,-0.516730143573221,0.4345934428485
4,1697,7697,-0.605847456568483,0.553986012796336
4,1698,7698,-0.650292497651514,0.453413944949307
4,1699,7699,-0.70454998774656,0.482048782981878
4,1700,7700,-0.515250973840366,0.305289025584492
4,1701,7701,-0.6884753808705,0.687126289411658
4,1702,7702,-0.731250184042242,0.647857589858392
4,1703,7703,-0.951800843598485,0.713259901819646
4,1704,7704,-0.767597697041863,0.568758395880845
4,1705,7705,-0.955769933131138,0.504591519236263
4,1706,7706,-0.878846391660284,0.883373513117623
4,1707,7707,-0.64077027969378,0.776837510231198
4,1708,7708,-0.479167686441594,0.400158949967646
4,1709,7709,-0.422342577327514,0.379726465713512
4,1710,7710,-0.846251587433472,0.604366464482984
4,1711,7711,-0.519064455417821,0.300795881299899
4,1712,7712,-0.555602830569569,0.275497023175474
4,1713,7713,-0.314189827419522,0.109508464773979
4,1714,7714,-0.280301358867547,0.115904197563464
4,1715,7715,-0.273406126151809,0.209084036988433
4,1716,7716,-0.222196309152287,0.128135239789861
4,1717,7717,-0.501953574622016,0.252791225564499
4,1718,7718,-0.375463583460491,0.316888283385204
4,1719,7719,-0.254107689690585,0.34050015780366
4,1720,7720,-0.0735756232106108,0.367822184597237
4,1721,7721,-0.355398404903922,0.322373364011714
4,1722,7722,-0.244318961377657,0.181804377299045
4,1723,7723,-0.280715511783211,0.293545441868872
4,1724,7724,-0.275080291381479,0.339541518179804
4,1725,7725,-0.321624715702405,0.341357195153247
4,1726,7726,-0.515999123121653,0.730173696504759
4,1727,7727,-0.559049344450825,0.643236085923765
4,1728,7728,-0.75831954750293,0.755765205091896
4,1729,7729,-0.913777561792577,1.07334111511312
4,1730,7730,-0.511590103317921,0.457814574092241
4,1731,7731,-0.453374639789869,0.263584327834914
4,1732,7732,-0.778438246921518,0.611162781712649
4,1733,7733,-1.01695905809987,0.68928083784881
4,1734,7734,-0.898408141793471,0.863217752667314
4,1735,7735,-0.592176921152269,0.447222416091089
4,1736,7736,-0.688264435806265,0.767094034654074
4,1737,7737,-0.583838630354399,0.580100683728111
4,1738,7738,-0.526492791961553,0.643467423794511
4,1739,7739,-0.869134245070995,0.708116793626722
4,1740,7740,-0.622960702542176,0.958111998380154
4,1741,7741,-0.484624240491795,0.541072912783689
4,1742,7742,-0.523589911690495,0.431513577926989
4,1743,7743,-0.431246506641297,0.293273974980184
4,1744,7744,-0.433948151280835,0.563153701833708
4,1745,7745,-0.54037706098464,0.388339090265075
4,1746,7746,-1.06295141759931,0.951716123820196
4,1747,7747,-0.920747578648157,0.822209799778759
4,1748,7748,-0.963505071316478,1.00156021520307
4,1749,7749,-0.799027580826835,0.604673966548562
4,1750,7750,-0.64244620167095,0.454278021356993
4,1751,7751,-0.713038629210499,0.473459943488421
4,1752,7752,-0.567700426843767,0.551427681795448
4,1753,7753,-0.17047817008107,0.178646316108008
4,1754,7754,-0.169632766952412,0.124958043506555
4,1755,7755,-0.123684723399486,0.157457124887539
4,1756,7756,-0.146958677148404,0.263795513832902
4,1757,7757,-0.112978943222521,0.161683107115525
4,1758,7758,-0.362942467073776,0.229761160697663
4,1759,7759,-0.210983752682363,0.208033374111623
4,1760,7760,-0.226044804535337,0.1732450465611
4,1761,7761,-0.299745729127304,0.312435518549181
4,1762,7762,-0.323245783561845,0.8273340665151
4,1763,7763,-0.853983190296223,0.603535364964287
4,1764,7764,-1.03551137369791,0.733666406170075
4,1765,7765,-1.30580444840633,0.919466282101191
4,1766,7766,-0.988034386984381,0.807376878302719
4,1767,7767,-0.701865412381003,0.964569627043362
4,1768,7768,-0.432567829190438,0.5436277678562
4,1769,7769,-0.449549790250426,0.55424906635353
4,1770,7770,-0.532355257819678,0.778054263414937
4,1771,7771,-1.01328755068993,0.910608318712164
4,1772,7772,-1.03439521260078,1.42088412785609
4,1773,7773,-1.35772938707474,1.73049391656555
4,1774,7774,-1.35364729984437,1.60838536299785
4,1775,7775,-1.19374896647985,1.74164443204512
4,1776,7776,-0.911339071785491,1.74620011460428
4,1777,7777,-0.163074239718344,0.674024368173365
4,1778,7778,-0.0909531535002082,0.568458490812698
4,1779,7779,-0.0347912882045925,0.626488171184425
4,1780,7780,-0.236532824668554,0.791903523920026
4,1781,7781,-0.298061514781488,1.00335021444099
4,1782,7782,-0.707329038660483,0.547130890898594
4,1783,7783,-0.618781037150033,0.53347966849015
4,1784,7784,-0.405084319463303,0.361399915044688
4,1785,7785,-0.653688664543147,0.488898096532526
4,1786,7786,-0.737055902121377,0.606295889392457
4,1787,7787,-0.718306795673462,0.38287739139631
4,1788,7788,-0.813921015668837,0.46474007274871
4,1789,7789,-0.552291481389423,0.590889798777935
4,1790,7790,-0.49629901313962,0.526969372003921
4,1791,7791,-0.455892601235043,0.442227894792787
4,1792,7792,-0.404455609159801,0.323585937044008
4,1793,7793,-0.495870306336474,0.324909288740531
4,1794,7794,-1.23644826454904,0.648322448826697
4,1795,7795,-0.845861440466539,0.552443002598407
4,1796,7796,-0.394870807140544,0.367426382681635
4,1797,7797,-0.86103627564681,0.73928755232469
4,1798,7798,-0.802619384935322,0.675577124237961
4,1799,7799,-0.694719312300343,0.562142506636584
4,1800,7800,-0.51316590460173,0.418575478623102
4,1801,7801,-0.841399435509721,0.555670678692953
4,1802,7802,-0.727562735348875,0.376323528653747
4,1803,7803,-0.777166568215375,0.752764793714688
4,1804,7804,-0.69319384847264,0.722666393076601
4,1805,7805,-0.785219117996423,0.49198968460807
4,1806,7806,-0.834101217381289,0.836909069492012
4,1807,7807,-0.97512115402814,1.16268553187171
4,1808,7808,-0.925990120366293,1.12312720009715
4,1809,7809,-0.907944358994587,0.835470344877282
4,1810,7810,-0.808754558601843,0.81134643861188
4,1811,7811,-0.808181765749978,0.995344300883508
4,1812,7812,-0.401799753249123,0.289483886058162
4,1813,7813,-0.661918460013574,0.449297298605356
4,1814,7814,-0.773765800365974,0.575632321723156
4,1815,7815,-0.828235403995871,0.725487338828077
4,1816,7816,-1.13004454701889,1.36290343314627
4,1817,7817,-1.3282329093837,1.79595231048388
4,1818,7818,-1.2919795767425,1.64297383304618
4,1819,7819,-1.28875473317469,1.35868461516623
4,1820,7820,-0.763261626391598,0.819325308100215
4,1821,7821,-0.987354745760891,1.02079369076314
4,1822,7822,-0.947469247651372,1.01828874266623
4,1823,7823,-0.989901782291762,1.20810581960623
4,1824,7824,-0.946991784817092,1.104330714816
4,1825,7825,-1.00989114441926,1.48889724598324
4,1826,7826,-0.84895479560721,0.847124506772008
4,1827,7827,-0.910866131142217,0.944609085621686
4,1828,7828,-1.01669207715756,0.78433274664822
4,1829,7829,-1.4520948394447,1.85661945079681
4,1830,7830,-0.94172200243448,0.703448921023725
4,1831,7831,-0.747906108410117,0.78625398848926
4,1832,7832,-0.763383989106439,0.508721934852107
4,1833,7833,-1.20251705625151,1.91601579430996
4,1834,7834,-1.075962101007,0.819116738968887
4,1835,7835,-1.05484498695724,0.724801097404279
4,1836,7836,-1.19146894904816,1.06572631428214
4,1837,7837,-1.35362353701158,1.24607316752584
4,1838,7838,-0.420345171316372,1.28042371415128
4,1839,7839,-0.43611041229014,0.909213579433661
4,1840,7840,-0.399659471433026,0.53080177959445
4,1841,7841,-0.265189977428024,0.43195050077696
4,1842,7842,-0.794917942609714,1.20249617990012
4,1843,7843,-1.2051349136058,0.976551151876134
4,1844,7844,-0.744605928822772,1.60012624442415
4,1845,7845,-0.810751810196294,0.620131231942333
4,1846,7846,-0.809438458452897,0.707116554885062
4,1847,7847,-1.00026757593843,1.34648667284542
4,1848,7848,-1.23964995797038,1.08252055213043
4,1849,7849,-0.391895250027897,0.498376826696155
4,1850,7850,-0.198689834688544,0.604792687050167
4,1851,7851,-0.302328416982374,0.686451861256534
4,1852,7852,-0.63166179161389,1.02130441008339
4,1853,7853,-1.06100800691485,1.21109426719296
4,1854,7854,-0.790021562283488,0.835349467334344
4,1855,7855,-0.576915226282385,0.482597346604484
4,1856,7856,-0.291479178483607,0.390691825694074
4,1857,7857,-0.741546018537539,0.39572644462868
4,1858,7858,-0.947384384126613,0.891600730550429
4,1859,7859,-0.769096102503341,0.654210170144312
4,1860,7860,-0.726494165458724,0.526634115842046
4,1861,7861,-0.602910243504529,0.456043149491673
4,1862,7862,-0.604235674049001,0.476604416222761
4,1863,7863,-0.83416757125601,0.529532309220957
4,1864,7864,-0.330032638664296,0.346132587206778
4,1865,7865,-0.421008403201493,0.737271851431809
4,1866,7866,-0.479888393478893,0.738559024605375
4,1867,7867,-0.476684999236374,0.520427447320831
4,1868,7868,-0.325714912546069,0.53643317379012
4,1869,7869,-0.45220655753383,0.658015321948866
4,1870,7870,-0.762563015568718,0.968913386792781
4,1871,7871,-0.675409550984325,0.914029029344259
4,1872,7872,-0.415289607966139,0.384446185435289
4,1873,7873,-0.509360198677339,0.494438229346775
4,1874,7874,-0.396170660850681,0.230666182838701
4,1875,7875,-0.371513829241547,0.597727976366434
4,1876,7876,-0.638333889538828,0.507459586744466
4,1877,7877,-0.477992812478578,0.478246780504194
4,1878,7878,-0.528854990730107,0.66167138696011
4,1879,7879,-0.261428011948955,0.223377636814439
4,1880,7880,-0.447629876732753,0.29737930867259
4,1881,7881,-0.962797689964418,0.492428223368544
4,1882,7882,-0.666017610459173,0.481520936605322
4,1883,7883,-0.385945994285782,0.472763047005316
4,1884,7884,-0.36802580290387,0.293225570537051
4,1885,7885,-0.632812629738598,0.538508075624291
4,1886,7886,-0.620308309601291,0.499565772177587
4,1887,7887,-0.444099181366358,0.821757072769757
4,1888,7888,-0.356654666507474,0.663953256109578
4,1889,7889,-0.515593812380421,0.476659943912442
4,1890,7890,-0.505748007814448,0.497572714643517
4,1891,7891,-0.499028231447604,0.392827305188841
4,1892,7892,-0.373189079014241,0.884813845638008
4,1893,7893,-0.655381792077853,1.29503011996502
4,1894,7894,-0.459572240886567,0.446378812432693
4,1895,7895,-0.537435569732205,0.509215785011956
4,1896,7896,-0.650287363083018,0.566016361020656
4,1897,7897,-0.614146871277615,0.435507289247111
4,1898,7898,-0.654147003715356,0.618734118620203
4,1899,7899,-0.797043970155669,0.636716366432912
4,1900,7900,-0.293600905692556,0.35194358471352
4,1901,7901,-0.820807370440344,0.735646642727307
4,1902,7902,-0.6206662646126,0.526934168487421
4,1903,7903,-0.858266978866366,0.949506340518808
4,1904,7904,-0.656017330167126,0.558068074140075
4,1905,7905,-0.789397268456513,0.661919829253853
4,1906,7906,-0.358474471561022,0.391091305030736
4,1907,7907,-0.314536084180451,0.611938894910421
4,1908,7908,-0.39520617452419,0.394333019000294
4,1909,7909,-0.556894537112174,0.312667777017428
4,1910,7910,-0.759956961540701,0.453531041199106
4,1911,7911,-1.38460033355614,1.0035071793333
4,1912,7912,-0.76427180030043,0.757656641893078
4,1913,7913,-0.478236990360113,0.468301204106662
4,1914,7914,-0.449703996601996,0.539235700697708
4,1915,7915,-0.519144984044323,0.415980672659299
4,1916,7916,-0.528407049579197,0.450152741951495
4,1917,7917,-0.696460853844564,0.64672988339897
4,1918,7918,-0.688099128220677,0.46721041810185
4,1919,7919,-0.590346895387568,0.565274183813509
4,1920,7920,-0.857181526067623,0.984326743100523
4,1921,7921,-0.652585854395469,0.573056023213461
4,1922,7922,-0.925152444769207,0.928846048415183
4,1923,7923,-0.806578157365771,0.815753242368316
4,1924,7924,-0.63354308241226,0.52088237551057
4,1925,7925,-0.618750037278953,0.487348760919462
4,1926,7926,-0.886152195738412,0.472309743640373
4,1927,7927,-0.451017670713767,0.447206824750854
4,1928,7928,-0.521751263632255,0.408989323462008
4,1929,7929,-0.543669483754937,0.387113894234459
4,1930,7930,-0.623590764991002,0.628054893662189
4,1931,7931,-0.502842232506049,0.579975355621411
4,1932,7932,-0.535049952723222,0.349672990384018
4,1933,7933,-0.467397569997542,0.349760645318874
4,1934,7934,-0.661468735414416,0.621281920671877
4,1935,7935,-0.61942428402956,0.738493070155644
4,1936,7936,-0.591932852252582,0.712857824563708
4,1937,7937,-0.564584459405329,0.609286158416092
4,1938,7938,-0.780383290526691,0.545410300691317
4,1939,7939,-0.672688722367167,0.491220700000598
4,1940,7940,-0.908169767056194,0.769098390629205
4,1941,7941,-0.793881637514664,0.625034549554477
4,1942,7942,-0.644005026724334,0.455031602351458
4,1943,7943,-0.756188888236771,0.511999707271394
4,1944,7944,-0.699712255026505,0.70491686130221
4,1945,7945,-0.863447151974277,1.10790917669402
4,1946,7946,-0.620712270100375,0.774013826275683
4,1947,7947,-0.265738388693956,0.479734204718069
4,1948,7948,-0.407144262615337,0.827650976806051
4,1949,7949,-0.403855577049133,0.701398081971318
4,1950,7950,-0.517041275149997,0.870451699514771
4,1951,7951,-0.575720379029038,0.748693423245869
4,1952,7952,-0.839230757404893,1.52522844709783
4,1953,7953,-0.658556545624907,0.994591462614333
4,1954,7954,-0.67630185228313,0.474993637963259
4,1955,7955,-0.855651443118526,0.538626914272797
4,1956,7956,-0.649836362331825,0.54542570485196
4,1957,7957,-0.614364515963397,1.00734909687242
4,1958,7958,-0.964238075752917,0.72397722425644
4,1959,7959,-1.13329163368089,1.01453672522385
4,1960,7960,-1.49570736276406,0.954226604944237
4,1961,7961,-0.880466306569011,0.98857118911046
4,1962,7962,-0.878919047045162,0.950070785917726
4,1963,7963,-0.830293270233052,0.766804678655128
4,1964,7964,-0.82614729583382,0.521541670659706
4,1965,7965,-0.517186424452216,0.287415365279583
4,1966,7966,-0.338264740800432,0.179880391211429
4,1967,7967,-0.240041661628315,0.129499169525584
4,1968,7968,-0.184725695100986,0.124665953666686
4,1969,7969,-0.203049648921343,0.200132914534417
4,1970,7970,-0.347020266862815,0.325402474360065
4,1971,7971,-0.546849672735727,0.505740979052967
4,1972,7972,-0.544976751004733,0.467564234181345
4,1973,7973,-0.0673065280400994,0.104159827953359
4,1974,7974,-0.158751440648401,0.0656253174499128
4,1975,7975,-0.187573267288761,0.178484999622505
4,1976,7976,-0.20742173556211,0.159234262564134
4,1977,7977,-0.513664663970785,0.335037422491027
4,1978,7978,-0.638738599729722,0.64740152761413
4,1979,7979,-0.35333244895799,0.177522667393158
4,1980,7980,-0.968422326428507,1.41371245044399
4,1981,7981,-0.371124435969005,0.547166839047512
4,1982,7982,-0.637518548564149,0.602253032190856
4,1983,7983,-0.671680685063169,0.581623786204951
4,1984,7984,-0.515029022235696,0.555950522889462
4,1985,7985,-0.790465436715471,1.58608144673616
4,1986,7986,-0.313900970876079,1.04326774300431
4,1987,7987,-0.571507155221026,0.819108904203278
4,1988,7988,-0.41594270094629,0.549670515353303
4,1989,7989,-0.750986271358858,1.21695853132343
4,1990,7990,-0.848948857203981,1.42523724537185
4,1991,7991,-0.7097115832241,0.901216032417861
4,1992,7992,-0.707397009849369,0.999819173783453
4,1993,7993,-0.487770569526252,0.482680919045911
4,1994,7994,-0.936451760568791,0.910913916427568
4,1995,7995,-0.883718688325762,0.9581300542675
4,1996,7996,-0.848818258387678,0.826045058160454
4,1997,7997,-0.951400151520351,0.93733904779312
4,1998,7998,-0.849505696614029,0.739954593956868
4,1999,7999,-1.14943543436351,1.01946998534008
4,2000,8000,-0.950016477927037,1.19351819461198
