".chain",".iteration",".draw","b_Intercept","sd_author_year__Intercept"
1,1,1,-1.69155070656944,1.85223005713813
1,2,2,-0.608437721678941,1.37263277610236
1,3,3,-0.730442348109091,1.82558612081622
1,4,4,-1.1901858217817,1.48228927034565
1,5,5,-1.44789378428454,1.88140895603925
1,6,6,-1.0060924093785,1.94121739761991
1,7,7,-1.6714711707375,1.22315827631204
1,8,8,-1.97576513295072,1.66258297699235
1,9,9,-1.85209447203542,1.38300682436651
1,10,10,-1.86745577135277,1.55183627618001
1,11,11,-0.790585793972395,1.87417168688325
1,12,12,-0.722806768982724,1.93437924698688
1,13,13,-0.846144447217314,1.55931562578183
1,14,14,-0.879051060086647,2.07559317426853
1,15,15,-0.361096343960093,1.79362259395961
1,16,16,-0.0771398333746338,1.75872730563215
1,17,17,-2.16855412900901,1.94445778748932
1,18,18,-1.89644359749198,1.84931469451293
1,19,19,-1.37941298597603,1.29656783241209
1,20,20,-1.46161234663769,1.35798262767679
1,21,21,-1.33421512392223,1.48359894985839
1,22,22,-2.02676914246567,1.46976805605278
1,23,23,-0.857510520019267,1.59214838757624
1,24,24,-2.39269478109245,1.53617558962656
1,25,25,-2.0432215820183,1.21230972542833
1,26,26,-1.91598752697737,1.13393197197121
1,27,27,-1.44303962645012,0.852422644091626
1,28,28,-1.63826569042773,1.53055766853867
1,29,29,-1.1587778990547,1.64105946220761
1,30,30,-0.691278146046729,1.71276467596217
1,31,31,-1.01083697839748,1.54637394673479
1,32,32,-1.29309439296379,1.8387769950078
1,33,33,-1.40671452935639,1.83273322935213
1,34,34,-1.23182827825052,1.47500063416414
1,35,35,-0.749146889529043,1.52692386155296
1,36,36,-1.77697920510619,1.43536457899046
1,37,37,-1.2689631710611,2.43115854241092
1,38,38,-1.42527198035299,1.30472976448922
1,39,39,-1.81686410269031,0.779637584720855
1,40,40,-0.98233669541576,2.22462601069801
1,41,41,-1.26068584335444,1.29457330637107
1,42,42,-0.832890946596375,0.829962158902714
1,43,43,-1.88055858181509,2.3951113299578
1,44,44,-1.80503729955624,1.70100496452631
1,45,45,-2.06499068684256,2.14298488273759
1,46,46,-1.92793659185264,1.96924698125457
1,47,47,-1.27719657771551,2.71963853877602
1,48,48,-0.781998405639609,2.36009740941311
1,49,49,-0.797989321851026,2.47985300415051
1,50,50,-1.33004052965331,2.34328012547942
1,51,51,-1.09510995326322,0.889128707722583
1,52,52,-1.46740350447362,1.37665402241905
1,53,53,-1.64787761750095,1.01244918006234
1,54,54,-1.46676809540346,0.902693846162462
1,55,55,-1.4856742559416,0.873559274160696
1,56,56,-1.44260574532226,0.940342551473511
1,57,57,-1.5272833395122,0.958277481535334
1,58,58,-2.37216351951617,1.28709233691041
1,59,59,-1.35158304851656,1.12191656461979
1,60,60,-1.09126464385797,1.77782435711438
1,61,61,-0.832206160726183,1.34077920132907
1,62,62,-0.462461493721978,1.61436017778352
1,63,63,-1.27704917654274,1.01500261239097
1,64,64,-1.79503870026507,1.04460492070928
1,65,65,-1.87993270901487,1.07344296105175
1,66,66,-1.5240690436168,1.90716172404386
1,67,67,-1.35602025477521,1.96906306369362
1,68,68,-1.38342266795578,1.91363250857277
1,69,69,-0.953900847000195,1.25888514184768
1,70,70,-0.555862153413752,1.37264925888192
1,71,71,-0.592185060064007,0.562862177556914
1,72,72,-1.50510710665955,1.48572156993637
1,73,73,-1.96550873347093,1.90349643116148
1,74,74,-1.13405965484785,0.991014585714068
1,75,75,-1.1785777234883,0.831493360199108
1,76,76,-1.18315919896269,1.01018903456657
1,77,77,-1.42837331842667,1.73834577953947
1,78,78,-2.06068004194013,2.30086242755136
1,79,79,-1.09494574216519,2.06328320786522
1,80,80,-1.02432315258984,1.41431393613984
1,81,81,-1.04292182040047,1.60253570450722
1,82,82,-1.17770050776463,1.41755590620506
1,83,83,-1.06114430325375,1.53886496266252
1,84,84,-0.702009647368699,2.37811056603118
1,85,85,-0.78172353720869,1.87820527736816
1,86,86,-1.01355197538788,2.32096061125599
1,87,87,-0.827720466627645,2.36088095490046
1,88,88,-1.06522596627,2.81908369102835
1,89,89,-1.86026181084535,1.74305677692371
1,90,90,-1.84292145159958,1.99207477397088
1,91,91,-1.06662122450745,1.74122053003994
1,92,92,-0.935791272992613,1.33236413346116
1,93,93,-1.75866054011168,2.04188659968151
1,94,94,-1.22456948854922,1.40186956291926
1,95,95,-1.2030488544909,1.13713151902345
1,96,96,-1.62869316298266,1.74817030287752
1,97,97,-1.26649894172117,1.57122288980401
1,98,98,-0.0977861984519694,1.48246167396533
1,99,99,-0.425727286667502,1.84982152774423
1,100,100,-1.30633156630382,1.35822671773977
1,101,101,-2.26544255916369,1.87792465296143
1,102,102,-0.502111499013703,1.74224449889161
1,103,103,-1.59042807824316,1.53430387596515
1,104,104,-1.23742490393835,1.11945988859157
1,105,105,-0.884148791540158,1.04564993793268
1,106,106,-1.26796170476024,1.07957827593792
1,107,107,-0.864597439173749,1.66828728538716
1,108,108,-1.49364516481527,1.29953489895224
1,109,109,-1.28043275615646,1.17513363432113
1,110,110,-2.53966269696699,1.57818993160427
1,111,111,-2.32703213097836,1.46989595640152
1,112,112,-1.54837025997262,0.993239116646818
1,113,113,-1.28444025120498,0.778359445201349
1,114,114,-0.072733169143848,1.49678330100456
1,115,115,-0.510522206432046,2.19331263424965
1,116,116,-0.542011796595372,2.2602325030072
1,117,117,-0.61559206098683,2.0768649162895
1,118,118,-0.549424933255366,1.9129014444796
1,119,119,-0.497071284079169,3.19039694517739
1,120,120,-0.713161507496769,2.29236115657891
1,121,121,-1.40490803517201,2.36084666245225
1,122,122,-1.65016787232137,1.68234571917541
1,123,123,-1.37655300083539,1.17725075598529
1,124,124,-1.42620761890181,0.870915499755411
1,125,125,-1.98588945613212,1.39341589977795
1,126,126,-1.81525646913262,1.1992173931506
1,127,127,-2.00708948031874,1.4751441600094
1,128,128,-0.925441638160312,1.0472700034299
1,129,129,-1.21617271399773,1.37150482525051
1,130,130,-1.55310852817664,2.03029881158376
1,131,131,-1.84084586678626,1.97159019710064
1,132,132,-1.77555513534444,2.01981277487248
1,133,133,-1.17815440456099,1.37812337887312
1,134,134,-0.769818625307685,1.11722328725889
1,135,135,-1.28490789960199,1.86048551149911
1,136,136,-0.897919069198001,1.56635679166022
1,137,137,-0.575646264503473,1.22206467046787
1,138,138,-0.848387847540112,2.1780248892101
1,139,139,-1.60474111262238,1.83579625891371
1,140,140,-1.18508315206444,1.44330227760089
1,141,141,-1.67555278839901,1.43135150205878
1,142,142,-1.27445982417873,0.852054373724214
1,143,143,-1.24471323651546,1.88042510559121
1,144,144,-0.792369840689553,0.987999415323186
1,145,145,-1.06876724376995,1.08300886695171
1,146,146,-1.74579367078755,1.7141664889483
1,147,147,-2.14155173320785,1.78164425770225
1,148,148,-0.871873621598711,1.99194931770252
1,149,149,-0.846866554531839,1.4507852441268
1,150,150,-1.50433477249359,1.98857472046775
1,151,151,-1.71230521729289,1.92711104814843
1,152,152,-1.97646259758817,2.00242724024798
1,153,153,-1.87450430782556,1.54254802532501
1,154,154,-1.86918681359469,1.58679091639545
1,155,155,-2.28383300984889,1.63975561571584
1,156,156,-1.88946445924387,0.997309309830399
1,157,157,-2.47313297412432,1.67170977085562
1,158,158,-0.971066856869412,1.14456226176528
1,159,159,-0.929486857533702,1.1725688587378
1,160,160,-1.10366542614843,1.6149325959463
1,161,161,-0.277336164011867,1.77936525885804
1,162,162,-0.633817024053357,1.6895861679241
1,163,163,-0.23132571215583,2.7694336133487
1,164,164,-1.08587850161358,2.4432190803035
1,165,165,-1.27502628551431,1.37371887705217
1,166,166,-1.54648427414017,1.06931586635078
1,167,167,-1.29247791027372,0.923073993015848
1,168,168,-1.37817424370662,1.05639486463561
1,169,169,-1.19080640180472,1.30661141887767
1,170,170,-1.1300742361666,1.66633508567993
1,171,171,-1.35690366885445,1.16989417615553
1,172,172,-1.11039557463305,0.945034904216401
1,173,173,-1.04735490695755,0.849206129858872
1,174,174,-1.26951470117959,1.10807054775004
1,175,175,-1.43111799188928,0.716223057220351
1,176,176,-1.8872029288199,1.41010740770792
1,177,177,-2.34137208701702,1.9341024029204
1,178,178,-2.56379896841207,2.16516385692273
1,179,179,-2.70463767667428,2.96445338344632
1,180,180,-1.6773813264851,1.31097679099949
1,181,181,-1.91156253823142,2.30450516102333
1,182,182,-1.94482632966347,1.9603060727721
1,183,183,-2.45368898334343,2.36336109418919
1,184,184,-1.87773799465925,1.74749952709629
1,185,185,-0.810327833933198,2.12589442795222
1,186,186,-1.1121579111977,1.66128919095674
1,187,187,-1.34856415587636,2.08663567345081
1,188,188,-1.4127686803999,1.77312264448949
1,189,189,-0.61842729639392,2.46097414003515
1,190,190,-0.679190476403814,2.00629982819443
1,191,191,-1.16886316874323,2.90152807800744
1,192,192,-2.21895358139945,2.90712749312666
1,193,193,-1.48657549651214,1.44690566958829
1,194,194,-1.70319934963513,1.4465377349702
1,195,195,-1.61789809277047,1.17035263724472
1,196,196,-1.38650978264587,1.05879861715804
1,197,197,-1.7772422144205,1.30353716117956
1,198,198,-1.2809891723802,0.839184213827341
1,199,199,-1.44668098195436,1.15934514390256
1,200,200,-1.53238611056732,1.07083712117194
1,201,201,-2.22476483473517,1.40077064796473
1,202,202,-1.2913966860525,0.705984674114127
1,203,203,-2.00033693963423,1.14785554267956
1,204,204,-1.29911407732897,0.797929538314978
1,205,205,-1.60930479162967,2.42977784807128
1,206,206,-1.68241752937244,3.16218702581815
1,207,207,-1.47990250027269,3.79429131293562
1,208,208,-0.902657114736629,1.65517770626393
1,209,209,-1.16421394460322,2.55011167661564
1,210,210,-1.2099185166856,2.56255881885177
1,211,211,-0.930390842683977,1.88424190777193
1,212,212,-1.75973800477615,2.06884701085762
1,213,213,-1.25649483525354,1.3246424330728
1,214,214,-2.33720333987116,2.28871630277673
1,215,215,-1.58480314428577,0.992593083561814
1,216,216,-1.62106539110851,1.3032962315046
1,217,217,-1.7316938016931,1.73552520588739
1,218,218,-1.35693653571292,0.805658608871763
1,219,219,-2.4764895093385,1.91049533612226
1,220,220,-1.36854412212318,0.8873185970915
1,221,221,-0.274514338460555,1.34332628025612
1,222,222,-0.731737401347763,2.74512392177176
1,223,223,-1.18030227669959,1.44366180421774
1,224,224,-1.12466743625663,1.47445279901719
1,225,225,-0.832829436247442,1.61887714069603
1,226,226,-1.87881617716734,1.63542155176581
1,227,227,-0.987921740541642,1.26633681639286
1,228,228,-1.51871582720902,1.21571186724346
1,229,229,-1.37595527504699,1.00155738296299
1,230,230,-0.965798079970293,1.18876332943435
1,231,231,-1.26195404223591,2.08221780846348
1,232,232,-1.07003784439489,2.50625646656192
1,233,233,-1.25988496187324,1.92459654228702
1,234,234,-0.82341751320472,1.411172382459
1,235,235,-1.48516097402117,1.69184480357209
1,236,236,-1.19855430598494,1.27975425388833
1,237,237,-1.48363050470369,1.05444937195633
1,238,238,-1.87137712754781,1.34939280911092
1,239,239,-1.84552505586542,1.85100342024519
1,240,240,-1.8018900492523,1.33771454557465
1,241,241,-1.62574700291466,1.27908177925566
1,242,242,-2.0726911861452,1.94246326545011
1,243,243,-1.24542825694276,1.94583233976597
1,244,244,-1.01354700887157,2.23490235029508
1,245,245,-1.54872829101745,2.9694938837923
1,246,246,-0.947067868159419,2.37201979349492
1,247,247,-1.21348756670436,1.03894046846372
1,248,248,-1.26173109185176,0.828437198185736
1,249,249,-1.1223730497051,1.70796225600514
1,250,250,-0.928864310201285,1.65382370280012
1,251,251,-1.23979531955109,1.4094665567866
1,252,252,-0.431723522137199,1.17439970856605
1,253,253,-0.057070177516014,2.2361056455969
1,254,254,-0.903222444127039,1.44815941717981
1,255,255,-0.981732239652973,1.4260654823481
1,256,256,-0.991936864161342,1.28850287485805
1,257,257,-0.826590546015914,0.772489881787403
1,258,258,-1.84825000526723,2.24320155481276
1,259,259,-0.920109376747328,1.06008147040627
1,260,260,-1.0582516389534,1.44122986384701
1,261,261,-0.65884269724125,1.50055946124564
1,262,262,-2.07113243085829,1.28060407332635
1,263,263,-1.46011707608202,1.22976010290796
1,264,264,-1.76602452180038,1.53222244216017
1,265,265,-0.727059563109922,1.21066412936364
1,266,266,-0.640723131789463,1.51535887382049
1,267,267,-0.996016581022026,0.899952297979444
1,268,268,-1.48248939849658,1.17651331110381
1,269,269,-1.08832012472659,1.03076377275346
1,270,270,-1.06210399030831,0.996581570661992
1,271,271,-1.5084354521706,1.22875090249473
1,272,272,-1.48361828081972,0.775758601066873
1,273,273,-1.639303763764,0.954172992489405
1,274,274,-1.49330221609927,0.79539363701297
1,275,275,-2.11712851132244,1.26128222524045
1,276,276,-1.10696180759292,0.68499065483941
1,277,277,-1.90770512738125,0.964792032812042
1,278,278,-1.0135421128514,1.79336309338364
1,279,279,-1.52663042791987,1.13294991586621
1,280,280,-1.18310993528681,3.01915914436645
1,281,281,-0.998719378435897,3.10105649177695
1,282,282,-1.53854094447973,1.34410466149044
1,283,283,-2.12227938916884,1.63464800765099
1,284,284,-1.86391689098787,2.03844054058157
1,285,285,-1.96073659851106,1.4899962583212
1,286,286,-1.03738072192101,1.1990797036179
1,287,287,-0.955844705591552,1.04961300902497
1,288,288,-1.55114694118701,1.55647515874109
1,289,289,-2.36231772954714,1.66838440017138
1,290,290,-1.53244451027135,0.771919081136371
1,291,291,-1.16791439378057,1.1247265180285
1,292,292,-1.46757815000912,1.37889265704068
1,293,293,-1.03225343611383,1.45001054652529
1,294,294,-0.886939621763151,1.35127389264439
1,295,295,-1.028783594062,1.03493293293797
1,296,296,-1.56724349112066,1.69953119839378
1,297,297,-1.62901118603197,1.21765846992279
1,298,298,-1.76773414524313,1.221423917576
1,299,299,-1.91666396113564,2.02814062747931
1,300,300,-1.36551419487809,1.20553226505818
1,301,301,-1.80693344142991,2.06583408305262
1,302,302,-1.89017548139926,1.69270797705752
1,303,303,-1.71028083660979,1.25343033890059
1,304,304,-1.31497040363495,0.92522691397665
1,305,305,-0.701060631023261,1.84648594499781
1,306,306,-0.186304238268052,1.76326999684453
1,307,307,-0.0818312880262656,2.21540129708439
1,308,308,-1.1890192844031,2.51317512760285
1,309,309,-0.744207686715997,1.74224932263032
1,310,310,-1.14814306933843,1.66764961003682
1,311,311,-1.33765577470149,1.68528622781022
1,312,312,-1.12182281438441,3.60449321944999
1,313,313,-0.965825736301502,3.40484734013795
1,314,314,-0.988129184852185,2.21670779673314
1,315,315,-1.0239351077156,1.4934395180336
1,316,316,-0.477131211520251,2.96279458926221
1,317,317,-0.434336860937449,2.94239560090992
1,318,318,-0.937642651476545,1.82483730844513
1,319,319,-2.02348620640639,2.60921372144213
1,320,320,-1.81685769909248,2.66571289375251
1,321,321,-0.951350237649928,1.10319227898882
1,322,322,-1.77307376294818,2.27811844470185
1,323,323,-1.9789918869356,1.47474524946008
1,324,324,-0.814283542330153,0.8326686721444
1,325,325,-1.09385837694288,0.952471364619046
1,326,326,-1.50972428986396,1.16968637025276
1,327,327,-1.29271060786086,1.06996846136349
1,328,328,-0.651388728867186,1.12307911026189
1,329,329,-1.07443338200475,1.39087128366336
1,330,330,-1.4955163300511,1.39846195760406
1,331,331,-0.85241482832813,1.05225456342848
1,332,332,-1.66879864116404,1.16327235409217
1,333,333,-0.375422212696222,0.444482875456263
1,334,334,-0.288277671518944,0.577660295331313
1,335,335,-1.32480769329564,1.2480906871529
1,336,336,-0.814878274008965,0.830786184942682
1,337,337,-1.26577522493981,1.09542660519248
1,338,338,-0.987971478078684,0.803314917232655
1,339,339,-0.954549259811737,0.947213499649366
1,340,340,-0.920138379204669,1.35802505952095
1,341,341,-1.09853938668052,1.92253764546849
1,342,342,-0.378777720089766,2.933108784292
1,343,343,-0.370722692132272,3.10553008522502
1,344,344,-0.356247747803203,3.22349805683163
1,345,345,-0.262684781096885,3.20868691148366
1,346,346,-0.643035755916517,2.22045439938202
1,347,347,-0.746907239899537,2.01205062897271
1,348,348,-1.4012667605205,2.09791698849906
1,349,349,-0.890926628864458,1.8107389150897
1,350,350,-1.37829810173545,1.91301056512714
1,351,351,-1.75830767995698,2.31469413013053
1,352,352,-1.65324688259932,2.720403699803
1,353,353,-1.53377626081341,1.83061235356751
1,354,354,-1.47884518314831,1.93700717716191
1,355,355,-1.52737993412949,2.10171715591456
1,356,356,-1.4002278822925,0.758385619297469
1,357,357,-1.43264653226324,0.933032060506676
1,358,358,-1.59029233092916,0.91867490191409
1,359,359,-1.65374705101453,0.960774110685568
1,360,360,-1.67142990534592,0.970162529835438
1,361,361,-1.42337909793251,0.882630747095032
1,362,362,-1.16739329916665,0.97471881877951
1,363,363,-1.38951053853027,1.23942200058778
1,364,364,-1.99618657006386,1.65468403258486
1,365,365,-1.48799866545999,1.23867473131428
1,366,366,-1.85026211418518,1.33363646283356
1,367,367,-1.71453014775276,1.23538853263445
1,368,368,-1.75808068038075,1.94090214580369
1,369,369,-0.971527903514492,1.4771186524422
1,370,370,-1.82534984901839,1.32444324513792
1,371,371,-1.4720489108295,1.42782961454446
1,372,372,-1.10227662019629,1.29927584329069
1,373,373,-0.75097558154305,0.91224833270698
1,374,374,-1.00638236122346,1.25320049372872
1,375,375,-1.10629602260148,1.21869941352641
1,376,376,-0.310904756766318,1.97925015084073
1,377,377,-0.423660713499679,1.34844015258019
1,378,378,-1.37606826185895,2.16964665461455
1,379,379,-1.37040517121656,1.63976912751781
1,380,380,-1.13446948783323,1.71224193523846
1,381,381,-1.21841385323879,1.91777697451393
1,382,382,-1.18499550149789,1.09237306901516
1,383,383,-0.810760064296101,1.63154582972572
1,384,384,-1.52711080353876,0.819623877237583
1,385,385,-1.69982029842183,1.90624762707168
1,386,386,-1.0016545074843,1.3807051059314
1,387,387,-1.53826389224395,1.32409812449483
1,388,388,-1.48432539206163,1.34755297827734
1,389,389,-1.53602755317303,1.41540949072032
1,390,390,-1.85098476396083,1.33924145212511
1,391,391,-1.46350875762947,1.15956089748152
1,392,392,-1.48577330801009,1.64588757971054
1,393,393,-1.54095808804824,0.902280671095963
1,394,394,-2.2520608413238,1.75717468537131
1,395,395,-2.3232706743881,2.21415338554969
1,396,396,-2.08431699869542,1.42142124251998
1,397,397,-1.23162479227812,2.1032590153824
1,398,398,-1.03319443384318,0.748372845277362
1,399,399,-1.21807175300092,1.0182332237557
1,400,400,-1.18267906427371,0.757352220383593
1,401,401,-1.69513099395524,1.26928843621291
1,402,402,-1.18242463483713,1.73896813800758
1,403,403,-0.945089522975368,1.93157237617681
1,404,404,-1.11951469900948,2.32785377224666
1,405,405,-0.912200965415485,2.05547978021893
1,406,406,-0.983404613898231,0.914634081789597
1,407,407,-0.92411583722165,1.48953603662739
1,408,408,-1.72157060796487,1.81259514422949
1,409,409,-1.09817665806143,1.62674094216774
1,410,410,-1.26691895303458,1.21649426560225
1,411,411,-1.35401298222405,1.40614068553026
1,412,412,-1.04573522245999,1.33049851242375
1,413,413,-1.29171091286562,1.81043794532882
1,414,414,-1.15970990853078,1.11414670695574
1,415,415,-0.844856959472836,0.755275959164282
1,416,416,-1.73573656490009,2.17346473750979
1,417,417,-1.18584857795848,1.47364622786294
1,418,418,-1.39045622991481,1.61066412217832
1,419,419,-2.48442796794441,1.80906198742291
1,420,420,-1.67717283575493,1.5136103657051
1,421,421,-1.34231444876582,2.05945370463652
1,422,422,-1.70202348561852,2.1426373175332
1,423,423,-1.9562378360377,1.85778887407504
1,424,424,-1.30529619192244,1.49122031139205
1,425,425,-1.48535318284374,2.25848175147257
1,426,426,-1.05495747558595,1.78816533823345
1,427,427,0.110158282776587,2.9388771039227
1,428,428,-1.36773133910952,1.78470256607484
1,429,429,-1.31354944796277,2.27423041876325
1,430,430,-1.41660505995322,1.03594392313777
1,431,431,0.0817700188115491,1.12249763984797
1,432,432,-0.500694790769778,0.677296002612909
1,433,433,-1.63367767289686,1.79337884368751
1,434,434,-1.314325738925,1.4570325738596
1,435,435,-1.98160973755824,1.66021893355185
1,436,436,-2.02986667687424,1.28573379691759
1,437,437,-2.76942325029093,2.07670801179641
1,438,438,-1.71203537113884,1.71330621883882
1,439,439,-1.11009504928623,1.36846942023744
1,440,440,-0.749300099805861,1.02047314376116
1,441,441,-1.4089510544677,1.12131505066838
1,442,442,-0.70423988011036,1.11658636315699
1,443,443,-1.62788332662498,1.24989008357681
1,444,444,-0.374673164491167,1.11354217035755
1,445,445,-0.424350680717979,0.947755737946503
1,446,446,-1.71530843303513,2.48149026039101
1,447,447,-0.597454022518516,1.18466563876765
1,448,448,-0.746569922959328,2.14487863201999
1,449,449,-1.46967676786317,2.83025921676758
1,450,450,-1.81208442135089,2.96505055342192
1,451,451,-1.54826742989637,2.56563194164316
1,452,452,-1.71032317234362,1.32166854989518
1,453,453,-1.33713942132111,1.69197487057674
1,454,454,-1.40197438523595,1.6501288188946
1,455,455,-0.988856314918104,0.870696558431822
1,456,456,-2.20624707063821,1.31717925281179
1,457,457,-1.7402852208174,2.33350096366497
1,458,458,-0.276939457705738,1.94000229209975
1,459,459,-0.697399063683572,2.14535983644686
1,460,460,-1.97010350129425,1.80422544900758
1,461,461,-1.90250371338727,2.66702086720472
1,462,462,-0.900776928618099,1.79836416490941
1,463,463,-0.525649700465046,1.55413256803144
1,464,464,-0.42686444768236,1.01940165264746
1,465,465,-0.916779504343569,1.9209795095549
1,466,466,-1.63149382515357,1.18249916201653
1,467,467,-2.06755839237133,1.46619726725345
1,468,468,-1.49099541210941,1.45608982547993
1,469,469,-1.68756826407792,1.47944528402021
1,470,470,-2.21870890408145,1.3542755325198
1,471,471,-1.63425524676717,1.19889207319133
1,472,472,-0.978878565732822,1.27167912718176
1,473,473,-1.54193414902254,0.906644315011629
1,474,474,-1.67429747205147,0.992623556420291
1,475,475,-2.45265364668272,1.13242076538795
1,476,476,-1.59551077470005,0.844731833179826
1,477,477,-1.83747615473462,1.8489951314618
1,478,478,-1.25770195439605,1.55686253210767
1,479,479,-1.35628403883755,1.40625622108614
1,480,480,-1.99762763471135,1.43170112315533
1,481,481,-1.95592315773093,1.50127115014971
1,482,482,-1.75092289988622,1.76276237027537
1,483,483,-1.59469162874527,1.73902680333869
1,484,484,-0.974499043347205,1.03680691186887
1,485,485,-1.79116064359218,1.72201181648743
1,486,486,-2.06103541471796,1.61166731580594
1,487,487,-1.59012524932277,2.23776482633103
1,488,488,-1.39502479766156,1.71399680168975
1,489,489,-1.84550351557225,1.15095378519776
1,490,490,-0.63157971085016,1.21821223304263
1,491,491,-0.989893754032414,1.34871657246269
1,492,492,-1.88482582083847,1.27382323337293
1,493,493,-1.73729786943881,1.85941427032344
1,494,494,-1.4267506758345,1.12701071489148
1,495,495,-1.15131944535072,0.814272081021861
1,496,496,-1.35631437635927,1.20159993869437
1,497,497,-1.375305131451,1.30970947130306
1,498,498,-1.1808747846003,0.995569926155402
1,499,499,-1.14972024706613,0.882771632049031
1,500,500,-1.54303844181426,1.32790188957415
1,501,501,-0.98173907507239,0.923034694544919
1,502,502,-1.45484809883163,1.41422393540516
1,503,503,-0.702648126186287,1.01774692643523
1,504,504,-1.21432287127548,1.68529089935595
1,505,505,-1.21765124758428,1.70545917997079
1,506,506,-0.453615313011595,1.5864908793245
1,507,507,-0.687178940596536,2.72567902840653
1,508,508,0.549580575451339,2.67041857832487
1,509,509,-1.77588945141318,1.45965621164513
1,510,510,-0.666374525188595,1.70870366165371
1,511,511,-1.72240749964134,1.20880622856834
1,512,512,-1.47187823322372,0.889493110636912
1,513,513,-1.58908311095957,1.58416503883149
1,514,514,-1.39936564912882,1.29341644141538
1,515,515,-1.24870134980927,1.3860026647328
1,516,516,-1.30678597255589,1.14313307719815
1,517,517,-1.48105871766942,1.77957967819372
1,518,518,-0.342748303560768,1.87779474727188
1,519,519,-2.04055996042404,2.23714960860996
1,520,520,-2.11866435708809,2.1449410493199
1,521,521,-0.869332254009934,1.96607853789646
1,522,522,-1.92207818488566,2.18563236238138
1,523,523,-1.83837654299594,1.45403447780332
1,524,524,-2.6108010036031,3.13839504336265
1,525,525,-1.16180594415025,1.51145390995148
1,526,526,-1.22764332227431,1.76540738341047
1,527,527,-0.521343572488995,1.06696025847
1,528,528,-1.2014104611944,1.36441796320266
1,529,529,-0.451362152949358,1.62272031764683
1,530,530,-0.485543456607098,1.4434804411699
1,531,531,-1.22409556320126,1.84902268250008
1,532,532,-1.58794536826476,1.53760862231546
1,533,533,-1.46318450167031,1.30961040931699
1,534,534,-2.30905544139528,1.31428919488517
1,535,535,-2.07067556430648,1.01660222765984
1,536,536,-0.907439910983998,1.22148720733974
1,537,537,-1.14237442803943,0.916990657908635
1,538,538,-1.60657240697948,1.59620101428777
1,539,539,-1.62416610618766,1.57699834062055
1,540,540,-2.41732609885602,3.01702590715014
1,541,541,-1.64327342033871,1.53768781553456
1,542,542,-1.57795473697839,1.86119336268339
1,543,543,-0.5572697242732,1.89703366122273
1,544,544,-1.68989303376144,1.45246196919785
1,545,545,-1.56562009518175,1.40941899724156
1,546,546,-1.83475663268125,1.15741106131948
1,547,547,-1.54086625322937,1.3467687969067
1,548,548,-1.48402323001559,1.2934434198047
1,549,549,-1.20940416146508,1.04409371092118
1,550,550,-0.95544953983107,1.12085546680506
1,551,551,-1.10762927153214,1.25702552426209
1,552,552,-1.00520700678772,1.20164029846541
1,553,553,-0.987997383001548,0.790588683855498
1,554,554,-0.876069571568241,0.989941733212488
1,555,555,-0.186196808292172,1.60369935145023
1,556,556,-0.000272617635581335,1.36378027216351
1,557,557,-0.404612566539476,1.99846757873418
1,558,558,-1.34986954116386,1.37721936108908
1,559,559,-0.648827254341539,0.931551570424729
1,560,560,-0.93450706684239,1.17787927465704
1,561,561,-0.827124270103519,2.07405080799685
1,562,562,-0.975295344238954,1.22431024939383
1,563,563,-1.0976959132333,1.48513061431765
1,564,564,-1.94272275293649,1.46722835465123
1,565,565,-1.63562516226861,1.55947245516053
1,566,566,-2.58547022972073,2.37654863111666
1,567,567,-2.16846647047932,1.54820840859227
1,568,568,-1.31733089836582,1.20139828248912
1,569,569,-1.97688234602916,1.12400181277659
1,570,570,-1.61932496219278,0.758058208717589
1,571,571,-1.52410954128003,0.867935309103541
1,572,572,-1.960096835177,1.04648761968762
1,573,573,-1.88416628242332,1.4861312084922
1,574,574,-1.57835118729663,1.00604704772173
1,575,575,-1.96506822071441,1.52802576640047
1,576,576,-1.59691272799703,1.51661124663727
1,577,577,-1.44777744615995,1.32151031055776
1,578,578,-2.01817567850711,1.6496427306191
1,579,579,-2.14617056079632,2.66835680359306
1,580,580,-0.770544904003734,1.17467021987097
1,581,581,-0.932622227068583,2.24570331216377
1,582,582,-1.41167825999134,1.40648135544819
1,583,583,-1.7231555819114,1.19659873049601
1,584,584,-1.14549422478534,3.19316557105999
1,585,585,-1.18737293925262,1.21192119229984
1,586,586,-1.28425085164794,1.14702452278664
1,587,587,-0.978843173505814,1.24296946854074
1,588,588,-1.42170821893314,1.36088116270165
1,589,589,-1.34758520440481,1.0734228222614
1,590,590,-1.38260954065395,1.08055882826199
1,591,591,-1.1008795912787,1.57391658876133
1,592,592,-1.09506773573874,1.55717066508485
1,593,593,-0.72779119670881,1.569545985131
1,594,594,-2.21416189739818,1.60424193219714
1,595,595,-2.07659204449232,1.63915659470772
1,596,596,-1.696847318798,1.65631858669663
1,597,597,-1.367332526187,0.83335375407416
1,598,598,-1.51347784480443,1.30495729910902
1,599,599,-1.29677367541495,1.45261354031445
1,600,600,-1.50809624677684,1.43512943978187
1,601,601,-1.24421392335393,1.24133547717543
1,602,602,-0.850404228251966,0.774044265508521
1,603,603,-1.29871965053031,0.82965794395248
1,604,604,-1.29661477948192,0.960738866186162
1,605,605,-2.05339107226982,1.66873656586313
1,606,606,-1.81440809635117,1.83035972582425
1,607,607,-1.55418415930522,1.14732442938376
1,608,608,-1.05995503807933,1.09975168024139
1,609,609,-1.35046730981457,2.32344525184508
1,610,610,-1.39160471960888,1.46225740076717
1,611,611,-1.12613803723142,1.22311828506278
1,612,612,-1.4200715582947,1.18015150209487
1,613,613,-2.14602787259256,1.94942220292255
1,614,614,-1.35452580276539,1.41566292264248
1,615,615,-0.980232128167263,1.77340837014886
1,616,616,-0.717689940041209,2.3378611911137
1,617,617,-1.12169378130534,1.60284714864275
1,618,618,-0.875146283992008,1.99774490807509
1,619,619,-0.62055276857589,1.1731545013616
1,620,620,-0.898201468633993,1.07968699883805
1,621,621,-0.883082808936704,1.5581602803723
1,622,622,-1.51765892403338,1.12954797812456
1,623,623,-1.40985027583258,1.30621693098933
1,624,624,-1.2848827537733,1.17800828259662
1,625,625,-1.77264501599498,1.61595231902012
1,626,626,-1.77626942618249,1.62947397806572
1,627,627,-1.32009775728237,1.28757344838337
1,628,628,-1.22755242455597,2.27075017803143
1,629,629,-0.942709231316942,2.17045361789019
1,630,630,-1.07231605593875,2.0555505611039
1,631,631,-1.84109313470111,2.56662950760597
1,632,632,-1.85869502098113,2.52825839924811
1,633,633,-1.64892752126874,2.35258969628345
1,634,634,-0.548753488284253,1.58804835926049
1,635,635,-1.39490145916501,1.70374345658262
1,636,636,-0.934064202604283,1.52976125999498
1,637,637,-0.91448968878106,1.17285076402252
1,638,638,-1.17707145567886,1.89266667396108
1,639,639,-1.10916702674225,1.99640010951333
1,640,640,-1.25350186499324,1.36070182115952
1,641,641,-1.174860197458,1.08272472446722
1,642,642,-1.28570306055,1.6118017776861
1,643,643,-1.21031159365112,1.80847070023557
1,644,644,-0.947782404114442,1.2018578357765
1,645,645,-1.41453167142649,1.84406878152907
1,646,646,-0.730918909057992,1.07048623721482
1,647,647,-1.75067564877672,1.17122503034668
1,648,648,-1.77401495141038,1.07438249601187
1,649,649,-2.02516362986779,1.63078222665603
1,650,650,-0.947295822712318,0.988276362974331
1,651,651,-1.63440514815227,1.18747229799007
1,652,652,-1.63288354949423,2.17552549975413
1,653,653,-1.62712869450041,1.6903575984986
1,654,654,-1.37966875084472,1.26174128925058
1,655,655,-1.57435273290592,1.16855577231911
1,656,656,-1.5745204963771,1.34063856869594
1,657,657,-1.50810383770387,1.39841557579558
1,658,658,-1.16619905837809,1.7661367782698
1,659,659,-1.84907838136332,2.07105014796677
1,660,660,-1.47673069097907,2.06627557563939
1,661,661,-1.699702372004,1.56933735276747
1,662,662,-2.10459541207077,2.06323463602928
1,663,663,-2.29023013719673,2.60037655599958
1,664,664,-1.43983230814515,0.911227292781192
1,665,665,-0.880790181992617,0.777678567335091
1,666,666,-1.42631897561492,1.07166312704977
1,667,667,-0.807493224503616,0.96767001729491
1,668,668,-1.05679139693264,1.23338363277683
1,669,669,-1.1739377913342,1.9066011678463
1,670,670,-0.987177429248628,2.24716353430531
1,671,671,-0.431245443581705,0.988766081853487
1,672,672,-1.89792313394161,1.80225693247612
1,673,673,-1.29528776847958,1.32482031424705
1,674,674,-1.63964149365482,1.50988023713062
1,675,675,-0.983099677084747,2.16893085506674
1,676,676,-1.04712831127683,2.48920103979362
1,677,677,-0.884370258168108,2.7937954092162
1,678,678,0.0237387977126648,3.28170972358754
1,679,679,-0.382558081548221,3.1003457665965
1,680,680,-1.47326239066875,1.54494892383015
1,681,681,-1.56287907720707,1.81331160836036
1,682,682,-1.80166495526743,1.31811807621412
1,683,683,-2.38174219892719,1.52905048226141
1,684,684,-1.87244470551322,1.11942773554034
1,685,685,-2.57743302801672,1.42792251898722
1,686,686,-2.0624194103242,1.18841121111763
1,687,687,-1.41396366376852,1.08338120554248
1,688,688,-1.36185127531003,1.78268705134675
1,689,689,-1.23628915636878,1.26245336109811
1,690,690,-1.53316782549859,1.5390731119591
1,691,691,-1.67808259669701,1.43979824960902
1,692,692,-1.60744379668743,1.24562840178265
1,693,693,-1.39017143218202,1.47067590193282
1,694,694,-1.20308266851252,1.40772336015175
1,695,695,-1.65946837803751,1.38675321323018
1,696,696,-0.24250858596776,2.33454375090974
1,697,697,-0.860251214790581,2.17308462510013
1,698,698,-0.741761460503487,2.75539984592893
1,699,699,-0.739840900587853,1.88854102119399
1,700,700,-0.864962189125463,1.51458025762629
1,701,701,-0.795004752448681,1.28169814758088
1,702,702,-0.808656503043658,1.99363949841525
1,703,703,-0.602658942315327,1.20835830038105
1,704,704,-1.15512067285207,1.68189378267997
1,705,705,-1.12419192872215,1.75499465064369
1,706,706,-1.4841369491803,2.36386765226276
1,707,707,-0.97416065111881,1.14353940565684
1,708,708,-1.84497435163323,1.57591177114776
1,709,709,-0.831666720605443,1.01568905447857
1,710,710,-1.51810666022638,1.40638999959957
1,711,711,-1.10762020513264,0.98364884502683
1,712,712,-1.11369184977276,1.46544979588528
1,713,713,-1.47144298367411,1.36802792197269
1,714,714,-1.39012061261236,2.23818412028062
1,715,715,-1.40824507752607,2.0881911265029
1,716,716,-1.69186389047874,1.9116208377232
1,717,717,-1.22461355394363,1.10945722931952
1,718,718,-0.459508453952986,1.21029177918166
1,719,719,-0.974534163584228,0.837951145238525
1,720,720,-1.38420339285888,1.71869392029381
1,721,721,-1.58465951526774,1.85752613974802
1,722,722,-0.316675923936004,2.28686212254483
1,723,723,-0.522251759798768,1.99166514141245
1,724,724,-0.922998804695111,2.72812629740052
1,725,725,-1.33523239912673,2.53014148162782
1,726,726,-1.17354526239773,2.59471136911268
1,727,727,-1.55185156708546,2.72778121052246
1,728,728,-1.72852631174875,2.24094875503916
1,729,729,-0.932092860916247,2.13337018887785
1,730,730,-0.834678039871776,2.24745415755505
1,731,731,-0.336710312096297,1.77626475208893
1,732,732,-0.755012156381837,2.13232388847317
1,733,733,-0.979203130911568,2.04852795496189
1,734,734,-1.95154561200372,1.38609247877585
1,735,735,-1.72567113159029,0.952272860469665
1,736,736,-1.64610414975484,0.938440000404203
1,737,737,-0.857540121906811,1.13494665102748
1,738,738,-1.56065398051294,2.74331503131073
1,739,739,-1.33797551623615,1.96145692570575
1,740,740,-0.777830252680119,1.84707534847386
1,741,741,-1.46024903895493,1.97068187304863
1,742,742,-0.916041638543559,1.49734137089894
1,743,743,-0.56026211483318,0.893689227885676
1,744,744,-1.07830497071479,1.21047367497534
1,745,745,-1.51734477439157,1.03494961867133
1,746,746,-1.80597725660865,0.941034376841003
1,747,747,-1.71191106361285,1.09651512799427
1,748,748,-1.61126949856121,1.10371187290438
1,749,749,-1.69821835576768,2.59474820224261
1,750,750,-1.26470107009245,1.12102971038397
1,751,751,-1.6231313874445,2.91697905300648
1,752,752,-1.57229046223589,2.02577448834252
1,753,753,-1.39829511964017,0.730166897878145
1,754,754,-1.1681048120874,0.657587013179252
1,755,755,-1.13004526227371,1.1799547121659
1,756,756,-0.560936410476915,1.3323001257456
1,757,757,-1.86760225109666,0.994608950417756
1,758,758,-1.06419115486883,0.931579787366344
1,759,759,-1.44487241632682,2.31200392244889
1,760,760,-1.47883427747429,1.3844039139125
1,761,761,-1.54655354690195,2.05331815888205
1,762,762,-1.35406970848851,1.3996296532782
1,763,763,-1.55745584339118,1.98543630592361
1,764,764,-0.939396270657404,0.888662258038562
1,765,765,-1.83189149825036,1.77275908432991
1,766,766,-1.29048086790907,1.13158681354021
1,767,767,-1.27471054775162,4.03361550511492
1,768,768,-1.37779423535402,3.2928396024337
1,769,769,-1.60186641269213,1.75752633553874
1,770,770,-1.77396758920043,1.60174569643052
1,771,771,-1.63929596601711,1.7243000534419
1,772,772,-1.60109439304343,1.57656765833105
1,773,773,-1.24537205430645,1.42725262671754
1,774,774,-1.78238986714133,1.74278151504592
1,775,775,-1.74960993225235,1.32210273230493
1,776,776,-1.6879670162417,1.47700179897724
1,777,777,-1.52418112933977,2.3352928012508
1,778,778,-1.12833841660995,2.7409533470242
1,779,779,-1.42224213226961,1.6166589850376
1,780,780,-0.839475914284164,1.5765035835357
1,781,781,-1.44098499764267,0.869050691878324
1,782,782,-1.7224475610667,1.14128297976543
1,783,783,-1.38495267715264,0.608284531764364
1,784,784,-2.04505569928341,0.911567338916978
1,785,785,-2.12572948594005,0.941002918734572
1,786,786,-2.06982825808783,1.17693194663351
1,787,787,-1.66067000225186,0.91962785354087
1,788,788,-2.36997102947883,1.35713619803474
1,789,789,-1.76827067673702,1.23277888250351
1,790,790,-0.760688853154955,1.04888461481937
1,791,791,-1.32502963569551,1.9678070849527
1,792,792,-1.41628899500811,1.37720084573708
1,793,793,-2.00849024746058,1.28426363702092
1,794,794,-1.56548867210398,1.00708971656796
1,795,795,-1.93862089543453,1.82847162822792
1,796,796,-1.04130729370081,1.39691898627932
1,797,797,-1.31387812348003,1.84858551493395
1,798,798,-1.16135732228415,1.25177016906228
1,799,799,-1.45158482660329,1.28490458561353
1,800,800,-1.32011102157805,1.61618849488594
1,801,801,-1.9743912568223,1.72482052790809
1,802,802,-0.82652673883001,0.988926318754327
1,803,803,-1.14426685818538,0.962081186740478
1,804,804,-1.25465066283672,0.635475928478777
1,805,805,-0.704025328691475,0.896368726815355
1,806,806,-0.954275872344835,1.34956118848844
1,807,807,-1.64018311871207,1.78149702844488
1,808,808,-1.4596125012369,1.61592103759386
1,809,809,-2.42882524814144,1.70057052740527
1,810,810,-1.34137445347796,1.53620163079041
1,811,811,-1.22069766994092,1.50702864000121
1,812,812,-0.286385068518356,2.20421703560938
1,813,813,1.19337337357372,2.40820953312085
1,814,814,1.10585659776753,2.04258311241424
1,815,815,0.798588971471673,2.94638705779302
1,816,816,-0.761859815567937,2.08858032628328
1,817,817,-0.940746781538657,1.60444278003523
1,818,818,-1.9453031136216,3.58519920350486
1,819,819,-0.596213290154488,3.05099496835304
1,820,820,-1.24249063184138,1.97990740933471
1,821,821,-1.22830971041295,1.04057277326707
1,822,822,-1.08911744345263,1.08472782134243
1,823,823,-1.48398418663652,1.60780686225474
1,824,824,-1.03803875809563,1.69645671756665
1,825,825,-1.32856956097696,1.89066027096007
1,826,826,-0.844683664220149,1.9838813978315
1,827,827,-1.25366003237438,1.59104211759815
1,828,828,-0.720199689624141,1.16848657246113
1,829,829,-1.53237931213315,1.63633598717016
1,830,830,-0.780380850478548,1.76620578495227
1,831,831,-1.08532997698075,2.18618303644499
1,832,832,-1.01768801737397,1.66085430525415
1,833,833,-0.833242123133953,1.83385516875316
1,834,834,-1.67576934262488,1.31006638203438
1,835,835,-1.33600171791279,2.41157922461715
1,836,836,-2.38517717739848,2.29830642872027
1,837,837,-1.19161451932233,1.6759328187433
1,838,838,-1.14419868444276,3.27800409079898
1,839,839,-1.06075900869374,2.92063475701755
1,840,840,-1.34567080396076,1.73219649205799
1,841,841,-0.95042105145281,1.39069540043944
1,842,842,-1.27480421254525,2.20441425643299
1,843,843,-0.944938337930974,1.50539141895041
1,844,844,-0.589243289189169,0.943490423807524
1,845,845,-0.206521479865282,1.76812543267071
1,846,846,-1.5620490039809,1.90227543003576
1,847,847,-0.952667703073827,2.00232881085896
1,848,848,-1.5181250635376,1.30302125030465
1,849,849,-1.44726560411743,1.37122404929653
1,850,850,-1.80770950561814,1.09611363754049
1,851,851,-1.53658204817727,1.28639248192743
1,852,852,-2.01396857763796,1.3482184081918
1,853,853,-2.52693804579782,1.98985483832428
1,854,854,-1.78761181427691,1.71540990771728
1,855,855,-1.04182193342999,1.23204451668563
1,856,856,-0.820496203385004,1.4643280038367
1,857,857,-1.35802306739309,1.30172385042248
1,858,858,-0.424307021752361,1.64655240562847
1,859,859,-0.58295218308645,1.84828447360128
1,860,860,-1.50787438289474,1.86088068074507
1,861,861,-1.73112035479348,1.03851245494914
1,862,862,-1.00273737408369,0.721191171779502
1,863,863,-1.10138746598471,0.870352846822003
1,864,864,-0.544546439133667,1.96463196774688
1,865,865,-0.965422093791452,1.70994932271886
1,866,866,-0.916411665930238,1.17649231070186
1,867,867,-0.823822243135378,1.40659679656541
1,868,868,-0.92125763752182,0.739919744561718
1,869,869,-0.83097228258416,1.19161633469029
1,870,870,-0.0690815379098077,1.87353721515844
1,871,871,-1.06936957747491,2.90786980826309
1,872,872,-1.19906286934344,1.60610852271471
1,873,873,-2.12498260817461,1.88739385208838
1,874,874,-0.209203817024789,1.45915010918064
1,875,875,-0.559525281680271,1.76179287167449
1,876,876,-1.64950191573981,2.16814472857369
1,877,877,-1.20638528289485,1.49815020681288
1,878,878,-1.01913123772484,1.34542373567534
1,879,879,-1.16571582016664,1.18492313343306
1,880,880,-1.5870987761692,1.5558966540786
1,881,881,-1.88958962316143,0.959098079459543
1,882,882,-1.65979124924666,0.873512107269383
1,883,883,-1.59226472186172,1.33322128740357
1,884,884,-0.964209751498543,1.3064964642771
1,885,885,-0.543178665440203,0.942469112263596
1,886,886,-1.04068871098269,0.972155758814984
1,887,887,-0.999989396810038,1.07378751444906
1,888,888,-0.491938784883987,0.965302268152451
1,889,889,-1.01630688953064,1.57645945896884
1,890,890,-0.937835088156866,0.978424067289495
1,891,891,-1.06709471662535,0.967198391656156
1,892,892,-1.06514142389403,1.05577206190037
1,893,893,-1.51124427852948,1.2676958627089
1,894,894,-1.41530651089175,1.31423855470817
1,895,895,-1.40242351258324,1.82795503120261
1,896,896,-0.71575435047859,1.3813511427559
1,897,897,-0.879930409798582,1.77577951879863
1,898,898,-0.999898681197374,1.76508587713233
1,899,899,-1.73076324540396,0.732910381014404
1,900,900,-1.49626143296997,0.908412635953628
1,901,901,-1.35288595311405,1.26654634951119
1,902,902,-1.39167356524154,1.12332688174739
1,903,903,-1.77403237372532,1.24139659702797
1,904,904,-1.41660241763634,1.34745445703907
1,905,905,-1.09833117977481,1.18792835864679
1,906,906,-1.17496508287753,1.23157441046952
1,907,907,-1.01301204896813,1.10901233811913
1,908,908,-0.695798607758308,1.82291110595493
1,909,909,-0.778581950720864,2.25512529059035
1,910,910,-0.579748698644613,2.02437176124025
1,911,911,-0.786228855194603,1.79232380938218
1,912,912,-0.592569501445177,1.77333573326432
1,913,913,-0.490143088230914,1.65324327690325
1,914,914,-2.11095421475188,2.06770961558246
1,915,915,-1.71384023146821,1.56471984025251
1,916,916,-0.974506468487329,3.6416372173047
1,917,917,-1.44567919051297,2.7268889060246
1,918,918,-1.86590530851115,2.4923012398374
1,919,919,-1.45648198092474,1.55162368536561
1,920,920,-0.786835167609688,1.2950911392922
1,921,921,-0.487166103266162,2.73342354537293
1,922,922,-0.301198834756623,1.3687355714982
1,923,923,-1.32408594996272,2.66258808295509
1,924,924,-1.41219216664554,2.3493655020378
1,925,925,-1.28714086851038,1.5441926392563
1,926,926,-1.73940464336898,1.4371839996765
1,927,927,-1.67309963841678,1.64745051420763
1,928,928,-1.2149047069815,1.09800320474249
1,929,929,-1.241116791417,1.10486691780313
1,930,930,-0.528875802649183,2.65511849647553
1,931,931,-1.46563636695174,1.582701285769
1,932,932,-1.33823881135121,1.38324284883077
1,933,933,-0.729268938420203,1.46877623397055
1,934,934,-0.843416577093393,1.75800314320749
1,935,935,-1.20835409015623,1.00583369418344
1,936,936,-1.39889408453324,0.774670012263027
1,937,937,-1.24465853968936,0.860475341258994
1,938,938,-1.56770013137296,0.7539648252438
1,939,939,-0.678625046481856,1.19654845286308
1,940,940,-1.24137730240258,1.2734867742314
1,941,941,-1.23583314665469,1.06368336059054
1,942,942,-1.62730856164622,1.23141598970172
1,943,943,-1.32691374794489,1.80145147854733
1,944,944,-0.672126754461465,1.77484268325577
1,945,945,-1.89630906964665,2.12776191238774
1,946,946,-0.448301909901819,1.29487760847455
1,947,947,-1.30373728547749,1.76957613038328
1,948,948,-1.51736062459423,1.52596405390017
1,949,949,-1.33859615488894,1.37666780779863
1,950,950,-0.505075612179307,2.27663007073743
1,951,951,-1.4192785259928,1.36565002363239
1,952,952,-1.23544632810159,1.35295512507766
1,953,953,-1.09398560016318,2.41252067843145
1,954,954,-1.30056122380759,1.66370810096707
1,955,955,-1.16491337802416,2.49433929084172
1,956,956,-1.55149331476635,2.0131167546651
1,957,957,-1.3818331684201,1.9650144266124
1,958,958,-1.26301660225361,1.55868127722992
1,959,959,-1.65723962267065,1.39692304892836
1,960,960,-1.46884459222332,1.03523607836574
1,961,961,-1.3136957680169,1.16408194304234
1,962,962,-1.42723327073521,1.36346679233226
1,963,963,-0.78480256374804,1.57413307362684
1,964,964,-0.775959501189481,1.48622908958327
1,965,965,-0.799358197299062,1.46833605181208
1,966,966,-1.35889104681386,1.60531440751485
1,967,967,-1.08462822662293,1.65455785362116
1,968,968,-1.22811218069407,1.63870784640355
1,969,969,-0.854852260551149,1.53499805450982
1,970,970,-2.08791361900649,1.97360020644313
1,971,971,-1.3783364589101,1.06360862199938
1,972,972,-2.25376603929237,2.11115999363571
1,973,973,-1.96326992116764,1.71479632205906
1,974,974,-1.26996205344086,1.17306559703546
1,975,975,-1.28160542426791,2.45786551711398
1,976,976,-1.36161540093241,2.1735337902758
1,977,977,-1.33779673293588,2.1411819633329
1,978,978,-1.59337233211935,2.74875098833794
1,979,979,-1.14735814242155,0.842865179061826
1,980,980,-1.29583669640945,1.09066011212784
1,981,981,-1.0786779563653,1.09404017401405
1,982,982,-0.813832095330975,0.628683339828119
1,983,983,-1.36036021157587,0.898910209017196
1,984,984,-1.41384942939572,1.49988615534733
1,985,985,-1.15820278181056,1.03508839482509
1,986,986,-1.29775139630095,1.12538360378715
1,987,987,-1.47672055017223,1.17112846443037
1,988,988,-0.86760579176648,1.61222760331047
1,989,989,-1.5761770090531,2.60037141490588
1,990,990,-1.07996497883281,1.12155186229564
1,991,991,-1.46627803458632,1.60468912699733
1,992,992,-1.37535502917103,1.25156321812679
1,993,993,-1.31246615982951,1.49079322990633
1,994,994,-1.2125178613892,2.93479051219645
1,995,995,-1.57714281446782,1.71546427435712
1,996,996,-1.49351605018767,1.78463068187102
1,997,997,-1.26906808010745,1.71744707692085
1,998,998,-1.49855562628423,1.71310281122486
1,999,999,-0.535954825665034,2.67136092197638
1,1000,1000,-1.35612784617833,1.1862353309962
1,1001,1001,-1.55655367369765,1.14219247459622
1,1002,1002,-1.07426715551589,1.4086459944415
1,1003,1003,-1.36359204415988,1.91186928186473
1,1004,1004,-1.23786999641991,1.84383255725766
1,1005,1005,-0.826030605382092,1.39341870649557
1,1006,1006,-1.64688194786682,2.16338426865686
1,1007,1007,-1.27912406817138,1.4329032276985
1,1008,1008,-0.947531813305108,1.06913938818172
1,1009,1009,-1.01044764860353,1.52436658256192
1,1010,1010,-1.33555444031331,1.15800402921737
1,1011,1011,-0.577435899545351,2.76660555831964
1,1012,1012,-0.764539411418992,2.95705761454156
1,1013,1013,-0.195713982555475,2.71651566251152
1,1014,1014,-1.54377360996702,1.08741445774359
1,1015,1015,-1.09858065649371,0.819702923017007
1,1016,1016,-1.01459451108532,1.28387471648983
1,1017,1017,-0.998494413770457,0.966329932335728
1,1018,1018,-0.779056066898078,1.36237253787415
1,1019,1019,-1.33584875368429,1.3581615971983
1,1020,1020,-1.78254889759736,1.24237883493137
1,1021,1021,-1.33491976536686,1.3203180261318
1,1022,1022,-1.91455777272962,1.543239808209
1,1023,1023,-2.2926864132712,2.10821263694623
1,1024,1024,-1.89629618150981,2.12273303708357
1,1025,1025,-1.4238908880485,1.37710464782773
1,1026,1026,-1.43115575410689,1.87818610529065
1,1027,1027,-1.76915690298742,1.27141204777786
1,1028,1028,-1.29917519111799,1.52557488302541
1,1029,1029,-0.823681032527285,1.03795342620875
1,1030,1030,-1.76831000576279,1.33537293526747
1,1031,1031,-1.73532833605726,1.211144561312
1,1032,1032,-1.56075689714117,1.43138459263387
1,1033,1033,-1.04473334937905,1.03900610607901
1,1034,1034,-1.05395698386794,1.61855101727144
1,1035,1035,-1.27518285973568,1.55152665850296
1,1036,1036,-2.27304402698194,3.46245252521407
1,1037,1037,-1.72338840231733,1.44427891130765
1,1038,1038,-2.23914829912372,1.46250094703771
1,1039,1039,-2.11563276677212,1.55468160015712
1,1040,1040,-2.0196596144987,1.43753331127641
1,1041,1041,-1.67119050776174,1.06900709603936
1,1042,1042,-1.27307771988374,1.63639950241303
1,1043,1043,-1.19446286772789,1.34492933309045
1,1044,1044,-1.33704867682397,1.93416744658151
1,1045,1045,-1.32344414417523,1.6143670012149
1,1046,1046,-0.991817753381504,0.630534306671008
1,1047,1047,-1.53668163575839,1.56208321955839
1,1048,1048,-1.2021514211548,1.22377048766801
1,1049,1049,-2.22827021842534,1.51234350371483
1,1050,1050,-1.89456929336585,1.86409215821081
1,1051,1051,-1.61401854406908,1.7852566442673
1,1052,1052,-1.0898871660889,1.02827373228361
1,1053,1053,-1.25924744345646,1.61860227134022
1,1054,1054,-0.422369545152789,1.64283027518257
1,1055,1055,-0.432052730795611,1.92031059101424
1,1056,1056,-0.672521852541599,1.31771385898443
1,1057,1057,-0.78045702782316,1.37915118071329
1,1058,1058,-0.671191735968614,1.68209628382442
1,1059,1059,-1.07337335809362,1.84221179747524
1,1060,1060,-0.604089476788635,0.954145350767927
1,1061,1061,-1.31372251999615,1.08540061293722
1,1062,1062,-1.16597970530264,1.10585925204676
1,1063,1063,-1.92792313470564,1.30626215879124
1,1064,1064,-1.36023661696955,1.49485343318339
1,1065,1065,-1.83058806253823,1.11099090862369
1,1066,1066,-1.30774209873201,0.933454334075144
1,1067,1067,-2.18861577030861,1.56342703016948
1,1068,1068,-0.865446471635977,1.39665415732326
1,1069,1069,-0.97053608486049,0.931113891864548
1,1070,1070,-1.26918202744313,1.10053780589112
1,1071,1071,-0.562822836951075,1.5467335990527
1,1072,1072,-1.13749696695814,1.64827364086265
1,1073,1073,-0.602087217690742,1.32182737364036
1,1074,1074,-1.9905406339012,1.96011804619421
1,1075,1075,-1.16920345099622,1.52381056091531
1,1076,1076,-1.19131007271157,1.54145955576405
1,1077,1077,-1.35515802739047,1.58776885088559
1,1078,1078,-1.31942696915185,1.16599394971895
1,1079,1079,-1.40724411211778,1.28808841385264
1,1080,1080,-0.737153974387997,1.0979748129723
1,1081,1081,-1.05319322606305,2.17216840086136
1,1082,1082,-1.09632346809039,1.83333811696025
1,1083,1083,-1.00463876993792,0.926048606546856
1,1084,1084,-1.63635891833897,1.60968434939434
1,1085,1085,-0.819857838275573,1.80887188020595
1,1086,1086,-0.703506251902466,1.5309291897589
1,1087,1087,-1.0143902924862,1.26274968564879
1,1088,1088,-1.12054731212086,1.8572915055679
1,1089,1089,-1.05022198703974,1.63835871050616
1,1090,1090,-0.29138452643882,2.44782681520434
1,1091,1091,-0.736142992566695,2.05518160653696
1,1092,1092,-1.37958284490865,2.47345940069329
1,1093,1093,-0.91420936028136,1.98205771394548
1,1094,1094,-1.69840981298651,1.89451251423021
1,1095,1095,-0.929231647809704,1.08651845696152
1,1096,1096,-1.60146764204154,3.27847726119065
1,1097,1097,-0.700948879293778,1.65526416161105
1,1098,1098,-0.961376873097992,1.50569605751405
1,1099,1099,-1.31311185889657,1.29595515448011
1,1100,1100,-1.41396178917841,1.29753969318192
1,1101,1101,-1.53649253083157,2.73606840349026
1,1102,1102,-0.932082126607408,1.5924552898138
1,1103,1103,-0.747892924200373,2.45442368278656
1,1104,1104,-0.983454235014136,2.21921008236052
1,1105,1105,-0.978591518078638,1.15743900935137
1,1106,1106,-0.8702376256863,1.38397424326256
1,1107,1107,-1.77187092511045,1.4881383276816
1,1108,1108,-1.31447872514936,0.593923339111273
1,1109,1109,-1.86704345876036,0.767455804392161
1,1110,1110,-1.91767793364877,0.878102461019613
1,1111,1111,-1.54437560154706,1.72488426461472
1,1112,1112,-1.62008980487582,0.936151066613541
1,1113,1113,-1.52720929044148,0.901940826594426
1,1114,1114,-1.36464002674958,0.773948380373672
1,1115,1115,-1.72644386209157,1.14620587504288
1,1116,1116,-1.86747735446333,1.39593926930589
1,1117,1117,-1.45748098806165,1.05315735713024
1,1118,1118,-0.938097052123538,0.915548952393507
1,1119,1119,-1.1292893149281,1.38521672443514
1,1120,1120,-1.21294142127448,1.49673587092163
1,1121,1121,-0.932626759762156,1.56899131381339
1,1122,1122,-0.862281813465468,1.23854121375863
1,1123,1123,-1.52930009346796,1.00893490875815
1,1124,1124,-1.88781434165995,1.39184106872409
1,1125,1125,-1.5872368897348,1.91640890352864
1,1126,1126,-1.71965954927178,1.64453893945106
1,1127,1127,-1.34383341310334,1.17187607016572
1,1128,1128,-1.58378245269411,2.29375533477998
1,1129,1129,-1.55118703791328,1.94442505129708
1,1130,1130,-1.15681983672527,1.11784765280158
1,1131,1131,-1.29757667349388,1.0238464659465
1,1132,1132,-1.10310118226838,1.38997993589827
1,1133,1133,-1.8752025355204,1.5266393161245
1,1134,1134,-1.77686577242846,1.33055326225136
1,1135,1135,-1.45656464639483,1.37618395902458
1,1136,1136,-0.619134126823538,2.48231462339143
1,1137,1137,-1.87527624401526,1.77666544522633
1,1138,1138,-1.101401474771,1.74623318959329
1,1139,1139,-0.634118678055898,2.78454826688344
1,1140,1140,-0.742048484244109,2.15822676188563
1,1141,1141,-2.00192328285689,1.77019822212879
1,1142,1142,-2.13946064285953,1.83892990151372
1,1143,1143,-0.984935104166373,1.30947899765237
1,1144,1144,-1.57234176927029,1.49195565503714
1,1145,1145,-0.992867063347427,1.5713911504432
1,1146,1146,-1.02666121810337,1.00535026464647
1,1147,1147,-1.0421783158477,1.06682391059463
1,1148,1148,-1.20240875803902,1.39596790723209
1,1149,1149,-0.630717584969492,2.39172559893945
1,1150,1150,0.10905603099032,2.05209102709063
1,1151,1151,-0.73140414517865,1.77738609882323
1,1152,1152,-1.30034644719826,1.48756014437576
1,1153,1153,-0.865629844975844,1.76524940282883
1,1154,1154,-1.4881972083208,1.9326312525942
1,1155,1155,-1.42807965792703,1.27643921312537
1,1156,1156,-2.07201818112217,1.84474844983579
1,1157,1157,-1.98199900827274,1.85237297974847
1,1158,1158,-2.069065921089,2.07491565059391
1,1159,1159,-1.45438303929876,1.32592826974402
1,1160,1160,-1.08439385582361,1.67554758818116
1,1161,1161,-0.917156791953671,1.20326845469392
1,1162,1162,-1.19083750880698,1.69172132534318
1,1163,1163,-1.58718099515892,1.51545321522436
1,1164,1164,-1.5560931950005,1.28236023811428
1,1165,1165,-1.53018711307733,1.26711318641028
1,1166,1166,-1.39950199268886,1.13118835199526
1,1167,1167,-1.66479350638821,1.43601893686666
1,1168,1168,-1.54301096409298,0.747047725696581
1,1169,1169,-0.948235268908402,1.57572038275415
1,1170,1170,-1.32622208930876,1.57241994017387
1,1171,1171,-0.312658779430155,2.54049084319148
1,1172,1172,0.108890493040115,2.54612199977924
1,1173,1173,-0.176172962067,2.1910845454962
1,1174,1174,0.111074880117653,3.54237001022157
1,1175,1175,-0.379364458874168,2.19286279925591
1,1176,1176,-0.86604528540437,1.30935037764309
1,1177,1177,-1.98825790749865,2.26365845501954
1,1178,1178,-1.43084343646573,1.2241689174452
1,1179,1179,-1.97074690756854,1.55543599733192
1,1180,1180,-1.10038311158539,1.73624911909259
1,1181,1181,-1.34138635564043,1.24744317943834
1,1182,1182,-1.46873039123139,1.29452189609302
1,1183,1183,-1.77842672670877,1.57020089120248
1,1184,1184,-1.28957772065777,1.15511457149527
1,1185,1185,-1.7359453293107,1.67487399041849
1,1186,1186,-1.91394750290121,1.44715391768935
1,1187,1187,-2.23363663420976,1.23037406530584
1,1188,1188,-1.74037491377258,1.37406523337502
1,1189,1189,-2.38667485402815,1.66898685483018
1,1190,1190,-0.927938873286277,0.988395494397472
1,1191,1191,-0.886272694531579,1.24107097210729
1,1192,1192,-1.44470597216672,0.878221989950845
1,1193,1193,-1.20771232125941,1.01538623941915
1,1194,1194,-0.806790261366141,1.50418406223183
1,1195,1195,-0.704999122452786,1.46397866986722
1,1196,1196,0.0982755979660018,1.83209815853744
1,1197,1197,-1.61901807394901,2.29469422396115
1,1198,1198,-1.15930581513666,1.16855800747334
1,1199,1199,-1.0090094576363,1.31516009471507
1,1200,1200,-0.825210083905879,1.9083994946281
1,1201,1201,-0.772010246142889,3.59941072235065
1,1202,1202,-1.27630727829117,2.08433631561651
1,1203,1203,-2.46264094559067,1.85014780888571
1,1204,1204,-2.29059690013772,1.99474656284148
1,1205,1205,-1.20588445990327,1.21585936417632
1,1206,1206,-2.48808348211747,1.54816673684651
1,1207,1207,-1.22618061320185,1.36964686303504
1,1208,1208,-1.8425744936141,1.34889592658874
1,1209,1209,-2.27842745292024,1.253878080704
1,1210,1210,-0.970640786089214,0.986332820433731
1,1211,1211,-1.97594656514424,1.84158552480593
1,1212,1212,-1.36728158812564,1.1894746770741
1,1213,1213,-0.905044063965041,0.62308462519115
1,1214,1214,-0.883888409777748,2.27013800677644
1,1215,1215,-1.85542460823355,1.86675583783824
1,1216,1216,-1.5246548597474,1.33746499603386
1,1217,1217,-1.49847574819959,1.51689106594847
1,1218,1218,-1.2123739155368,1.00977466723395
1,1219,1219,-1.12765602595422,1.27493038449238
1,1220,1220,-1.17787257994024,3.0704665460032
1,1221,1221,-0.745640844985518,2.46139347280844
1,1222,1222,-0.677890530880344,2.34296639467124
1,1223,1223,-0.76131772178542,2.63835068837232
1,1224,1224,-0.761955494977521,2.99937023864934
1,1225,1225,-0.518676825552794,1.13207648652204
1,1226,1226,-0.766735211763239,1.16846786852643
1,1227,1227,-1.14348801057184,0.917336417073404
1,1228,1228,-1.47005646050242,0.787744541409073
1,1229,1229,-1.60685847318809,1.23951286467997
1,1230,1230,-1.25410480669778,0.797837430055152
1,1231,1231,-1.76162347006081,0.888532809529129
1,1232,1232,-1.31902404253738,0.628975276342926
1,1233,1233,-0.614227760459928,0.962543637018608
1,1234,1234,-0.927652198672371,1.02354503769831
1,1235,1235,-1.6892758680441,1.67905182437365
1,1236,1236,-0.909645884510249,1.38644144149757
1,1237,1237,-1.5427678870491,1.86717463529307
1,1238,1238,-1.34344594792811,1.19690181319072
1,1239,1239,-1.19891576796807,1.01631693035549
1,1240,1240,-1.78314966297653,1.00700208395681
1,1241,1241,-1.01074951565031,0.775158715228456
1,1242,1242,-0.670166866165484,1.20914365076568
1,1243,1243,-2.07810001924312,3.04620353243643
1,1244,1244,-1.33833207920507,1.12248030575354
1,1245,1245,-1.31960689431752,1.85133705636986
1,1246,1246,-0.738190610473648,1.09730775494367
1,1247,1247,-0.873469119004161,1.54465083804377
1,1248,1248,-1.81350433814567,2.14294552433128
1,1249,1249,-0.932955025993863,1.69444256986068
1,1250,1250,-0.822453033494073,1.36495593149283
1,1251,1251,-1.45093601128027,3.02482603792714
1,1252,1252,-1.26132396664458,2.29101720065172
1,1253,1253,-1.91957260753861,1.85830337890083
1,1254,1254,-1.97313375812654,1.62373451685653
1,1255,1255,-1.9610386364996,1.63382340143285
1,1256,1256,-2.32842656490351,1.46073259648662
1,1257,1257,-1.9150292281619,1.47293277086229
1,1258,1258,-2.09541719533619,1.5625636066981
1,1259,1259,-2.85887138209626,2.14584725476042
1,1260,1260,-1.53958121182214,1.57655296670479
1,1261,1261,-2.29434022548438,1.64078520249022
1,1262,1262,-1.22329499463122,1.34718023826661
1,1263,1263,-1.50630838183608,1.52074298988027
1,1264,1264,-1.51040523386015,0.843916189201105
1,1265,1265,-2.69524537836167,1.87077651128688
1,1266,1266,-1.12822013277346,1.43703573382005
1,1267,1267,-0.89579149418704,1.91191137001034
1,1268,1268,-1.64220230919529,1.31302885641255
1,1269,1269,-1.8790547749086,1.43020957761099
1,1270,1270,-1.38607256772976,1.52825431694352
1,1271,1271,-1.44955128783688,1.486702884755
1,1272,1272,-0.801709870828746,1.00365447528275
1,1273,1273,-1.45033606687779,1.37159499058286
1,1274,1274,-2.00370268600018,1.60240747814739
1,1275,1275,-1.94923574571544,1.72471448726711
1,1276,1276,-1.45190964143208,1.32932827686437
1,1277,1277,-1.17745297344568,1.64803378961075
1,1278,1278,-1.02861989658191,2.07486202387308
1,1279,1279,-1.43215778163011,1.9844493436008
1,1280,1280,-1.10557951095344,1.95403168800639
1,1281,1281,-1.33080614923535,1.76187592375046
1,1282,1282,-1.31987583936164,1.28416464507272
1,1283,1283,-1.95874223519078,1.45666304053765
1,1284,1284,-2.03650965842358,1.33629843932267
1,1285,1285,-0.914646771361697,1.97293088898987
1,1286,1286,-1.40548605431894,2.12211739413907
1,1287,1287,-1.18525138803508,1.54677547376847
1,1288,1288,-1.60332601908762,1.25458753476698
1,1289,1289,-2.08825978834455,1.64646908361646
1,1290,1290,-1.14286734783644,1.34253543312733
1,1291,1291,-1.10400188559325,0.870541437570593
1,1292,1292,-1.27173619967678,1.12181951719402
1,1293,1293,-1.31245932440167,1.14655346099377
1,1294,1294,-1.07131446420526,0.919333871334974
1,1295,1295,-0.609904455617091,1.29686423910684
1,1296,1296,-0.645841136088283,1.39817081210843
1,1297,1297,-0.549364225516614,1.39146979879453
1,1298,1298,-0.601120161387483,1.22891748467396
1,1299,1299,-1.67090127690863,1.90484398637929
1,1300,1300,-2.06613029205754,2.40654681598323
1,1301,1301,-1.17102466998579,1.35324880720301
1,1302,1302,-1.63613051953187,2.03822449839883
1,1303,1303,-1.38720403882227,1.23066829156064
1,1304,1304,-1.62784712684059,2.07267262070025
1,1305,1305,-1.6307118578944,2.30503405453111
1,1306,1306,-1.69290209309578,1.49211666476159
1,1307,1307,-1.69697670259636,1.41575689010523
1,1308,1308,-1.91231121466634,1.19069904027366
1,1309,1309,-1.58479235379931,1.57078407206933
1,1310,1310,-1.35692297115472,1.80155214089837
1,1311,1311,-1.63092854714604,1.66164036251657
1,1312,1312,-1.6202780040209,1.1405371937703
1,1313,1313,-2.01537813599116,1.80021905997419
1,1314,1314,-1.97379061029647,1.98112465705417
1,1315,1315,-2.22700315605452,1.44208221358287
1,1316,1316,-2.13550034568507,2.6082318587739
1,1317,1317,-1.18265178642214,2.201634288095
1,1318,1318,-1.01680953963786,1.0171069259871
1,1319,1319,-1.28843987162495,0.861171705890701
1,1320,1320,-1.13506425646624,0.897697414400633
1,1321,1321,-1.11070711796618,1.28134227562879
1,1322,1322,-1.49724839101176,0.926131753987134
1,1323,1323,-1.54884377091924,1.13435435209179
1,1324,1324,-2.02568270449921,1.82718214110817
1,1325,1325,-1.94224992714309,1.75655657450228
1,1326,1326,-1.19434184057042,0.865265083803334
1,1327,1327,-1.70272335215953,0.751243209639707
1,1328,1328,-1.11574710514857,0.711822927744075
1,1329,1329,-1.60451321801979,0.636655178761414
1,1330,1330,-1.87929074704527,0.958151156614207
1,1331,1331,-1.77017850649964,1.5059817779335
1,1332,1332,-1.62100577083251,1.06312383232389
1,1333,1333,-1.56753670116368,0.982317226548993
1,1334,1334,-1.98182085671222,1.70973059725292
1,1335,1335,-1.1100179941249,1.37331140351734
1,1336,1336,-1.28915831685973,1.90726186586047
1,1337,1337,-1.71352532899135,1.38454370679584
1,1338,1338,-1.48229615504467,2.26877382970901
1,1339,1339,-1.2035743917478,2.10314071403229
1,1340,1340,-1.03197297580154,1.95386526667832
1,1341,1341,-1.10899300244624,2.2751203997976
1,1342,1342,-1.426225284997,1.92868212738793
1,1343,1343,-1.38536481314439,2.47525495444922
1,1344,1344,-1.60387638974611,1.26630171779636
1,1345,1345,-1.73761251998352,1.50438794519224
1,1346,1346,-1.50684585247592,1.99478830287867
1,1347,1347,-1.74802033528828,1.92434640381789
1,1348,1348,-2.04108062451939,2.06289441568757
1,1349,1349,-0.903206434658741,0.886959763938987
1,1350,1350,-1.93606554316084,2.96636839708943
1,1351,1351,-2.09553506372258,2.97636839115155
1,1352,1352,-0.710848867185996,0.725524074480616
1,1353,1353,-0.74368642348338,0.847425563067487
1,1354,1354,-0.985580474101284,1.01093274778512
1,1355,1355,-1.03920103785528,0.877070332055973
1,1356,1356,-0.561346899746019,0.904690956577089
1,1357,1357,-1.58202353983406,1.02226535833848
1,1358,1358,-1.67315078696757,1.0679270063311
1,1359,1359,-1.94971030768165,1.17262271351881
1,1360,1360,-0.849494464355978,0.83018496628198
1,1361,1361,-1.54132683243198,0.964431596480355
1,1362,1362,-1.81472140114682,1.72437173624045
1,1363,1363,-1.92549464888555,1.23848559154308
1,1364,1364,-1.27952619077251,1.2198362555676
1,1365,1365,1.14481470786531,3.59036782742757
1,1366,1366,0.876767126775342,3.81846532961363
1,1367,1367,0.594831813979667,4.28975254772322
1,1368,1368,0.708437389721749,3.9424172094167
1,1369,1369,0.561805593731072,4.05631905249703
1,1370,1370,0.158953184701793,3.18112154688536
1,1371,1371,0.488953234537726,3.63383948746177
1,1372,1372,0.762252200296735,4.30491061507839
1,1373,1373,-1.33506589121252,2.67202002330894
1,1374,1374,-2.44854206249799,2.03372615940696
1,1375,1375,-0.979888432092068,2.93167111070517
1,1376,1376,-0.906191245104847,1.9204449874295
1,1377,1377,-0.487349591285778,2.97951032553927
1,1378,1378,-0.370443935337501,2.48298346601452
1,1379,1379,-0.632803032458625,2.34261813943295
1,1380,1380,-0.466317061179061,2.04465300323998
1,1381,1381,-0.260940108513621,2.85696587747732
1,1382,1382,-1.62616365632093,1.20098202347384
1,1383,1383,-1.13709498362805,1.14875096508733
1,1384,1384,-1.11753542864193,1.7701177256754
1,1385,1385,-1.72279032691075,2.71154798463899
1,1386,1386,-1.14992270071514,1.36322771053288
1,1387,1387,-1.17412393372022,1.91114909445427
1,1388,1388,-0.968960867073904,1.61367718041659
1,1389,1389,-1.1199793407018,2.9971457301934
1,1390,1390,-1.47064202863199,1.39110452943964
1,1391,1391,-2.04110318984166,1.11562193525201
1,1392,1392,-1.79756786402871,0.86191017888557
1,1393,1393,-2.060904836856,0.870069582502654
1,1394,1394,-1.43005046109897,0.7805263976604
1,1395,1395,-1.83514863350552,1.22836508359491
1,1396,1396,-1.59317275544164,0.88241019236073
1,1397,1397,-1.90779903483724,1.47206066050759
1,1398,1398,-2.13370358417393,1.30045202515231
1,1399,1399,-1.99090265102718,1.69017936860807
1,1400,1400,-1.73797848982423,1.15138232395847
1,1401,1401,-1.18867868952311,1.17454555642617
1,1402,1402,-2.13210697663148,1.40816162426593
1,1403,1403,-1.29866497279246,1.42081586080296
1,1404,1404,-0.981873440338505,2.23897871839734
1,1405,1405,-1.9442357401982,1.99762415577275
1,1406,1406,-1.81952652002281,1.07578745833547
1,1407,1407,-2.11972203663978,1.69653952408432
1,1408,1408,-1.88031409636349,2.92204119545033
1,1409,1409,-0.681128218549567,1.69147198449714
1,1410,1410,-0.639057921595702,1.19395725778041
1,1411,1411,-0.780286269128252,1.63526494565415
1,1412,1412,-1.3251815573983,1.84203422080544
1,1413,1413,-1.22153773753836,1.52894582692148
1,1414,1414,-0.709811228974303,2.0211813304051
1,1415,1415,-0.637559617444719,1.91475294707433
1,1416,1416,-0.466329056884963,1.70810705463825
1,1417,1417,-0.251199278766903,2.26018988650873
1,1418,1418,-0.996655930964533,1.51205699770896
1,1419,1419,-1.44157859853378,2.01706097917807
1,1420,1420,-0.715457361057527,1.63553678136207
1,1421,1421,-2.40343643966242,2.22931918168443
1,1422,1422,-1.2679689404334,1.20221394732077
1,1423,1423,-1.62114232944711,1.36149292795997
1,1424,1424,-1.70490420252038,2.47753995164936
1,1425,1425,-0.859978867114661,1.62991489634719
1,1426,1426,-1.54366101700748,1.15260501210005
1,1427,1427,-1.69386002869398,1.8056456340132
1,1428,1428,-1.6906972858041,1.84576754490751
1,1429,1429,-1.97008448509836,1.75647208582679
1,1430,1430,-1.4558115093052,1.47056101648176
1,1431,1431,-0.404586444627341,1.93173920570748
1,1432,1432,-0.543739632644221,1.11875203439215
1,1433,1433,-0.745513608306458,1.84222327286537
1,1434,1434,-0.729632647504163,1.92111218924308
1,1435,1435,-1.84357052248447,1.10209133462424
1,1436,1436,-1.44153260839862,1.29922357857542
1,1437,1437,-1.53802351261521,1.42810940863033
1,1438,1438,-1.54810187157451,1.51657065192228
1,1439,1439,-1.76965510490293,1.40509398081845
1,1440,1440,-2.01035542175027,1.9403644133889
1,1441,1441,-1.37295662633813,1.46209572126006
1,1442,1442,-1.26386494019441,1.25740968070718
1,1443,1443,-1.41292242183925,1.70367706337992
1,1444,1444,-1.68054663776993,1.76410912906927
1,1445,1445,-1.01389090204489,1.35233354245658
1,1446,1446,-0.935646758598317,1.42965079706475
1,1447,1447,-1.50354343962895,1.38877875210858
1,1448,1448,-1.50245423284681,1.4798800990955
1,1449,1449,-2.08527469742187,1.32289377064297
1,1450,1450,-1.74551494506543,1.18329849542767
1,1451,1451,-1.94559854582665,1.37953052030052
1,1452,1452,-1.28562827287023,1.65900182092067
1,1453,1453,-1.70141220945948,1.90538874015215
1,1454,1454,-1.10382406137284,1.87107726300898
1,1455,1455,-1.21617642854721,1.96561959614379
1,1456,1456,-1.94663206295253,1.50873196233782
1,1457,1457,-1.57745188239377,1.48783022535813
1,1458,1458,-0.99339734266659,1.63169217686262
1,1459,1459,-1.03546114464543,1.52186413231561
1,1460,1460,-1.16185356724809,1.27442775730888
1,1461,1461,-1.34502225275323,1.26876210517924
1,1462,1462,-1.18757925673145,0.893105859506358
1,1463,1463,-1.50100022473554,0.959352528574371
1,1464,1464,-1.29455882711372,1.87628451399963
1,1465,1465,-1.43133437128694,1.46834124100017
1,1466,1466,-0.821599674013081,1.6870878372925
1,1467,1467,-0.30404044164991,0.876387992578855
1,1468,1468,-1.00870786720387,0.617706041688874
1,1469,1469,-1.35340282250005,0.870362301433087
1,1470,1470,-1.00636127220944,1.59807355505246
1,1471,1471,-2.20127911751374,1.457903306411
1,1472,1472,-2.18105811316351,1.10431398699262
1,1473,1473,-1.50587765546327,1.05359463507817
1,1474,1474,-0.963664092546148,1.24001347159538
1,1475,1475,-1.45283232545431,1.75844068307059
1,1476,1476,-2.14951515092432,2.65689622814417
1,1477,1477,-1.0538454624349,1.38881395767271
1,1478,1478,-0.443116306212249,1.09734467212185
1,1479,1479,-0.801506233392347,0.878397082881575
1,1480,1480,-0.711987171616638,0.846878202178007
1,1481,1481,-1.11539841710365,1.35350101070759
1,1482,1482,-0.71060665715464,0.685740596825604
1,1483,1483,-1.23041645935938,0.460089385485973
1,1484,1484,-0.627273505952575,1.65744231276332
1,1485,1485,-1.80944623127234,1.3844524729647
1,1486,1486,-1.73622571824556,2.15644778869683
1,1487,1487,-0.991810637486467,2.16242666656728
1,1488,1488,-1.00115080720716,2.89951253875949
1,1489,1489,-1.23005901568295,1.41546049287613
1,1490,1490,-1.48468152303556,1.04354420904894
1,1491,1491,-1.44687423902747,1.82666082707969
1,1492,1492,-1.14050462475439,1.49676840192994
1,1493,1493,-1.43460005976166,2.97854143533131
1,1494,1494,-1.0884496885283,3.06622500409224
1,1495,1495,-0.719171684509087,1.1498682668423
1,1496,1496,-0.162254041728908,2.10466479206349
1,1497,1497,-0.136834908198529,2.81365413525976
1,1498,1498,-0.411473896626548,1.75469941330052
1,1499,1499,-1.02694354729549,1.68097182327908
1,1500,1500,-0.894385905883026,1.66519000706674
1,1501,1501,-0.995319153957402,1.56164039798877
1,1502,1502,-1.01516040791676,1.37612956727938
1,1503,1503,-0.916884914950387,1.19618148164713
1,1504,1504,-0.821586417165294,1.38069730882526
1,1505,1505,-1.46762394933845,2.5672427699012
1,1506,1506,-1.1823542941645,1.78890699288038
1,1507,1507,-1.2077052911874,2.15051236117557
1,1508,1508,-1.1226107735691,2.30278021058642
1,1509,1509,-1.40471007963093,1.30996289864049
1,1510,1510,-1.09141550183115,1.52095056791867
1,1511,1511,-1.72969668709019,1.11650990071548
1,1512,1512,-1.61681322472602,1.04254030277316
1,1513,1513,-1.55470343349002,1.64523525091267
1,1514,1514,-0.791713053218519,1.29748482000479
1,1515,1515,-0.882502711000412,1.20915536997904
1,1516,1516,-0.667459611046332,1.71253529427772
1,1517,1517,-0.577114380473966,1.11041618807471
1,1518,1518,-0.972127274323839,1.59431442060948
1,1519,1519,-1.05752045080211,0.968606020365829
1,1520,1520,-1.70078316126162,1.95090375181003
1,1521,1521,-1.61394900529915,1.56919947179373
1,1522,1522,-1.3209193845027,1.42090456890569
1,1523,1523,-0.744756410449936,1.75494238707486
1,1524,1524,-1.15291273738684,1.14869839620185
1,1525,1525,-1.08510157879739,1.22068425692173
1,1526,1526,-1.57173510312236,1.74703151662261
1,1527,1527,-1.43274041188555,0.897032084296471
1,1528,1528,-1.24685759057964,1.53623902189951
1,1529,1529,-1.48647443447879,1.09748237080768
1,1530,1530,-1.55617529825481,0.894409245198995
1,1531,1531,-1.15040690830717,0.971573236002707
1,1532,1532,-0.824368073088328,1.4626826890505
1,1533,1533,-1.55517384634363,0.73795633269144
1,1534,1534,-1.74750966669989,0.929430013916403
1,1535,1535,-1.60413100219787,0.716408644796386
1,1536,1536,-1.22724922193392,0.75578249650379
1,1537,1537,-1.19678443769588,0.809156002965116
1,1538,1538,-1.46152387609285,1.30964916967982
1,1539,1539,-1.26912090030664,0.995111500541377
1,1540,1540,-1.04758271044128,0.829708109469035
1,1541,1541,-1.25769355137273,1.13996146653213
1,1542,1542,-0.71221533839622,1.5278244045677
1,1543,1543,-0.92608953829667,1.15866865189452
1,1544,1544,-2.09296772814433,0.98038994454643
1,1545,1545,-2.34585733016435,1.09156071780504
1,1546,1546,-1.62324302753503,0.761844764166558
1,1547,1547,-1.25593079700546,0.607555432811686
1,1548,1548,-2.19142761235344,1.28975435649314
1,1549,1549,-1.84454093401481,1.55509883615089
1,1550,1550,-1.26165537748291,1.96669476765898
1,1551,1551,-0.591022130306952,1.78155259500831
1,1552,1552,-1.43833324909346,1.7691279938852
1,1553,1553,-1.06783881771308,1.90347178338097
1,1554,1554,-1.01711225631408,1.25757654865062
1,1555,1555,-0.928461278283377,1.26840123658399
1,1556,1556,-1.57718754231905,1.31124342135931
1,1557,1557,-1.37856097782941,1.13900202451932
1,1558,1558,-1.35155706984314,1.24164000024183
1,1559,1559,-0.785504992249072,2.98072316604783
1,1560,1560,-0.898490894372046,1.13319337178178
1,1561,1561,-1.36432082325031,0.944895336733404
1,1562,1562,-1.6026492314582,1.190882841965
1,1563,1563,-1.07283630988526,1.27938664153314
1,1564,1564,-1.05195437388183,1.46583323145966
1,1565,1565,-1.13631943867511,1.46662927960543
1,1566,1566,-1.57698301170887,1.43200134921591
1,1567,1567,-1.7315623606972,1.10274611326332
1,1568,1568,-1.75497905732099,1.13311661355642
1,1569,1569,-1.34530755026672,1.68109830360973
1,1570,1570,-1.48312186823266,1.44468273678194
1,1571,1571,-1.3527493858156,1.03926428913355
1,1572,1572,-1.14767004653969,1.82363054691845
1,1573,1573,-1.77448021232753,1.78299491935953
1,1574,1574,-1.27289373144838,1.55407772945878
1,1575,1575,-1.23143740338507,2.30163712693874
1,1576,1576,-0.687432915389373,2.34880701876805
1,1577,1577,-1.28777873270025,1.27230038520294
1,1578,1578,-0.814600570951214,1.70457427067269
1,1579,1579,-1.17144330716955,1.92073909215619
1,1580,1580,-1.26296678631233,2.10117445809807
1,1581,1581,-0.46203459560526,0.997518111390299
1,1582,1582,-0.60536439170726,1.46226335322441
1,1583,1583,-0.351024301103105,1.24488940105697
1,1584,1584,-0.27989891207845,1.13468409613057
1,1585,1585,-2.36541568679491,1.31288722753354
1,1586,1586,-1.68669306767779,1.06531649637559
1,1587,1587,-1.03508822107085,1.32010061629441
1,1588,1588,-1.12331676664,0.851275543649332
1,1589,1589,-1.42337901891661,1.33282410724583
1,1590,1590,-0.862099775529792,0.639361783993883
1,1591,1591,-1.02777686251592,1.78005967272149
1,1592,1592,-1.00121905250424,1.66046583969209
1,1593,1593,-0.958739189139977,1.37324500859909
1,1594,1594,-0.943823008816046,3.20925522153927
1,1595,1595,-0.917523103197093,0.884885898155554
1,1596,1596,-1.59376683321273,2.13959024789121
1,1597,1597,-1.78628777780655,2.64389862222906
1,1598,1598,-2.14280027045682,2.27454688239655
1,1599,1599,-1.27000533133716,2.63539097906149
1,1600,1600,-1.51958142360514,3.00214342595072
1,1601,1601,-1.63248061770151,2.96094457427296
1,1602,1602,-0.56773390697302,1.38198762842833
1,1603,1603,-1.3332838013329,0.839019495150885
1,1604,1604,-1.48806464668093,1.1980228126532
1,1605,1605,-1.50486793956017,1.08700291188562
1,1606,1606,-1.40410264011302,1.113717400669
1,1607,1607,-1.49322293373721,1.29303502050842
1,1608,1608,-1.33163422042771,1.0609814039291
1,1609,1609,-1.73395366393722,1.55585886415308
1,1610,1610,-1.43584851261822,1.12590856639007
1,1611,1611,-2.05820663403293,1.90181542453444
1,1612,1612,-1.58616289669874,1.19303542936164
1,1613,1613,-1.00257793648068,0.835475686251282
1,1614,1614,-1.36318740562151,1.33243511548
1,1615,1615,-1.33467129230139,1.20283611535238
1,1616,1616,-0.84034723707613,2.53311521910775
1,1617,1617,-1.73610230464152,2.28165677601688
1,1618,1618,-1.68040531932985,1.49932920548591
1,1619,1619,-1.02281397655924,0.955450022359456
1,1620,1620,-1.43259378780719,1.4091200057597
1,1621,1621,-1.23407896037703,0.962313867655501
1,1622,1622,-1.17807709332616,0.772621719455855
1,1623,1623,-1.08332155159109,1.14271628862585
1,1624,1624,-1.17428428003766,1.12378644539936
1,1625,1625,-0.749542995788458,2.31784279412767
1,1626,1626,-1.36903622239009,2.22131654643843
1,1627,1627,-1.19916209568134,2.00801129830882
1,1628,1628,-1.02170443637518,3.33775724188342
1,1629,1629,-1.53714488709747,2.07653239752372
1,1630,1630,-0.99599820407142,2.54240936282351
1,1631,1631,-0.657463729879841,1.65355901196435
1,1632,1632,-0.443753729631016,1.53253080656181
1,1633,1633,-2.28130207699241,2.29523482217325
1,1634,1634,-0.511983469305485,2.23298762469114
1,1635,1635,-0.832107827014395,2.13582060316928
1,1636,1636,-0.875246355174101,1.52965818904832
1,1637,1637,-1.52204098357214,1.88753330205841
1,1638,1638,-1.07647784268464,1.68671609042597
1,1639,1639,-0.668428824156962,1.85141766451915
1,1640,1640,-1.41477482347226,2.74687388184776
1,1641,1641,-1.45159400455122,2.81627482319433
1,1642,1642,-1.49248918837402,2.50798180105692
1,1643,1643,-0.97129291878942,1.75687063926723
1,1644,1644,-1.76371568572634,2.22170661333253
1,1645,1645,-1.60854520278715,1.27644396185833
1,1646,1646,-2.17964730138989,1.37636827591911
1,1647,1647,-0.778266153862648,0.850913132415676
1,1648,1648,-1.37891514502111,0.813066760973288
1,1649,1649,-1.44409857270582,1.02571410501216
1,1650,1650,-1.13348021928907,1.02277404026171
1,1651,1651,-1.52768120922775,1.22327379103813
1,1652,1652,-1.48343630056363,0.988722303894503
1,1653,1653,-1.77841087360633,1.21996536926383
1,1654,1654,-1.68367723684275,1.04965325628084
1,1655,1655,-2.43947111540311,2.71461698087066
1,1656,1656,-1.77434497983377,2.30986191843785
1,1657,1657,-1.96870237012396,1.45588355948718
1,1658,1658,-1.49731479329574,1.16651338337505
1,1659,1659,-2.24550797615375,1.71657232864337
1,1660,1660,-2.00730954912383,1.43349403005329
1,1661,1661,-2.21290834217865,1.51516336933872
1,1662,1662,-1.37224035251377,1.19666277920751
1,1663,1663,-1.25963400815743,1.36666065343776
1,1664,1664,-1.33594820347936,1.57999046711266
1,1665,1665,-1.28679099079402,1.28311704906888
1,1666,1666,-3.01772595864591,2.36474168197733
1,1667,1667,-3.07597823644137,2.43996113227388
1,1668,1668,-2.17540774803157,1.55082978140622
1,1669,1669,-2.00005330979781,1.45010164282642
1,1670,1670,-1.82610635765601,1.7694460401493
1,1671,1671,-0.730009704349283,0.978751055172138
1,1672,1672,-1.887737675589,1.38084293393572
1,1673,1673,-2.18484508079128,1.66287481746257
1,1674,1674,-2.007530500005,1.89747028737406
1,1675,1675,-1.9353137134855,2.13138537837945
1,1676,1676,-1.76127116899284,1.22784691103019
1,1677,1677,-1.77871532371006,1.06868106273637
1,1678,1678,-1.73270891724822,0.910775896779829
1,1679,1679,-1.61653603006453,0.889820520992255
1,1680,1680,-1.37168926554826,0.772765167267397
1,1681,1681,-1.72362088995453,0.768436356501637
1,1682,1682,-1.4717753666146,0.711896519007244
1,1683,1683,-1.70537122336506,0.880409989688708
1,1684,1684,-1.48848624557988,1.73932414411666
1,1685,1685,-1.59925665668368,1.73073130299294
1,1686,1686,-2.28969669073309,1.91914874835763
1,1687,1687,-0.902982098677176,1.08974339967104
1,1688,1688,-0.984116114741289,2.17376490448092
1,1689,1689,-1.05823841875995,1.23459863436561
1,1690,1690,-1.03193587340962,1.09692864073671
1,1691,1691,-1.98912352275343,1.76365344999284
1,1692,1692,-1.77728345902431,1.82114752799807
1,1693,1693,-2.43488815963483,1.6906028423226
1,1694,1694,-1.99917569431256,1.42194547427542
1,1695,1695,-1.91245108870869,1.64811932524238
1,1696,1696,-1.63194423131096,1.2476579574989
1,1697,1697,-1.23100785846502,1.00093067464115
1,1698,1698,-1.70852436777929,1.28822550844731
1,1699,1699,-1.12245534561536,2.84294772522626
1,1700,1700,-1.15327520848943,1.27954295008533
1,1701,1701,-1.17298642932691,1.25515440119633
1,1702,1702,-0.859970093887577,1.70075872875856
1,1703,1703,-1.51677046111578,1.95268842622142
1,1704,1704,-1.17344779881147,2.62553490742816
1,1705,1705,-0.540795562395366,2.56424270700843
1,1706,1706,-0.725191707892446,1.981219661828
1,1707,1707,-0.685996487945528,1.68309257223534
1,1708,1708,-1.29099907663733,1.74280746182317
1,1709,1709,-2.0845116618911,1.97174617576072
1,1710,1710,-1.63327558765817,2.08788970797507
1,1711,1711,-1.00322934025192,0.903280864540913
1,1712,1712,-1.5508212970063,1.23430160284918
1,1713,1713,-1.1418216258548,0.947715851406074
1,1714,1714,-1.93535295627834,2.68907967925951
1,1715,1715,-1.92099342510814,2.83673574680911
1,1716,1716,-2.01501727479698,1.79598865610387
1,1717,1717,-1.30853265466222,1.62468686706512
1,1718,1718,-1.18562861468987,2.49759265267598
1,1719,1719,-2.06909451470775,1.7570879089538
1,1720,1720,-1.67041659056465,1.14664571086582
1,1721,1721,-1.28318951975325,1.90365569176351
1,1722,1722,-1.15846907471038,1.91002327755866
1,1723,1723,-1.52466349614521,2.95106420595454
1,1724,1724,-1.47941697415233,1.91335182001304
1,1725,1725,-0.492758024153985,1.72154759392794
1,1726,1726,-0.471921704475561,1.62416413735846
1,1727,1727,-0.62821686091866,1.09407385498875
1,1728,1728,-0.420434672237708,3.28994783895128
1,1729,1729,-0.350715263200165,1.7856864856798
1,1730,1730,-0.692196657891408,2.17444702401521
1,1731,1731,-1.06155088176907,0.839226720605963
1,1732,1732,-1.3530742518983,1.24301059090815
1,1733,1733,-0.947341605353398,1.26474190567424
1,1734,1734,-1.56320114834323,0.982309184264564
1,1735,1735,-2.22509310958108,1.01324667144819
1,1736,1736,-1.66306861088564,0.813873044780376
1,1737,1737,-1.22231332848206,1.84334121653481
1,1738,1738,-1.28094634581146,1.99236089271668
1,1739,1739,-0.979973833200922,1.47810500887042
1,1740,1740,-0.716175905588329,1.06948020270651
1,1741,1741,-1.26304887554867,0.946941224555963
1,1742,1742,-1.48080695889505,1.66827390282728
1,1743,1743,-1.30677610209016,1.57098861481762
1,1744,1744,-1.69906258432335,2.03627847032774
1,1745,1745,-1.56758339463379,1.99134562026011
1,1746,1746,-1.52437074438051,1.2814747507341
1,1747,1747,-2.46312583915995,2.94433168878864
1,1748,1748,-1.7128969125646,1.00268230806923
1,1749,1749,-2.351332982115,1.13794101558593
1,1750,1750,-1.08999790237729,0.934907325971563
1,1751,1751,-1.47567857040393,1.34570328251431
1,1752,1752,-0.711489258639254,1.11575046739564
1,1753,1753,-0.719202997147087,1.11736517342054
1,1754,1754,-2.25540414658217,2.21679077961849
1,1755,1755,-1.68327161224339,1.23470499413051
1,1756,1756,-1.42837367607499,1.05005958248145
1,1757,1757,-1.53230088330058,1.1779958961301
1,1758,1758,-1.58156399945567,1.04726333806808
1,1759,1759,-1.02290604442427,0.80366373352124
1,1760,1760,-1.25128281077396,2.80140965038253
1,1761,1761,-0.69287032083085,0.829768347626422
1,1762,1762,-1.22023964458973,0.916365744166914
1,1763,1763,-1.61153616280674,1.5629909751428
1,1764,1764,-0.996447835322619,1.53257706463444
1,1765,1765,-0.876844323083288,3.69986379367907
1,1766,1766,-1.61039146830286,1.00597141262853
1,1767,1767,-1.04105083218268,1.00070267009696
1,1768,1768,-0.837056478464634,1.53254482858207
1,1769,1769,-0.696982921233821,2.05476787125972
1,1770,1770,-2.27779273621213,1.91540255155888
1,1771,1771,-1.86254071953097,2.24820839036372
1,1772,1772,-1.33781183109777,1.00313138273878
1,1773,1773,-0.649565178791571,1.07973294451883
1,1774,1774,-1.87089310238766,1.96080224282474
1,1775,1775,-1.21498251775587,1.53287726635243
1,1776,1776,-1.65590027799965,1.35272628947574
1,1777,1777,-1.46795951680569,0.864264828857913
1,1778,1778,-1.73830918940347,1.03888396376639
1,1779,1779,-1.44253104170628,1.13359480102599
1,1780,1780,-2.17607423844136,1.69834938228603
1,1781,1781,-2.33226525798801,1.19585111190057
1,1782,1782,-2.46233331251812,1.25612907310594
1,1783,1783,-1.2809208224978,0.685440614219065
1,1784,1784,-1.4161662075503,0.753340071799702
1,1785,1785,-1.58988908087599,1.31715091874258
1,1786,1786,-1.35221311970397,1.63531510162582
1,1787,1787,-1.67769516532188,1.79124338332875
1,1788,1788,-2.01715103859699,1.63088226465896
1,1789,1789,-1.18313185063328,1.67791547895905
1,1790,1790,-2.13097013106014,2.41746032252089
1,1791,1791,-0.776686512713404,1.08532471515492
1,1792,1792,-1.26904646371163,0.995316438634865
1,1793,1793,-1.39872668117208,1.33338934140766
1,1794,1794,-1.11473290067592,1.19766705192504
1,1795,1795,-0.622858529861243,1.25628640931679
1,1796,1796,-0.773859762519036,1.26948944832504
1,1797,1797,-1.11562837504336,1.44584825066849
1,1798,1798,-1.81855203065937,1.08678407219962
1,1799,1799,-1.32073052307044,0.761188602111698
1,1800,1800,-2.19095610997243,1.53131798145515
1,1801,1801,-2.51871249517296,1.68357523503416
1,1802,1802,-1.31096403484311,1.14377160840458
1,1803,1803,-2.10371379531205,1.61673729155674
1,1804,1804,-1.3531092238913,1.49859206549346
1,1805,1805,-1.18525395295776,1.07256451912748
1,1806,1806,-1.42861943153014,2.14904290779778
1,1807,1807,-1.61244181145283,1.22466536499757
1,1808,1808,-1.37484469780367,1.54201112703949
1,1809,1809,-1.09589306558863,1.06136894978621
1,1810,1810,-0.553041680966077,1.41535782171694
1,1811,1811,-0.44207209205663,1.25987776043262
1,1812,1812,-0.440143343938996,2.24624668754961
1,1813,1813,-0.793282338345479,1.37413384714677
1,1814,1814,-0.739531005228532,3.25479804259905
1,1815,1815,-0.570244455356193,3.54866207586388
1,1816,1816,-0.605853247348959,3.01276389096339
1,1817,1817,-1.16479450462525,1.37394225091922
1,1818,1818,-1.10700090877473,1.95132509606211
1,1819,1819,-1.42826788863387,1.58811395692462
1,1820,1820,-1.5340479882334,1.3731861970947
1,1821,1821,-0.896122203299029,1.57656713019843
1,1822,1822,-1.19817169511591,1.64196938658514
1,1823,1823,-1.07863219951133,1.65125766029793
1,1824,1824,-0.587677036799781,1.08657148143796
1,1825,1825,-1.0667031873512,1.43279622405063
1,1826,1826,-1.34664737455738,1.16235611690546
1,1827,1827,-0.77541717245516,2.29320893169774
1,1828,1828,-1.75516610331998,1.0338522428137
1,1829,1829,-1.65148668690346,1.07688543610685
1,1830,1830,-1.78895360823241,2.09258213386577
1,1831,1831,-2.06007235229759,2.00974730508461
1,1832,1832,-1.57138234914255,1.95125734989897
1,1833,1833,-1.30947086839166,1.09036515881006
1,1834,1834,-1.28237952104241,1.21317502384513
1,1835,1835,-2.35712554039802,1.44933056938831
1,1836,1836,-1.29492305181225,1.39660787441384
1,1837,1837,-1.13867938582998,1.47338639398176
1,1838,1838,-0.554316948731724,1.56510042729794
1,1839,1839,-1.18557231425535,1.2565198476442
1,1840,1840,-1.50144393239726,1.38005307601853
1,1841,1841,-1.13366706017314,1.24544864843112
1,1842,1842,-0.800883043677224,1.00161048123921
1,1843,1843,-1.60389599973717,1.11382296189975
1,1844,1844,-1.15850609777471,1.42837717187106
1,1845,1845,-1.46960839573641,1.0881401847721
1,1846,1846,-1.36494663016514,1.39879914184406
1,1847,1847,-1.41401670028453,1.31353803528895
1,1848,1848,-1.49303410406598,1.55370980691406
1,1849,1849,-1.3140726522261,2.60245037749488
1,1850,1850,-1.40283777838462,2.63893365277093
1,1851,1851,-1.15902818458113,1.7153457602938
1,1852,1852,-1.39576498860606,1.24466568839519
1,1853,1853,-0.467628746939454,1.16324149269732
1,1854,1854,-1.40945281645205,1.18919277468524
1,1855,1855,-1.87674433409895,1.75805816409843
1,1856,1856,-1.46377688533888,1.60096497681927
1,1857,1857,-1.60707157246042,1.61343402110695
1,1858,1858,-0.871276621530105,1.04311892177029
1,1859,1859,-2.07235363421049,1.26036910856315
1,1860,1860,-1.2876497737863,0.873388517636385
1,1861,1861,-1.2545109805937,0.757202292468049
1,1862,1862,-1.57091942766441,1.04438763525913
1,1863,1863,-1.61356747197892,1.38975139006006
1,1864,1864,-1.34430769737334,1.19797271080813
1,1865,1865,-1.66643769449445,0.868608007995352
1,1866,1866,-1.10229277027031,1.17231158965777
1,1867,1867,-0.779708201006216,1.38813285119501
1,1868,1868,-0.926015892552166,1.86003423027766
1,1869,1869,-1.36312728265104,1.4212564004181
1,1870,1870,-1.09279488714332,1.00944529918137
1,1871,1871,-1.72082539102666,1.7392761151147
1,1872,1872,-1.98508164631036,1.45304939616455
1,1873,1873,-1.52209491166399,1.06053497457424
1,1874,1874,-1.15369968601061,1.44023025512475
1,1875,1875,-1.87203009023787,1.7678249498468
1,1876,1876,-1.08730029878235,1.39107708119705
1,1877,1877,-1.70187407890697,1.66604168846033
1,1878,1878,-0.740253210919623,1.40466835222069
1,1879,1879,-1.36925578323275,1.6636690458139
1,1880,1880,-1.26758337438599,1.6607912696159
1,1881,1881,-1.41904372604421,1.68864857257718
1,1882,1882,-1.49737288289471,2.15819905094118
1,1883,1883,-2.24075641494754,1.40669632042183
1,1884,1884,-0.93876052083909,1.61657154910634
1,1885,1885,-2.59872018419439,1.91472133078352
1,1886,1886,-1.84930755692858,1.28425278509231
1,1887,1887,-1.81651246709168,1.34395336638982
1,1888,1888,-1.85440785353216,2.20950356522429
1,1889,1889,-1.78849317652697,2.15024322916787
1,1890,1890,-0.876919376201641,2.40405151569182
1,1891,1891,-0.926260876774963,0.822457545202696
1,1892,1892,-1.14460078174428,1.21570232325673
1,1893,1893,-1.77880360583465,2.19184130155321
1,1894,1894,-0.721203479773931,0.754513032230672
1,1895,1895,-1.24113694384611,1.43081348853381
1,1896,1896,-1.1485916575541,0.858066523318693
1,1897,1897,-1.59353734344554,1.94755177106257
1,1898,1898,-1.48997647958023,1.25168507319161
1,1899,1899,-1.67228366263011,0.928986457716327
1,1900,1900,-2.07956110847131,1.23792702057817
1,1901,1901,-1.73708284680294,1.05252559869231
1,1902,1902,-1.47597467057426,0.870530968329879
1,1903,1903,-1.67398715694806,1.47202816913619
1,1904,1904,-1.57478558817738,1.42541683387697
1,1905,1905,-1.76744683270019,1.39751276926474
1,1906,1906,-0.986837219158571,1.07001112098882
1,1907,1907,-0.549237434446314,0.482810488060947
1,1908,1908,-0.873417518902478,0.789027761718629
1,1909,1909,-1.00478420030603,0.818237550549804
1,1910,1910,-2.2552216275965,1.89514957738309
1,1911,1911,-1.97036259218774,1.60740363124758
1,1912,1912,-1.28043380329268,3.81249297227172
1,1913,1913,-1.21926501825751,5.82925087725194
1,1914,1914,-1.59610315672386,1.99256300714328
1,1915,1915,-1.46597758335609,2.27955045506124
1,1916,1916,-1.60824829523734,1.79618223723532
1,1917,1917,-1.43327279970713,1.35636763200617
1,1918,1918,-1.19369365201761,1.77082148680135
1,1919,1919,-1.03333577081085,1.62952124085359
1,1920,1920,-1.50305073201888,1.37526714914579
1,1921,1921,-1.7970804810578,1.0743818152843
1,1922,1922,-1.82268203567697,1.00959700078228
1,1923,1923,-1.79418972546303,1.01537096681462
1,1924,1924,-1.29676213625775,0.702935063811303
1,1925,1925,-0.562268498328976,0.463854728920797
1,1926,1926,-1.4554766726769,1.04445861758762
1,1927,1927,-0.901000977195651,0.649868718202998
1,1928,1928,-1.94485965266908,1.41382359026226
1,1929,1929,-1.89147634363677,1.7584151301462
1,1930,1930,-1.4673313363057,1.32275597744732
1,1931,1931,-2.45101314908707,1.81309091700657
1,1932,1932,-1.03508420248829,1.99381474535895
1,1933,1933,-1.18278914774711,1.7640098726404
1,1934,1934,-0.830454684864506,2.14045838758544
1,1935,1935,-1.47153345780717,1.25200710498382
1,1936,1936,-1.46323767411185,1.27019674072184
1,1937,1937,-1.43678498323119,1.37392345281568
1,1938,1938,-0.754254141425837,1.6951871010458
1,1939,1939,-0.457688030277397,1.7603006994321
1,1940,1940,-0.0141710112646807,2.3734660174681
1,1941,1941,-1.48773998495441,1.76739799566111
1,1942,1942,-1.30223611461968,1.55427784602591
1,1943,1943,-1.41452474913482,1.86788249471268
1,1944,1944,-1.73482812762202,2.18458098810564
1,1945,1945,-1.37454641709801,2.41923546795742
1,1946,1946,-1.25179410508514,0.7113984583135
1,1947,1947,-2.13304747190728,1.39607317113528
1,1948,1948,-2.47048859023143,1.78589566421836
1,1949,1949,-1.8190724634829,1.11047213433307
1,1950,1950,-2.01662629714225,1.11377542306165
1,1951,1951,-1.59328716125748,1.25114031971365
1,1952,1952,-1.7017613181197,0.920754875107905
1,1953,1953,-1.45011034637426,1.33491526091724
1,1954,1954,-2.17236675187654,1.538229566315
1,1955,1955,-1.01698208275215,0.69582260888003
1,1956,1956,-1.61247834930926,0.867193521890176
1,1957,1957,-1.638721369197,0.781317840323898
1,1958,1958,-2.79087410214882,1.79235211564264
1,1959,1959,-2.58300513903075,1.73092102796755
1,1960,1960,-2.56200039244951,1.67712995217981
1,1961,1961,-2.47044852727661,2.07597009027841
1,1962,1962,-0.833223160955269,1.52369714960113
1,1963,1963,-1.01162114861204,2.56732277714894
1,1964,1964,-1.77267550597335,2.98006462039451
1,1965,1965,-1.86277490329248,3.00827987912251
1,1966,1966,-2.13273745224837,3.11980800588409
1,1967,1967,-1.46259355928773,0.928071202881152
1,1968,1968,-0.714315314966074,0.449985859700615
1,1969,1969,-0.960563434155672,0.572661663277003
1,1970,1970,-1.22998490906906,0.860452941956373
1,1971,1971,-0.851654280837603,0.847404229834553
1,1972,1972,-1.0233844439844,1.49704916998709
1,1973,1973,-0.746857764682414,1.60073854916161
1,1974,1974,-1.59523491101776,1.48100550549707
1,1975,1975,-1.43311199365482,1.44935607642613
1,1976,1976,-1.51816543503273,1.36766003339447
1,1977,1977,-1.39580081348611,1.7156949104441
1,1978,1978,-1.8198193937926,1.47811146509785
1,1979,1979,-0.50860467079042,2.96595720378824
1,1980,1980,-1.64632329970048,2.09906790025359
1,1981,1981,-1.57172551048487,2.35188661705545
1,1982,1982,-1.18358686330433,2.22237268020562
1,1983,1983,-1.15862884336162,2.16324173676159
1,1984,1984,-1.5537339375417,1.22891631001404
1,1985,1985,-1.1943676004623,0.917650216196722
1,1986,1986,0.203896759060562,1.22919986945266
1,1987,1987,-0.59432423260329,1.52022980718401
1,1988,1988,-1.4124287760338,2.41777644111543
1,1989,1989,-1.90890987508239,2.45246354125645
1,1990,1990,-1.00874093977619,1.7477292327432
1,1991,1991,-1.49972171932989,1.17678679962518
1,1992,1992,-0.860918035552292,0.753547147858258
1,1993,1993,-1.04857180563136,1.24168671198378
1,1994,1994,-1.41958926054363,1.21710744559253
1,1995,1995,-1.58307737706686,1.60384962781608
1,1996,1996,-1.04795930300544,1.36354179088813
1,1997,1997,-1.18144724600586,1.39154665718918
1,1998,1998,-1.27401521386528,1.06173712527018
1,1999,1999,-1.12262923196334,0.958273273712445
1,2000,2000,-0.649306586847899,1.66492008138208
2,1,2001,-1.410908671765,1.04911007271544
2,2,2002,-1.40953092041431,0.892474946284434
2,3,2003,-1.34115265867851,0.854829013543448
2,4,2004,-1.1261742831327,1.0715984994694
2,5,2005,-1.84396820091382,2.78686097955325
2,6,2006,-1.4252282522229,1.99716412177194
2,7,2007,-1.33093341253335,1.25284786661521
2,8,2008,-1.12308123688117,0.989490365534595
2,9,2009,-1.22849658045115,1.04630847930474
2,10,2010,-1.75061135030167,1.66514297586692
2,11,2011,-1.21619066623261,0.928617744496797
2,12,2012,-1.11686909752439,1.40291760513299
2,13,2013,-1.00422217597068,1.44371017913796
2,14,2014,-1.03810396681847,1.32954973318922
2,15,2015,-0.00243600874902846,1.51209761612085
2,16,2016,-1.89228149752914,1.38063612062752
2,17,2017,-0.733739214428715,1.57417803526041
2,18,2018,-0.812689275281114,1.9959404643766
2,19,2019,-1.413222062317,1.89974981325986
2,20,2020,-0.895176271174665,1.56974555483072
2,21,2021,-1.12991272714064,0.838752618412551
2,22,2022,-0.902570908187682,0.869213943694705
2,23,2023,-0.81673551604786,1.23596418681855
2,24,2024,-0.908598160124677,1.2205140346115
2,25,2025,-1.8505521725058,2.66622955712977
2,26,2026,-0.993598372504253,1.37757220286894
2,27,2027,-2.05410013866606,1.58587410380669
2,28,2028,-1.43559666803578,1.29075897434763
2,29,2029,-1.55048860342715,1.44979160084893
2,30,2030,-0.878939651894739,1.75229649622337
2,31,2031,-0.860432374034946,2.0033928735495
2,32,2032,-1.21547031199603,2.39773836122847
2,33,2033,-0.992503800479789,2.1038117280505
2,34,2034,-0.672365042427971,1.60066303747477
2,35,2035,-1.79471508084222,2.26901177963473
2,36,2036,-1.48170520430204,1.75075891632571
2,37,2037,-1.03620063815988,1.2057366655268
2,38,2038,-0.809243552129086,0.915749458329819
2,39,2039,-0.939584555153376,1.06834454775267
2,40,2040,-0.724611275848092,0.600707148022674
2,41,2041,-1.30988327685437,1.52098797527751
2,42,2042,-1.19034117240198,1.22658872050732
2,43,2043,-1.06224940679813,0.629235018338095
2,44,2044,-1.44346912206848,1.09173604856366
2,45,2045,-0.882509064641484,1.42805327928999
2,46,2046,-1.13482935251257,1.59981394998242
2,47,2047,-2.00211351973326,1.70462017839661
2,48,2048,-2.01729414425594,0.960171898901677
2,49,2049,-1.23316237492366,1.90348073100438
2,50,2050,-1.66526386942446,1.70734156397484
2,51,2051,-0.843927584955832,0.914976557254355
2,52,2052,-1.08957264207666,1.30037386455283
2,53,2053,-1.35217316317968,2.05107511571088
2,54,2054,-0.886603768983053,1.7989061086482
2,55,2055,-1.28093988511665,1.27078956805435
2,56,2056,-0.994984176206662,1.06398013485462
2,57,2057,-1.01514434384495,2.28276699654259
2,58,2058,-1.35826058025095,3.83758470999199
2,59,2059,-1.64923046379151,2.6321694489995
2,60,2060,-0.893230379925344,1.49074783586871
2,61,2061,-0.686087755027767,1.70252175492298
2,62,2062,-0.196607984597289,0.956665458602657
2,63,2063,-0.909578489401663,1.20008657142597
2,64,2064,-1.25013704065924,1.47208725403181
2,65,2065,-1.38527085366107,1.10337003174161
2,66,2066,-1.64669912890324,1.27673571370817
2,67,2067,-1.55935191360457,1.22246808932029
2,68,2068,-0.898850066377627,1.97318783954414
2,69,2069,-0.793627225918847,1.87012504189888
2,70,2070,-2.57466352874053,1.57695099363392
2,71,2071,-2.81669210210395,1.51684868347218
2,72,2072,-1.86485937957378,1.46828326841637
2,73,2073,-1.68944324490037,1.90316757449042
2,74,2074,-1.2802915867099,1.26570721477703
2,75,2075,-1.45429680005904,1.83597541033984
2,76,2076,-1.54922945716285,1.96054740966449
2,77,2077,-1.36684212230809,1.10373704049676
2,78,2078,-1.68817288193784,2.51942106510826
2,79,2079,-1.5024610354986,2.43526437833016
2,80,2080,-1.38612281800636,3.21811804115896
2,81,2081,-1.46813601626364,3.40538635454698
2,82,2082,-1.13908127754161,2.07137119135658
2,83,2083,-0.0405695629742389,1.48252278110904
2,84,2084,-0.728630604075175,2.40019094969791
2,85,2085,-0.921207642835314,1.61184884521927
2,86,2086,-1.39164290663553,2.00061330263949
2,87,2087,-0.998659066014748,1.55606865039386
2,88,2088,-1.25139893075971,1.64995829331305
2,89,2089,-1.67313620693719,1.92192896425103
2,90,2090,-1.45796049547861,2.12902169825607
2,91,2091,-1.24515839517809,1.78684882521462
2,92,2092,-1.27745645712859,1.10166731439495
2,93,2093,-1.46544869804416,1.64797415257589
2,94,2094,-1.03008983800381,1.98044746622564
2,95,2095,-0.773279494070256,1.79016626675369
2,96,2096,-1.6159894161463,1.0012015521601
2,97,2097,-1.3822920470842,0.981760850929774
2,98,2098,-0.112026722509625,1.04537468467365
2,99,2099,-1.01355789511532,2.74338101198968
2,100,2100,-0.599223059394924,3.15061957383061
2,101,2101,-1.4454952713911,1.28631603780634
2,102,2102,-0.893671969905311,1.58740222150777
2,103,2103,-1.72728174865045,1.89218352905353
2,104,2104,-1.15347445601576,2.44551419571448
2,105,2105,-1.4073675761874,1.89085889053015
2,106,2106,-1.03797704325698,0.93698150514395
2,107,2107,-1.78067421076646,1.3094594809071
2,108,2108,-1.39286444668974,1.84706109607162
2,109,2109,-1.67591157557627,1.04313886283422
2,110,2110,-1.32426334130756,1.06387492307446
2,111,2111,-1.08631827554304,1.02712863365567
2,112,2112,-1.07486840676882,1.24996186534422
2,113,2113,-1.38023998016656,1.30314580460855
2,114,2114,-1.42323580426628,0.97428735120069
2,115,2115,-1.37487755714286,1.06393872684651
2,116,2116,-2.08041506072015,1.44003102154349
2,117,2117,-2.14545865514942,1.35680800197487
2,118,2118,-2.52073429271567,1.5700898783584
2,119,2119,-2.65678435199542,2.40065996624221
2,120,2120,-1.40335226455259,1.28614175272027
2,121,2121,-1.23628895957828,1.27679305276166
2,122,2122,-1.99489490590778,1.07501715355182
2,123,2123,-0.454125842229096,0.73944757352525
2,124,2124,-0.831183007928318,1.11970456334653
2,125,2125,-1.41654295798579,0.676330137635935
2,126,2126,-1.71084645685799,1.23966080153552
2,127,2127,-1.30482191121342,2.73496240898501
2,128,2128,-1.26813363991454,1.21689376397722
2,129,2129,-1.30374376038857,1.26848468678292
2,130,2130,-1.55000280888309,1.38285877854231
2,131,2131,-1.47500838899727,1.27963870846773
2,132,2132,-1.53288117910826,1.46396079166491
2,133,2133,-1.21437261122653,1.06522159011509
2,134,2134,-1.67427819735765,1.77311457786802
2,135,2135,-1.67311043114093,1.76394033351629
2,136,2136,-1.54259198110643,1.63837206546956
2,137,2137,-2.27967595627089,1.76248895650364
2,138,2138,-1.21282739640209,1.67853828504572
2,139,2139,-1.35879774873347,1.07429144330635
2,140,2140,-0.351756023065141,1.51635233226084
2,141,2141,-2.18799241741003,2.01428900188163
2,142,2142,-1.40252429063272,1.66507904828131
2,143,2143,-2.15981355051787,2.06649533817291
2,144,2144,-0.765285240113097,1.21697676756215
2,145,2145,-0.608143416229025,1.25089457385171
2,146,2146,-0.680110983120497,1.15706975145001
2,147,2147,-1.36537293926495,1.47471804967698
2,148,2148,-1.34544320615663,1.50434079110137
2,149,2149,-1.69037485807787,1.84854052394333
2,150,2150,-0.698182173706336,1.24774892849961
2,151,2151,-0.573328675221941,1.39643911990513
2,152,2152,-0.811415088432788,0.601058848545427
2,153,2153,-2.58439892903442,1.41579525659245
2,154,2154,-1.44685649663645,1.4179582192547
2,155,2155,-2.01225044488913,1.87137145056415
2,156,2156,-0.919061465162701,1.01203145736006
2,157,2157,-2.00146610478958,1.27509378582263
2,158,2158,-1.52846365123776,1.10486084833819
2,159,2159,-0.480051219064185,0.935337798212933
2,160,2160,-0.8367952795354,1.30504665600137
2,161,2161,-0.92631400742765,1.33173177393576
2,162,2162,-1.48028886018275,1.02605726266075
2,163,2163,-1.34061845450881,2.12739718175586
2,164,2164,-1.4897013010318,1.19298633052436
2,165,2165,-1.04295246350575,0.810832104161647
2,166,2166,-0.757203492517792,1.67036586589975
2,167,2167,-1.48620033887454,1.11004666446068
2,168,2168,-1.24751674428921,1.16991299778423
2,169,2169,-1.30605346741752,1.10784258867933
2,170,2170,-1.9076283253496,1.21114111829154
2,171,2171,-2.33920475984789,2.01542452081391
2,172,2172,-2.38473964419735,1.49441118921754
2,173,2173,-2.46160520567432,2.44927558994775
2,174,2174,-2.51759175517397,2.46075318511117
2,175,2175,-2.53422083288388,2.92066639675099
2,176,2176,-2.53556433032189,2.92763365425152
2,177,2177,-2.55670881991634,2.45762033675995
2,178,2178,-2.3773447486098,2.42351810054334
2,179,2179,-1.88281075353336,1.95015529190423
2,180,2180,-2.02941097671465,1.58422158923723
2,181,2181,-1.81092548505752,1.14518184298336
2,182,2182,-2.08858749918463,1.54662768550618
2,183,2183,-0.652918785883052,3.25409512548471
2,184,2184,-0.347411909884674,3.70188401284338
2,185,2185,-0.921284911882699,2.76937252336223
2,186,2186,-1.94479170899485,1.76486127236897
2,187,2187,-1.8787742795876,1.75395921152984
2,188,2188,-1.56137133062265,1.28166808486618
2,189,2189,-1.74854068321427,1.30043022363622
2,190,2190,-0.517349050881447,1.45810586801935
2,191,2191,-0.723985124786546,2.37279790298426
2,192,2192,-1.14053387691571,1.84821488361626
2,193,2193,-1.74036601328574,2.77045072611537
2,194,2194,-1.28519218444131,1.52699868969742
2,195,2195,-1.00095258809298,2.31450091548899
2,196,2196,-0.932801572808878,0.784040830063954
2,197,2197,-1.33419116839738,1.07613810290098
2,198,2198,-1.82994837614824,1.21561159188685
2,199,2199,-2.32261115051826,1.6314242797371
2,200,2200,-2.11833494624234,1.31537833443765
2,201,2201,-1.57562632062711,2.40749292727252
2,202,2202,-0.555561459447374,1.2678244180502
2,203,2203,-0.753469019012395,1.43878299683221
2,204,2204,-0.724852052512449,1.40342023645394
2,205,2205,-0.749713645074261,1.22600604695489
2,206,2206,-2.04679591966825,2.2449244372051
2,207,2207,-1.2590537281462,1.04755291660424
2,208,2208,-1.62753691134619,1.25346599408576
2,209,2209,-0.846175024047555,0.814107252758758
2,210,2210,-1.24686307066311,1.03519487132226
2,211,2211,-1.15136632472677,1.06710539938965
2,212,2212,-1.06798234964046,0.76770047855732
2,213,2213,-1.2561872894972,1.48234085729441
2,214,2214,-1.32121876567491,0.7940882754679
2,215,2215,-1.89078175014806,1.68891985696321
2,216,2216,-0.252498185935552,1.75613004064529
2,217,2217,-0.536051225648355,2.10964840361709
2,218,2218,-0.400951864445729,2.19373088633388
2,219,2219,-0.268641687817428,2.00027498281033
2,220,2220,-0.863515257946364,1.51482808530577
2,221,2221,-1.21348534697738,1.65771671080442
2,222,2222,-1.21803004272621,1.80587224877213
2,223,2223,-1.32057744673135,2.37232585702342
2,224,2224,-1.68063012754754,1.71978805052973
2,225,2225,-1.08710163113452,1.52096954381006
2,226,2226,-1.19101754446966,0.992284924778894
2,227,2227,-1.52031976601595,1.27523076919922
2,228,2228,-2.03002262818019,1.84634480422577
2,229,2229,-1.40870285761505,1.66431634033827
2,230,2230,-1.99643419156843,1.46319942994565
2,231,2231,-2.05325694811451,1.43252533075675
2,232,2232,-2.00900515680513,1.40083120105617
2,233,2233,-1.37515162395977,1.22179780530147
2,234,2234,-1.84930782017183,1.62401409273963
2,235,2235,-0.529421555945076,2.74855298343125
2,236,2236,-0.379580265244972,3.51662466033638
2,237,2237,-0.448384983062071,2.54541473821675
2,238,2238,-0.753777641604069,2.51045152558119
2,239,2239,-1.07847647906199,1.85311401272247
2,240,2240,-1.02467348032325,1.14244713198725
2,241,2241,-1.49710427759586,1.71758588691788
2,242,2242,-0.836443539487655,1.31340435155975
2,243,2243,-1.34653635548555,1.83046688511757
2,244,2244,-1.37284421314053,1.1085871236668
2,245,2245,-2.26015975007416,1.24899770856655
2,246,2246,-1.85317339125379,2.27266346920992
2,247,2247,-1.15118350152558,1.47161213526458
2,248,2248,-1.01258664337138,0.91408266193377
2,249,2249,-3.12142898611239,3.16977018642448
2,250,2250,-0.606996690346921,1.12237901097321
2,251,2251,-0.509535088965948,1.01543637051856
2,252,2252,-0.809569509491571,1.53329907632091
2,253,2253,-0.7730716637196,1.32389717037619
2,254,2254,-0.353824788213522,2.21301560853284
2,255,2255,0.502677122879481,2.43943262097787
2,256,2256,0.362578741413085,2.5434258421925
2,257,2257,0.0987532911861464,2.15763037057936
2,258,2258,-0.047303924437621,2.30224513475115
2,259,2259,-0.187012287933748,1.90558721410027
2,260,2260,-0.0379755494131673,2.70742373162248
2,261,2261,-2.56337105956761,1.96332848703181
2,262,2262,-1.81660737269032,1.5696905995012
2,263,2263,-1.85546527649289,1.68423238059479
2,264,2264,-1.20157243842067,2.16403016210819
2,265,2265,-1.4979952791879,2.09359525360212
2,266,2266,-1.56974416011845,3.10841982199684
2,267,2267,-1.30327240353584,1.90334077346485
2,268,2268,-1.54290072826359,3.59228381157264
2,269,2269,-1.53195050372526,1.5739014814885
2,270,2270,-1.54644914074345,1.40297696696941
2,271,2271,-1.23070019421822,1.44655818723175
2,272,2272,-1.65527973833352,1.71738895805058
2,273,2273,-1.97181404016638,2.21532007311713
2,274,2274,-1.31352061929121,1.4535108514357
2,275,2275,-1.32379908570533,1.83435091947538
2,276,2276,-0.965765890521596,1.28660325122345
2,277,2277,-0.885498735290157,1.45006512754735
2,278,2278,-0.283781859974573,1.57131139327777
2,279,2279,-1.10730239552173,1.86686017191335
2,280,2280,-1.6027021503888,1.04528796417969
2,281,2281,-1.40681029134238,1.00418165670635
2,282,2282,-1.49839850519169,0.887367782943797
2,283,2283,-0.623031313781418,1.22877886882086
2,284,2284,-1.95606872721253,1.22133181107869
2,285,2285,-1.22632481584893,1.05378052599484
2,286,2286,-1.61476736778147,1.37814974494677
2,287,2287,-1.39793354098121,1.0297517853534
2,288,2288,-0.394487223550013,2.27413014653452
2,289,2289,-0.187580630802159,3.60405912613624
2,290,2290,-0.20108500881316,2.10915651708299
2,291,2291,0.164916056352908,2.80184185349077
2,292,2292,-0.0626843100687088,2.08181008432982
2,293,2293,-0.606325168729655,2.09256337757173
2,294,2294,-0.416393554995109,1.78659520762977
2,295,2295,-0.331559772209375,2.20511443235156
2,296,2296,-0.280970342972565,2.67014679105264
2,297,2297,-0.623353046886076,2.7697828602958
2,298,2298,-0.0213509867142619,2.41793758637985
2,299,2299,-0.419066482870242,4.2170303625272
2,300,2300,-0.351507987339115,3.96847307186368
2,301,2301,-0.539232642823881,3.31991467365316
2,302,2302,0.0107152841411272,1.53032191046515
2,303,2303,-0.358279874420929,1.10432499152327
2,304,2304,-0.186442666208215,1.48071329116959
2,305,2305,-1.06760124111946,2.65975567316323
2,306,2306,-1.11238321254445,1.33241988309433
2,307,2307,-1.53524670767963,1.48392030635547
2,308,2308,-0.318587442537758,1.74933000231962
2,309,2309,-0.0795495719952738,2.21654265007309
2,310,2310,-0.112491623188663,1.95762742200614
2,311,2311,-1.50895909145859,0.808516084057382
2,312,2312,-1.48289074814124,1.33930142558062
2,313,2313,-1.08709113102043,0.948923025898689
2,314,2314,-1.13026837356978,0.984154126336071
2,315,2315,-1.18021245036086,0.788883036501005
2,316,2316,-1.06883362553258,1.0949943944124
2,317,2317,-1.07387508962284,1.1810338634332
2,318,2318,-0.997005537059358,1.13608456588094
2,319,2319,-1.43179474503717,1.29346927082424
2,320,2320,-1.80721152018785,1.66080848205815
2,321,2321,-1.95275432184875,1.67764741457567
2,322,2322,-2.15167714391456,1.24753651635639
2,323,2323,-0.334939185368445,1.41339278130807
2,324,2324,-0.344424969801572,1.46768090677947
2,325,2325,-0.753396096791633,1.26895700081701
2,326,2326,-1.37139233201056,1.61782819987239
2,327,2327,-1.87402218451361,1.63783686799648
2,328,2328,-2.23420383914107,1.5005229339923
2,329,2329,-1.80894298287491,1.15198872118398
2,330,2330,-1.52032197628124,1.90214333182312
2,331,2331,-1.49827799240329,1.78329287454041
2,332,2332,-1.31141452428978,1.3306880837487
2,333,2333,-0.759856458192196,2.53949369078889
2,334,2334,-1.21378318167784,2.16596490015313
2,335,2335,-1.22214153455396,2.39063915426301
2,336,2336,-1.79672899543812,2.20097117600541
2,337,2337,-1.4524782659956,1.58692199737973
2,338,2338,-1.23733068765283,1.48788056801455
2,339,2339,-1.29356038354253,2.09007288585605
2,340,2340,-0.632074780320724,1.67032533933715
2,341,2341,-1.47306076394454,0.901061224274852
2,342,2342,-1.79571828658397,1.35750241109974
2,343,2343,-1.95685687311422,1.27242322036915
2,344,2344,-0.948557931958297,1.22159777975945
2,345,2345,-1.04369829082459,2.24527711880498
2,346,2346,-1.75702932692656,1.94631076647344
2,347,2347,-1.84732508490149,1.86531958811569
2,348,2348,-0.618387239671053,1.34372816593305
2,349,2349,-1.74835114598347,3.31834139212569
2,350,2350,-1.45625511987078,2.29732093208701
2,351,2351,-1.48881758495632,2.10069083411584
2,352,2352,-1.01064668627474,1.8049359337491
2,353,2353,-1.76456713775391,2.26321582751746
2,354,2354,-1.79117404879408,2.24640659694865
2,355,2355,-0.709191091608512,1.44932264953882
2,356,2356,-1.042447120611,1.21262874062438
2,357,2357,-1.68591727687255,1.45431179363659
2,358,2358,-1.61823399776029,1.31975831889215
2,359,2359,-0.347581633534149,1.09872519006708
2,360,2360,-0.734188990490705,1.79306900301923
2,361,2361,-0.401820773061492,1.81893445408858
2,362,2362,-0.369294538182397,2.15003568357463
2,363,2363,-0.66187825964601,2.26906914559691
2,364,2364,-1.22710936628479,1.97013022051116
2,365,2365,-1.21666298847824,2.30458757378296
2,366,2366,-1.19311047997234,0.954290750494865
2,367,2367,-1.14902733642551,1.28204994308993
2,368,2368,-1.21381743945013,1.10090852542898
2,369,2369,-1.19235905369422,1.43347533705235
2,370,2370,-0.420972187377567,1.86400921545719
2,371,2371,-0.635293474709929,2.31607233259021
2,372,2372,-1.60930992196847,1.32233537453304
2,373,2373,-1.31420854291558,1.35797251512975
2,374,2374,-1.47960147917452,2.1090125161933
2,375,2375,-1.18770078077553,0.81670081798424
2,376,2376,-1.09055320584438,1.14274105498124
2,377,2377,-2.10777505387288,1.77943349853613
2,378,2378,-1.62588999734536,2.34119067040132
2,379,2379,-1.23447599931155,2.04277962349073
2,380,2380,-1.11085783030266,1.5824863111733
2,381,2381,-1.11854264312326,1.07038772104995
2,382,2382,-1.0969025754578,1.60244241478924
2,383,2383,-1.03206462350572,1.68651565625673
2,384,2384,-0.792485727029768,2.10046593707965
2,385,2385,-0.864893776343829,2.09295704832954
2,386,2386,-1.64422172458698,2.01617022311927
2,387,2387,-0.96609030700346,1.93504513686612
2,388,2388,-0.893231775729444,2.31264873470692
2,389,2389,-0.507424840808425,1.75630369141619
2,390,2390,-2.13392520421819,1.25564450211268
2,391,2391,-2.14650977134977,1.23769329664572
2,392,2392,-1.46021974431554,1.5739748878108
2,393,2393,-2.04555234668177,1.77257555333044
2,394,2394,-1.3919712661593,1.84530274385332
2,395,2395,-1.4698540883115,2.0714430877069
2,396,2396,-1.3610514646403,2.32845529176187
2,397,2397,-1.01683204956641,2.53845007054591
2,398,2398,-1.04409377544842,2.73163093102349
2,399,2399,-0.951721669727646,1.79437253254314
2,400,2400,-1.18233387816672,1.47562562555242
2,401,2401,-1.21576531564345,1.35462674657454
2,402,2402,-1.29188592674345,1.33267966283309
2,403,2403,-1.19869500186269,1.24144852231137
2,404,2404,-1.28854484629389,1.78951122388257
2,405,2405,-1.14744860034397,1.80008024779474
2,406,2406,-1.95038269081029,1.15736495296274
2,407,2407,-1.58641633629016,3.066827219352
2,408,2408,-1.53470096038656,0.866381108237329
2,409,2409,-1.76568906565852,1.23621345276542
2,410,2410,-1.51720333336961,0.844849283213114
2,411,2411,-2.46548215491595,1.49238580898555
2,412,2412,-1.98984574578313,1.37035830916375
2,413,2413,-3.05396197208378,1.64008562744097
2,414,2414,-1.17086884304698,0.736149705644397
2,415,2415,-1.25693078956129,1.39605229349665
2,416,2416,-0.766210557409572,1.46396772954352
2,417,2417,-1.11945733911009,1.5317393109836
2,418,2418,-1.20531666429809,1.34382970882844
2,419,2419,-0.894522165946973,1.04745918010781
2,420,2420,-1.82381552170711,1.38558082096178
2,421,2421,-1.51637194359542,1.42661189008007
2,422,2422,-2.0852699856429,2.5059458638129
2,423,2423,-2.66171954768943,2.68173712739204
2,424,2424,-1.95408237796112,2.03753440502611
2,425,2425,-1.71749340497228,1.72867904934393
2,426,2426,-1.67786475281113,1.58018586396816
2,427,2427,-1.69539056453808,1.50156633879889
2,428,2428,-1.6716761382328,1.43153829711191
2,429,2429,-1.55979426705924,1.14841520120829
2,430,2430,-2.04315909011579,1.80083965735757
2,431,2431,-2.28408234073627,1.93715546561491
2,432,2432,-1.19287969879476,1.1679228481352
2,433,2433,-1.52592872579898,1.84534698187015
2,434,2434,-1.27730934217007,1.5378559298587
2,435,2435,-1.6711002767004,2.18617171501806
2,436,2436,-1.24050380370039,1.88646160367564
2,437,2437,-0.193923633193889,3.2416423497378
2,438,2438,-0.187729337474608,3.49749334745051
2,439,2439,-0.224966947448941,3.68018032752226
2,440,2440,-0.354385089253405,2.81993803454217
2,441,2441,-0.482876945219226,2.4581995209771
2,442,2442,-0.635998767999149,2.43068135852251
2,443,2443,-1.47339602683998,1.47516971486201
2,444,2444,-0.931692182380173,1.03668614617629
2,445,2445,-1.71732925226848,1.02681560924033
2,446,2446,-1.11792859748494,0.945540608753565
2,447,2447,-0.718136954717208,1.29097624879649
2,448,2448,-1.34527544775199,1.05671811032827
2,449,2449,-1.19698907543567,1.25234912664769
2,450,2450,-0.963283015542042,1.99698772307521
2,451,2451,-1.54005301462768,2.33409649625046
2,452,2452,-0.97144929323084,1.10275023844859
2,453,2453,-1.21440137657558,1.285798121465
2,454,2454,-1.68834265180695,2.68611220296527
2,455,2455,-1.20364740795395,1.41998472063501
2,456,2456,-1.39918304246131,1.65147175287911
2,457,2457,-1.20650181031309,1.44851052052083
2,458,2458,-1.64678094894676,2.49910857773565
2,459,2459,-2.00925924195425,2.92671098945458
2,460,2460,-1.63390260732304,2.53126629538467
2,461,2461,-1.85754977228262,2.71884774714789
2,462,2462,-1.64331903416067,1.14990430625703
2,463,2463,-1.63403686367504,1.17334942985111
2,464,2464,-2.02410621599096,1.56687788419568
2,465,2465,-1.70195431218293,1.11554668355944
2,466,2466,-1.29741219859724,0.864914102204184
2,467,2467,-1.42280607450243,1.78066175518424
2,468,2468,-1.71286081564974,1.96739715351391
2,469,2469,-1.89810502132419,1.75877289679078
2,470,2470,-2.1544717362654,1.76500964962526
2,471,2471,-0.635455823326786,1.32591420170787
2,472,2472,-1.88380154893491,1.64601735814421
2,473,2473,-2.04749015985719,1.9776150040747
2,474,2474,-2.13059414854629,3.70950645946533
2,475,2475,-1.54288515871991,2.34486773588927
2,476,2476,-1.23123110709002,1.39000366190524
2,477,2477,-1.51155596055281,3.19812564360675
2,478,2478,-1.16976756933501,2.32123023592695
2,479,2479,-1.33575492455602,3.56168829419891
2,480,2480,-0.826762133030336,1.61502625126393
2,481,2481,-0.950037231025636,1.41903102709357
2,482,2482,-1.1136666944927,3.70348252858377
2,483,2483,-0.763385523259931,2.30561135381173
2,484,2484,-1.95986795039454,1.01591482574922
2,485,2485,-1.39463870509544,1.34758478895479
2,486,2486,-1.04347901631697,1.49809519076587
2,487,2487,-1.04389969264271,1.53397126896678
2,488,2488,-1.55825474808311,1.11588874389943
2,489,2489,-1.0407130939335,1.03593603540404
2,490,2490,-2.02204207256697,1.65030758250978
2,491,2491,-1.04993914729114,1.46201808994113
2,492,2492,-1.3188568662737,1.08136256942985
2,493,2493,-1.29864203315024,1.06496231445538
2,494,2494,-1.00784333518984,0.566263215359953
2,495,2495,-2.77288398363306,2.94132299753161
2,496,2496,-1.11002632325334,0.460214066881911
2,497,2497,-0.965073892095441,0.963133996979088
2,498,2498,-0.917131769547037,0.811124781640306
2,499,2499,-0.992457896248503,1.06331740006125
2,500,2500,-0.656648857270989,0.879698952389592
2,501,2501,-0.982844060486375,2.06543384807183
2,502,2502,-1.22190290035889,1.25461563646964
2,503,2503,-1.17484838730104,1.78585063505309
2,504,2504,-1.3934264009125,1.69937670032623
2,505,2505,-0.284847968230835,1.17822179448265
2,506,2506,-1.67202149870018,1.6590174951711
2,507,2507,-1.83418027400163,1.52771441625411
2,508,2508,-1.62036874631422,1.22706740349065
2,509,2509,-1.74193360224401,1.80878574724438
2,510,2510,-2.34535863504303,1.9979328692309
2,511,2511,-1.55484536608129,2.18977107912737
2,512,2512,-0.52798234014833,1.45167637527993
2,513,2513,-0.45578895182961,1.36358698824743
2,514,2514,-0.755260091550676,1.40128165007472
2,515,2515,-2.03201731425259,1.45790793347997
2,516,2516,-1.66214848396422,1.95127084658778
2,517,2517,-1.81729800559161,2.01511319906054
2,518,2518,-1.71841741318647,1.02102005989087
2,519,2519,-1.07553795095177,1.00661334580614
2,520,2520,-1.37311412683933,1.21191588210752
2,521,2521,-1.74864251591695,2.17938876665628
2,522,2522,-1.96680856603663,1.40008775876333
2,523,2523,-0.679899430194573,0.629953531736927
2,524,2524,-1.16937734167414,0.869875491825578
2,525,2525,-1.08004789023171,0.885622476871003
2,526,2526,-0.914243867405293,1.26786700333097
2,527,2527,-1.9563281006931,2.59268448567843
2,528,2528,-1.4336188176966,2.17577281929222
2,529,2529,-1.74112218699684,2.81948441797605
2,530,2530,-2.47734574865191,1.11245260351996
2,531,2531,-2.75225209670007,1.32281049960283
2,532,2532,-1.58844616603152,1.0520209379776
2,533,2533,-2.37187173134947,1.08118273566231
2,534,2534,-0.74104583003437,1.68891312370911
2,535,2535,-2.01997753123465,1.58920352155167
2,536,2536,-1.46497785588677,2.58206681174691
2,537,2537,-1.14619787595706,2.52656987152776
2,538,2538,-0.817181346671012,2.09070062061016
2,539,2539,-0.985825799366471,2.73220161973407
2,540,2540,-0.631718590188041,2.58625805665266
2,541,2541,-0.645647195238134,1.55895023392632
2,542,2542,-0.569945606013119,1.69265403964663
2,543,2543,-0.667987909075419,1.11027181895662
2,544,2544,-1.45686034239453,1.3963680523392
2,545,2545,-1.40079830990868,1.17253117237744
2,546,2546,-1.07078340778349,2.10571949343849
2,547,2547,-1.26570958851998,1.69002004387264
2,548,2548,-0.404311889983192,1.25329705800681
2,549,2549,-0.955938002143267,1.52211440107117
2,550,2550,-1.28771716135132,1.77190433030334
2,551,2551,-1.34247524717381,1.90806418255121
2,552,2552,-1.20768059580401,1.28223075311917
2,553,2553,-1.01440250436627,0.974677884223945
2,554,2554,-1.30729168626049,1.60925758473092
2,555,2555,-2.15082996603937,2.44460109048983
2,556,2556,-1.79556934055059,1.09759344953352
2,557,2557,-1.021806717527,1.14265753692392
2,558,2558,-1.89085757524042,2.83911239746635
2,559,2559,-1.51301864356102,1.71717847603841
2,560,2560,-1.65361498577868,2.23061631228938
2,561,2561,-1.75204651747396,1.44241858653779
2,562,2562,-1.45507228672155,2.09714513310679
2,563,2563,-1.95811066446137,2.36622389887099
2,564,2564,-1.83316738758706,1.76296077135516
2,565,2565,-0.92640315409376,1.65754992072059
2,566,2566,-0.773509017763004,2.22800047773062
2,567,2567,-0.43801047308936,2.8429082803201
2,568,2568,-0.438149910671989,3.0522008385131
2,569,2569,-0.722368948827939,3.1392871323511
2,570,2570,-1.54755535208097,2.7550933444358
2,571,2571,-1.77384160841086,1.48729479162144
2,572,2572,-1.46044563342834,1.27368461748504
2,573,2573,-1.83273816690452,1.12891400697841
2,574,2574,-2.49464300999389,1.90591075218078
2,575,2575,-1.13104370834441,2.10895649427465
2,576,2576,-1.45384253918511,1.84569641868405
2,577,2577,-1.157944398747,1.46027636508108
2,578,2578,-1.949133978611,1.19248914800148
2,579,2579,-1.59482741113119,1.02609891429305
2,580,2580,-1.70193045883304,1.95087310718129
2,581,2581,-1.84068054980939,1.99707905755483
2,582,2582,-1.98235524593674,0.934920649795819
2,583,2583,-2.10942168231837,1.26330214418592
2,584,2584,-1.89454808373856,2.21786428283097
2,585,2585,-1.73995287888037,2.84016319106056
2,586,2586,-2.50097604442947,3.38593149236532
2,587,2587,-2.2116674543589,3.86874317949417
2,588,2588,-1.58158775965338,3.98438286258522
2,589,2589,-0.123141821123317,2.1645548588837
2,590,2590,-2.49628148922508,2.71448750239255
2,591,2591,-2.38526156675666,2.86646068986202
2,592,2592,-1.39112198713051,1.02164202158249
2,593,2593,-0.801448925157351,1.75243747111508
2,594,2594,-0.943341711419697,1.26773413027424
2,595,2595,-0.998625556534006,1.28696569101432
2,596,2596,-1.74110995456807,2.90474093367547
2,597,2597,-1.49152651639888,2.51704203491452
2,598,2598,-2.0168707899464,2.42021706166452
2,599,2599,-1.58737133193781,1.57858516926739
2,600,2600,-2.0632063723635,1.77437651646939
2,601,2601,-1.38294434992778,1.28066410457157
2,602,2602,-1.89968412045986,1.4736314890818
2,603,2603,-2.01214941824619,1.1703464279238
2,604,2604,-1.04731327531179,1.66612424819445
2,605,2605,-1.12817768066155,1.83786416215079
2,606,2606,-0.6999070031288,1.47983498846951
2,607,2607,-0.432299530521605,0.859857315964185
2,608,2608,-1.48429206523864,2.15232815493028
2,609,2609,-1.52330681535072,1.17862779801411
2,610,2610,-0.880284555423026,0.842106545055241
2,611,2611,-2.0357755864975,1.54798563597341
2,612,2612,-1.59908327208272,0.652073303845773
2,613,2613,0.228700571474916,3.36889799900798
2,614,2614,0.0969234467325726,2.79490007827685
2,615,2615,-0.00898346376300138,2.708797098299
2,616,2616,-0.35444381372215,1.85126025047744
2,617,2617,-0.591094113052912,2.19080263653324
2,618,2618,-1.3358950176453,1.36376538537307
2,619,2619,-1.65811613780518,1.40768545248627
2,620,2620,-1.81618908995481,1.53759767650053
2,621,2621,-1.17896680070547,1.13081331890339
2,622,2622,-1.36549800483916,1.68121333714245
2,623,2623,-1.25245655817708,0.964781415541977
2,624,2624,-0.611041433353069,1.85155922714082
2,625,2625,-1.36227578921214,1.10654685369021
2,626,2626,-1.39116074521322,1.05430344806479
2,627,2627,-1.17197270952249,1.3195293395817
2,628,2628,-1.11757969823835,1.16135296634068
2,629,2629,-1.67692197376083,1.506283921762
2,630,2630,-1.09790732707096,2.20643550267539
2,631,2631,-1.00414435556678,1.26854937666277
2,632,2632,-1.75668222579033,1.76260242340011
2,633,2633,-1.12437648833451,0.817018938209362
2,634,2634,-1.89567343133512,1.01443188605774
2,635,2635,-2.56156478961495,1.47490288298825
2,636,2636,-1.74290158321366,0.805387239066123
2,637,2637,-0.998216918510762,1.24206242817951
2,638,2638,-0.985706402088922,1.071815679363
2,639,2639,-1.09392039621559,1.36884137126225
2,640,2640,-1.20737054610369,1.28678076760948
2,641,2641,-1.00274017940717,1.09320580475366
2,642,2642,-0.738522355383048,0.997485181108682
2,643,2643,-1.23107914667014,1.01131218915156
2,644,2644,-1.11210428670723,1.21581937596048
2,645,2645,-1.66475095300282,1.62718346586966
2,646,2646,-1.16076354055858,1.45577382266214
2,647,2647,-1.17678170992348,1.47159330078037
2,648,2648,-1.18669600873937,1.72653737813635
2,649,2649,-1.46712639086213,1.64020237093015
2,650,2650,-1.28787160823986,1.414451170445
2,651,2651,-1.26955657198898,1.26251734196662
2,652,2652,-1.43766484590456,1.7506791047718
2,653,2653,-1.64012653518014,2.4187937032679
2,654,2654,-1.71634187416669,2.2161439304563
2,655,2655,-2.07584577651742,2.09720487453702
2,656,2656,-2.03743191442937,1.8569276347387
2,657,2657,-1.8766290842423,1.97044529010009
2,658,2658,-1.4763696172238,2.26417021759571
2,659,2659,-1.48894580420223,2.18177894590645
2,660,2660,-0.352939474503824,2.23216089706842
2,661,2661,-0.984519961156561,1.35427998390177
2,662,2662,-1.30359255641296,1.24427408918614
2,663,2663,-0.912461362007031,1.12555000170275
2,664,2664,-1.05627872854775,0.676747465920251
2,665,2665,-1.15768600988077,1.26974764873181
2,666,2666,-1.04067077725313,1.13700799022949
2,667,2667,-1.16451765481174,1.18005420841815
2,668,2668,-0.718551627029014,1.1546682859806
2,669,2669,-0.670972587154915,1.60923090199122
2,670,2670,-0.613728742403032,1.29141092170817
2,671,2671,-0.670199043118936,1.21185138787316
2,672,2672,-0.718158290857896,1.34427625009692
2,673,2673,-0.894577959345162,1.74782614882763
2,674,2674,-0.729472162713054,2.01748228650802
2,675,2675,-0.995961517182714,1.71923807329637
2,676,2676,-1.43487508743104,1.2311753495641
2,677,2677,-0.883459161105567,1.01390463660596
2,678,2678,-1.54496775714382,1.25400576071025
2,679,2679,-1.37648845195298,1.20574442323477
2,680,2680,-0.999306498485171,1.04005881373531
2,681,2681,-1.77815059603812,0.96650594557467
2,682,2682,-1.80571704238842,1.14211759779102
2,683,2683,-1.67575399689473,1.72163591226095
2,684,2684,-2.21441059592739,1.7343087040186
2,685,2685,-1.51994131419616,1.84793046929669
2,686,2686,-1.71578754336235,1.59508931273287
2,687,2687,-0.847913278291814,1.35828684149049
2,688,2688,-1.08143262286285,2.20873521823412
2,689,2689,-1.18129138523921,2.07342041834299
2,690,2690,-1.9857373751851,1.56179511256643
2,691,2691,-0.992589884898606,1.62799736345719
2,692,2692,-2.16434868767902,1.71988009124931
2,693,2693,-2.01929014922308,2.06312880594713
2,694,2694,-1.39742825171326,2.12837081712702
2,695,2695,-1.59605526775185,1.81764984361228
2,696,2696,-0.195512937000579,2.13958322222636
2,697,2697,0.0470428248674906,2.08661241083404
2,698,2698,-0.53159416090984,1.54527480501002
2,699,2699,-1.91883102510675,1.22776822445977
2,700,2700,-1.94121292034092,1.63486921811964
2,701,2701,-1.11927341928468,0.874135371645544
2,702,2702,-1.16635537425802,1.31551272153397
2,703,2703,-1.9993091634973,0.820465318094861
2,704,2704,-1.64021130326108,0.699589006676
2,705,2705,-1.42605777483473,0.871174168112763
2,706,2706,-1.56017893573749,0.942856571739712
2,707,2707,-1.65127712527742,1.23553250805825
2,708,2708,-0.94749888691253,0.7526905359733
2,709,2709,-1.61205797954694,1.13861464632644
2,710,2710,-0.887449246009694,2.0452423683377
2,711,2711,-0.603481410629722,1.98150121601614
2,712,2712,-1.11300403994609,2.49142756550594
2,713,2713,-0.839489836075595,1.8872694709152
2,714,2714,-1.15807470156958,2.1098761305985
2,715,2715,-1.22029864635749,2.32233336699205
2,716,2716,-1.44399970204393,1.77363910194607
2,717,2717,-1.275655868358,1.50618221926522
2,718,2718,-0.677126511388651,2.25269226390768
2,719,2719,-1.0656479399431,1.47569832266769
2,720,2720,-0.816894152185052,1.15374711085537
2,721,2721,-2.33219924509205,1.52269674588645
2,722,2722,-0.906548511874344,1.8568126707094
2,723,2723,-1.50503863201748,2.01239735757655
2,724,2724,-1.44480499700995,2.32835613568822
2,725,2725,-1.62049017946491,1.71176374633218
2,726,2726,-1.25597107754207,1.54812483514943
2,727,2727,-1.15402744934479,1.18504292657756
2,728,2728,-1.35918601199253,1.56922334364675
2,729,2729,-1.36496029645592,1.24995851752104
2,730,2730,-1.22999798049479,1.25458969186272
2,731,2731,-1.61022048651127,1.99624834437449
2,732,2732,-1.59559974194196,2.21046634626003
2,733,2733,-1.62921232527534,1.63593569655719
2,734,2734,-1.49675981700131,1.31900985661031
2,735,2735,-1.3033779783402,1.15787583561634
2,736,2736,-1.55090772332454,1.36275452500882
2,737,2737,-1.7333304875983,1.25643235362845
2,738,2738,-2.04137649106158,1.60212999583806
2,739,2739,-1.80807204405615,2.03607609582976
2,740,2740,-1.60653335013697,1.41833776351391
2,741,2741,-2.32588397592038,2.23309251729562
2,742,2742,-2.18292205182218,1.2250141175581
2,743,2743,-2.25884276177368,1.15013704658606
2,744,2744,-1.73876637923893,1.40109323548301
2,745,2745,-1.09606930182068,1.59742962428901
2,746,2746,-0.960016338008664,2.18428698399615
2,747,2747,-0.897589942654109,1.83053395516963
2,748,2748,-1.13048825326177,2.2015838499755
2,749,2749,-1.0075072181506,2.71442070165231
2,750,2750,-0.955854337947572,2.74252360866408
2,751,2751,-0.894234220585749,2.79982896513511
2,752,2752,-1.58359713307866,0.895323033658678
2,753,2753,-2.20849813677851,1.56064263293413
2,754,2754,-2.63798562889701,1.85315043656019
2,755,2755,-1.51852699255927,1.0229676751385
2,756,2756,-1.8554037516262,1.21837677781229
2,757,2757,-2.56577250242002,1.68123896123791
2,758,2758,-1.89330917529117,1.36076676372209
2,759,2759,-1.49778615474706,1.47154428979881
2,760,2760,-1.78383788234144,1.69206419929511
2,761,2761,-1.00092281507936,1.37884187399382
2,762,2762,-1.41031050633186,1.88277664744014
2,763,2763,-1.39729314753988,1.87235986274251
2,764,2764,-1.7418610945124,1.50780257086295
2,765,2765,-1.96026425998125,1.23023583062648
2,766,2766,-1.39432677477213,1.74997323028728
2,767,2767,-0.951463738803612,0.750356617425555
2,768,2768,-0.599644475542532,0.961741535958731
2,769,2769,-0.526004084684171,0.819037798059932
2,770,2770,-0.50593848303906,0.869771939723962
2,771,2771,-1.18767959259214,0.824022543536997
2,772,2772,-1.10876715815626,1.28708248010737
2,773,2773,-1.56270783398816,0.989370981949873
2,774,2774,-1.55057932046318,1.06979479323621
2,775,2775,-1.70658944172741,1.09734080956453
2,776,2776,-1.69097167711032,1.25246314089282
2,777,2777,-2.24231500468957,2.02003977424612
2,778,2778,-2.3561207901753,2.00915958925238
2,779,2779,-2.22604265185158,1.67100569927831
2,780,2780,-1.88036397179424,1.00349487045092
2,781,2781,-1.22465910358854,2.05711590832926
2,782,2782,-1.22309188804031,2.0618138911927
2,783,2783,-1.19919864803762,1.92950338975438
2,784,2784,-0.961072292150316,1.80951389687683
2,785,2785,-1.13535506856143,1.78631744467696
2,786,2786,-1.46641124890139,1.16187075995037
2,787,2787,-0.779302187659034,1.52893896623119
2,788,2788,-0.895409703177424,1.27498375554143
2,789,2789,-0.931731712034025,1.07223278377376
2,790,2790,-1.24507015785398,1.41852864040324
2,791,2791,-1.41125605247824,1.48094066261092
2,792,2792,-1.56414788830036,1.58919938584933
2,793,2793,-1.63637227396992,0.963053581304884
2,794,2794,-1.38626812742994,0.854548848092018
2,795,2795,-1.98721427871092,1.44979432672681
2,796,2796,-2.20871647795887,1.32188992815965
2,797,2797,-2.99403092728601,1.96750810549397
2,798,2798,-2.90178342962025,2.34401667070066
2,799,2799,-2.83422915916331,1.84771148518309
2,800,2800,-2.05348337637813,1.91508574766947
2,801,2801,-0.700515826135071,2.61919777978544
2,802,2802,-1.65611740585674,2.43921941394855
2,803,2803,-1.93705902024276,1.73529323261081
2,804,2804,-1.66098900631297,1.48570570848753
2,805,2805,-1.78462785277405,0.915352428133547
2,806,2806,-1.13204680806963,1.52104771252654
2,807,2807,-1.55363008211053,1.62206693279605
2,808,2808,-1.37135769848688,1.80532784378675
2,809,2809,-0.798757347357149,1.73983343342062
2,810,2810,-0.79374745698906,2.01789721615462
2,811,2811,-0.714130127159574,2.14907104710114
2,812,2812,-1.67849899095103,1.9577219147232
2,813,2813,-0.514703726164065,1.27878576438285
2,814,2814,-0.952063434314567,1.88016983610626
2,815,2815,-1.04760215166456,1.55467743285963
2,816,2816,-2.42860915749008,4.36340223521135
2,817,2817,-1.61109123935491,1.65372443975675
2,818,2818,-1.70965174963504,2.06917988134366
2,819,2819,-1.92032800383813,1.42795470717992
2,820,2820,-0.657293191624666,0.771750675238539
2,821,2821,-1.54282832910129,1.06657344431483
2,822,2822,-0.9399680392678,1.72311407379842
2,823,2823,-1.7620429864074,2.71600723657206
2,824,2824,-1.95367288272542,2.02110940147468
2,825,2825,-1.99311236863164,2.53965992947218
2,826,2826,-0.842262185791278,1.52472469398935
2,827,2827,-1.18557860302295,1.15561018741147
2,828,2828,-1.67768218783804,2.05270565297094
2,829,2829,-0.848296307403803,1.25028864094645
2,830,2830,-1.26731814875363,1.11795900138076
2,831,2831,-0.975444271107015,1.70492759440105
2,832,2832,-0.857875094232141,0.958493620126997
2,833,2833,-2.3052898243593,1.779906496621
2,834,2834,-2.39578412427159,1.56000239009935
2,835,2835,-2.50075156310091,1.6412730637355
2,836,2836,-2.55566526072068,1.75309362183199
2,837,2837,-1.86104897794166,1.76291940601671
2,838,2838,-1.09520863762725,1.41058794894103
2,839,2839,-1.60030510717958,1.38333767100115
2,840,2840,-1.63563453111266,1.94541614479122
2,841,2841,-1.50954190083329,2.54419332243205
2,842,2842,-1.07595371707883,1.11553159945825
2,843,2843,-1.77041737566916,1.3898575203068
2,844,2844,-2.24879816971172,1.32736703016058
2,845,2845,-1.79108767962898,1.09011632822281
2,846,2846,-1.54414562182617,2.51317297196349
2,847,2847,-0.829836041175539,1.4978483370515
2,848,2848,-1.41438240857726,1.51673128269706
2,849,2849,-0.872778707787954,1.68178406269739
2,850,2850,-0.942247972543079,1.65263766451186
2,851,2851,-0.898535938597996,1.12958324545993
2,852,2852,-1.00524030701123,1.53742787315706
2,853,2853,-1.87166052142282,1.70250054774992
2,854,2854,-1.32620914806302,1.92555122780097
2,855,2855,-0.86687341953084,1.30949572160004
2,856,2856,-1.20849292484082,0.970429685380372
2,857,2857,-0.566018254018073,1.10918679907417
2,858,2858,-0.546323049824802,1.47021578057849
2,859,2859,-1.51438287952091,1.39013495379355
2,860,2860,-1.46159268537984,1.10862187142244
2,861,2861,-1.06799112295385,1.29186936973738
2,862,2862,-1.1789890960198,1.007795528604
2,863,2863,-0.78875001882255,0.747458751201901
2,864,2864,-1.2390126095418,1.29154504347215
2,865,2865,-1.32239930258402,1.58803327917823
2,866,2866,-0.9891266803277,0.780255779023006
2,867,2867,-1.25550770975016,1.01589499965049
2,868,2868,-1.56996802552911,1.43361204543819
2,869,2869,-0.517743451695592,1.86550852404796
2,870,2870,-1.02466453046762,2.12113576579637
2,871,2871,0.414862747937017,2.13068123504714
2,872,2872,-0.200884671248591,1.84465938911183
2,873,2873,-0.409736980583164,1.48201334906636
2,874,2874,-0.238655695712002,1.67858947656822
2,875,2875,-1.88666381859147,1.23262284020515
2,876,2876,-2.02413704451475,1.28856501116586
2,877,2877,-1.72837334281412,1.38771571675633
2,878,2878,-2.51567635377363,1.77404093403817
2,879,2879,-0.692574588506615,1.40570088051171
2,880,2880,-1.0690087001038,1.28293024556141
2,881,2881,-1.41701545982716,1.40899648144713
2,882,2882,-1.45499684628371,2.04361611441921
2,883,2883,-1.48740381186794,1.59733703251261
2,884,2884,-1.2311443573677,1.08156637944191
2,885,2885,-0.0608977657643076,1.63301491282418
2,886,2886,-0.535077956856105,2.00674084313791
2,887,2887,-0.273683423310676,1.47634609699086
2,888,2888,-0.340576570375972,1.54437292032879
2,889,2889,-0.364154020172994,1.86658315578167
2,890,2890,-0.342031304108667,1.49658297808691
2,891,2891,-0.946188974652229,1.94373544152658
2,892,2892,-1.37913970835478,1.28859366821424
2,893,2893,-0.895728792725072,2.1459503197754
2,894,2894,-1.62693723831472,1.21458473992181
2,895,2895,-1.48791529207554,1.16654286871675
2,896,2896,-0.944797173330303,0.858736559713616
2,897,2897,-1.68809607169251,1.77905684314691
2,898,2898,-0.735660866460986,2.10238868179914
2,899,2899,-1.41042362236934,1.47365419703598
2,900,2900,-1.29375526164751,1.95464077859718
2,901,2901,-1.06295792187819,3.18128423971359
2,902,2902,-0.486663009274053,2.8603355584697
2,903,2903,-0.918957396679118,2.39417422315911
2,904,2904,-0.73862591148488,3.86591695273247
2,905,2905,-1.4821160672397,3.08703249378931
2,906,2906,-1.7385905797295,1.93888641911682
2,907,2907,-1.17073324942787,1.62025314462604
2,908,2908,-1.02709306128506,1.38685344765898
2,909,2909,-1.88657164944878,2.19476844760614
2,910,2910,-1.12772721651222,1.88005026891661
2,911,2911,-1.32830723304026,1.08396692789582
2,912,2912,-1.5070873057218,0.951257786443549
2,913,2913,-1.60949705514683,1.2273920013908
2,914,2914,-1.58366987270519,1.22380039565428
2,915,2915,-1.37009543358544,1.01450728954045
2,916,2916,-0.857107296505632,0.770991043052008
2,917,2917,-1.4282116042271,0.999714664847005
2,918,2918,-1.3550928914999,1.0456914967069
2,919,2919,-1.57042607622592,2.2845042510128
2,920,2920,-1.27058726432953,1.52439467532527
2,921,2921,-1.47828336092396,1.28992134147308
2,922,2922,-1.30196027128185,1.55746746217251
2,923,2923,-2.50822999569546,1.61496632055633
2,924,2924,-1.80272105762931,1.29984614112563
2,925,2925,-1.29085634536288,1.23486981360916
2,926,2926,-1.57865761656491,1.43237998503062
2,927,2927,-0.809828833978332,2.43701555248182
2,928,2928,-0.954567430897168,1.17987063079411
2,929,2929,-1.3435371666646,1.21271392432878
2,930,2930,-1.28270569839607,1.11573532403161
2,931,2931,-1.26547217677503,1.14779214147591
2,932,2932,-1.77220985515184,1.92240461471081
2,933,2933,-1.53757407354592,2.88142476297819
2,934,2934,-1.41238613084829,1.20698474087012
2,935,2935,-1.75863067838527,1.32237416091378
2,936,2936,-0.975725024582686,1.70841988208114
2,937,2937,-1.12602285458536,1.71985894633017
2,938,2938,-1.28635155721443,1.68678061673378
2,939,2939,-1.34397965304817,1.5685274526443
2,940,2940,-1.4560669449601,2.05369713317556
2,941,2941,-0.9522330057887,0.799218514605973
2,942,2942,-1.09934106856938,1.35672844816388
2,943,2943,-0.987555965510528,0.969360935276767
2,944,2944,-1.00602808325597,0.924122394384927
2,945,2945,-0.614258324108821,1.12898080900346
2,946,2946,-1.39927462021297,1.02524621198501
2,947,2947,-0.961096784031975,1.10957081545912
2,948,2948,-1.43931777503592,0.910203073438465
2,949,2949,-1.13183022025415,0.834970605690324
2,950,2950,-1.41786564686414,1.26452798822417
2,951,2951,-1.45457566855184,1.54821049191476
2,952,2952,-1.13881738785727,1.52665683142835
2,953,2953,-0.889462475604834,1.83183044139659
2,954,2954,-1.60398293490079,2.02038790716692
2,955,2955,-1.31668847386343,1.90266547334841
2,956,2956,-1.97305556647757,1.80853892744997
2,957,2957,-1.71929642592103,1.50341825370157
2,958,2958,-1.41884172168266,1.04577196970778
2,959,2959,-1.35242467837118,1.33832141779809
2,960,2960,-1.488973763885,1.61439323131008
2,961,2961,-1.35757751637672,1.44235768943043
2,962,2962,-1.33517910830206,1.40465641931298
2,963,2963,-1.19977030649759,1.66205867199234
2,964,2964,-0.95449671781007,1.621730136009
2,965,2965,-0.460086539721702,2.02385599317443
2,966,2966,-0.519495730539904,3.60151744415504
2,967,2967,-0.559531840792798,3.91872440447898
2,968,2968,-0.608624059832783,3.16821211551969
2,969,2969,-0.335577331250434,2.30869530408328
2,970,2970,-1.04582120992626,1.92931450020501
2,971,2971,-1.05130920867527,1.94649236086543
2,972,2972,-1.14074761975643,1.22972655576121
2,973,2973,-1.64158667710916,1.50738436270813
2,974,2974,-1.64487130079265,1.26606393369221
2,975,2975,-1.44299513869435,1.10685360899605
2,976,2976,-1.37652176702332,0.939760748047285
2,977,2977,-1.28342901747538,1.14511873314789
2,978,2978,-1.30809669108095,1.01529277257837
2,979,2979,-1.9617254489317,0.990618493034211
2,980,2980,-0.930239561317634,2.00106712612294
2,981,2981,-1.08215319800747,1.45212837948481
2,982,2982,-1.84430615946389,2.02661773763852
2,983,2983,-1.50823624221392,1.37642774790043
2,984,2984,-1.267819455834,1.26030833377196
2,985,2985,-1.58627242637352,1.47131288973684
2,986,2986,-0.958864317377917,1.08000217273035
2,987,2987,-0.765779314030403,0.847012934798313
2,988,2988,-0.973042825273437,1.30210852715028
2,989,2989,-1.53607069205702,1.38937774880306
2,990,2990,-1.22797246411633,1.7092588142726
2,991,2991,-2.13086357699279,1.9996572002502
2,992,2992,-1.3176490012891,1.71451814036498
2,993,2993,-1.36185151967792,1.76012211707604
2,994,2994,-1.53463859744926,1.59460252392088
2,995,2995,-1.47067303764897,1.206219604642
2,996,2996,-1.9239133828099,1.62953879189961
2,997,2997,-1.01775169411617,1.6722347357522
2,998,2998,-0.889772380772939,1.9242237088445
2,999,2999,-1.27716795673566,1.3684566185355
2,1000,3000,-1.24962750736642,1.50850403734286
2,1001,3001,-1.2644490691662,1.15726243762438
2,1002,3002,-1.43703363223961,1.14973126098022
2,1003,3003,-1.46737918709609,0.73867593525043
2,1004,3004,-1.73126655487303,0.82849575585266
2,1005,3005,-1.18504068899032,0.77016857490007
2,1006,3006,-1.96944398206132,1.13902570877946
2,1007,3007,-1.93426115237234,1.27449887287719
2,1008,3008,-1.85827494588835,1.22467019264514
2,1009,3009,-1.78292512739279,1.23209148339422
2,1010,3010,-1.54134501512247,1.19987033544213
2,1011,3011,-1.53244169873906,0.859443175848465
2,1012,3012,-2.0218459860128,1.3028326454038
2,1013,3013,-1.37150857660876,1.48242845123462
2,1014,3014,-1.35681399176099,1.0222822680604
2,1015,3015,-1.69620179654787,1.22097829107979
2,1016,3016,-1.40823288343492,1.81732933549804
2,1017,3017,-2.12017689302461,4.05820846601975
2,1018,3018,-2.10103902957647,3.97780061198616
2,1019,3019,-2.1644599671383,4.03165320064022
2,1020,3020,-2.44690623879316,4.36049159562851
2,1021,3021,-1.52841401999769,2.23085134195609
2,1022,3022,-1.70731409194705,2.51740475970059
2,1023,3023,-1.65426759139335,2.31772559459506
2,1024,3024,-1.72268332565526,1.40219671029716
2,1025,3025,-2.20187089797577,2.06362592960855
2,1026,3026,-1.93480022895737,2.36170319307876
2,1027,3027,-1.18253939441364,1.12594448842381
2,1028,3028,-1.25486958316878,1.82910611638553
2,1029,3029,-1.52143886900809,1.79550787861846
2,1030,3030,-1.39356277471068,1.77824652256955
2,1031,3031,-1.50906636292737,1.78468006715712
2,1032,3032,-1.45660198105193,1.77249576733005
2,1033,3033,-1.36389447106919,1.56917117892749
2,1034,3034,-1.31535888682703,1.93836714671607
2,1035,3035,-0.880989466574753,0.865608773684579
2,1036,3036,-1.5074914153937,0.967552562680586
2,1037,3037,-1.67270611366211,1.5414485672084
2,1038,3038,-1.54510102774949,1.01062459710552
2,1039,3039,-1.7001266015883,1.38264624535191
2,1040,3040,-1.78417111427466,1.93322218449547
2,1041,3041,-0.747088443587116,1.73042498381901
2,1042,3042,-1.0746822188519,1.23338003697258
2,1043,3043,-1.64364120955607,1.79463033617178
2,1044,3044,-1.18434186018729,1.13692516295456
2,1045,3045,-1.43438319065817,0.666970866365285
2,1046,3046,-1.03118147913262,1.54581529462952
2,1047,3047,-1.1348939100475,1.65680521449933
2,1048,3048,-1.60066877625068,2.19545140961351
2,1049,3049,-1.38360243604431,1.41557582290122
2,1050,3050,-1.36074120425382,1.35700723690435
2,1051,3051,-1.69725540428211,1.13087882341584
2,1052,3052,-1.75745132356888,1.09895950665446
2,1053,3053,-1.80241806641387,1.24502812200121
2,1054,3054,-1.2737424028015,1.12247341304214
2,1055,3055,-0.419291809733337,1.50230008513872
2,1056,3056,-1.0304061078043,0.866861880011592
2,1057,3057,-1.26102190095269,1.50884730176075
2,1058,3058,-1.70577347194272,2.35288999780043
2,1059,3059,-0.0478399300632964,1.38829658476052
2,1060,3060,-1.6773648141361,1.03093379387566
2,1061,3061,-1.59581801763303,1.50312614177616
2,1062,3062,-1.79729686065974,1.85954365562278
2,1063,3063,-1.90391488888189,1.945265099146
2,1064,3064,-1.76482147143362,2.12033459006337
2,1065,3065,-1.44560624847447,1.99568306498302
2,1066,3066,-1.03774447574342,1.6580897706275
2,1067,3067,-0.749388250356957,1.10466504542499
2,1068,3068,-1.98196358432096,2.18315641436835
2,1069,3069,-1.56121538421113,1.77008334683916
2,1070,3070,-2.0963884804265,2.63500975495707
2,1071,3071,-1.0204229055084,1.47986746853677
2,1072,3072,-0.98478036504697,1.70489475047985
2,1073,3073,-0.967935494856481,1.24194424329744
2,1074,3074,-0.79418206293074,1.45145444011674
2,1075,3075,-0.682335097690771,1.38181960989644
2,1076,3076,-0.820213246195111,1.2916989665958
2,1077,3077,-0.889380037657436,2.66286041894426
2,1078,3078,-0.638165330282854,1.75975830995199
2,1079,3079,-1.68981501404546,1.38009417517989
2,1080,3080,-1.85778841737638,1.99010627548837
2,1081,3081,-0.93033866980555,1.61018375454828
2,1082,3082,-1.06176748522309,1.8089447946557
2,1083,3083,-1.1598489201674,1.84222054623511
2,1084,3084,-1.18064101421751,1.54694431913557
2,1085,3085,-2.05524492451364,1.48105339423346
2,1086,3086,-1.22659887802526,1.72732608799517
2,1087,3087,-1.33575665213161,1.41800830328229
2,1088,3088,-1.2327909848879,1.19875292125096
2,1089,3089,-1.46456883571093,1.16114532096849
2,1090,3090,-0.949470621079968,2.01393685135007
2,1091,3091,-0.542700949087362,1.1969648607008
2,1092,3092,-0.771539992722817,1.44696315583753
2,1093,3093,-0.570965542891535,1.44455700766964
2,1094,3094,-1.0831891757146,2.39609977924866
2,1095,3095,-0.861537792934791,1.92454719339695
2,1096,3096,-1.27741645934958,3.03174828923482
2,1097,3097,-0.574845609571722,2.11708724802225
2,1098,3098,-0.951689929161518,1.85376279073264
2,1099,3099,-1.0680321197483,1.74899446531774
2,1100,3100,-1.22509077555819,1.51967483632482
2,1101,3101,-1.00395871566754,2.54873669574782
2,1102,3102,-1.55549128241157,1.67638283256373
2,1103,3103,-1.16316863708257,2.00153265780119
2,1104,3104,-1.10945273513122,1.29970561530208
2,1105,3105,-0.734101589836941,1.5958821810814
2,1106,3106,-0.869441243861995,1.10538839362199
2,1107,3107,-0.719031558241351,1.33389087741403
2,1108,3108,-1.52519272857753,1.41701771772647
2,1109,3109,-0.478439491565333,1.75865775482208
2,1110,3110,-0.338200883242401,2.74330465613298
2,1111,3111,-1.088810972206,2.25756464622855
2,1112,3112,-1.26288791728455,2.07206915084065
2,1113,3113,-1.31096931282148,1.99812203371936
2,1114,3114,-1.81684635937506,1.59699132023537
2,1115,3115,-1.53253759576631,1.20781456699651
2,1116,3116,-2.35359226619716,1.39415585889276
2,1117,3117,-2.40417274907241,1.27168699955778
2,1118,3118,-0.217042193109449,0.863629525382942
2,1119,3119,-0.761437380957602,1.13355214391837
2,1120,3120,-0.392836932360389,0.86441566757237
2,1121,3121,-0.416309842650427,0.787311873787789
2,1122,3122,-2.01625551976493,1.04818276812553
2,1123,3123,-2.18769248878295,0.97831337296965
2,1124,3124,-2.116644769483,1.07874863063506
2,1125,3125,-0.961265223515401,1.82437855612774
2,1126,3126,-1.9110774465654,1.60507281951699
2,1127,3127,-0.589537341032166,2.15579117753829
2,1128,3128,-1.87080417684357,1.20961802438225
2,1129,3129,-1.39282902357324,1.46356190010725
2,1130,3130,-1.30824984337911,1.32703343921928
2,1131,3131,-1.26130325784609,1.60463973074049
2,1132,3132,-1.23672765301412,1.87853529653484
2,1133,3133,-0.682211302741956,1.77559393807825
2,1134,3134,-1.31861834188072,2.17683611754299
2,1135,3135,-1.81258410883073,1.39364221603656
2,1136,3136,-1.41620141479201,1.39558700550445
2,1137,3137,-1.32579217853008,1.09529343423331
2,1138,3138,-1.10651209370711,1.14236384806418
2,1139,3139,-1.01552368204713,2.41570935315846
2,1140,3140,-0.858152191295653,2.24873269090313
2,1141,3141,-1.54039571877931,0.834355187635879
2,1142,3142,-1.05583503892298,1.83666469864886
2,1143,3143,-1.05373991325742,1.89623789112671
2,1144,3144,-1.40113376102668,1.73474763879553
2,1145,3145,-0.939265686401864,1.39966090149133
2,1146,3146,-1.10957998125296,1.59459513653024
2,1147,3147,-0.863317140714877,1.09319090996149
2,1148,3148,-0.7199092328022,0.882708330559135
2,1149,3149,-0.984571095960373,1.33058847285193
2,1150,3150,-0.802852121602833,1.00668249553332
2,1151,3151,-0.208254247239288,1.98106638974517
2,1152,3152,-1.12607578215195,2.78911467409146
2,1153,3153,-0.927700140244248,2.20281823884794
2,1154,3154,-1.12320076544429,2.67712812152866
2,1155,3155,-1.01022863271705,1.78096033472862
2,1156,3156,-0.859189852428647,1.13665714824312
2,1157,3157,-1.26228226871639,1.32720158459138
2,1158,3158,-1.35659635925223,1.48921788610757
2,1159,3159,-1.46891419726319,1.90658441536266
2,1160,3160,-1.93871221252896,1.35130178534327
2,1161,3161,-2.09201348526913,1.17827943624112
2,1162,3162,-2.14071463132882,1.77634410678935
2,1163,3163,-1.7837002663088,1.90590692882113
2,1164,3164,-1.96120123991479,1.50246842120673
2,1165,3165,-1.18546670855502,2.12585653401719
2,1166,3166,-0.952186256718857,2.06468614701282
2,1167,3167,-0.197453891185459,3.22068632387862
2,1168,3168,-0.226132710261317,2.53831302074496
2,1169,3169,-0.333665366356821,1.82952134645547
2,1170,3170,-0.265779022266987,2.44651351753289
2,1171,3171,-0.137024572864602,2.46580920806417
2,1172,3172,-0.021766365910403,2.10944870590973
2,1173,3173,-0.527092634428942,2.34231077799625
2,1174,3174,-0.83240933998568,2.48084388689454
2,1175,3175,-1.28594785606512,1.28338176114989
2,1176,3176,-1.15848626875655,0.97237378774061
2,1177,3177,-0.683783841705441,0.73538676418091
2,1178,3178,-0.651157345272787,0.962829439641975
2,1179,3179,-1.42483875036557,1.64846924289131
2,1180,3180,-1.34762237793971,2.27311282205547
2,1181,3181,-1.05718199051561,1.78030511257428
2,1182,3182,-1.64741914419852,2.53298416486461
2,1183,3183,-0.892264825855286,1.72382588443026
2,1184,3184,-0.774559840425736,1.83937828257105
2,1185,3185,-0.774432720407334,1.80376217043214
2,1186,3186,-0.830800276799899,2.15914183985349
2,1187,3187,-0.791120669280257,2.83761861721799
2,1188,3188,-0.801595905407205,2.57708044775961
2,1189,3189,-1.2983975678128,1.5254985924219
2,1190,3190,-1.54168800008576,1.93320698009068
2,1191,3191,-1.3381951182553,1.66195123109355
2,1192,3192,-1.37766162612636,1.63816678178833
2,1193,3193,-1.40743342844811,1.22168201507516
2,1194,3194,-1.60053016774318,1.36296433239674
2,1195,3195,-1.79681860118333,1.50851065885749
2,1196,3196,-1.10716979386803,1.28658345193617
2,1197,3197,-2.35822153524068,1.69721987580389
2,1198,3198,-1.72370800739319,1.32093526016855
2,1199,3199,-1.18931601359259,2.10251312959901
2,1200,3200,-1.15613688288958,1.49287169479293
2,1201,3201,-1.32470689742275,2.13840741694327
2,1202,3202,-1.43080281396529,2.48149617125876
2,1203,3203,-1.46884152800735,1.79843751587754
2,1204,3204,-1.46234604677504,2.1512540569954
2,1205,3205,-0.605969700563329,1.7296051600103
2,1206,3206,-0.583146534494692,1.32765532756084
2,1207,3207,-0.896098371673279,2.33416073791544
2,1208,3208,-1.74870474337365,1.02887105339868
2,1209,3209,-0.952136410677167,2.79039478793175
2,1210,3210,-1.10245712568258,2.90363650640322
2,1211,3211,-1.06316371879821,4.26207093324881
2,1212,3212,-1.27715524756542,4.0982737888872
2,1213,3213,-0.370939376356165,2.76810220807442
2,1214,3214,-0.676970929040744,3.55980870643267
2,1215,3215,-0.182262061634511,1.76094364822416
2,1216,3216,-0.365831666405374,1.9011231727739
2,1217,3217,-0.266119895739935,1.68980132781234
2,1218,3218,-2.03166358357353,1.24692694689138
2,1219,3219,-1.74111061841177,1.24858207307551
2,1220,3220,-1.42379695603654,1.44917987479497
2,1221,3221,-1.42518613753749,1.13264890668075
2,1222,3222,-1.97031299647742,1.20764262297344
2,1223,3223,-1.57636459771096,0.746833268630551
2,1224,3224,-0.597564219968285,1.91611802930476
2,1225,3225,-0.824041661298059,2.01889305044309
2,1226,3226,-1.49036600701395,1.55042593223698
2,1227,3227,-0.570140176282653,1.12138537096597
2,1228,3228,-0.848315445815063,1.1984615848351
2,1229,3229,-0.883844491471523,1.50913867834434
2,1230,3230,-1.51029611134283,1.67083221383902
2,1231,3231,-0.888326079879198,1.97610091519568
2,1232,3232,-2.05983555091388,2.1818393610549
2,1233,3233,-1.28172184600824,1.44199075489019
2,1234,3234,-1.00622854169618,2.26843386337405
2,1235,3235,-0.54534261884589,2.0140527017784
2,1236,3236,-1.39986941638763,1.64185651715338
2,1237,3237,-1.14268000535749,1.01195690895215
2,1238,3238,-1.89152840538706,1.67382359785503
2,1239,3239,-1.64182933272726,1.5553543813213
2,1240,3240,-0.905899904038921,1.60474091513275
2,1241,3241,-1.97240872887415,2.47568913943717
2,1242,3242,-1.44719064423366,2.25922506622249
2,1243,3243,-1.63826726308033,1.21470325882957
2,1244,3244,-0.981089318796359,1.98009687235961
2,1245,3245,-1.2104135380956,1.65715451939654
2,1246,3246,-0.782386224657752,2.17730440843103
2,1247,3247,-1.43182875925818,0.851312521327043
2,1248,3248,-1.31646485624777,0.898445320253649
2,1249,3249,-1.2359375196414,0.944922438365881
2,1250,3250,-1.47088712148261,0.785258642562169
2,1251,3251,-1.13166557944063,0.878551425535376
2,1252,3252,-1.14482569600123,1.22773178754881
2,1253,3253,-1.47492479519609,1.23940006458978
2,1254,3254,-1.19732771663637,2.62430111715724
2,1255,3255,-1.0726886224992,1.35714598992955
2,1256,3256,-1.29949375948833,1.31818076151182
2,1257,3257,-1.39854566376999,2.41464467960689
2,1258,3258,-1.05556920356691,1.02699617387059
2,1259,3259,-1.31817482694774,1.10938848260436
2,1260,3260,-1.42911409642513,0.858407226242047
2,1261,3261,-1.46195286166369,0.955711773562548
2,1262,3262,-1.41215641740723,1.24497980700462
2,1263,3263,-1.47764615622906,1.56367390483123
2,1264,3264,-1.15879929684756,1.78565525280687
2,1265,3265,-1.06865188017896,2.64896620934243
2,1266,3266,-0.921220174215652,1.88656588242778
2,1267,3267,-1.10432957204139,2.05018663607269
2,1268,3268,-1.09450485316282,1.44360142848299
2,1269,3269,-0.725082736139744,1.61310520562955
2,1270,3270,-0.861042117695283,1.38966684172334
2,1271,3271,-1.78225406556872,1.74535364136786
2,1272,3272,-1.09640895392707,1.67976010045884
2,1273,3273,-0.707436849442476,1.63416675797004
2,1274,3274,-1.06155392359666,1.58318069300428
2,1275,3275,-1.40557281336026,1.40851634925068
2,1276,3276,-1.57941271846489,1.85924373638352
2,1277,3277,-2.50193028868813,2.084616287405
2,1278,3278,-2.45592355092699,2.0531302271035
2,1279,3279,-2.81075310046208,2.1830010950442
2,1280,3280,-2.51552713125445,2.04099508845664
2,1281,3281,-2.72289124817353,2.06367627334992
2,1282,3282,-1.84819619709076,1.60628107209802
2,1283,3283,-1.3467872323623,0.844646162254692
2,1284,3284,-0.982550611311226,0.934251996609419
2,1285,3285,-1.8530086357783,1.51173234754983
2,1286,3286,-1.13611328319505,1.75523829664325
2,1287,3287,-1.1844368625371,1.30584062192351
2,1288,3288,-1.34559336291521,1.14389110186043
2,1289,3289,-1.28924768331014,1.78008427519085
2,1290,3290,-2.04911402344918,1.64093730717272
2,1291,3291,-0.702303355058824,3.66701938613295
2,1292,3292,-0.487456447690269,3.86797221897812
2,1293,3293,-1.82311647322469,1.91909692986956
2,1294,3294,-1.85470088971257,2.22869426806206
2,1295,3295,-1.60107906030102,1.51300885625936
2,1296,3296,-1.21709361513065,1.07710684589489
2,1297,3297,-1.76170483428043,1.27180866553526
2,1298,3298,-0.865025422692305,1.8682273341706
2,1299,3299,-1.4738772206064,1.32245070701849
2,1300,3300,-1.65132998110699,1.30956364965889
2,1301,3301,-2.2466451239931,1.00796212669437
2,1302,3302,-1.49309097910079,1.32174335053644
2,1303,3303,-1.54057394591223,1.53364213365463
2,1304,3304,-1.5686181490713,1.45306922276016
2,1305,3305,-1.24282510881542,1.82272417684045
2,1306,3306,-1.76470805839253,1.26964126455835
2,1307,3307,-1.32176803961133,1.79412708341426
2,1308,3308,-1.20097796528114,1.75981744668391
2,1309,3309,-1.13622986221563,1.81086674943433
2,1310,3310,-1.24094573668624,2.13068477527056
2,1311,3311,-1.78084288617763,0.873638457359404
2,1312,3312,-1.03206224194695,1.39331322135446
2,1313,3313,-1.41969889189493,1.61459422940231
2,1314,3314,-0.603610925592445,1.14864959974071
2,1315,3315,-1.86297813961974,1.36163084388519
2,1316,3316,-2.12593924263661,2.85151128739371
2,1317,3317,-1.40310163351382,2.03554999840297
2,1318,3318,-1.28397837315776,2.64695170057674
2,1319,3319,-1.36011093821209,2.60677618711216
2,1320,3320,-0.885482058324373,1.82925442600906
2,1321,3321,-1.5351548743632,2.35167836262233
2,1322,3322,-1.62511187815504,1.9372130920872
2,1323,3323,-1.39555087841701,1.63427154664161
2,1324,3324,-1.78716704517029,2.12454426258645
2,1325,3325,-1.18653275900887,2.9708624775125
2,1326,3326,-1.29928120708265,3.06104719041373
2,1327,3327,-1.28728557473705,2.80966406388022
2,1328,3328,-1.14846710005176,1.2569586063744
2,1329,3329,-0.838670630582903,1.18828362142916
2,1330,3330,-1.11212984647042,1.16625068933655
2,1331,3331,-1.14783628885409,1.51955776966673
2,1332,3332,-1.37995170045315,1.05798500440658
2,1333,3333,-0.973424389594044,1.87219871187282
2,1334,3334,-2.02029254837409,1.29999057871977
2,1335,3335,-2.49035901560247,1.90386879758817
2,1336,3336,-0.801206576757788,1.1710652007289
2,1337,3337,-0.737969771559108,1.93181678563701
2,1338,3338,-0.723252866194587,2.03449028219222
2,1339,3339,-1.83078212930408,1.19915863416975
2,1340,3340,-1.94076281900082,1.2137611576741
2,1341,3341,-1.72074622826252,1.30096755116823
2,1342,3342,-1.73266574020567,2.04889711920262
2,1343,3343,-1.45225618157072,0.869637797330138
2,1344,3344,-1.28599254439683,0.588329889616114
2,1345,3345,-1.42957901543385,0.914548889109777
2,1346,3346,-1.07793514681513,1.31314332336174
2,1347,3347,-1.3378395845479,1.30944187917922
2,1348,3348,-0.976051238060374,1.43017723378675
2,1349,3349,-1.06888754644128,1.54543718088069
2,1350,3350,-1.06582406173575,1.52434818575181
2,1351,3351,-1.06104628149843,1.06980045408612
2,1352,3352,-1.33772710703151,1.32322788587124
2,1353,3353,-0.845162444855732,0.851946327326804
2,1354,3354,-1.06578309367141,1.10025982994191
2,1355,3355,-1.22508536282715,2.43788878387814
2,1356,3356,-0.603343860761124,1.25202763162351
2,1357,3357,-1.35893743594377,1.07945993930256
2,1358,3358,-0.373358271599094,2.16800485603994
2,1359,3359,-1.25489333331471,1.14358326366064
2,1360,3360,-0.665554483573555,0.909343403683266
2,1361,3361,-1.18607184009692,1.31736645808516
2,1362,3362,-2.09040163755141,1.38585062385534
2,1363,3363,-2.07676345599391,2.17423200069116
2,1364,3364,-1.24037582620053,1.7028280306686
2,1365,3365,-1.96899679346269,2.02015645882684
2,1366,3366,-1.88543905335159,2.19824511107075
2,1367,3367,-1.28642940307351,0.960372853606969
2,1368,3368,-1.49901871231632,1.18690332873119
2,1369,3369,-1.64811977990439,1.44839622121118
2,1370,3370,-1.39973771508514,1.61598404847697
2,1371,3371,-0.368632960340621,1.39600843445556
2,1372,3372,-1.61721492329611,1.3272417456405
2,1373,3373,-0.83381105564973,1.04688920271313
2,1374,3374,-1.29635529871112,1.03030827636975
2,1375,3375,-1.11344023526528,1.1675864600421
2,1376,3376,-1.45003977396619,1.2125920873675
2,1377,3377,-0.390798304874496,1.8940247501043
2,1378,3378,-1.14065294192876,1.17300329893522
2,1379,3379,-1.32048609125746,1.39413566155067
2,1380,3380,-1.48208066917084,2.75426443121579
2,1381,3381,-1.06695687212909,1.03799589540974
2,1382,3382,-1.45652844305025,1.96670890853005
2,1383,3383,-0.871580910044064,0.723756260671211
2,1384,3384,-0.818679009675577,1.03348238141168
2,1385,3385,-1.15790807794119,0.66360675441818
2,1386,3386,-1.74962424218409,1.40829731286325
2,1387,3387,-1.31692069397661,0.667027072394234
2,1388,3388,-1.42908763102308,0.748983667536696
2,1389,3389,-1.38847694075126,1.34401164316796
2,1390,3390,-0.863269209262411,1.26346571752059
2,1391,3391,-1.21654208730372,1.10792478736276
2,1392,3392,-1.31583963285811,1.0982331442931
2,1393,3393,-1.37871896409114,1.53259185940962
2,1394,3394,-0.982406650113479,2.48084852791112
2,1395,3395,-0.840136823157743,1.37604997555514
2,1396,3396,-1.18672771646835,1.25826374424044
2,1397,3397,-1.25178190605411,1.51398054836924
2,1398,3398,-1.34288053617603,1.39508785028264
2,1399,3399,-1.13953281079343,1.64050432856266
2,1400,3400,-1.04127569738679,1.03847662871153
2,1401,3401,-1.59137369417307,2.44181361851766
2,1402,3402,-1.31802930275767,1.54057246327352
2,1403,3403,-0.612813170613724,1.60713382055727
2,1404,3404,-0.77751547314926,1.82425996871344
2,1405,3405,-0.49392345780787,1.88594162036716
2,1406,3406,-0.831824132295338,1.79432529858878
2,1407,3407,-0.817664231697536,2.12147289936738
2,1408,3408,-2.02135759386014,1.46108211982787
2,1409,3409,-1.71503196898967,1.18362450950283
2,1410,3410,-1.07132916126527,1.32393277513774
2,1411,3411,-0.974654786109435,0.726626745151324
2,1412,3412,-1.0246220699059,1.70265896320458
2,1413,3413,-0.597944557658721,1.7096101116947
2,1414,3414,-1.41962454701715,1.21570673621863
2,1415,3415,-1.33509773618282,1.2498018102916
2,1416,3416,-1.55513707655539,1.44272561095586
2,1417,3417,-1.35236071844898,1.67893728579852
2,1418,3418,-1.1307089529251,1.08104980143436
2,1419,3419,-1.16968034286836,1.2591283606089
2,1420,3420,-2.41643844871228,1.63234927504873
2,1421,3421,-1.37070519574916,1.17666856574675
2,1422,3422,-1.77846840134813,1.97151568535117
2,1423,3423,-1.49503832131339,1.44121785900207
2,1424,3424,-1.16074507082244,1.51385627772253
2,1425,3425,-0.806644684486,2.27289132612044
2,1426,3426,-1.25671446756739,2.1596032663022
2,1427,3427,-0.87360501345484,2.23429971647428
2,1428,3428,-1.46138465570426,1.58621934772996
2,1429,3429,-1.77768415071987,2.65478551914856
2,1430,3430,-0.532895406208996,1.84453965803117
2,1431,3431,-2.06235279821188,2.05364390262576
2,1432,3432,-1.39323809155342,1.48334813815554
2,1433,3433,-0.688261415822412,1.85306949836011
2,1434,3434,-0.75710371958954,1.57306612203725
2,1435,3435,-0.718896574965597,1.39498697302525
2,1436,3436,-0.697685541964128,1.51218577345346
2,1437,3437,-0.588822478317058,2.4658668902055
2,1438,3438,-0.15889716443699,2.41755348717159
2,1439,3439,-0.327389583898621,1.88527412779245
2,1440,3440,-0.230743655632225,3.42115863081703
2,1441,3441,-0.189047084183655,3.38600608867763
2,1442,3442,-0.232219122998303,3.98233308576719
2,1443,3443,-0.473077696710958,2.01610158380508
2,1444,3444,-0.356052909599898,2.01843929459556
2,1445,3445,-0.431791084670313,2.1454509096228
2,1446,3446,-0.433322277599901,1.71185523923057
2,1447,3447,-1.46274799913473,1.08006329623697
2,1448,3448,-1.53314718289526,1.13974289908777
2,1449,3449,-1.37378039607527,0.943569993903057
2,1450,3450,-0.969249294172119,0.888379952562721
2,1451,3451,-1.63750597238026,1.37130542787717
2,1452,3452,-1.58402823531215,0.994141823787864
2,1453,3453,-1.7762526564438,1.53212725203907
2,1454,3454,-1.5738193411994,0.975725024527628
2,1455,3455,-1.92662925895475,1.96037825192469
2,1456,3456,-1.09197690056259,1.46310745048672
2,1457,3457,-1.36948039203141,1.46174256781973
2,1458,3458,-1.7653587059045,1.18413423196015
2,1459,3459,-1.26912013294808,1.86266836330019
2,1460,3460,-0.989013745820026,1.07004838325273
2,1461,3461,-0.317313131143611,1.9405026152615
2,1462,3462,-2.01632876745255,1.29833751405579
2,1463,3463,-1.09852565662205,2.03661573346672
2,1464,3464,-0.912937867147233,0.964337639018381
2,1465,3465,-1.43525311151191,1.23985311975615
2,1466,3466,-1.34806320400261,1.25184128843241
2,1467,3467,-1.53624406742484,1.33209545634275
2,1468,3468,-1.7062585468416,1.71202606166498
2,1469,3469,-1.42754795571332,1.27385185448235
2,1470,3470,-1.69055625551098,2.28969527264561
2,1471,3471,-0.872014806067957,1.9074489189501
2,1472,3472,-0.750100218298314,1.93869287248463
2,1473,3473,-1.38232329089744,2.34553015996665
2,1474,3474,-0.954013481352268,1.36833678946876
2,1475,3475,-1.78853556670203,1.81312987188689
2,1476,3476,-1.77607308799505,1.97595506881913
2,1477,3477,-1.60226644694479,1.56758520691166
2,1478,3478,-0.605471159478826,1.62340111487733
2,1479,3479,-1.27651261980782,1.72636574640499
2,1480,3480,-1.6538031401977,1.41545496282117
2,1481,3481,-1.13464300742691,0.879417193611361
2,1482,3482,-1.83581686047481,1.15646579225798
2,1483,3483,-1.27330961193937,0.730546793573822
2,1484,3484,-1.3274609087706,1.31212269175287
2,1485,3485,-1.37436494866921,0.903469810425337
2,1486,3486,-1.61821365584166,2.6575097690993
2,1487,3487,-1.16739045209422,1.36075372700569
2,1488,3488,-2.23118771779092,2.46588745402088
2,1489,3489,-1.48087423062867,1.27684205164884
2,1490,3490,-1.46122589456264,1.40745513533241
2,1491,3491,-1.55911089791841,1.04793366186996
2,1492,3492,-1.57252937197683,1.02870897762986
2,1493,3493,-0.912277585858275,1.00499191017091
2,1494,3494,-0.934902761744204,0.705300447390569
2,1495,3495,-0.982527406375308,1.02296691807302
2,1496,3496,-1.02373999038084,0.529645084679263
2,1497,3497,-1.72128964080899,1.11441838378695
2,1498,3498,-0.946403908804882,1.79767105514418
2,1499,3499,-0.368464549566134,2.1028351450838
2,1500,3500,-0.754138928495502,1.76186594111061
2,1501,3501,-1.3657000656133,1.95315178974778
2,1502,3502,-1.00869514224241,2.06015541647639
2,1503,3503,-0.995486777076204,2.06729580753023
2,1504,3504,-0.576846643448759,2.04724798958273
2,1505,3505,-0.891636613055403,2.00404786791921
2,1506,3506,-1.16285889554433,1.36959624939041
2,1507,3507,-0.307470613819632,2.19665246110194
2,1508,3508,-0.375347417456797,1.9872410849498
2,1509,3509,0.300419014497212,4.0767925893971
2,1510,3510,-1.00384237020253,3.58882735609786
2,1511,3511,-0.861800491239588,1.96790210207085
2,1512,3512,-0.52521590041277,1.8171524693021
2,1513,3513,-0.760747809053335,2.00178484272152
2,1514,3514,-0.858177058570284,1.51814222735586
2,1515,3515,-1.94208234293887,1.59980806771471
2,1516,3516,-1.99916283542728,1.51189387612617
2,1517,3517,-0.798016508057699,1.36752325446126
2,1518,3518,-1.90306701897835,2.12377706961342
2,1519,3519,-0.963226730389237,1.55069424124867
2,1520,3520,-2.55697891484468,2.16941174008808
2,1521,3521,-2.46826134666556,2.45955558777858
2,1522,3522,-2.57856252598169,2.46201839210883
2,1523,3523,-0.891560588242959,1.17096002046965
2,1524,3524,-2.42392103308794,1.93295843046161
2,1525,3525,-1.70508561585456,1.06413188396743
2,1526,3526,-0.653420397100547,0.966698586998858
2,1527,3527,-1.75196545038962,1.06723243410517
2,1528,3528,-1.92505749910036,1.44530762146488
2,1529,3529,-1.0679345460347,0.904100741240861
2,1530,3530,-1.46158118716142,1.57330615226222
2,1531,3531,-1.62223395748758,2.02232094599358
2,1532,3532,-1.79523777547101,2.18277794908483
2,1533,3533,-1.50649341765474,2.02704268541615
2,1534,3534,-1.53709654490196,1.85611918989944
2,1535,3535,-1.41299302312568,1.72876074889383
2,1536,3536,-0.990450373311175,1.24695257159033
2,1537,3537,-1.70651321701883,1.27762870094331
2,1538,3538,-0.744561195116135,0.895745833327773
2,1539,3539,-1.0643533791281,1.6134050878848
2,1540,3540,-1.92688457867218,1.80244682912759
2,1541,3541,-1.78395978678281,2.09937472587626
2,1542,3542,-2.49859269030378,2.20362967515166
2,1543,3543,-2.22769570457181,1.89843476445512
2,1544,3544,-1.7870187983108,1.98498999283373
2,1545,3545,-1.6076283656617,1.12001214231733
2,1546,3546,-1.50393887881832,0.837688754239677
2,1547,3547,-1.04353640245879,1.55300791579608
2,1548,3548,-1.09997875133836,1.64522542663363
2,1549,3549,-1.34443284109662,1.47972475361514
2,1550,3550,-0.937453645587462,1.14430933463443
2,1551,3551,-1.42900404357061,1.60975196878622
2,1552,3552,-0.903196077858648,0.791154479716615
2,1553,3553,-0.71519043191677,1.99241303867924
2,1554,3554,-1.4534950944564,1.71447006046648
2,1555,3555,-1.35197842344539,1.63254996259471
2,1556,3556,-2.32970344990871,1.72025093486508
2,1557,3557,-1.29985429153222,2.25444697472249
2,1558,3558,-1.27823431547785,2.02542198571155
2,1559,3559,-1.35745286482843,1.97014514531909
2,1560,3560,-1.40003339792911,1.92451880418031
2,1561,3561,-1.37197831063361,2.158141251592
2,1562,3562,-1.09986772715429,1.7703754459119
2,1563,3563,-0.862411194250466,3.58405531190141
2,1564,3564,0.134819185912969,3.36868357657005
2,1565,3565,-2.05547215393974,2.0063655432319
2,1566,3566,-1.50494249527384,1.86812816939522
2,1567,3567,-1.91998767949139,2.04014281713541
2,1568,3568,-2.40320585851802,2.79319650202476
2,1569,3569,-1.86275410696945,2.17699810330477
2,1570,3570,-1.36252889648035,1.07118710533854
2,1571,3571,-1.63050762353371,1.29357494390718
2,1572,3572,-2.05212941310061,1.68062222072963
2,1573,3573,-1.08778101745121,1.4620900170636
2,1574,3574,-1.54538191281374,1.65837806918093
2,1575,3575,-1.24580379770659,1.71366550189616
2,1576,3576,-1.16376032223894,1.9635552445988
2,1577,3577,-1.12292232298769,1.77141907364372
2,1578,3578,-1.17387682443665,1.23769528551108
2,1579,3579,-1.39174685376948,2.13458509465583
2,1580,3580,-1.47344462652556,1.24443762428468
2,1581,3581,-1.46462970135482,2.02941806239558
2,1582,3582,-1.43545666052947,2.13980258979725
2,1583,3583,-1.88803935324528,1.63166920641745
2,1584,3584,-1.48335734648367,1.7716236213617
2,1585,3585,-1.42782207663651,2.02573463027282
2,1586,3586,-1.71667599935854,1.36022685377211
2,1587,3587,-1.37073779943865,1.1653362613865
2,1588,3588,-1.29240897311355,1.68030799910889
2,1589,3589,-1.93908018401597,1.9537716951599
2,1590,3590,-1.67826617839836,1.56980430356847
2,1591,3591,-1.87721233900549,1.25355836634431
2,1592,3592,-1.75056209719858,0.851267264869658
2,1593,3593,-1.5256086172775,1.64126825327816
2,1594,3594,-1.27286724395018,1.10985790915833
2,1595,3595,-0.72155954339543,1.1721425353944
2,1596,3596,-1.47248097125879,1.32695419604015
2,1597,3597,-1.56108709903815,1.1504654540378
2,1598,3598,-1.66703270715828,1.62161010854874
2,1599,3599,-1.60835356238086,1.35148741644077
2,1600,3600,-1.44885176745415,1.37160653977126
2,1601,3601,-0.854889032009592,2.29434880447862
2,1602,3602,-0.705026993364456,1.36866255425599
2,1603,3603,-1.76809225147442,2.59735435297916
2,1604,3604,-1.44226956017869,1.21280520639731
2,1605,3605,-1.61032999195122,1.51157481900807
2,1606,3606,-1.60570791887524,0.89608435702008
2,1607,3607,-2.49624202534284,1.41517418942479
2,1608,3608,-2.31134123583829,1.28380614412318
2,1609,3609,-1.59897091800869,1.65509220450491
2,1610,3610,-2.43884040337085,1.76968794379706
2,1611,3611,-3.3176613187931,1.89771560409834
2,1612,3612,-3.0164217445037,1.85271502528154
2,1613,3613,-1.87897298455682,1.12712181776123
2,1614,3614,-1.60022641489559,1.53125231960757
2,1615,3615,-1.39307549902511,1.05301998928067
2,1616,3616,-2.04340137627574,1.45794985346909
2,1617,3617,-1.94674360804537,1.38546621764842
2,1618,3618,-0.864173812668221,1.28932500657377
2,1619,3619,-0.640231658538045,1.85754578708722
2,1620,3620,-1.42010657157332,1.46116759476243
2,1621,3621,-0.965683372789408,0.962531255068465
2,1622,3622,-1.47468028836869,1.61954508385573
2,1623,3623,-1.15791321034531,1.38624581176471
2,1624,3624,-1.14491828986024,1.07899807397963
2,1625,3625,-0.887901166285023,1.31240587027617
2,1626,3626,-1.13903726706108,1.42038882088649
2,1627,3627,-2.12332577738355,0.823731658951689
2,1628,3628,-1.01155871938137,1.12768976436844
2,1629,3629,-1.63331998642598,1.46882174420485
2,1630,3630,-1.22614291745866,1.24536622837015
2,1631,3631,-1.04357891270347,1.29621291162127
2,1632,3632,-2.11196416146896,1.37126717120655
2,1633,3633,-2.36185216222825,0.935771288381465
2,1634,3634,-1.96441885620685,1.34846685680462
2,1635,3635,-1.22117384768667,1.0144830707971
2,1636,3636,-0.974534195429664,1.41963868172787
2,1637,3637,-1.13850674830173,1.1293396779523
2,1638,3638,-1.87786341093578,1.59133702527672
2,1639,3639,-2.54007710594166,1.41918729509479
2,1640,3640,-2.64623330176838,1.60928074615219
2,1641,3641,-1.25616880199158,1.20033341229136
2,1642,3642,-0.813358745837775,1.09187598541851
2,1643,3643,-0.943940822323544,0.971763856437231
2,1644,3644,-1.88691044687414,1.9935229629044
2,1645,3645,-1.27496946571625,1.18234333062443
2,1646,3646,-1.04304406468696,2.6517396535531
2,1647,3647,-1.47923558548781,1.19625342980267
2,1648,3648,-1.24952885052599,1.18074942784823
2,1649,3649,-1.2483050188328,1.31761706850954
2,1650,3650,-1.82699927009567,1.39952119379968
2,1651,3651,-1.29738128477882,1.43619358997761
2,1652,3652,-1.44892950980257,1.17935746935745
2,1653,3653,-1.73982060908065,1.21183334919524
2,1654,3654,-1.60659750201793,1.21315390130112
2,1655,3655,-1.20134774055104,1.17300558470554
2,1656,3656,-0.697684654525238,1.39943354715897
2,1657,3657,-1.83096201750836,1.44547296436261
2,1658,3658,-1.64893392848637,1.45480190421818
2,1659,3659,-1.45610811633421,1.41038405549772
2,1660,3660,-1.27041063642517,1.25990316363213
2,1661,3661,-1.28914621262541,1.25179298006099
2,1662,3662,-1.68465939920242,1.55945347573781
2,1663,3663,-1.35831503512801,1.96953755866299
2,1664,3664,-1.5083651338455,2.04692137004374
2,1665,3665,-1.3094647711088,1.24036282639568
2,1666,3666,-1.61780884935021,1.48563779653323
2,1667,3667,-1.07700816931267,1.67986788400564
2,1668,3668,-1.46008323700221,1.27046403190587
2,1669,3669,-0.793544627903819,1.45702476305406
2,1670,3670,-0.709887519337232,1.15375744504563
2,1671,3671,-0.826077803772448,1.46808058484008
2,1672,3672,-1.0573437829389,1.93691525713995
2,1673,3673,-1.03869091216488,1.96032814632185
2,1674,3674,-1.21284373958191,2.24120142142641
2,1675,3675,-1.55109490608518,0.849537432557899
2,1676,3676,-1.49652766194184,1.1267194642458
2,1677,3677,-1.07320339374548,1.05342657447948
2,1678,3678,-0.377260501961967,1.85737264950781
2,1679,3679,-0.300553276419563,1.62045392850253
2,1680,3680,-0.519126871819563,1.69310926084637
2,1681,3681,-0.55620697664264,1.63337118758371
2,1682,3682,-0.532057697808144,3.72738551798157
2,1683,3683,-0.470709004720657,1.61003291883923
2,1684,3684,-0.368790323684563,1.90432260047181
2,1685,3685,-0.892728488641688,1.86371681007402
2,1686,3686,-0.605840311960772,3.32707646201193
2,1687,3687,-0.666684680826584,3.12276634784771
2,1688,3688,-1.0249744816543,2.58470307514998
2,1689,3689,-1.29316656340151,1.62841729329478
2,1690,3690,-1.00201471592586,1.59304850937856
2,1691,3691,-1.52660030638974,1.55861568233427
2,1692,3692,-1.50800466583392,1.12840722290772
2,1693,3693,-1.2930885176183,2.15006513289534
2,1694,3694,-1.18023669703081,1.35507544116943
2,1695,3695,-0.850695162352979,1.62732402241941
2,1696,3696,-0.415904784097379,1.65413150637057
2,1697,3697,-1.02813431166024,0.9044744463727
2,1698,3698,-1.64407825791065,0.762367751918453
2,1699,3699,-0.433387924251869,2.13520223588255
2,1700,3700,-1.2722978594095,1.457967591936
2,1701,3701,-1.0924691483409,2.09708442093507
2,1702,3702,-1.43364241567046,2.32390820901255
2,1703,3703,-1.2131233704094,1.49628160125438
2,1704,3704,-1.63738263888758,1.93444363430205
2,1705,3705,-2.31737942944644,1.14387853437814
2,1706,3706,-2.02244552942528,1.5705206634631
2,1707,3707,-1.18636359565512,0.982270620807567
2,1708,3708,-1.17506304110699,1.14285078594661
2,1709,3709,-1.05006307093291,1.29888015344453
2,1710,3710,-0.252786819672614,3.74183127860682
2,1711,3711,-0.537961260044682,2.01661687465691
2,1712,3712,-0.781692851302064,2.42983097919751
2,1713,3713,-0.52493112158239,2.84905356837049
2,1714,3714,-1.04417747777951,3.03739374473936
2,1715,3715,-1.02241026888148,1.8912477308491
2,1716,3716,-1.07855017069086,0.849718780659133
2,1717,3717,-1.37578796839465,1.00111674733419
2,1718,3718,-1.40674308712427,1.01494452348091
2,1719,3719,-1.37036152789397,1.31130281235176
2,1720,3720,-1.17176273626047,0.976581651026317
2,1721,3721,-1.29107867856232,1.04382757573084
2,1722,3722,-1.22645620723748,1.09159293664376
2,1723,3723,-1.63492798497955,1.59192963524481
2,1724,3724,-1.22323518367324,1.96817008690198
2,1725,3725,-1.41892131388489,1.98052602366131
2,1726,3726,-1.79275687310341,1.79587631461
2,1727,3727,-0.433305399383684,1.26236463022593
2,1728,3728,-2.60272021254918,2.47311425468767
2,1729,3729,-0.607129179410049,1.76695190032726
2,1730,3730,-0.869747535408707,2.24538562546228
2,1731,3731,-0.241130875608714,1.87133186004503
2,1732,3732,-2.09970176344491,2.06102834794421
2,1733,3733,-0.998963931606819,1.33739710874887
2,1734,3734,-2.49393621565576,1.22755687989595
2,1735,3735,-2.36362498716116,1.13755324395051
2,1736,3736,-2.17413602302309,1.15486475939181
2,1737,3737,-2.2084969907295,1.16967119789215
2,1738,3738,-1.65559191453237,1.09954463174225
2,1739,3739,-1.05881902163166,0.709419583255289
2,1740,3740,-0.744496372293282,0.808943899872441
2,1741,3741,-1.19701865885127,0.911968386400665
2,1742,3742,-1.73448251283205,1.54583942723108
2,1743,3743,-0.938990563211679,1.72505308281419
2,1744,3744,-1.25839249593845,1.5735978433916
2,1745,3745,-1.44531936291945,1.71821011938418
2,1746,3746,-1.0708065239076,1.17981953761858
2,1747,3747,-0.904483035155074,1.18022449586137
2,1748,3748,-1.81250275775844,2.4750397552506
2,1749,3749,-1.27212837150154,1.79420431684713
2,1750,3750,-0.853589425554061,1.05664444541992
2,1751,3751,-1.64813284423054,2.13460269767594
2,1752,3752,-1.22259397961071,1.20074223121799
2,1753,3753,-1.59109685541696,1.88152927442565
2,1754,3754,-1.78259282335517,1.02066369520092
2,1755,3755,-1.22243644247496,1.91274548011065
2,1756,3756,-2.58658489375331,1.91364791880313
2,1757,3757,-1.40533058003348,1.39081496454561
2,1758,3758,-1.82709120129409,2.08140523630999
2,1759,3759,-1.69525610642259,1.4684462786868
2,1760,3760,-2.3437653136842,1.82425149359843
2,1761,3761,-1.71814963802388,1.24541379028259
2,1762,3762,-1.7585122841236,1.47912460296939
2,1763,3763,-1.69774852539016,0.963011300722912
2,1764,3764,-1.73838216526033,1.94837847722001
2,1765,3765,-1.52049268618193,1.46075455039459
2,1766,3766,-1.44965724236293,1.3987087621129
2,1767,3767,-1.25574988749656,1.3868019494049
2,1768,3768,-1.26166851327271,1.16965483851193
2,1769,3769,-1.27884335016311,1.2997428624833
2,1770,3770,-1.93329488526825,1.47250206014552
2,1771,3771,-1.8881970814126,1.04921850706067
2,1772,3772,-1.454715439064,1.00382248741109
2,1773,3773,-0.810020097197872,2.09060045245266
2,1774,3774,-0.213594194804559,3.01189002693602
2,1775,3775,0.00381688537421809,2.38650671988908
2,1776,3776,-0.358268228039107,3.04761658397079
2,1777,3777,0.00697536191121182,3.05666014050744
2,1778,3778,0.331909138116057,4.05571336442616
2,1779,3779,0.68372564673737,2.78849703640257
2,1780,3780,0.485042744001628,3.70441762487494
2,1781,3781,-0.195534055910113,2.90619397721746
2,1782,3782,-0.772413327886284,2.64720313684927
2,1783,3783,-2.12455281623423,1.32969248202461
2,1784,3784,-2.23811304002949,1.07790409695627
2,1785,3785,-2.1940232535665,1.11584863065891
2,1786,3786,-2.36136142763749,1.21070645836189
2,1787,3787,-2.86640832794737,1.93074185754671
2,1788,3788,-2.70372982219071,1.68687458997843
2,1789,3789,-2.118094731979,2.28792654093051
2,1790,3790,-1.70117891900706,1.77991914365315
2,1791,3791,-1.59011141104629,1.6900570308446
2,1792,3792,-1.13152244283945,1.20053194110073
2,1793,3793,-1.24976260208797,1.42070241631578
2,1794,3794,-1.22809397215285,1.04456919248273
2,1795,3795,-1.74709707279366,1.65679231600622
2,1796,3796,-1.26725976573911,1.29196176792681
2,1797,3797,-1.38932032832065,1.83216610669137
2,1798,3798,-1.1720486877163,1.17630007997187
2,1799,3799,-1.97120837661419,2.06374576797621
2,1800,3800,-1.79540732579228,1.77003736008406
2,1801,3801,-1.66906074715222,1.42776324668697
2,1802,3802,-0.597157788711425,0.952022661319928
2,1803,3803,-0.732954326822219,0.826404473533415
2,1804,3804,-0.92453393512357,1.0361345139433
2,1805,3805,-1.02887712070806,1.72131103083656
2,1806,3806,-0.684164983034255,0.711494215042256
2,1807,3807,-2.35156519493687,1.67217425474124
2,1808,3808,-1.67537765655494,1.41488933625863
2,1809,3809,-0.950193436548201,0.779211514769028
2,1810,3810,-1.49595124434305,2.19118544644226
2,1811,3811,-1.39744644035888,1.56500326637704
2,1812,3812,-1.4721741764811,1.4766425472217
2,1813,3813,-1.27858912882632,1.240440473034
2,1814,3814,-0.915404588896034,1.04832109123078
2,1815,3815,-1.27992148190762,1.04713904483872
2,1816,3816,-1.76170120709258,1.53922032876296
2,1817,3817,-0.863729899240805,1.86914424822265
2,1818,3818,-0.975637150535138,1.94883246552935
2,1819,3819,-1.5057772747044,1.37546240126009
2,1820,3820,-1.55978216803803,1.31666757564474
2,1821,3821,-1.54602556874093,1.76164725195155
2,1822,3822,-1.66443685535743,1.61241304178247
2,1823,3823,-1.95865882195151,2.76896537158034
2,1824,3824,-1.65203069352634,2.35798455550348
2,1825,3825,-1.72777870034695,1.24393376586517
2,1826,3826,-1.57120768264003,2.26594198943234
2,1827,3827,-1.98637206030192,1.05635745574526
2,1828,3828,-1.69358491506585,0.916418346660208
2,1829,3829,-1.71991584289368,1.3061804486864
2,1830,3830,-1.38385101001676,1.100085866373
2,1831,3831,-1.57875932125073,0.980409984024221
2,1832,3832,-1.20935006947531,1.37889265965777
2,1833,3833,-1.43954924627238,1.59763718864651
2,1834,3834,-1.58203563565219,2.01350271265518
2,1835,3835,-1.59664827921429,2.06690072275167
2,1836,3836,-1.21154099972424,1.74415162717732
2,1837,3837,-0.810097721305796,1.47771193651614
2,1838,3838,-0.699075700537885,1.20788690953094
2,1839,3839,-0.671307355631595,0.83492074791435
2,1840,3840,-1.35120797130841,1.766794056154
2,1841,3841,-0.815065434853139,1.93039688657735
2,1842,3842,-0.870684404225814,1.59785622734855
2,1843,3843,-1.41696378065611,0.999872841647572
2,1844,3844,-0.976609320928218,1.3303113031591
2,1845,3845,-1.09206388270905,1.35390607944767
2,1846,3846,-0.393317367427669,1.85882525329622
2,1847,3847,-0.7675087073937,0.909329941002195
2,1848,3848,-0.928386392301235,1.31835760051116
2,1849,3849,-1.43497638675097,1.39079867751727
2,1850,3850,-1.06857723525589,1.96221789376953
2,1851,3851,-0.830574936092561,2.09615776904693
2,1852,3852,-1.2789035127548,2.96858444731654
2,1853,3853,-0.250914108218497,1.93366061784703
2,1854,3854,-1.24286215464237,1.13942070670037
2,1855,3855,-1.12686203826525,2.08018411976773
2,1856,3856,-1.17096070215047,1.76216904332042
2,1857,3857,-1.49151713538771,1.56143337148094
2,1858,3858,-0.631258485206589,1.06593823592084
2,1859,3859,-0.238708237978158,1.67087256066007
2,1860,3860,-0.500697483729513,1.24416226394954
2,1861,3861,-1.02154717604421,2.57294586139578
2,1862,3862,-0.95553349240201,1.4615985758057
2,1863,3863,-0.851470395992297,1.41808516051912
2,1864,3864,-1.6783481268392,1.65266837641632
2,1865,3865,-1.79715781026223,1.93574125221447
2,1866,3866,-1.11619063849895,1.27707379381067
2,1867,3867,-1.84552173221634,2.42639422580592
2,1868,3868,-1.84844771417718,0.830141337083562
2,1869,3869,-1.13175675310938,1.72802011268
2,1870,3870,-0.962577559547943,1.23137594710188
2,1871,3871,-0.44435075286518,0.542081966358743
2,1872,3872,-1.75720318874783,1.26001288283364
2,1873,3873,-1.12706824465785,0.839739998301176
2,1874,3874,-1.67905868023684,1.23658230600188
2,1875,3875,-1.72028369239217,1.19108842230568
2,1876,3876,-1.0672165231362,1.27146205928677
2,1877,3877,-1.4769538125555,2.97552952522419
2,1878,3878,-1.218411339018,2.30244984048948
2,1879,3879,-1.2079408089537,1.86024874094318
2,1880,3880,-2.11753979830266,1.69083364951271
2,1881,3881,-1.36179045125465,0.812107888281758
2,1882,3882,-0.917685530769686,1.49091565904863
2,1883,3883,-1.09895218466531,1.50483183115687
2,1884,3884,-1.09013371041129,1.18508934589031
2,1885,3885,-0.60639246213093,2.0187425115929
2,1886,3886,-0.897945727972536,1.23211615660333
2,1887,3887,-0.89177922310608,0.995936695535023
2,1888,3888,-1.54166215790842,1.1264328810087
2,1889,3889,-1.01722265670492,1.09629296237713
2,1890,3890,-1.06307089279005,0.980061545807479
2,1891,3891,-1.24074404621968,2.78142966581552
2,1892,3892,-0.773638842070429,1.36833340481786
2,1893,3893,-1.62469449332863,1.79102636909
2,1894,3894,-1.44577705937785,1.60621401599847
2,1895,3895,-1.64702015322847,1.55984319031273
2,1896,3896,-1.93147757757018,1.80472895113547
2,1897,3897,-0.31757985724747,2.78969813883343
2,1898,3898,-0.433162506137373,3.15476740436911
2,1899,3899,-1.24481482104924,1.94837645496608
2,1900,3900,-1.26352284366511,1.66542838041458
2,1901,3901,-1.82225241444959,1.24096383591333
2,1902,3902,-2.31358452517036,1.31465305737037
2,1903,3903,-0.947330613381136,1.09131894979852
2,1904,3904,-0.800733917331022,1.79542433764646
2,1905,3905,-1.22651145751078,1.70609229371909
2,1906,3906,-1.15986092228949,1.74622036939082
2,1907,3907,-1.56243988495001,2.63456698869927
2,1908,3908,-1.75742864443059,2.07734610054691
2,1909,3909,-1.19978509689126,1.96233758909217
2,1910,3910,-1.20386324633952,1.92771430965002
2,1911,3911,-1.51213959503993,1.72703401653394
2,1912,3912,-1.22027401792822,1.28983156938272
2,1913,3913,-1.36923871195734,1.29801683371075
2,1914,3914,-2.25107836814968,1.51077152687726
2,1915,3915,-1.89228520947311,1.77408073728677
2,1916,3916,-1.83318311669426,1.75268745309502
2,1917,3917,-0.958843126389142,1.40527863325185
2,1918,3918,-1.4281824025289,2.56153526263424
2,1919,3919,-0.420727796767373,2.08198897677801
2,1920,3920,-1.66784464114278,1.10899488327271
2,1921,3921,-1.98956373834751,1.1459950756255
2,1922,3922,-1.03173267646154,0.899304432086354
2,1923,3923,-1.05655179633468,1.25616641738357
2,1924,3924,-0.369489512837137,0.695255030836873
2,1925,3925,-0.858556554984227,1.26627693842451
2,1926,3926,-0.799953419399978,1.47727882993593
2,1927,3927,-0.426034313548321,0.733777130977653
2,1928,3928,-2.94310518177836,1.82419097374074
2,1929,3929,-1.29005205578792,1.11884149116181
2,1930,3930,-1.95878067921612,1.67244115331641
2,1931,3931,-1.42413098215818,1.81421904312247
2,1932,3932,-0.958155127994915,1.31186046671666
2,1933,3933,-2.18825451072498,1.95124893588068
2,1934,3934,-1.48531467785876,1.33746579347699
2,1935,3935,-1.48582266410064,1.75262050251779
2,1936,3936,-1.55560804904201,1.1459832239239
2,1937,3937,-1.29661241433591,1.74699512623009
2,1938,3938,-1.05385276091173,1.58546607932574
2,1939,3939,-0.457297113446784,1.48534357710681
2,1940,3940,-0.952201194367745,2.62224842897162
2,1941,3941,-1.2163703658371,1.9647795411331
2,1942,3942,-1.51154469660554,1.76631425537521
2,1943,3943,-0.978546299022664,1.14472281753372
2,1944,3944,-1.44981444857648,1.73982695216951
2,1945,3945,-2.01715242889166,1.48992813281959
2,1946,3946,-0.758477376403588,0.746715427540269
2,1947,3947,-1.59847633566004,1.49341353830022
2,1948,3948,-0.777008586918855,1.19004975543482
2,1949,3949,-0.913968887318256,1.47718365104231
2,1950,3950,-2.23305348882383,1.60108063534901
2,1951,3951,-1.69268125117049,1.70452702787886
2,1952,3952,-0.644900100077497,2.1632017708457
2,1953,3953,-1.13883826351559,1.40731497985373
2,1954,3954,-0.566882413512683,1.80985886611915
2,1955,3955,-1.43090513078043,1.3949535540491
2,1956,3956,-0.93378217612794,1.15438734506938
2,1957,3957,-1.0188842308612,0.608454248317315
2,1958,3958,-1.54441609116566,0.929223160386792
2,1959,3959,-1.55123999561598,1.06126101197066
2,1960,3960,-1.40656343616668,1.28441921430317
2,1961,3961,-0.914587897607185,1.93247830030308
2,1962,3962,-0.805506212883637,1.13591707580845
2,1963,3963,-0.892501656870698,0.997383491789079
2,1964,3964,-1.8209746018498,1.37531640828199
2,1965,3965,-1.88991601762153,1.15192189384874
2,1966,3966,-1.48087477001343,1.02551532690253
2,1967,3967,-1.44744316767916,1.12863252339249
2,1968,3968,-0.861143370313128,1.46099441776631
2,1969,3969,-0.771724167996865,1.31540736834531
2,1970,3970,-0.864358278304688,1.52311723045379
2,1971,3971,-0.527177306368959,1.05628667631807
2,1972,3972,-0.58399799410228,1.07257688107808
2,1973,3973,-1.75958364237267,1.40967854533005
2,1974,3974,-1.10887611736066,1.78455664891268
2,1975,3975,-0.556424632061613,1.56035306389127
2,1976,3976,-1.00435435934777,2.79328307201656
2,1977,3977,-1.52392217202712,1.3790944053263
2,1978,3978,-1.7984336648888,1.63008772767782
2,1979,3979,-1.05081838536898,2.14609122818003
2,1980,3980,-1.07342246878139,2.35803338485243
2,1981,3981,-0.861259132954311,1.82817881288242
2,1982,3982,-1.5913089013782,1.51970024887314
2,1983,3983,-1.49310499194465,1.78578858166654
2,1984,3984,-0.910366105007982,1.65214614785229
2,1985,3985,-1.21217382080177,1.83564588473094
2,1986,3986,-1.27410873482357,1.642128646968
2,1987,3987,-1.45982422423596,1.56692603694397
2,1988,3988,-0.873829347995532,0.6230243395381
2,1989,3989,-0.900733760049646,1.3034997479903
2,1990,3990,-0.919530295826176,1.60706143513884
2,1991,3991,-0.611185864941465,1.78253334559794
2,1992,3992,-1.3253239770239,0.871878808499887
2,1993,3993,-1.32227416718422,1.13158883731227
2,1994,3994,-2.28125946667032,1.35886971387702
2,1995,3995,-0.540450321096093,1.28733009680085
2,1996,3996,-1.69511684369478,2.02241715890992
2,1997,3997,-1.54917791130981,2.13251864661034
2,1998,3998,-1.68139099345905,1.8538010224515
2,1999,3999,-1.36303383057887,1.19171718042008
2,2000,4000,-1.18336426734199,1.07934865418537
3,1,4001,-1.38089199718539,1.07915170751574
3,2,4002,-2.79554627561476,2.32099116635327
3,3,4003,-2.8729232912203,2.48975973607795
3,4,4004,-0.935130615400364,0.873057822964476
3,5,4005,-0.919819462045912,1.16667495559836
3,6,4006,-0.961242062799807,0.706756226523072
3,7,4007,-1.46445418538324,1.5081945310449
3,8,4008,-1.56222515018927,1.6384498313248
3,9,4009,-1.51320142405707,1.45214465854341
3,10,4010,-1.18142646823854,1.03789348094813
3,11,4011,-1.48027001560072,1.17832738032066
3,12,4012,-1.69490287173017,1.49114370052621
3,13,4013,-1.02147760718066,0.840492057944499
3,14,4014,-0.663107083124514,3.02053635863465
3,15,4015,-0.616649926762861,2.94407352289255
3,16,4016,-0.700041423900711,2.83616176093307
3,17,4017,-0.873265990411065,1.84325237077309
3,18,4018,-0.65657101561617,1.25066450839551
3,19,4019,-1.34376238087649,1.90995371512847
3,20,4020,-1.39085630322813,1.87831855097545
3,21,4021,-1.52287622760165,1.67681655413973
3,22,4022,-1.70551415280842,1.69793900021319
3,23,4023,-1.56028232587499,1.3062349115101
3,24,4024,-1.66104784759424,1.35407425309226
3,25,4025,-1.70208839593787,1.42463378351321
3,26,4026,-1.77090162620465,1.05482755927734
3,27,4027,-1.61136118794413,1.44052416652307
3,28,4028,-1.09661752641691,1.2348101928455
3,29,4029,-1.80015748620337,1.70720310364183
3,30,4030,-1.56956195085945,1.43186378616054
3,31,4031,-2.16077904852852,1.36621168064976
3,32,4032,-0.690141008475622,1.44997898685087
3,33,4033,-0.216457331893682,1.7502747681506
3,34,4034,0.185516743300021,2.2543991142271
3,35,4035,0.239761192330578,2.72252155563709
3,36,4036,-1.44885055005711,1.08973846866204
3,37,4037,-1.76705540048252,2.06224075391596
3,38,4038,-1.17695258819837,1.47793571508873
3,39,4039,-1.39875012288952,1.72649395475138
3,40,4040,-0.605233832316171,1.45605084830726
3,41,4041,-1.21135667901582,1.48111590398585
3,42,4042,-1.21653925361196,1.6312571433797
3,43,4043,-0.995674733275814,1.13328503184888
3,44,4044,-0.903587374241819,1.49806685543872
3,45,4045,-1.24622730393266,1.16882439272305
3,46,4046,-1.22996280238168,1.24347984982743
3,47,4047,-1.05318068030554,1.30237059904965
3,48,4048,-0.754814618338545,1.18202424017957
3,49,4049,-0.718860389077743,1.32306667540566
3,50,4050,-0.836533141157649,1.03872696697991
3,51,4051,-0.745414660346659,2.19206566806486
3,52,4052,-0.458623560616552,2.35209043040935
3,53,4053,-1.40479905421586,2.28827895114921
3,54,4054,-1.37087564556799,2.79827837634702
3,55,4055,-1.30556346529842,2.44400452276096
3,56,4056,-1.48193464604109,1.36206234897924
3,57,4057,-1.79272149736869,1.07061671873175
3,58,4058,-0.993840328643467,0.909863539254951
3,59,4059,-1.62552737789744,1.63541463037045
3,60,4060,-1.72647411649255,1.49507012098109
3,61,4061,-1.80536591144985,1.70431736064532
3,62,4062,-2.18399808676239,1.916291234249
3,63,4063,-1.52146383004612,2.24535096373616
3,64,4064,-1.69570630139133,1.62037897302902
3,65,4065,-1.77247812520889,1.62438867423133
3,66,4066,-0.856690477104857,2.1177016213691
3,67,4067,-0.751934948221646,1.31464275679453
3,68,4068,-1.78885194033701,1.39365334874797
3,69,4069,-1.2779040352811,1.33303150566471
3,70,4070,-2.0781129110706,2.36057835747448
3,71,4071,-1.21453379119714,2.38673975708868
3,72,4072,-0.686637591165377,2.53112105991941
3,73,4073,-0.879758197808028,2.36267408537251
3,74,4074,-1.99073896777811,1.53592892730968
3,75,4075,-2.24697852036709,1.34302846380682
3,76,4076,-0.819926117546419,1.46170433486712
3,77,4077,-1.18801508142846,1.68024283306955
3,78,4078,-1.64174498182981,1.16851911366768
3,79,4079,-1.54012894527131,1.2017161497233
3,80,4080,-1.53508492583547,2.17945037667268
3,81,4081,-1.67018000349842,0.92842890023564
3,82,4082,-1.82335872777072,1.57995028494859
3,83,4083,-1.33041746583415,1.03547519249651
3,84,4084,-1.52433707847431,1.33451004855669
3,85,4085,-1.55976668318268,0.8919970492144
3,86,4086,-1.08369708542233,1.9804842227342
3,87,4087,-1.24681435775973,1.05837760265596
3,88,4088,-1.88893279493684,1.47713639303237
3,89,4089,-1.8139253718178,1.13149089170034
3,90,4090,-2.17396485762502,1.72106525616206
3,91,4091,-1.12893050487137,1.40322484050764
3,92,4092,-1.60915681472056,1.60717785246891
3,93,4093,-1.05471140519177,1.64498002876651
3,94,4094,-1.13526595942261,1.44694284659426
3,95,4095,-1.71302651300864,2.8546017189431
3,96,4096,-1.90942877562319,2.28738604226377
3,97,4097,-1.32583985678872,2.21279496662122
3,98,4098,-1.5795594479232,2.6796987357215
3,99,4099,-1.42552357749032,2.29556105892639
3,100,4100,-1.16452161026844,1.99637592672982
3,101,4101,-1.14352846966811,1.79668673065301
3,102,4102,-0.769212877717992,1.51801026471944
3,103,4103,-1.15206771936337,1.37391305036463
3,104,4104,-1.26781168563989,1.30816042859544
3,105,4105,-1.47968025320627,1.46819753814741
3,106,4106,-1.66243151102716,1.19504715888098
3,107,4107,-1.36478639124896,0.974711161081399
3,108,4108,-2.02151060748602,1.87274130336314
3,109,4109,-1.21268985508295,2.01308290396611
3,110,4110,-1.57070225952774,1.3116263606232
3,111,4111,-1.23301916777895,2.02871843285871
3,112,4112,-1.0876267791874,1.30160734407836
3,113,4113,-1.65736336068477,1.10992612172537
3,114,4114,-1.88017510258295,1.22199338150558
3,115,4115,-1.4626661935253,1.51670872515948
3,116,4116,-1.21273106730733,1.60924162647497
3,117,4117,-0.316589006395842,1.88258157101446
3,118,4118,-0.273923386214593,1.64178693916532
3,119,4119,-1.08662384656065,1.44591745213028
3,120,4120,-1.25289959613626,1.21972121955656
3,121,4121,-1.2391717591173,1.24418654952389
3,122,4122,-1.31191018455704,1.11367860785104
3,123,4123,-1.83076251928492,1.19754819757876
3,124,4124,-1.62370733699372,1.03402103810115
3,125,4125,-1.8235280463917,1.24506014568795
3,126,4126,-1.1565492071976,1.83246224588104
3,127,4127,-1.31937719194496,1.28902190722543
3,128,4128,-1.98454131708132,1.26424595209966
3,129,4129,-2.42980162833305,1.33702463680161
3,130,4130,-0.719970135527952,0.875444351728317
3,131,4131,-2.06511630478479,1.21401995190748
3,132,4132,-1.68662008424999,1.05850267184191
3,133,4133,-1.67495505893369,1.03632276285292
3,134,4134,-1.32288994432097,1.65600598696141
3,135,4135,-0.555444056089198,1.57723507715974
3,136,4136,-0.950779795073138,2.25320987727638
3,137,4137,-0.0230612575857726,2.50072320958238
3,138,4138,-0.143623489300069,3.78775616652694
3,139,4139,0.77111483877807,7.19425269495529
3,140,4140,0.453748977190905,5.71302808777112
3,141,4141,0.00163640812838009,4.32412178761437
3,142,4142,-0.241983034270477,4.31968399086009
3,143,4143,-0.232236172310396,4.46134519122787
3,144,4144,0.0808680558773315,2.33136876053891
3,145,4145,-1.39856025020965,0.85686996814398
3,146,4146,-0.957853608714678,0.584780510518537
3,147,4147,-1.48454537105633,0.794187327602884
3,148,4148,-1.2234538284338,1.24218484504109
3,149,4149,-1.23047590511658,1.31199730988777
3,150,4150,-1.15375268036489,1.07260122967386
3,151,4151,-1.40891418790624,1.34512832794722
3,152,4152,-1.19189545562181,0.725063686780436
3,153,4153,-1.80284339683845,1.0364030601446
3,154,4154,-1.81576458233931,1.14755484165948
3,155,4155,-1.81946607392341,1.20836474299359
3,156,4156,-1.9473268522953,1.43480511258578
3,157,4157,-1.82698106941924,1.62999591074843
3,158,4158,-1.68415557355002,1.15910940999392
3,159,4159,-1.20562518178915,0.748312078064229
3,160,4160,-1.73730321737058,1.11206568111322
3,161,4161,-0.883022283121507,1.33772439764917
3,162,4162,-1.40948728391092,1.75971639481419
3,163,4163,-1.28622951335328,1.43374512885567
3,164,4164,-1.58981625178414,2.86724118047513
3,165,4165,-1.80116029304008,1.12903910145401
3,166,4166,-1.48037809503961,1.31228766126618
3,167,4167,-1.15688800559777,1.00400347611357
3,168,4168,-1.38637361086282,1.28237413410255
3,169,4169,-1.6154645930823,1.45279958403559
3,170,4170,-1.3441627249827,1.97115041976282
3,171,4171,-1.54907271942281,1.71546141269417
3,172,4172,-0.525665695838785,1.87987396197258
3,173,4173,-0.87837983184398,1.66334135381451
3,174,4174,-1.44345874405906,2.10002999879884
3,175,4175,-1.93750891885968,2.23449498960759
3,176,4176,-1.3498859511832,1.65359717015042
3,177,4177,-1.14824423868217,1.57466059073895
3,178,4178,-0.50804710026956,2.50717997973617
3,179,4179,-0.317211286883516,1.64033071490525
3,180,4180,-1.31257481352301,1.47875902431319
3,181,4181,-1.43484892834605,1.670515842507
3,182,4182,-0.733542142081674,1.4843749566477
3,183,4183,-1.13650202443874,1.19578310840985
3,184,4184,-0.535895676939843,1.01129521546038
3,185,4185,-0.604272590311574,1.11138692843836
3,186,4186,-0.978325900573625,1.20145196610859
3,187,4187,-1.95475914898201,2.04133127281063
3,188,4188,-1.45461769137713,1.03160195887873
3,189,4189,-2.42439279433681,1.49831840897234
3,190,4190,-1.53928934758966,1.10904426084153
3,191,4191,-1.28970156397867,1.12193818752239
3,192,4192,-2.42938931870213,1.54862144560125
3,193,4193,-1.48922430791404,1.99002496383155
3,194,4194,-0.729913034204518,0.688147469175452
3,195,4195,-1.64620138991875,0.850558072596408
3,196,4196,-2.13431186571631,1.07533299813486
3,197,4197,-1.88591791281692,0.766500155915766
3,198,4198,-2.24832017712426,1.04029263810389
3,199,4199,-1.93679747940028,2.07243056684781
3,200,4200,-0.0318947433409672,1.62205500445817
3,201,4201,-0.44372905175276,3.69003160199988
3,202,4202,-0.636962138135153,3.05800388242204
3,203,4203,-1.06758949682708,2.06942928588559
3,204,4204,-0.988434878253919,2.23933353100001
3,205,4205,-0.802666849563885,2.41685362065385
3,206,4206,-0.678719476555884,2.92044217172677
3,207,4207,-0.660812307560846,2.85035089461367
3,208,4208,-1.17383244159987,1.30767655128603
3,209,4209,-1.51475637389204,1.31732100676854
3,210,4210,-1.11347149827866,1.18343849983368
3,211,4211,-1.1060558985263,1.5238919375388
3,212,4212,-2.29211524883411,1.94084357993091
3,213,4213,-1.90256758226979,1.48931047658778
3,214,4214,-1.26318309723637,2.00850945596024
3,215,4215,-1.91264295320041,1.24127165040699
3,216,4216,-2.10454881939207,1.35372500022298
3,217,4217,-1.83203996523986,1.60046356876279
3,218,4218,-1.85961264976481,1.29938228227078
3,219,4219,-1.90721380800135,1.81231449042746
3,220,4220,-1.30440925964985,1.8477606003097
3,221,4221,-1.25589679831426,1.13290407515716
3,222,4222,-2.02899707690185,1.00039140632956
3,223,4223,-1.87667067477406,1.55542988132018
3,224,4224,-1.74189652289866,1.52340965021496
3,225,4225,-0.889406736019812,0.651780386485425
3,226,4226,-0.624735663193739,0.498287546068056
3,227,4227,-2.02995523726693,1.40434155348108
3,228,4228,-1.7467534228311,0.901434836194066
3,229,4229,-1.51420867264517,0.891182239785829
3,230,4230,-1.36140504321524,0.837022647792693
3,231,4231,-1.03338549753727,0.734859208499461
3,232,4232,-1.25606276904974,0.851125911080171
3,233,4233,-1.54869706046795,0.889939490796953
3,234,4234,-1.20324009508137,0.719063399195847
3,235,4235,-1.34388941359963,0.780303551385251
3,236,4236,-1.50766484613823,1.23424154879113
3,237,4237,-1.18390171474415,1.80749782888692
3,238,4238,-1.75958656839897,1.11249100218218
3,239,4239,-2.0915293934859,1.34812046237105
3,240,4240,-2.50989949626671,1.89237429314757
3,241,4241,-2.47186544988276,1.8107719829363
3,242,4242,-2.11414368056822,1.38302544565176
3,243,4243,-1.40556639241513,2.53626528282462
3,244,4244,-0.748118752840232,2.04896384009881
3,245,4245,-0.748916219105564,2.08939864510527
3,246,4246,-1.69491473230306,1.89712341675692
3,247,4247,-1.90319842225222,1.54877657295441
3,248,4248,-1.63157351891635,1.46569399674378
3,249,4249,-1.367864706161,1.29910744709656
3,250,4250,-1.19903069806369,1.56226700440766
3,251,4251,-1.47420950460208,1.6432734472248
3,252,4252,-1.40237684371076,1.27797621158424
3,253,4253,-1.24645108153704,1.11618357070319
3,254,4254,-1.37679556433992,1.1485675942207
3,255,4255,-1.12223480652702,0.892078338493846
3,256,4256,-1.18120116951235,1.27945984575308
3,257,4257,-0.971719635842319,1.18895104213618
3,258,4258,-0.286845761884241,1.30619707474793
3,259,4259,-1.05192991364561,2.47694830790942
3,260,4260,-1.43731011403219,2.57954477226787
3,261,4261,-1.16192608864798,1.37556949625522
3,262,4262,-0.820169851320664,2.63571061830034
3,263,4263,-0.885678508564477,1.61072726946602
3,264,4264,-0.604890208868098,1.74683363761855
3,265,4265,-1.3433926204045,1.1398719068162
3,266,4266,-0.311304691034227,1.67383237362985
3,267,4267,-1.01443499542555,1.64089537834767
3,268,4268,-0.596420073479992,1.23596746140221
3,269,4269,-1.30974206534735,1.36603907523252
3,270,4270,-1.34290907430455,1.29484544457396
3,271,4271,-1.77704477805172,1.02119245884247
3,272,4272,-2.07393891751412,1.2404004542465
3,273,4273,-1.31067759254319,1.48051279689858
3,274,4274,-0.76016194106539,1.36233732756379
3,275,4275,-1.70844655228132,0.965547576002733
3,276,4276,-1.18890036348528,1.63862994149581
3,277,4277,-1.28526307662693,1.24345954741674
3,278,4278,-0.906545163273735,1.11680996595936
3,279,4279,-1.06751793719549,1.28494763819605
3,280,4280,-0.82840301433237,1.62427569834284
3,281,4281,-0.666838653834049,1.68543790394013
3,282,4282,-1.75534277033207,1.554806708975
3,283,4283,-1.07399129131433,1.36193508230505
3,284,4284,-0.9579940608026,1.72371495296575
3,285,4285,-0.565186836437197,1.87774005326048
3,286,4286,-0.454604270410092,2.49726595080482
3,287,4287,-0.200253007482344,2.82167085264728
3,288,4288,-1.81987818521316,1.34094239572026
3,289,4289,-1.59445368397242,0.858963442258169
3,290,4290,-1.16553413800962,1.41380479956727
3,291,4291,-1.30890845940305,1.64398871627696
3,292,4292,-0.959953194732781,0.881235041695597
3,293,4293,-0.988394072945466,1.01288901417756
3,294,4294,-1.46128408640556,1.08098824565412
3,295,4295,-1.49923135191724,1.18836864196176
3,296,4296,-1.23704560771656,1.03742699040787
3,297,4297,-0.97829104375306,1.35465520839949
3,298,4298,-0.552006514529308,1.46720639019022
3,299,4299,-1.14546767415448,1.68299223470004
3,300,4300,-0.807239725938163,1.27870038751052
3,301,4301,-1.31839280465723,2.35166722799521
3,302,4302,-0.518575332956555,0.890607409475256
3,303,4303,-1.78412543308749,1.9350488194292
3,304,4304,-1.66825773616984,1.77089592804526
3,305,4305,-1.43203843083296,1.21700904138779
3,306,4306,-0.9500193194148,2.178638926684
3,307,4307,-0.57054680234559,1.46447168844883
3,308,4308,-0.993958954939151,1.57882799129717
3,309,4309,-1.01655742808592,1.96420355470734
3,310,4310,-1.1455960751149,2.33477643706082
3,311,4311,-1.15444923098967,1.63453387938938
3,312,4312,-1.44576813482749,2.06888112254665
3,313,4313,-1.05649907607807,2.04860905826406
3,314,4314,-2.17855735061881,2.10175982066431
3,315,4315,-1.66550148610428,0.987162323929669
3,316,4316,-2.61663772098261,1.26585674228232
3,317,4317,-1.39395702504905,1.15418532333616
3,318,4318,-0.918732531718216,0.983426418891301
3,319,4319,-0.985599278472763,1.39461937752878
3,320,4320,-1.01247544514415,1.14199375677622
3,321,4321,-1.70827140835292,2.2050196864006
3,322,4322,-0.935709217393803,1.17129157213221
3,323,4323,-0.858848855766534,1.06142154182588
3,324,4324,-2.45765651478926,2.2142001051332
3,325,4325,-1.19126627391449,1.19749327125681
3,326,4326,-0.780658399971531,2.33805990172888
3,327,4327,-1.00070574505238,1.54025101084877
3,328,4328,-1.1859391288853,1.91778620540223
3,329,4329,-1.10188865440921,1.63181726175957
3,330,4330,-0.945164555610188,1.41743709183195
3,331,4331,-1.21608285565133,2.21344341779187
3,332,4332,-0.950030248252451,1.91798148741826
3,333,4333,-1.1164436135097,1.5218714809641
3,334,4334,-0.931578906788715,1.45293168919767
3,335,4335,-1.29028776492524,1.74259611290525
3,336,4336,-1.2250582114429,1.56670927560277
3,337,4337,-1.17160121582669,2.35892507123887
3,338,4338,-1.47366774104739,1.26210191227826
3,339,4339,-1.67583379008212,1.53619830385063
3,340,4340,-1.38665944099666,1.37796664233133
3,341,4341,-1.88666893772464,1.51909493856964
3,342,4342,-1.84238642554881,1.04418632229013
3,343,4343,-1.80694460170736,0.97575784830043
3,344,4344,-2.23266039136655,1.60430187862632
3,345,4345,-2.09743828832284,1.55136957488602
3,346,4346,-2.05171500989775,1.41286104336571
3,347,4347,-2.17773982094136,1.92760415406874
3,348,4348,-2.09026971285257,1.52356229709101
3,349,4349,-2.13629417575337,1.2453323439877
3,350,4350,-1.82781459886311,0.904060924502632
3,351,4351,-1.1527561834394,2.38451104447248
3,352,4352,-0.844609880410139,1.53695796353577
3,353,4353,-1.17524024091224,1.86132733489271
3,354,4354,-1.69932340583692,1.58754956406938
3,355,4355,-1.39278055063136,1.63216963995008
3,356,4356,-0.948381554898846,1.59614519532307
3,357,4357,-1.32316121266825,2.00650567387723
3,358,4358,-1.40233202429226,1.2906485403625
3,359,4359,-1.60331509538873,1.58891029020351
3,360,4360,-1.48314698928298,1.59433153848999
3,361,4361,-1.22108537255917,1.25720434717666
3,362,4362,-1.36460023317924,1.73754930838476
3,363,4363,-1.35867048650485,2.14546698345143
3,364,4364,-0.919189406062893,2.60430494894239
3,365,4365,-0.944168477922279,1.30662894679516
3,366,4366,-0.686338098166071,1.44024124802291
3,367,4367,-1.26829075989329,0.963286009293915
3,368,4368,-1.54642155244162,1.93071397787616
3,369,4369,-1.04742582450728,1.07990740057082
3,370,4370,-0.488595473254246,1.34598133925434
3,371,4371,-1.30569317341411,1.80862046710511
3,372,4372,-1.01440584893765,2.37527873243752
3,373,4373,-2.0449509590993,1.86729503602465
3,374,4374,-1.25791891405975,1.45757771246953
3,375,4375,-1.84440431095237,1.65913003191955
3,376,4376,-1.9572993027026,1.58161385646409
3,377,4377,-1.22476884475006,1.05966135724174
3,378,4378,-1.94452865419663,1.40397888724857
3,379,4379,-1.69329205817962,1.386903040002
3,380,4380,-1.48523077029769,1.09787189988952
3,381,4381,-2.65826830594346,1.44438308060351
3,382,4382,-1.26018904460583,1.1325720980687
3,383,4383,-2.22984004575635,1.23441241170462
3,384,4384,-1.48192940405898,1.27560044945267
3,385,4385,-2.07194096636286,1.64758187730496
3,386,4386,-0.778743965404096,1.93484146793558
3,387,4387,-1.0415926199913,0.820270668561134
3,388,4388,-0.886039622952771,1.55362412312686
3,389,4389,-0.944594742887276,2.52141324125509
3,390,4390,-0.76187505734705,1.32353098634617
3,391,4391,-0.543932701824479,2.12890252638253
3,392,4392,-0.470387118052859,1.90145853370495
3,393,4393,-0.0953690309141653,2.39432579392267
3,394,4394,-0.648656386706644,2.0761123771983
3,395,4395,-0.539345294696606,2.5739294425784
3,396,4396,-1.72400383858262,3.64640601639619
3,397,4397,-1.68928149902719,2.05031856261488
3,398,4398,-0.460425108306163,2.19702824784737
3,399,4399,-1.23596684958504,2.41626220043609
3,400,4400,-0.55352102251084,2.06658248920686
3,401,4401,-0.906612121707375,1.78596123064403
3,402,4402,-0.810027313528468,1.59078594076571
3,403,4403,-1.13765916901602,2.69823471328997
3,404,4404,-0.804165959899992,2.11446126844723
3,405,4405,-1.52111466418773,1.16609075843066
3,406,4406,-1.11036304946188,1.07426756185123
3,407,4407,-0.652001110955715,1.3532322375801
3,408,4408,-1.84818563363917,1.2812115237177
3,409,4409,-2.3457297147322,1.49326663405245
3,410,4410,-1.56644873871637,1.2448652198705
3,411,4411,-1.74404093065795,1.84994175368478
3,412,4412,0.632448098888872,1.97064772387245
3,413,4413,0.354282107428924,1.12672171091102
3,414,4414,0.183528804431167,1.6239236107049
3,415,4415,-1.93645337198635,1.59893302761518
3,416,4416,-1.03223030884712,1.18965401031411
3,417,4417,-1.68068945138247,1.17761040716824
3,418,4418,-1.71950226057191,1.15260544544917
3,419,4419,-1.64920540636694,1.05217434329004
3,420,4420,-1.72027778400494,1.1318682530505
3,421,4421,-1.11240388602093,1.34965393785511
3,422,4422,-2.12144496249318,2.13949865600311
3,423,4423,-1.72963511684237,2.03240230844263
3,424,4424,-1.35755469265283,1.28880623160386
3,425,4425,-1.27636307399026,1.88317606463209
3,426,4426,-1.53210099645022,1.20683987448185
3,427,4427,-1.88237542558094,1.15167523880976
3,428,4428,-1.72770153190116,1.22131097054145
3,429,4429,-1.38826304724906,1.32740660165474
3,430,4430,-3.11311746860441,1.67840068298553
3,431,4431,-2.68120114314147,1.52740555524344
3,432,4432,-2.62607168043566,2.29613877492913
3,433,4433,-2.07197956033877,2.1307460953033
3,434,4434,-1.16132726769882,0.941510186427362
3,435,4435,-1.04216207486838,1.60427064898689
3,436,4436,-1.18680911634971,2.71063536880967
3,437,4437,-1.2574320264397,1.43037944313104
3,438,4438,-1.36674905516042,1.69085427006071
3,439,4439,-1.23940475443115,1.24542180730103
3,440,4440,-1.67085938293182,1.65800570072153
3,441,4441,-1.01662954374257,0.961324675061533
3,442,4442,-0.890061008352495,0.865796783866348
3,443,4443,-0.890677624658327,1.17149361847673
3,444,4444,-1.30411735485524,1.4860089084358
3,445,4445,-2.31993914992407,1.2692550457118
3,446,4446,-2.23233509157329,0.997485405552432
3,447,4447,-2.25094093423632,1.30588157209231
3,448,4448,-1.30602756039007,1.62575295303063
3,449,4449,-1.58972126262775,1.62516445176543
3,450,4450,-2.32711363535034,1.28988609936085
3,451,4451,-1.10220496461482,2.7074750057544
3,452,4452,-1.90194708171969,2.42399640617966
3,453,4453,-1.89756995183391,2.36179735996974
3,454,4454,-1.95689813168979,2.28355174966668
3,455,4455,-1.92153879643817,1.61476229854075
3,456,4456,-1.97407596532401,1.94936597540814
3,457,4457,-1.11807924423539,0.889240400814621
3,458,4458,-1.05121487641061,0.774951222499905
3,459,4459,-1.31136478802887,0.819985302841874
3,460,4460,-1.75214081771519,1.54903274275248
3,461,4461,-1.44881309607879,1.04303776050786
3,462,4462,-2.18221422560092,1.67925506801955
3,463,4463,-1.713661567407,1.60053229556074
3,464,4464,-1.54426713245397,1.22511229220884
3,465,4465,-1.32064864030981,1.1333511830824
3,466,4466,-1.32101982913069,1.34843364621772
3,467,4467,-1.80409021330893,1.53334127459948
3,468,4468,-1.84233041391718,1.8323724340944
3,469,4469,-2.33967429425568,2.20393818794891
3,470,4470,-2.54190861113521,2.13495303203372
3,471,4471,-2.33786136369267,2.54470281533604
3,472,4472,-1.93011105674962,2.08721549022489
3,473,4473,-1.09596407447347,2.98256116004533
3,474,4474,-1.51328575030526,3.01466069000614
3,475,4475,-1.51677577046074,2.96858921374093
3,476,4476,-1.52473084295866,2.82971309584292
3,477,4477,-1.52434861877635,2.98397478285131
3,478,4478,-0.903194383517909,1.77603999472406
3,479,4479,-1.67443891143974,1.44791443734132
3,480,4480,-1.5713829975262,1.3865654074627
3,481,4481,-1.57155033552982,1.70230914716175
3,482,4482,-1.50967625169366,1.59441000293921
3,483,4483,-1.13480544519014,1.72429971893527
3,484,4484,0.167459739903095,1.59791269092076
3,485,4485,-0.788107018352297,1.70587918563855
3,486,4486,-0.815251277196058,1.41918164686371
3,487,4487,-1.47091281715425,1.71356039797061
3,488,4488,-0.819354703070861,1.2297827156677
3,489,4489,-2.03045909113688,1.49429690392399
3,490,4490,-1.17478621621587,1.48993518500318
3,491,4491,-1.92829313960234,1.5823272307454
3,492,4492,-1.39225145286869,0.972127000665289
3,493,4493,-2.04171376889102,1.60977046533077
3,494,4494,-1.37401612859661,1.34645894902771
3,495,4495,-1.9391079161508,1.89278174129819
3,496,4496,-1.52634763876258,1.37439439493247
3,497,4497,-2.07391043866308,1.7943766630633
3,498,4498,-1.26579945518244,1.88555219448276
3,499,4499,-1.50340484717898,1.71113102318327
3,500,4500,-1.63688770692952,1.39395705949063
3,501,4501,-0.882435047321116,1.99355562746829
3,502,4502,-1.85677642397884,1.74363623438301
3,503,4503,-1.86485560321178,1.84117683856451
3,504,4504,-1.42444084384977,1.95008906033957
3,505,4505,-1.90153877294835,2.15537925151408
3,506,4506,-0.931930873136353,2.07130548899198
3,507,4507,-0.582128615299634,1.4474488066726
3,508,4508,-1.43689787177332,2.97559082197719
3,509,4509,-1.09569707914952,1.81463423490206
3,510,4510,-1.0366356015189,2.20453794923411
3,511,4511,-0.264870023119562,2.59729765293558
3,512,4512,-0.795777743002535,1.15804964232301
3,513,4513,-2.77903628663467,3.56705147241029
3,514,4514,-2.1705402148199,2.27930212836399
3,515,4515,-2.06383716827858,2.09634869536099
3,516,4516,-1.35522024383986,1.42123248859606
3,517,4517,-1.15494514175338,1.52840437385418
3,518,4518,-2.12909728837421,1.35116883900681
3,519,4519,-0.973868020887388,1.20160396120694
3,520,4520,-1.34680043848768,1.01842744023443
3,521,4521,-1.58664559524472,1.04568028433897
3,522,4522,-1.53298581254163,0.739645899239935
3,523,4523,-0.97945077518347,1.76288982009203
3,524,4524,-1.45996702114841,1.80960024171805
3,525,4525,-1.53403363118587,1.94387642898978
3,526,4526,-1.39092048114403,1.64570899133224
3,527,4527,-1.39106546347802,2.01569427450013
3,528,4528,-1.36334694047537,2.56125595743175
3,529,4529,-1.50978631482796,1.69754681222831
3,530,4530,-1.28818213865866,1.66898091534197
3,531,4531,-1.16442702327046,1.48427204355363
3,532,4532,-1.47720018135004,1.01099012014647
3,533,4533,-1.19213886729943,1.16300524643081
3,534,4534,-1.37077012543211,0.920553091469865
3,535,4535,-1.15691207955984,1.25303183603469
3,536,4536,-1.34390894939925,1.22557681363179
3,537,4537,-1.15929265789128,1.23541323567912
3,538,4538,-1.24896458441099,1.78225083792398
3,539,4539,-1.4842051894915,1.28124491397713
3,540,4540,-1.53521337247918,1.04298842269599
3,541,4541,-1.78808011262412,1.69441093701497
3,542,4542,-1.69342182470749,1.68338834645965
3,543,4543,-1.74559599501299,1.28581476872647
3,544,4544,-2.04148181335332,1.83257566098766
3,545,4545,-2.09195979888908,1.50380647843658
3,546,4546,-2.25167671843089,1.76311089885679
3,547,4547,-0.695999671993349,1.35048656045346
3,548,4548,-0.552823319610644,1.07658560794454
3,549,4549,-2.53396650187485,1.54959891896354
3,550,4550,-2.5870106992279,1.53018536243891
3,551,4551,-1.00612791744351,0.92503488313156
3,552,4552,-1.12335380750569,1.07652829843251
3,553,4553,-1.0407751912761,1.27785507724781
3,554,4554,-1.88284382906195,1.84103441403214
3,555,4555,-1.52123504804437,1.95543900688548
3,556,4556,-1.76690075605218,1.76707097851359
3,557,4557,-1.74593631336269,0.963312289517282
3,558,4558,-2.22262935830837,1.15280854229329
3,559,4559,-1.50229010721496,1.67456625651481
3,560,4560,-1.41292217051635,1.10078586138429
3,561,4561,-1.44229310030136,1.03679763942542
3,562,4562,-1.28265310173482,1.83468141601588
3,563,4563,-1.36167553914358,1.81906167448027
3,564,4564,-1.29362966857896,1.3782074301625
3,565,4565,-2.0216540200322,1.89069111239156
3,566,4566,-0.960255619062762,1.16237256034728
3,567,4567,-1.13048581857597,2.15364958579932
3,568,4568,-0.558060799518811,1.93621801275576
3,569,4569,-1.56219259862667,1.56341276564033
3,570,4570,-1.66605898498643,1.47567813049144
3,571,4571,-0.787118354140283,1.51274133812303
3,572,4572,-0.958592160282432,1.18457877239594
3,573,4573,-1.03164527348415,1.37531379450226
3,574,4574,-0.766091835237338,1.32125379775982
3,575,4575,-1.29159030672331,1.90261087713792
3,576,4576,-0.716564516483432,2.17485774867679
3,577,4577,-0.425330769475706,1.01269819512311
3,578,4578,-0.569797498996931,1.45687371805419
3,579,4579,-1.48045256178425,1.42473286593377
3,580,4580,-1.35953638391611,1.30599965227856
3,581,4581,-1.38758689582519,1.36030753558781
3,582,4582,-0.823588591871314,1.17344017209362
3,583,4583,-0.841762800262002,1.42539169575716
3,584,4584,-0.442436984861444,1.60091995321035
3,585,4585,-0.926393737614771,2.69141624297219
3,586,4586,-0.730291677224843,1.27518554102553
3,587,4587,-1.30576996083936,2.27866978134885
3,588,4588,-0.711375929187356,1.30223017208162
3,589,4589,-1.79058543418371,0.805574037706314
3,590,4590,-1.10958682417317,1.06947613263348
3,591,4591,-1.55469371619907,1.10955807134631
3,592,4592,-1.94555241247603,1.22405063461669
3,593,4593,-2.06903457075593,1.34211273475823
3,594,4594,-1.96523671190087,1.68618719120134
3,595,4595,-1.18477090502212,1.92339680393635
3,596,4596,-0.729901256652264,1.7276331730016
3,597,4597,-0.853105751276658,1.62135808180814
3,598,4598,-1.81029070764512,1.65629006399504
3,599,4599,-2.33231367029392,2.13360782836715
3,600,4600,-1.45926347505345,1.44201975398313
3,601,4601,-1.76386622855174,1.84684738547958
3,602,4602,-0.970641705601691,1.34982524776352
3,603,4603,-1.2530001936183,1.74037943349524
3,604,4604,-1.18575704580432,1.12917837499382
3,605,4605,-0.715585576893837,1.24506537016703
3,606,4606,-0.761302995268164,1.18904554901952
3,607,4607,-1.11148402699343,1.28008008146311
3,608,4608,-0.813275432591256,2.14354442587359
3,609,4609,-1.64161532486024,1.23690806462066
3,610,4610,-2.32728148004822,1.79008950935802
3,611,4611,-1.70898940904709,1.01428793582636
3,612,4612,-1.77015622745356,1.08290759359249
3,613,4613,-1.35044890428416,1.40558608767239
3,614,4614,-0.545249441203954,2.6248351282679
3,615,4615,-1.74154690173456,1.08603674832565
3,616,4616,-1.58777953016814,1.08021411705513
3,617,4617,-2.46542897204641,1.20492702830115
3,618,4618,-1.09514967611685,0.970960145066897
3,619,4619,-1.37145600014412,1.25757700520634
3,620,4620,-0.611121892987465,1.72272325768865
3,621,4621,-1.52612981592605,1.45966338215731
3,622,4622,-1.05622887675701,1.3279331347204
3,623,4623,-0.685608059682204,1.6531606377337
3,624,4624,-0.856549546818138,1.16309096979056
3,625,4625,-0.795839746533047,1.32787267487389
3,626,4626,-0.7672478663916,2.60868718389289
3,627,4627,-0.399835377267058,1.78783410359807
3,628,4628,0.329659366241987,3.28799234564468
3,629,4629,0.324700601871138,4.39914440893817
3,630,4630,0.0168393866933891,2.53734304249894
3,631,4631,-0.096049526019826,2.43428894967315
3,632,4632,-0.201502294505036,3.0739912684358
3,633,4633,-0.162660456091241,2.52927975616211
3,634,4634,-0.167474680548765,2.79589635182844
3,635,4635,-1.3062444447904,1.53515380278397
3,636,4636,-1.86283192381913,3.53531749002425
3,637,4637,-0.633518687633772,0.871638722709474
3,638,4638,-1.38060839614449,1.05640239808709
3,639,4639,-1.03348479871949,1.89562503269059
3,640,4640,-0.838884365875134,1.47001446094122
3,641,4641,-0.400635479326627,1.96068714425927
3,642,4642,-1.58559454504746,1.19494395403746
3,643,4643,-1.4570348192408,1.0099704725589
3,644,4644,-1.03264725848067,1.61367575448837
3,645,4645,-1.49323872978399,1.3887587146774
3,646,4646,-1.5017173085914,0.930499739726413
3,647,4647,-1.34327247439174,0.633005633443223
3,648,4648,-1.34336438463328,0.684092902547082
3,649,4649,-0.882783802119324,0.982075212464252
3,650,4650,-1.33151722814042,1.57452893920436
3,651,4651,-0.489991937725495,1.55581163033941
3,652,4652,-1.09811174271881,1.30479395096478
3,653,4653,-0.389428273949487,1.60697887206771
3,654,4654,0.548219430785782,2.2225291746353
3,655,4655,-0.764108356878959,1.48493252568173
3,656,4656,-1.04212320148048,0.799754940985312
3,657,4657,-1.82985575874894,1.67176826729499
3,658,4658,-1.36362191692226,1.07046335648727
3,659,4659,-1.19945179355628,1.23822412853851
3,660,4660,-2.19364848802503,1.96586769698434
3,661,4661,-0.952146990780438,0.911506325964971
3,662,4662,-1.63175749092621,1.10900799642143
3,663,4663,-0.849842505892327,1.48822093464454
3,664,4664,-1.55690537589129,1.0312045527241
3,665,4665,-1.2945374133566,2.41910777237099
3,666,4666,-1.34305326971495,1.77610104384129
3,667,4667,-0.976465733313912,1.86117721421655
3,668,4668,-0.506468622903618,2.05262628841168
3,669,4669,-0.494973426993618,2.08373469617228
3,670,4670,-0.26034164746627,2.3360069937826
3,671,4671,0.316903700623961,2.7058879024756
3,672,4672,-1.45374691205331,1.26119873105472
3,673,4673,-1.12676871800651,1.08259030032775
3,674,4674,-1.53034240149081,1.21826372695663
3,675,4675,-1.51033804909998,1.76625242937617
3,676,4676,-1.49519620883301,2.98170737600844
3,677,4677,-1.84351103839751,2.60729562295029
3,678,4678,-1.43512854915151,2.92682105403284
3,679,4679,-1.41660330091456,1.57583097786199
3,680,4680,-1.14094570466836,0.97010129012332
3,681,4681,-1.4257706321323,1.63671790503596
3,682,4682,-1.00331351274856,0.633723276955722
3,683,4683,-0.801630520822603,0.536809504375934
3,684,4684,-1.19448100235093,0.67186284585762
3,685,4685,-0.961707090780249,0.671580300105635
3,686,4686,-1.82931217675086,0.920039467253986
3,687,4687,-1.22053003933129,0.732211769234811
3,688,4688,-1.5925114112663,1.37865248723459
3,689,4689,-1.61674760028076,1.31692549802004
3,690,4690,-1.38290419008921,1.06939596240495
3,691,4691,-1.40073406148253,1.03052497287115
3,692,4692,-1.14768915480133,1.27362379016702
3,693,4693,-0.44558423571629,1.56569862989142
3,694,4694,-0.733220423130636,0.938995305916018
3,695,4695,-0.813606668499215,2.03685775595056
3,696,4696,-1.14006601235162,2.15950978531094
3,697,4697,-1.24858675741413,1.97086423856715
3,698,4698,-0.830225653012032,2.23534577906795
3,699,4699,-0.906351136180866,0.796401970071726
3,700,4700,-1.43087076149966,1.7557098348432
3,701,4701,-2.28984284648519,2.02571829150125
3,702,4702,-2.18984690006957,2.1131766815486
3,703,4703,-2.35448132136082,1.92958326427578
3,704,4704,-1.28406720774035,1.28753190948428
3,705,4705,-1.17105996004618,0.598658430536771
3,706,4706,-0.955666198949953,0.522347355519346
3,707,4707,-1.27058495960972,1.1828497292483
3,708,4708,-2.59784490179438,2.67292505177362
3,709,4709,-1.86574392962828,1.97307769814292
3,710,4710,-1.58132690808988,1.90167657312058
3,711,4711,-1.45725032519051,1.17457071957251
3,712,4712,-1.46317348835958,1.8213938748591
3,713,4713,-1.25158510217889,0.989136854391235
3,714,4714,-1.22293368711312,0.868949414464039
3,715,4715,-0.600376103633976,0.721705302050962
3,716,4716,-0.980166765474573,0.900744561901271
3,717,4717,-1.4357725554482,0.853871531794155
3,718,4718,-0.100712053942916,1.15640051440746
3,719,4719,-0.053996441726324,2.24126553401886
3,720,4720,-0.0993602567244629,1.75069082199822
3,721,4721,0.0285709632270769,2.4219872494019
3,722,4722,-0.326764288928671,1.86947018236509
3,723,4723,0.113034544568814,3.91626311366697
3,724,4724,-0.0242597814488732,2.98271847293033
3,725,4725,-1.16798732276753,2.14639751558747
3,726,4726,-0.834307615603196,2.07353928171436
3,727,4727,-1.74324688388913,1.46457377979334
3,728,4728,-1.82350351520716,1.81028216975089
3,729,4729,-1.24651889147057,3.69134571461993
3,730,4730,-1.83890243876564,2.39770188974231
3,731,4731,-1.54508014439989,2.67031052073705
3,732,4732,-0.747255694122899,2.34108748885646
3,733,4733,-0.945789887593669,3.54951287214738
3,734,4734,-0.909801226733561,3.5255905413722
3,735,4735,-0.978173163351754,3.66481400359143
3,736,4736,-0.970730952724251,3.13639416546062
3,737,4737,-1.38143892789147,1.23212215126001
3,738,4738,-1.63336556520064,0.963265443258255
3,739,4739,-1.35080623542011,0.964492871673587
3,740,4740,-0.92611228522266,1.3389493511361
3,741,4741,-1.26043253856641,1.457687575149
3,742,4742,-1.20626095310344,2.4205792287507
3,743,4743,-0.871682303176482,1.45101072340015
3,744,4744,-0.959476379120239,1.23687679912755
3,745,4745,-0.404968654503811,1.15335404649838
3,746,4746,-1.757374092497,1.052811357203
3,747,4747,-1.81714426625501,1.00083262536464
3,748,4748,-1.33335294016012,1.55893926798053
3,749,4749,-1.56606181990728,0.730074643752692
3,750,4750,-1.21926452587519,0.760711550756736
3,751,4751,-1.36970985028532,1.54422389739566
3,752,4752,-1.31378371450891,1.24381249915582
3,753,4753,-0.587909902233769,0.719427821050426
3,754,4754,-1.12941757786488,1.168723658723
3,755,4755,-1.12566768093007,1.74203452069911
3,756,4756,-1.99903894507722,1.89848295714261
3,757,4757,-0.389332920699837,2.20799864728017
3,758,4758,-0.239504748384918,1.76909938665565
3,759,4759,-0.415429323013639,1.44231799574326
3,760,4760,-0.921608227939616,1.72148223762355
3,761,4761,-1.63598448700952,1.07606394849458
3,762,4762,-0.932038312952602,2.3761614566795
3,763,4763,-1.29046101645506,2.27705754024494
3,764,4764,-1.4288859173682,3.38785954496146
3,765,4765,-1.40840215238887,2.54945390046696
3,766,4766,-1.08401634234114,1.07165719321323
3,767,4767,-1.55326402454574,1.77828589656514
3,768,4768,-0.530523437602587,0.885234130912837
3,769,4769,-0.869489350569242,0.813921388710392
3,770,4770,-0.828715145273116,0.818958991693461
3,771,4771,-1.12308610106441,1.59959420712031
3,772,4772,-0.669343313482418,1.31973920501794
3,773,4773,-0.887772437973398,2.94357367456937
3,774,4774,-1.39429261939572,1.61484743623864
3,775,4775,-0.52172075518921,2.15044569982643
3,776,4776,-0.705559146402585,1.23980305607734
3,777,4777,-0.926286770878862,1.27848899647606
3,778,4778,-0.880218344391923,0.991709122158535
3,779,4779,-1.33727402185713,1.61931392596688
3,780,4780,-1.11959090160625,1.1354370314674
3,781,4781,-1.9684448841797,1.50079840607296
3,782,4782,-0.976729953959365,1.63797031537557
3,783,4783,-0.869845453144103,1.75066286317703
3,784,4784,-0.676793586095281,1.95059468378088
3,785,4785,-1.37769402223443,1.16670710551862
3,786,4786,-1.49122958462528,1.41008477587844
3,787,4787,-1.33246954921029,1.16553884342258
3,788,4788,-2.29465385136888,1.32254677404644
3,789,4789,-1.06157448932842,0.996628089420837
3,790,4790,-1.66072644293837,1.21273893418168
3,791,4791,-1.02603468816637,0.765630903790835
3,792,4792,-1.69169049854011,1.50555461500934
3,793,4793,-1.53167534101374,2.04358621526942
3,794,4794,-1.8290961408822,1.62657094733514
3,795,4795,-1.44710564385404,1.27754468220279
3,796,4796,-2.05689375243713,2.76979108865077
3,797,4797,-1.57380463158796,1.97831785539822
3,798,4798,-0.903088543982272,1.95335864960326
3,799,4799,-0.907783091431014,2.0562175010478
3,800,4800,-2.11091960563071,2.75684902933711
3,801,4801,-2.11935736762641,2.63454919666076
3,802,4802,-1.70927355142157,2.53689912811914
3,803,4803,-1.01389428127911,1.13396643350844
3,804,4804,-1.8739441028187,1.3092495871396
3,805,4805,-1.00086390426129,0.912547295014155
3,806,4806,-1.1105034045219,0.954555859266666
3,807,4807,-0.649465595762003,1.84080541456225
3,808,4808,-1.09427669994696,1.4296029782478
3,809,4809,-1.49870494181712,1.34108836925413
3,810,4810,-1.25631295254216,0.887225123985268
3,811,4811,-2.48318637699799,1.71155511753277
3,812,4812,-2.22193965219306,1.48746299481571
3,813,4813,-1.58347543664112,0.846115993204305
3,814,4814,-2.03790042481423,1.63935992341537
3,815,4815,-0.511598659853361,1.58029240815842
3,816,4816,-1.05447518089025,2.60435065444278
3,817,4817,-0.782149626204997,2.99668689027746
3,818,4818,-0.561594872492107,3.17028566697366
3,819,4819,-0.950928754713756,2.85727872194719
3,820,4820,-1.92970485626321,2.63488736742338
3,821,4821,-2.10763672146743,2.18532855550009
3,822,4822,-0.339881274463945,1.38717307045852
3,823,4823,-0.934580975930107,1.49330205747356
3,824,4824,-0.652957306712517,1.11620015668215
3,825,4825,-1.54096504905889,0.818486773572367
3,826,4826,-1.11530976382824,0.925785217806502
3,827,4827,-2.16278252780807,1.41019075988123
3,828,4828,-0.514609026546091,1.46977943138284
3,829,4829,-0.782159328828305,1.60086610025497
3,830,4830,-0.823944359141912,2.24081096596425
3,831,4831,-1.29025971824246,1.99636191313326
3,832,4832,-0.634992197557448,2.21906307771173
3,833,4833,-0.682985480137981,1.8695068667285
3,834,4834,-1.16056380155314,1.93199586455227
3,835,4835,-0.848633629324742,1.02377334888557
3,836,4836,-0.561410602278081,0.960707850659776
3,837,4837,-1.76634074977399,0.828463919057525
3,838,4838,-1.45492797657056,0.882943901462669
3,839,4839,-2.05779455098937,1.41065667090275
3,840,4840,-1.31864665574317,1.16146621685015
3,841,4841,-1.91359415786653,1.68773834196841
3,842,4842,-0.461241561626989,1.3921884338019
3,843,4843,-0.804853367655363,2.47055335398183
3,844,4844,-0.418011863293695,2.03592606129754
3,845,4845,-0.202646418313667,2.12607708178572
3,846,4846,-1.36229389817165,2.04596351787261
3,847,4847,-1.29818195923628,1.3509158327805
3,848,4848,-1.54852288081342,1.77123841822465
3,849,4849,-1.37640119075845,2.46395784755595
3,850,4850,-1.82555410454013,2.04578083373279
3,851,4851,-1.50402908264033,1.86464264809002
3,852,4852,-0.92850348400516,1.62678593575506
3,853,4853,-0.583574961679252,1.06589275788777
3,854,4854,-0.707220003598732,1.24244577086077
3,855,4855,-1.1697905912277,1.76729584293464
3,856,4856,-1.45686765704792,1.1088450314211
3,857,4857,-1.178431613968,1.26984874843803
3,858,4858,-1.15167890274294,1.30215635882771
3,859,4859,-1.80046804368277,1.44818857900179
3,860,4860,-2.08456145936471,1.73123135329793
3,861,4861,-1.87575100732621,2.45374375337751
3,862,4862,-1.05705696606865,1.19091547996184
3,863,4863,-1.9092355157667,1.30407190123431
3,864,4864,-1.50661651610161,1.61902280695677
3,865,4865,-2.47036917753181,2.17135174173387
3,866,4866,-3.00239508688968,2.11075422636338
3,867,4867,-2.02438215567633,1.28466341302993
3,868,4868,-2.29808933559043,1.9425280112903
3,869,4869,-2.1736242554972,1.49473674237697
3,870,4870,-1.79889321998313,1.44092250228315
3,871,4871,-0.941111270594781,0.681630800463812
3,872,4872,-1.71592378695666,1.27741886004447
3,873,4873,-1.22223715754791,0.870713935109322
3,874,4874,-1.4161656844744,1.2875778731863
3,875,4875,-1.08000664616726,0.896921805753908
3,876,4876,-1.03632540746006,0.875369979421128
3,877,4877,-1.04836402970923,0.787653699282931
3,878,4878,-0.701990138500038,1.50485001221341
3,879,4879,-0.783977941292454,1.22612577788914
3,880,4880,-1.18672523362049,1.74567318656051
3,881,4881,-1.61730026567688,1.70641439466838
3,882,4882,-1.19385263301332,1.49158466304252
3,883,4883,-1.37319658487173,1.6305684971313
3,884,4884,-1.5486911009163,1.61514259204691
3,885,4885,-1.84304294062499,1.2471577694782
3,886,4886,-2.25281508543671,2.16507235854931
3,887,4887,-1.57562167787771,0.979240162320412
3,888,4888,-0.535488358993257,1.12111865480348
3,889,4889,-0.504588846816514,1.43249089208167
3,890,4890,-1.66486418395184,1.72699645714155
3,891,4891,-1.32963314797687,1.15656383391189
3,892,4892,-0.706781744841212,0.564526919828332
3,893,4893,-0.874990247386532,1.40685785935379
3,894,4894,-1.37336619604249,2.01222404531717
3,895,4895,-1.49257551807787,1.52230835478574
3,896,4896,-1.31970688054857,1.05003863792901
3,897,4897,-1.25177258452944,0.793111477727286
3,898,4898,-1.34645588371221,0.847974637446719
3,899,4899,-1.10382819118069,1.51584911168527
3,900,4900,-0.245821042886679,2.6447068217298
3,901,4901,-0.635420995075961,1.82473197271094
3,902,4902,-1.08315970176755,2.44268826666583
3,903,4903,-1.57489622577003,1.74317266289326
3,904,4904,-0.997538210743185,2.51330283170819
3,905,4905,-0.726942331113443,1.72229402571436
3,906,4906,-0.726046992124541,2.01367974944267
3,907,4907,-1.10138295916719,2.53483654589163
3,908,4908,-1.22067029434769,1.12508775281972
3,909,4909,-0.372698367315668,1.38721750373458
3,910,4910,-0.836389424005978,1.79215822527412
3,911,4911,-1.28889843938067,1.11860792579938
3,912,4912,-1.62977609418316,1.42767648392095
3,913,4913,-1.94721254109951,1.57129482879251
3,914,4914,-0.496869803025957,2.55265187941385
3,915,4915,-1.12639505573783,2.99574933664509
3,916,4916,-1.01753333380607,2.16989257745733
3,917,4917,-0.890641800527744,3.29437441379342
3,918,4918,-0.890181357625597,3.32216347552385
3,919,4919,-1.18747945316172,1.4865398321052
3,920,4920,-0.773522533974726,2.66200134554674
3,921,4921,-0.514971897139869,2.59514814536294
3,922,4922,-1.71786691586369,2.29554931680549
3,923,4923,-1.81876776109484,2.24047451853508
3,924,4924,-1.41381859700623,2.97259774980695
3,925,4925,-2.01863226169977,2.20136819335262
3,926,4926,-1.93883945494465,2.02598813115224
3,927,4927,-1.52158738773322,1.79855409019794
3,928,4928,-1.72899010717051,1.96528777853114
3,929,4929,-0.989701892205658,2.43886152657991
3,930,4930,-0.707331933950948,1.18518708467402
3,931,4931,-1.28506775452016,2.10023100571963
3,932,4932,-1.19555947223302,1.21343044328135
3,933,4933,-2.02198520300577,2.0566799272203
3,934,4934,-1.71625560647687,2.010099818752
3,935,4935,0.0718217023817865,1.4969596799839
3,936,4936,-0.313175712499271,1.80146020280616
3,937,4937,-0.474683711603763,1.76215300495629
3,938,4938,-0.594871317016808,1.62418248040262
3,939,4939,-1.57979750518423,2.94610926562404
3,940,4940,-1.1698667367768,2.63634178741407
3,941,4941,-1.15601073796699,2.35329191100887
3,942,4942,-2.282724634826,1.93907545264521
3,943,4943,-1.66148659855995,1.70138380906552
3,944,4944,-2.48117240615573,1.4588738715679
3,945,4945,-0.341885296181866,2.69938046228688
3,946,4946,-1.51500624733839,1.77093403354704
3,947,4947,-1.12558480906527,0.930532615556366
3,948,4948,-1.13378014944396,1.19248496756743
3,949,4949,-1.79935177308053,1.50207246195756
3,950,4950,-0.93905663149065,0.997852123806561
3,951,4951,-1.02065118017621,1.19175299658629
3,952,4952,-1.49248703561152,0.747307530167872
3,953,4953,-1.20561785721669,2.46120233664796
3,954,4954,-1.24613085478753,2.84966546455383
3,955,4955,-1.32545801607671,0.983099981220239
3,956,4956,-0.730563008262072,1.15559362711976
3,957,4957,-0.709866371135297,0.732245627932617
3,958,4958,-2.31427057453222,1.24964698743547
3,959,4959,-0.61885646747322,1.44771849472121
3,960,4960,-0.658363137108821,1.09804415003174
3,961,4961,-0.596952303845216,1.06829404297158
3,962,4962,-1.09826790722663,1.21277146359992
3,963,4963,-0.957927883629144,1.01402603470183
3,964,4964,-1.02310947241034,0.809246019897359
3,965,4965,-2.04718031687632,1.45587436126159
3,966,4966,-1.891969387249,1.34648266283526
3,967,4967,-1.29503283143175,2.27953358283147
3,968,4968,-0.0877744432584245,1.89329774610818
3,969,4969,-2.07748816739225,1.52179009986221
3,970,4970,-0.440852223878074,2.18228027210671
3,971,4971,-0.610952596512248,1.72659713886514
3,972,4972,-0.763945121445809,1.57713475275796
3,973,4973,-1.09927295011855,1.67084213158794
3,974,4974,-1.60074257698856,1.74465752472694
3,975,4975,-1.55840664057698,1.64244402432179
3,976,4976,-1.12854064089482,2.14873347836226
3,977,4977,-1.16059391441581,1.82008413992865
3,978,4978,-1.77191081776321,1.52735759529362
3,979,4979,-1.70777779681647,1.66348451679468
3,980,4980,-0.69481701484523,0.995912868620761
3,981,4981,-1.16140809054011,0.981859083630709
3,982,4982,-0.9529892667219,0.860560358834613
3,983,4983,-0.98412408418244,1.0289935338016
3,984,4984,-0.559407620511621,0.479825422201209
3,985,4985,-1.25050276679777,0.97282677817726
3,986,4986,-1.27335265773799,1.02190146843461
3,987,4987,-1.15709455356778,1.23036132625944
3,988,4988,-1.5117038624022,1.38666958228108
3,989,4989,-1.70164428402825,1.49967720125766
3,990,4990,-1.67808455153095,1.23285396878707
3,991,4991,-1.51913425400295,1.28983658639355
3,992,4992,-1.10576807422927,2.55748307117118
3,993,4993,-1.21412657169945,2.40524496418715
3,994,4994,-0.843776700622463,1.75489804336406
3,995,4995,-0.234466980103918,0.943581908512971
3,996,4996,-1.15947790622764,1.67544013282218
3,997,4997,-1.4566977275936,1.38555293205433
3,998,4998,-0.852187907610666,1.90175931786986
3,999,4999,-1.82819208911419,1.71227690852957
3,1000,5000,-1.65554748015696,2.30762238592692
3,1001,5001,-0.991947962150375,2.32803508226836
3,1002,5002,-0.8914490159713,2.01997935404347
3,1003,5003,-0.431497380117581,1.64737163053977
3,1004,5004,-0.714876825549136,2.12487832057506
3,1005,5005,-0.443789047253356,1.84346979316184
3,1006,5006,-1.57992642376742,2.15053151706691
3,1007,5007,-1.84196151893056,2.38435141287354
3,1008,5008,-1.6743811944208,1.25588696616833
3,1009,5009,-2.78304201332703,1.64799368778705
3,1010,5010,-0.27088066236222,1.44713380008659
3,1011,5011,0.332882846029873,2.33885035232419
3,1012,5012,0.0552591710207044,2.21886313961537
3,1013,5013,-0.94442924108592,1.50414115929784
3,1014,5014,-2.03854510405909,1.73443436580871
3,1015,5015,0.0561642844262087,1.99661720654202
3,1016,5016,-1.21911855660343,3.31603395978552
3,1017,5017,-1.33297963620692,3.35269244144928
3,1018,5018,-1.30915233675373,3.3563585143631
3,1019,5019,-0.824054865102354,1.82775426958493
3,1020,5020,-0.490198725152757,2.33044905739637
3,1021,5021,-0.374116730978081,1.83628515650511
3,1022,5022,-0.612935701457788,3.45274151500379
3,1023,5023,-0.44689976368991,1.35636087561857
3,1024,5024,-1.22268667979992,1.95564970556441
3,1025,5025,-1.12819384872076,1.40481922384106
3,1026,5026,-1.40820546064016,1.37574994948968
3,1027,5027,-2.19816358975544,1.66065527524502
3,1028,5028,-1.75679970054858,1.8449668733269
3,1029,5029,-1.21135843443657,1.22851478550887
3,1030,5030,-1.52815427287274,1.2200606005225
3,1031,5031,-1.55597485598222,1.05044913576782
3,1032,5032,-1.95910387970596,1.70079000424764
3,1033,5033,-1.77466085634205,1.34241041345305
3,1034,5034,-1.73076046731102,1.33087586867263
3,1035,5035,-1.80915527537778,1.70938838037971
3,1036,5036,-1.68723326122739,1.27658019700362
3,1037,5037,-1.57487904560411,1.17217014673638
3,1038,5038,-1.2894959455549,1.52761293510976
3,1039,5039,-1.33675927464714,0.86779699380576
3,1040,5040,-2.32520341336704,1.56210967420364
3,1041,5041,-1.91210571701849,1.18163876133865
3,1042,5042,-0.969755828453816,1.50345081971133
3,1043,5043,-0.982726357672469,1.56826987534277
3,1044,5044,-0.688759686165457,1.07845012232749
3,1045,5045,-0.915077194042203,1.12669244314604
3,1046,5046,-1.47228120996314,1.32872416083978
3,1047,5047,-1.60970657514292,2.03980048084338
3,1048,5048,-0.732116369674951,0.76720230375974
3,1049,5049,-1.15312421525223,1.67724042595392
3,1050,5050,-0.746301718449031,2.37483970393843
3,1051,5051,-1.77639981263737,1.65523560482346
3,1052,5052,-0.288209285791046,3.02970284663878
3,1053,5053,0.137592948172273,2.11965673478743
3,1054,5054,-0.999981375479977,2.54126615269759
3,1055,5055,-0.668458549626569,2.30393862557417
3,1056,5056,-1.49560199780909,1.92109405627235
3,1057,5057,-1.10953102571528,1.69884812770838
3,1058,5058,-1.22624889958938,0.975535365376829
3,1059,5059,-1.82526875796744,1.49394425540913
3,1060,5060,-1.48976977135084,1.61985867578874
3,1061,5061,-1.40162437438412,1.47081915067182
3,1062,5062,-0.616432134940641,1.91199874454519
3,1063,5063,-0.826905360861839,1.29284862129088
3,1064,5064,-0.908265385776463,1.06166679160803
3,1065,5065,-1.25490774091667,1.38665237841212
3,1066,5066,-1.2760584570229,1.40789095332332
3,1067,5067,-1.66484897611249,1.35254885320662
3,1068,5068,-1.40213709332859,1.43999464850148
3,1069,5069,-1.6989512801587,1.90480447721823
3,1070,5070,-1.37338626483693,1.1895309074479
3,1071,5071,-1.32331176418247,1.1019502057958
3,1072,5072,-1.02341581298111,1.31651930782828
3,1073,5073,-1.44459574909667,1.74738702351544
3,1074,5074,-0.873530887964607,1.67990743706976
3,1075,5075,-0.800531569307433,1.3345264584564
3,1076,5076,-0.832659018911376,1.69589559331973
3,1077,5077,-1.01226912853444,1.22561977679857
3,1078,5078,-1.7963164996914,1.24479251341388
3,1079,5079,-1.88413824157699,1.31185314076557
3,1080,5080,-1.30918820855845,2.28806873894531
3,1081,5081,-1.7465794022974,1.78594296946167
3,1082,5082,-1.76495871825817,2.06353551107607
3,1083,5083,-0.991809436112968,1.21627558149547
3,1084,5084,-0.912510456557169,1.88878808694632
3,1085,5085,1.11271699152398,3.12667249818117
3,1086,5086,-0.737301764563927,1.55326403977026
3,1087,5087,-1.63182982347342,2.12846301256276
3,1088,5088,-1.47758282156868,1.83119217142554
3,1089,5089,-1.66294569798378,2.07427644882856
3,1090,5090,-1.87921556410748,1.34402880193402
3,1091,5091,-2.4647795872194,1.43150726150086
3,1092,5092,-1.68043652028533,1.06371717211461
3,1093,5093,-2.31608883653617,1.39056773141968
3,1094,5094,-2.46307741865134,1.23444139611703
3,1095,5095,-1.72076349582544,1.20570589209294
3,1096,5096,-1.43725642347654,0.915300968453472
3,1097,5097,-1.49274519814792,1.645183049833
3,1098,5098,-1.47271171787826,0.827510738389676
3,1099,5099,-0.737507132002049,1.1487733916769
3,1100,5100,-0.739466186757623,1.0749382601353
3,1101,5101,-0.75068585508877,0.983885703938271
3,1102,5102,-1.2614853636936,2.00427050659087
3,1103,5103,-1.02624689573211,1.90580822594838
3,1104,5104,-1.95408155207327,1.55135969932483
3,1105,5105,-2.256186751965,3.02954568316097
3,1106,5106,-1.80301123995361,3.25619616904958
3,1107,5107,-1.7830021749916,2.18094798221792
3,1108,5108,-1.31302184826514,2.00086549756001
3,1109,5109,-2.1743004036489,1.74698749896585
3,1110,5110,-2.05204213680138,1.04214633145506
3,1111,5111,-2.13374025436221,1.67661632575147
3,1112,5112,-1.60414019133581,1.98705649945543
3,1113,5113,-1.91198107997467,2.30417798923425
3,1114,5114,-1.64206983607195,2.13474499162748
3,1115,5115,-1.57010567263465,1.43575556190487
3,1116,5116,-1.97836227693918,0.998063768453351
3,1117,5117,-2.13858749064416,1.10204835353162
3,1118,5118,-0.868636773585569,2.35077277116433
3,1119,5119,-0.703283097382325,3.0599230593382
3,1120,5120,-0.720602066254217,2.42515045736459
3,1121,5121,-1.63402429159225,1.70637984682495
3,1122,5122,-1.71319062553714,2.14709635672473
3,1123,5123,-2.20556829238022,3.10744084866732
3,1124,5124,-1.00617130655469,1.76429669047705
3,1125,5125,-1.00029814793802,1.77020826414128
3,1126,5126,-0.651399351050829,2.72091761018696
3,1127,5127,-0.245835944437027,2.74867162079523
3,1128,5128,-0.810400078770175,1.63857962456033
3,1129,5129,-1.24391319752635,1.84142877755949
3,1130,5130,-1.872830793124,1.53468230595933
3,1131,5131,-1.56452154264013,2.22421393736305
3,1132,5132,-1.17496651068619,1.67876208556637
3,1133,5133,-0.877055980712558,0.978539073255118
3,1134,5134,-1.74133215448132,1.07571583330927
3,1135,5135,-0.909637308717315,0.562041286828223
3,1136,5136,-1.66794805813699,1.12246052165954
3,1137,5137,-0.627499339283353,0.575590642767951
3,1138,5138,-1.76963629279482,1.11428727047963
3,1139,5139,-1.6613806566086,2.19285741642378
3,1140,5140,-1.49986434166649,2.00997405356045
3,1141,5141,-1.77470595709918,2.05038579573398
3,1142,5142,-0.667433246144924,2.55021938566596
3,1143,5143,-0.735957583457035,2.37233537015172
3,1144,5144,-0.982373559363511,2.60107290960018
3,1145,5145,-0.152587820538474,2.02572951359001
3,1146,5146,-0.353986119121991,2.5932249483778
3,1147,5147,-0.493801037223083,1.63713934598401
3,1148,5148,-0.577116922552105,1.76769356518451
3,1149,5149,-0.872791587907373,1.46932706472823
3,1150,5150,-1.92054381132793,1.14206586901754
3,1151,5151,-1.31468208731369,1.01848184501971
3,1152,5152,-1.1892451167892,0.957388382390297
3,1153,5153,-1.91983727532275,1.29367362595014
3,1154,5154,-1.86704760419612,1.39451972858212
3,1155,5155,-0.884542717186202,1.48325623593867
3,1156,5156,-1.3783449305099,1.35408203997967
3,1157,5157,-2.27468414740848,1.82485833269889
3,1158,5158,-1.76771906406122,1.31249850087101
3,1159,5159,-1.7329826333436,1.25205352728778
3,1160,5160,-1.6904332003062,1.42510359387307
3,1161,5161,-1.56990646405961,0.99365139215292
3,1162,5162,-1.90726694359676,2.1976964443036
3,1163,5163,-2.39096343958199,2.03774484135065
3,1164,5164,-2.30520703782305,1.75885550837031
3,1165,5165,-2.07271366944885,1.69628888868576
3,1166,5166,-1.16661795857877,1.5326853583095
3,1167,5167,-1.02768564304981,1.26171243282332
3,1168,5168,-0.946409218923921,1.71993667413565
3,1169,5169,-1.11580910937872,1.74245779231989
3,1170,5170,-0.982630673422434,1.15530156763691
3,1171,5171,-1.47114305328771,2.50495363202298
3,1172,5172,-1.83623835865259,1.50834066915974
3,1173,5173,-2.23674094705002,1.71893120403784
3,1174,5174,-2.14012516026441,1.57399068302805
3,1175,5175,-1.4933778044312,1.35069268784409
3,1176,5176,-1.31057167613992,1.174425770656
3,1177,5177,-1.30832261922959,1.2435362590923
3,1178,5178,-0.400053671872979,2.85006377515797
3,1179,5179,-0.939806385954583,1.7050011203272
3,1180,5180,-1.46011633329538,2.26906316578042
3,1181,5181,-1.10732932478835,1.0103999874485
3,1182,5182,-1.16106740706024,1.09554282883018
3,1183,5183,-1.56951499201719,1.49931721519758
3,1184,5184,-0.448936807086386,1.90733998219584
3,1185,5185,-0.506820392158241,1.25695653128827
3,1186,5186,-0.61769259324713,3.05245095969633
3,1187,5187,0.0407568310580344,2.24729577709573
3,1188,5188,-2.25562647925262,2.43672739061046
3,1189,5189,-1.36714424963733,1.59527280070941
3,1190,5190,-1.80141050554582,1.33422447919979
3,1191,5191,-1.84923486033241,1.47490782986136
3,1192,5192,-1.75078665529601,1.82512325385535
3,1193,5193,-2.05311062445589,2.01281834608509
3,1194,5194,-1.17058651521896,1.40545186818221
3,1195,5195,-1.93341834622177,1.24657444323171
3,1196,5196,-1.93206880556538,1.82759719322123
3,1197,5197,-2.092497338949,2.10918299841218
3,1198,5198,-1.88247867027252,1.71185809147759
3,1199,5199,-1.79753060011132,2.25249700170533
3,1200,5200,-1.58532996543798,1.47420577336175
3,1201,5201,-1.86303372146165,2.08001603804954
3,1202,5202,-1.80647909738128,1.83675574005692
3,1203,5203,-1.05957353177956,1.6568769038102
3,1204,5204,-1.0504584953069,0.991468867003003
3,1205,5205,-2.10484872445988,1.50239979316063
3,1206,5206,-2.44024722154879,2.07206094089737
3,1207,5207,-2.5858694127416,2.05427448265505
3,1208,5208,-2.7540955332463,2.02093796460518
3,1209,5209,-2.39107602988862,2.71009618694628
3,1210,5210,-1.60680792360442,1.32858165186151
3,1211,5211,-1.44637031754382,1.8737630710217
3,1212,5212,-1.03669789363702,1.41094229496518
3,1213,5213,-1.22291159057886,1.86090298958137
3,1214,5214,-2.17139374432889,1.35047606582438
3,1215,5215,-1.03536070411809,1.93347582912461
3,1216,5216,-0.21007466918819,2.27436123259887
3,1217,5217,0.0657743948338738,2.63174889590164
3,1218,5218,-1.03436257819187,1.33411307433806
3,1219,5219,-1.55904545132664,1.79608577415516
3,1220,5220,-1.9269755569129,2.02709505623757
3,1221,5221,-2.06518104987499,1.88333322949748
3,1222,5222,-0.805978969830499,0.933852257078921
3,1223,5223,-1.24587166611712,2.03891617460418
3,1224,5224,-1.24195326135095,1.49058374678207
3,1225,5225,-1.14452186012277,1.38875251522171
3,1226,5226,-2.21638686407067,1.56849490947623
3,1227,5227,-1.11095695241685,1.01811742952147
3,1228,5228,-0.903071123140578,1.03521736608147
3,1229,5229,-1.53173608178899,1.18785888164437
3,1230,5230,-0.602553763044619,0.823232479770602
3,1231,5231,-0.909872831248554,1.17292035392856
3,1232,5232,-1.28083598864986,1.37873338140881
3,1233,5233,-0.975166674764306,1.35063369972023
3,1234,5234,-1.14557547342371,1.21291260570212
3,1235,5235,-0.812750114333521,0.655376516955627
3,1236,5236,-1.12896031185183,0.956772164642421
3,1237,5237,-0.541608483491681,0.904988592662354
3,1238,5238,-1.44615355117016,1.06270297264791
3,1239,5239,-1.10209901813087,1.89143808704771
3,1240,5240,-1.65738053037565,2.24683572117722
3,1241,5241,-0.69279740630918,1.59336525627188
3,1242,5242,-1.18148492819812,1.16351612748105
3,1243,5243,-1.63484338122404,2.45625139259987
3,1244,5244,-1.30790946821792,1.65939313031474
3,1245,5245,-1.2555405026057,2.07157565381577
3,1246,5246,-1.36688187737363,2.03051578480053
3,1247,5247,-1.34519741928184,2.39800517460132
3,1248,5248,-1.46855222696437,1.80758293317342
3,1249,5249,-1.11814222751201,2.03296270624683
3,1250,5250,-1.4094517985246,2.17263351825921
3,1251,5251,-0.732827764787851,1.42558243696419
3,1252,5252,-0.287310568544311,1.51142218426544
3,1253,5253,-1.79397897242863,1.93582626306795
3,1254,5254,-1.42821520832495,1.76038941793026
3,1255,5255,-1.25151967309531,1.09162077008469
3,1256,5256,-1.71778625104534,1.07888940770665
3,1257,5257,-1.10347138271491,1.15117938954317
3,1258,5258,-0.469142579416328,1.66170959047957
3,1259,5259,-0.377848122773739,1.14088951848538
3,1260,5260,-0.937151431740749,1.83378234706537
3,1261,5261,-0.793045155532814,1.73956801510817
3,1262,5262,-0.998451914544448,1.65286488873055
3,1263,5263,-1.74972410780331,1.35312318762771
3,1264,5264,-1.497765580821,1.39691667091762
3,1265,5265,-1.34128516111243,1.14293955664107
3,1266,5266,-1.41089269609969,1.10848259055841
3,1267,5267,-1.07733085154586,1.67217037817938
3,1268,5268,-0.840127221417183,1.28447307020089
3,1269,5269,-1.05555428123761,1.89506636720654
3,1270,5270,-0.821485407885133,1.73812935416085
3,1271,5271,-1.12440614951079,2.16666635597623
3,1272,5272,-1.00020211204877,1.66376513146869
3,1273,5273,-1.07335261763066,1.69208296806427
3,1274,5274,-1.86235121588232,1.57405924884355
3,1275,5275,-2.47075395329998,1.64577309758958
3,1276,5276,-1.87794623391528,1.32369508412077
3,1277,5277,-0.7615514819046,2.25385741149436
3,1278,5278,-1.27849068877466,1.10083994084028
3,1279,5279,-1.79668795180271,1.21373002493982
3,1280,5280,-1.98878383033888,1.58310909904169
3,1281,5281,-1.49738646641489,2.09477007492922
3,1282,5282,-0.987839135183832,1.80401469517997
3,1283,5283,-1.03113642374477,1.79739694961692
3,1284,5284,-0.83258467750075,1.31214945337486
3,1285,5285,-0.956587668296764,1.5679291899527
3,1286,5286,-0.811299035436384,1.28593318593568
3,1287,5287,-1.15824153984102,1.43313549055404
3,1288,5288,-1.23675928199089,1.84838156433224
3,1289,5289,-1.39268472803582,1.17721501443129
3,1290,5290,-0.724986824275467,1.7353736141509
3,1291,5291,-0.74742413825988,2.06039905559187
3,1292,5292,-0.973091529791414,2.32744453113481
3,1293,5293,-0.911125943926136,2.35798268968075
3,1294,5294,-0.609701339619672,1.68838305729006
3,1295,5295,-0.744900223890691,1.61940146823593
3,1296,5296,-0.777980359994458,3.15944722333477
3,1297,5297,-0.718134111586144,3.42677434306461
3,1298,5298,-1.14244104085461,2.36797680326641
3,1299,5299,-1.33387247282997,1.24284273492028
3,1300,5300,-0.988827654042471,1.1900762550258
3,1301,5301,-0.538435276813199,1.53332677657118
3,1302,5302,-0.510315729433089,1.6168093652288
3,1303,5303,-0.512656898718186,1.872979894186
3,1304,5304,-1.6351224380923,1.37939920331301
3,1305,5305,-1.56312267211771,1.27992947055935
3,1306,5306,-1.65771426784355,1.53737423567856
3,1307,5307,-1.08431869027488,1.4614599260559
3,1308,5308,-2.15542136469298,1.81349736242016
3,1309,5309,-1.07120233295117,1.27018666774269
3,1310,5310,-1.29955595345845,1.42553486861122
3,1311,5311,-1.47069133866112,1.43988649030751
3,1312,5312,-1.41602073381492,1.62307362810618
3,1313,5313,-1.50858996676647,1.04677481763021
3,1314,5314,-1.60462730177699,1.6195007146678
3,1315,5315,-1.26951055222373,0.983504881928176
3,1316,5316,-1.38242639857379,1.49391577931598
3,1317,5317,-1.88053636314267,1.4450025422689
3,1318,5318,-1.69427934692787,2.14063993153986
3,1319,5319,-1.6010178382808,1.60209452115381
3,1320,5320,-0.733257502830508,0.935510810043061
3,1321,5321,-1.51207541227244,1.32779682224004
3,1322,5322,-1.8838915763582,1.64462452210206
3,1323,5323,-0.589571996354535,1.55312093783645
3,1324,5324,-1.99508999763339,1.15858674847528
3,1325,5325,-1.17818083169958,1.82030764774305
3,1326,5326,-1.29496338211661,0.748677981320255
3,1327,5327,-1.39589429714659,1.31133195438659
3,1328,5328,-1.65945022272869,2.45764715663503
3,1329,5329,-0.697881114345964,1.25990713587202
3,1330,5330,-0.929559752285888,1.38692390730902
3,1331,5331,-1.35600970065295,2.08460566957925
3,1332,5332,-1.09461203220443,1.80167593614701
3,1333,5333,-1.3516223359654,2.30444284194928
3,1334,5334,-1.31333276393134,2.70741766549709
3,1335,5335,-1.28342799718348,2.46783963376738
3,1336,5336,-1.39234737236674,1.17143919647543
3,1337,5337,-1.20327028392573,1.56055135301208
3,1338,5338,-1.6412791090982,1.91065402809119
3,1339,5339,-0.924800983970105,1.67494147723592
3,1340,5340,-0.618088009559488,1.08836147725519
3,1341,5341,-0.942981099266393,1.80911416653407
3,1342,5342,-1.14588762212607,2.42303956612547
3,1343,5343,-1.02158615218815,2.46516276545705
3,1344,5344,-1.80611435585295,1.80658849839762
3,1345,5345,-1.0856193710933,1.10928958212092
3,1346,5346,-0.933769678177529,1.05897125734026
3,1347,5347,-0.897424297487158,0.871710862138556
3,1348,5348,-1.58421747870656,1.46245920153822
3,1349,5349,-0.925624743011082,2.28618351348901
3,1350,5350,-1.23515230988519,2.86402010701164
3,1351,5351,-0.711260652330528,1.61625579230857
3,1352,5352,-1.89144375780404,2.88985405220647
3,1353,5353,-1.07115394347634,1.29613551344102
3,1354,5354,-0.779099996618462,1.63777223783661
3,1355,5355,-1.56187370184915,2.64796944808473
3,1356,5356,-1.12181320503303,0.637586256987284
3,1357,5357,-1.42428023584395,0.921863201962262
3,1358,5358,-1.18977769797421,1.86076339575423
3,1359,5359,-1.39811436301039,1.02569403374903
3,1360,5360,-1.08069480075148,1.24836902032838
3,1361,5361,-1.08157090137163,0.885761053714476
3,1362,5362,-1.56321679550211,1.15766526198123
3,1363,5363,-1.69946479393505,2.55599302311971
3,1364,5364,-2.00061955335502,2.12551964835311
3,1365,5365,-1.12307447168824,1.17793862679768
3,1366,5366,-1.16888867708002,1.37866369006246
3,1367,5367,-0.945761996398295,1.53649665242009
3,1368,5368,-1.04700117137817,2.0209517084702
3,1369,5369,-1.05285291419527,1.81180350133489
3,1370,5370,-1.08048429065306,1.50034728213997
3,1371,5371,-0.963687601663731,1.0130383257467
3,1372,5372,-0.861380592422706,1.05579166035168
3,1373,5373,-1.09909644255639,0.968756529119969
3,1374,5374,-1.41171345959199,0.76646584726038
3,1375,5375,-1.3024172833246,0.770620538046195
3,1376,5376,-1.55051408111834,1.03820789240122
3,1377,5377,-1.47768218703413,0.987395062915513
3,1378,5378,-1.24861054964436,0.82539486291262
3,1379,5379,-1.31852919099664,1.7379849696137
3,1380,5380,-0.933296729984436,2.06308152721576
3,1381,5381,-1.98870521820409,1.6658174800277
3,1382,5382,-2.02405230215737,1.47692191975313
3,1383,5383,-1.77483915921227,1.18295118838473
3,1384,5384,-1.47153968309282,2.06814724404038
3,1385,5385,-1.55659661151964,1.35107119857477
3,1386,5386,-0.769375286411524,0.828417359936567
3,1387,5387,-0.604390031067061,1.7068522026832
3,1388,5388,-0.700785471684356,2.52763555618674
3,1389,5389,-1.92270688401122,1.90401751433402
3,1390,5390,-1.87150722833572,1.65314250826036
3,1391,5391,-1.39104257524788,1.4130174823527
3,1392,5392,-1.99386043963038,1.14785147107407
3,1393,5393,-1.34417821332726,1.16886207686128
3,1394,5394,-0.85330575813969,0.738015482405055
3,1395,5395,-1.02447895241404,1.28376513651822
3,1396,5396,-1.24701250657259,1.07622756723906
3,1397,5397,-1.42449114528757,1.59696122332521
3,1398,5398,-1.71089734759835,1.97396691316974
3,1399,5399,-0.32280050670756,2.10332411390944
3,1400,5400,-0.20988572321274,1.90513392752922
3,1401,5401,-1.57846226495691,1.42509604909511
3,1402,5402,-1.7597490483984,1.48314773956173
3,1403,5403,-1.82615807335897,1.99736058624546
3,1404,5404,-2.59940734630688,1.41487293361716
3,1405,5405,-1.96460016509371,1.61270591525536
3,1406,5406,-2.39227514270503,1.78925358015372
3,1407,5407,-1.8020573287136,1.68526607166112
3,1408,5408,-1.22022863580203,1.83606904252453
3,1409,5409,-1.15897786170624,1.93570171928568
3,1410,5410,-2.08146176022969,1.21387260417301
3,1411,5411,-1.62882040934511,1.52875362295445
3,1412,5412,-1.20667212525891,1.49844729661662
3,1413,5413,-1.57393346227023,2.20474268965192
3,1414,5414,-1.34218660680253,1.96231647994907
3,1415,5415,-0.720056240203423,1.39048972405449
3,1416,5416,-0.956808617660574,1.19059906569922
3,1417,5417,-1.363764595206,1.1611618444876
3,1418,5418,-1.62097627365742,1.47477905892082
3,1419,5419,-0.979812070514165,2.30675946289264
3,1420,5420,-1.59764128171676,1.63380292341343
3,1421,5421,-1.45595221163571,1.14715255025538
3,1422,5422,-1.23077997961391,2.11961158626184
3,1423,5423,-1.12315365719314,3.40356648221079
3,1424,5424,-0.698715454311679,2.89822122466142
3,1425,5425,-0.476498132289839,3.2401208261981
3,1426,5426,-0.190423516573947,3.02763656764013
3,1427,5427,-1.5503276407889,1.31021545520287
3,1428,5428,-1.55213888415262,1.25383765923008
3,1429,5429,-1.7081618241263,1.47306609276692
3,1430,5430,-2.34005482830874,1.83674636542506
3,1431,5431,-2.06732533123866,2.02843284462061
3,1432,5432,-1.67573763370014,0.796120030912657
3,1433,5433,-1.56387964359322,0.761381942044641
3,1434,5434,-1.58871576442848,1.19553567383437
3,1435,5435,-1.71180150392964,1.70542585798209
3,1436,5436,-1.25848053731666,0.993584757059027
3,1437,5437,-1.29056045246865,1.11664912508306
3,1438,5438,-1.19632667491276,0.957025076340992
3,1439,5439,-1.20479535055265,2.04956047892918
3,1440,5440,-0.465754903350772,1.04649759634392
3,1441,5441,-0.631373368994263,1.67231982497706
3,1442,5442,-1.63883101960294,1.90359816774516
3,1443,5443,-0.912579746346035,1.30385101841329
3,1444,5444,-1.30920499556935,2.05561224140729
3,1445,5445,-1.19079238480966,1.15085036276958
3,1446,5446,-1.50921379791208,1.37817717946152
3,1447,5447,-1.43172117439365,1.39502324702616
3,1448,5448,-1.46035883447127,1.56789229443037
3,1449,5449,-1.04515480142056,1.67462581033833
3,1450,5450,-1.78431716242732,2.77801718316985
3,1451,5451,-0.998210819742691,2.92445943228902
3,1452,5452,-1.36497001413698,2.13640606727085
3,1453,5453,-1.21385856068764,1.58828385065126
3,1454,5454,-1.53934595586118,1.59282933301706
3,1455,5455,-1.00143986310102,1.93489907366905
3,1456,5456,-1.54785200064506,1.32721250878993
3,1457,5457,-1.75015900023446,2.20429445652514
3,1458,5458,-1.63562528215611,2.39639753845723
3,1459,5459,-0.71521326122082,1.09548068719105
3,1460,5460,-1.47034986944047,2.07232492513173
3,1461,5461,-1.33553356630391,1.65876042246445
3,1462,5462,-1.36276035494079,1.66705751457672
3,1463,5463,-0.80345420160048,0.866901386003821
3,1464,5464,-0.941100600903584,1.38429276126993
3,1465,5465,-0.856624740446952,1.780832379537
3,1466,5466,-0.899416244135379,1.60392098306411
3,1467,5467,-1.4092840377177,2.08093344589842
3,1468,5468,-0.80671583289993,1.13418933940977
3,1469,5469,-1.12252096025991,1.6423417752466
3,1470,5470,-1.0212539183981,1.06869357777693
3,1471,5471,-1.547708619825,1.32143346055223
3,1472,5472,-0.790829379997802,1.51650575234525
3,1473,5473,-0.785142800452596,1.02440666511768
3,1474,5474,-0.956694967315671,1.39539919702662
3,1475,5475,-0.304629955857146,1.3308652153512
3,1476,5476,-0.975163419247753,3.56237289699146
3,1477,5477,-0.86305682616727,1.80342296706891
3,1478,5478,-1.48937221376933,1.27172424689315
3,1479,5479,-1.61194152005768,1.43687023790329
3,1480,5480,-1.9817618353032,0.801438258292027
3,1481,5481,-1.26306605869503,0.872689053112727
3,1482,5482,-1.60792943372681,1.14398812479561
3,1483,5483,-0.884475076498762,1.27633791738534
3,1484,5484,-1.60570834753274,1.69471526755977
3,1485,5485,-0.637421944237665,1.00008389264597
3,1486,5486,-1.05219364637947,1.33983747657012
3,1487,5487,-2.309299424473,1.61537395440638
3,1488,5488,-1.549720371154,1.85657692222328
3,1489,5489,-1.2663211400379,1.12576551260253
3,1490,5490,-1.04312790080524,1.24050217585483
3,1491,5491,-1.22764308854216,1.27066188938721
3,1492,5492,-1.20403353309656,1.27668743845836
3,1493,5493,-0.888861074306105,0.91842387022998
3,1494,5494,-1.04860471400193,1.18429480319507
3,1495,5495,-1.43377970853314,1.64462467645927
3,1496,5496,-1.65357047388649,1.35671082536024
3,1497,5497,-2.09174756556348,1.51238243513205
3,1498,5498,-1.83300474089011,0.987698186477138
3,1499,5499,-2.03021372055332,1.12405627476527
3,1500,5500,-1.36310655781554,1.17279043545954
3,1501,5501,-1.4891956107553,1.87418258487581
3,1502,5502,-1.12741864177253,1.41930892683297
3,1503,5503,-0.846563367840187,1.28123972224393
3,1504,5504,-1.1941511527839,1.92162725502749
3,1505,5505,0.061228494018007,2.23738570747312
3,1506,5506,-0.641433787606135,1.69599449099518
3,1507,5507,-1.49122208988913,2.33529052807879
3,1508,5508,-1.27528231324404,0.753965018085429
3,1509,5509,-0.733466128131986,1.12017619584587
3,1510,5510,-1.09084155605765,1.2575112016796
3,1511,5511,-0.980943881212065,0.929233772777811
3,1512,5512,-1.27720104288072,1.12045499326222
3,1513,5513,-1.09853643791212,1.02929800175537
3,1514,5514,-2.07461118849524,1.7232503086118
3,1515,5515,-1.07325030333281,1.17685509972571
3,1516,5516,-0.914094387307513,0.698363052772324
3,1517,5517,-0.875181636149929,0.688713521602031
3,1518,5518,-1.5114356111367,1.26754060765076
3,1519,5519,-1.06791577048976,1.06849495271939
3,1520,5520,-0.931062124013159,1.06331347432437
3,1521,5521,-0.73660502321912,2.25037819092222
3,1522,5522,-1.11043526775529,0.999661082181035
3,1523,5523,-1.27109550811132,2.30376169167363
3,1524,5524,-1.35584558180326,1.36570503637408
3,1525,5525,-1.73746102278697,1.74792561271845
3,1526,5526,-1.17597588634672,1.19563331708576
3,1527,5527,-2.83765343879173,2.59682734904016
3,1528,5528,-0.136114701676726,1.47374776459353
3,1529,5529,-0.198401225062349,1.93532441092002
3,1530,5530,-0.160579149135266,1.70574113225932
3,1531,5531,-0.373357459104827,2.79784745148068
3,1532,5532,-0.37094485991938,1.48640824447397
3,1533,5533,-0.367956110577391,2.1856758256592
3,1534,5534,-0.328788554767164,1.9005934437777
3,1535,5535,-1.21381270271637,1.29796745554611
3,1536,5536,-1.82156917227138,2.08485470994863
3,1537,5537,-0.915160385789394,1.89181597367006
3,1538,5538,-0.656643146109405,1.83362739548653
3,1539,5539,-1.22118654463063,2.42116474760155
3,1540,5540,-1.28548057223864,1.76954735145759
3,1541,5541,-2.11826363376139,2.29247164836242
3,1542,5542,-1.94156300475421,1.84301859464775
3,1543,5543,-2.029026394511,1.81499110811514
3,1544,5544,-0.949147066165364,1.13253561673925
3,1545,5545,-2.18629697688411,1.37169179334335
3,1546,5546,-0.990854042983397,1.4606530194301
3,1547,5547,-0.703607448738816,0.905707077459708
3,1548,5548,-1.8101449671735,1.36499874226974
3,1549,5549,-1.52013296949401,0.897371820250601
3,1550,5550,-1.88920885298525,0.994678602791832
3,1551,5551,-1.69729692962548,1.25095449115849
3,1552,5552,0.376521835513755,1.66631935581364
3,1553,5553,-1.15907376382598,2.8568820348275
3,1554,5554,-1.27060751545698,1.67215558895797
3,1555,5555,-1.12593460842003,1.51716431781732
3,1556,5556,-0.523589760026928,1.12431815139405
3,1557,5557,-1.18748848585884,1.06251032121801
3,1558,5558,-1.67828485941329,1.06005807182423
3,1559,5559,-0.352394253201676,0.787677339926256
3,1560,5560,-0.689172697963556,1.68338955232026
3,1561,5561,-1.29729101274472,2.52654102360752
3,1562,5562,-0.548732854827294,2.02408335368744
3,1563,5563,-1.57093832968349,1.66361534054195
3,1564,5564,-1.44337764073038,2.62648373481924
3,1565,5565,-1.04868328172655,4.08843669915796
3,1566,5566,-1.02405088871929,3.60687057670733
3,1567,5567,-1.02331839205002,3.13359686608014
3,1568,5568,-0.425082687194748,1.45879706128076
3,1569,5569,-1.02498986121632,3.43073382176064
3,1570,5570,-1.04242895051121,3.36220012933596
3,1571,5571,-1.42162229977467,1.11017878897866
3,1572,5572,-1.13083126316349,1.25117358876366
3,1573,5573,-1.44226598090287,1.19983713563298
3,1574,5574,-1.73570041167418,1.09802537324595
3,1575,5575,-1.75270330250041,1.21793087105635
3,1576,5576,-1.3513270906507,1.39369430331519
3,1577,5577,-1.06328280899024,0.759931918212667
3,1578,5578,-0.700910760242118,1.53101348715937
3,1579,5579,-0.750389186573105,0.920144700384143
3,1580,5580,-1.42737124673367,2.01693331750404
3,1581,5581,-1.30611999083024,1.26740397285536
3,1582,5582,-2.02789415513583,1.68448331017063
3,1583,5583,-1.35224366482832,1.43843001596353
3,1584,5584,-1.41959474873084,1.47312472492987
3,1585,5585,-1.50673444648353,1.68483787864262
3,1586,5586,-1.00226891196409,1.93477459538389
3,1587,5587,-1.17533380187501,2.23487787122778
3,1588,5588,-0.769048419200398,1.45145068182428
3,1589,5589,-1.32610805077393,1.37262524977165
3,1590,5590,-1.20045398244993,0.86258896646007
3,1591,5591,-2.06173654906598,1.48689033661281
3,1592,5592,-1.84802770853644,1.83787141407958
3,1593,5593,-2.58109366301292,2.69518695394363
3,1594,5594,-1.42869887329609,1.36452194746589
3,1595,5595,-2.09103924912856,2.00826937533089
3,1596,5596,-1.94310837164113,1.91183423977858
3,1597,5597,-2.2834885086921,2.82930864532456
3,1598,5598,-1.41627152147237,2.27863639175709
3,1599,5599,-0.521642436784236,1.5315497684174
3,1600,5600,-1.52335730508204,0.832477360032883
3,1601,5601,-1.18075528661139,1.15295030647293
3,1602,5602,-1.56028402278594,1.56370822226315
3,1603,5603,-1.92904099656969,2.11790561722993
3,1604,5604,-1.2713446414262,1.24259442506667
3,1605,5605,-1.64781405312729,1.7525993124432
3,1606,5606,-1.68711430662299,0.970253653912812
3,1607,5607,-2.03686125830712,1.39520695876912
3,1608,5608,-1.4075307076015,0.952498689369092
3,1609,5609,-1.34306224779223,0.626287636306902
3,1610,5610,-2.39821471401745,1.95016890595022
3,1611,5611,-2.4979609738985,1.82494443188228
3,1612,5612,-0.817059319876343,1.59914905313043
3,1613,5613,-0.265104583551972,1.50626747997753
3,1614,5614,-0.759781848367115,2.52609697536029
3,1615,5615,-0.496937428007253,2.39000087862439
3,1616,5616,-0.649003871037333,2.08979270049916
3,1617,5617,-1.65371148849983,1.69382585015676
3,1618,5618,-0.200401474734019,2.37765657984039
3,1619,5619,-0.554888498983376,1.91559888044245
3,1620,5620,-1.53841775158695,1.90160771422965
3,1621,5621,-0.795745402249452,2.1099879335718
3,1622,5622,-0.830544702100863,1.63482347874967
3,1623,5623,-1.3894762465587,1.39892039990409
3,1624,5624,-0.77898116072859,1.04547797662781
3,1625,5625,-1.63273083383869,1.18281290901713
3,1626,5626,-1.98693262933805,1.4062150688749
3,1627,5627,-0.860071323727442,1.51350557882674
3,1628,5628,-1.20111686068524,1.10644903445435
3,1629,5629,-0.905035888761226,0.725995790206829
3,1630,5630,-1.22590637601725,1.27010165535679
3,1631,5631,-0.884311904613414,1.32294676969752
3,1632,5632,-1.00722701113332,1.47611731656188
3,1633,5633,-0.695192766388458,2.98075120350197
3,1634,5634,-0.903724825418995,2.40143049059894
3,1635,5635,-1.08500236969073,1.49197947082152
3,1636,5636,-1.57097144228482,1.77246135210743
3,1637,5637,-0.923500496697254,0.88126772936914
3,1638,5638,-1.27213095543949,1.05469725133202
3,1639,5639,-0.677217918745873,1.54767366490637
3,1640,5640,-1.08714966450828,1.48409220668056
3,1641,5641,-1.48123836724509,1.440000945792
3,1642,5642,-1.55608489762753,1.15941674409903
3,1643,5643,-1.98535331323431,1.21599453790493
3,1644,5644,-0.929549746109325,1.26611538936981
3,1645,5645,-0.808478036260917,1.10198358066677
3,1646,5646,-0.80805699878291,2.72132467991817
3,1647,5647,-0.9092218325096,2.13061479996225
3,1648,5648,-1.30798973173895,1.98531123920821
3,1649,5649,-0.639483516539302,2.51061373554992
3,1650,5650,-0.677835479259303,1.96148447939322
3,1651,5651,-0.489018319175371,3.03404185358
3,1652,5652,-0.495036972598968,3.02353535552586
3,1653,5653,-0.536864392166768,1.79349669346563
3,1654,5654,-1.22333461265959,2.46574493160639
3,1655,5655,-1.6172807888148,1.70320158362502
3,1656,5656,-0.510431208721909,1.11627922065675
3,1657,5657,-1.47354697472298,2.16878316994494
3,1658,5658,-0.923515736938767,2.05531351968873
3,1659,5659,-0.767879451874918,2.20115956783101
3,1660,5660,-0.559877232056258,2.85843833113452
3,1661,5661,-1.28954140783148,2.6069233625845
3,1662,5662,-0.724800905278387,3.36759859664646
3,1663,5663,-0.63748207994269,3.56931901700625
3,1664,5664,-1.2337519536607,2.4184420089849
3,1665,5665,-1.13986191829621,2.74908635346419
3,1666,5666,-0.69476265157268,2.38940850309349
3,1667,5667,-0.893334461430737,1.21980940260161
3,1668,5668,-1.21493871804339,1.59202292147633
3,1669,5669,-0.885036218116758,1.76587881383197
3,1670,5670,-0.789024022759309,3.22583899876882
3,1671,5671,-0.500779793769836,1.49925042180721
3,1672,5672,-0.684257734393656,2.71691367436462
3,1673,5673,-1.25088543303215,1.40557019565656
3,1674,5674,-1.41184600705694,2.03258271331771
3,1675,5675,-1.59946345930607,1.56644470031366
3,1676,5676,-1.65333256920521,1.39650698232025
3,1677,5677,-1.41328486587819,1.51339169447646
3,1678,5678,-1.4092007248847,1.79801550158986
3,1679,5679,-1.06943503832967,1.27053515716271
3,1680,5680,-0.889618038750633,1.20971539688957
3,1681,5681,-1.01084470520201,1.28070388187078
3,1682,5682,-1.34826883050723,1.16167860609051
3,1683,5683,-1.7385830401375,1.41066859714194
3,1684,5684,-1.56260512103178,1.5899149542358
3,1685,5685,-1.59010364500075,1.84276182049156
3,1686,5686,-1.48543312294031,1.12923574061082
3,1687,5687,-1.62552953469185,1.8925921037225
3,1688,5688,-1.09075128543288,0.95683597537811
3,1689,5689,-0.535809322085184,1.29061688788476
3,1690,5690,-2.32379595524931,1.44451861203951
3,1691,5691,-0.715916456698733,1.47920928798456
3,1692,5692,-0.584129427558089,1.6382882639648
3,1693,5693,-1.27254036196478,0.976165905215697
3,1694,5694,-0.657538593101364,0.591910928917779
3,1695,5695,-1.52359831690432,0.883225576043075
3,1696,5696,-1.08685494202147,0.872452067925279
3,1697,5697,-0.506435239719694,0.799533143283253
3,1698,5698,-1.12050456804913,1.77163441439353
3,1699,5699,-2.01772686088674,2.1115606482834
3,1700,5700,-2.03842748393486,2.42909130223317
3,1701,5701,-1.74522833992828,1.67114506158742
3,1702,5702,-1.45357545763549,1.28817490857598
3,1703,5703,-1.53399266367874,1.61102174379492
3,1704,5704,-1.1184486318275,0.667362415695895
3,1705,5705,-1.64430371003512,1.3890112241538
3,1706,5706,-0.819057766412108,0.859193844114806
3,1707,5707,-1.67859489981503,2.0817444376331
3,1708,5708,-1.16242444285021,1.39035806044826
3,1709,5709,-1.46434492400543,2.35293868254471
3,1710,5710,-1.56270145710401,1.52272664043801
3,1711,5711,-1.3663506699598,1.30999996670038
3,1712,5712,-1.2836298480656,1.92730240158519
3,1713,5713,-1.01846045692778,1.39883330517313
3,1714,5714,-1.1020850593134,0.795305160695824
3,1715,5715,-0.920185537179559,0.705798677823072
3,1716,5716,-1.21326381829325,1.37095320539496
3,1717,5717,-1.29547891916201,1.62206984181769
3,1718,5718,-1.2371089145459,1.14953394833124
3,1719,5719,-1.14110223785666,1.5223903692296
3,1720,5720,-0.597123330344042,1.12654711712755
3,1721,5721,-0.857581886229354,1.84348753813421
3,1722,5722,-1.97374470398162,1.51134408149502
3,1723,5723,-1.29892485547125,1.07852533631532
3,1724,5724,-1.19074081915467,2.12123843293835
3,1725,5725,-1.56530597269936,1.09018613507504
3,1726,5726,-1.11057648185755,0.857597194175634
3,1727,5727,-1.18646701186182,0.969127319050297
3,1728,5728,-0.944103669715643,0.84439522583325
3,1729,5729,-0.861173974592721,0.916852906857239
3,1730,5730,-1.20910157260816,1.13806033170931
3,1731,5731,-1.06044867445988,1.31234473597937
3,1732,5732,-1.00718973602447,1.22306206308323
3,1733,5733,-0.887132230208619,0.774544109909567
3,1734,5734,-1.47363071048544,1.19671152710418
3,1735,5735,-2.11733108583101,1.69816477211783
3,1736,5736,-0.97483806914887,1.35839467360043
3,1737,5737,-0.778533618139634,1.63953680622469
3,1738,5738,-0.902709983814681,1.36581193316207
3,1739,5739,-1.05207625566105,0.916633152927499
3,1740,5740,-1.2088785558844,0.915953075874407
3,1741,5741,-1.2643565035875,0.966453075818911
3,1742,5742,-1.42828684467185,0.995361760495043
3,1743,5743,-1.37441399828571,1.05391613587367
3,1744,5744,-1.6340124019282,1.54526684408608
3,1745,5745,-1.29479553599821,1.40022197510262
3,1746,5746,-1.5006556393528,1.39672612861186
3,1747,5747,-1.73992694853935,1.49346937956471
3,1748,5748,-0.834829331479243,0.710761993329636
3,1749,5749,-0.797181600224486,2.0064451118176
3,1750,5750,-0.526281477829128,2.0344190828688
3,1751,5751,-0.901461331269696,0.994118329648539
3,1752,5752,-1.18847545323665,1.50477712975813
3,1753,5753,-0.398394147947445,2.88092685592534
3,1754,5754,0.351114289115171,3.81688215617077
3,1755,5755,-0.0531383158943102,4.96957498929261
3,1756,5756,-1.979302932722,1.60522466715682
3,1757,5757,-2.01913374709231,1.64539526336547
3,1758,5758,-2.10328091229054,1.87285927401982
3,1759,5759,-2.06336354230905,1.64148433453302
3,1760,5760,-1.97979256458383,1.45303348947883
3,1761,5761,-1.99802666347005,1.09483174057548
3,1762,5762,-1.49258864870955,1.41647801496764
3,1763,5763,-1.7442905527868,2.0330471174874
3,1764,5764,-1.61163704037995,1.81222130941022
3,1765,5765,-2.11923065696359,1.91256300175973
3,1766,5766,-1.47042767644518,1.31083321847018
3,1767,5767,-1.12968251925742,1.19552992953836
3,1768,5768,-0.656281000666965,0.874403433840538
3,1769,5769,-0.87150151332694,0.877687518704914
3,1770,5770,-0.508639952741513,2.76828513540711
3,1771,5771,-1.18316679886472,0.902861060889405
3,1772,5772,-0.552693777684876,1.10874544845494
3,1773,5773,-1.39393254865548,1.33985057596713
3,1774,5774,-1.45594606778364,1.36117233549108
3,1775,5775,-0.822894795570162,0.906571461034465
3,1776,5776,-0.640437741644531,0.971067034808627
3,1777,5777,-2.05521947326057,0.874289983166655
3,1778,5778,-1.29941492683998,0.59562614589705
3,1779,5779,-1.1907125001749,1.53691351288865
3,1780,5780,-1.43504839723439,1.55099917847463
3,1781,5781,-1.76512392397908,1.7942928174514
3,1782,5782,-1.34623262205484,1.79957171360394
3,1783,5783,-1.564426145318,1.50478557907292
3,1784,5784,-1.26512946088964,1.35142781475253
3,1785,5785,-1.41325321817521,1.51898127065606
3,1786,5786,-1.52471813585966,1.68098614974389
3,1787,5787,-1.18930769817412,1.55025765115739
3,1788,5788,-1.53120361989827,1.36270468522366
3,1789,5789,-0.90782649376456,0.822360721842546
3,1790,5790,-1.07517588744012,2.38949904504753
3,1791,5791,-1.12790011832702,1.54184394206782
3,1792,5792,-0.550864328104344,2.43632719078753
3,1793,5793,-0.608707485327229,1.91313630657135
3,1794,5794,-0.00370630467566786,4.16563165113326
3,1795,5795,-0.421347772944918,3.1800831686618
3,1796,5796,-0.214868284689866,3.12628318966549
3,1797,5797,-0.689821236948778,3.36157254650148
3,1798,5798,-1.08390226448798,2.14920007864247
3,1799,5799,-0.990758586660734,1.58617658152207
3,1800,5800,-1.04641764400597,2.02808786099857
3,1801,5801,-0.929269882958061,2.05561890480607
3,1802,5802,-1.19778574943119,2.92340235308024
3,1803,5803,-1.88286171694577,1.14330160896972
3,1804,5804,-2.13740614208965,0.961542905270793
3,1805,5805,-0.639137223046814,2.39454391210888
3,1806,5806,-0.663623699816655,1.30935346510853
3,1807,5807,-0.736764696749952,1.80240053489523
3,1808,5808,0.267893327982197,3.41184945873835
3,1809,5809,0.127819277870037,2.61509280368892
3,1810,5810,-0.4651964749905,3.06500824990787
3,1811,5811,-0.475117279473178,2.16706820654875
3,1812,5812,-1.16623932046733,1.18216909271255
3,1813,5813,-1.73920560033242,2.79999143922973
3,1814,5814,-1.64161703600692,1.89755767353187
3,1815,5815,-1.28433406414806,2.92281729251363
3,1816,5816,-1.0200624672193,1.84638203937745
3,1817,5817,-0.829751413898747,1.20134286306116
3,1818,5818,-0.628973028239868,1.79543970630193
3,1819,5819,-1.52671401919854,1.51672414853336
3,1820,5820,-1.51416747624682,1.34778106295237
3,1821,5821,-1.2016442591381,2.3976418215578
3,1822,5822,-1.13705143224604,1.49970899815665
3,1823,5823,-1.13194025950986,1.96298143158954
3,1824,5824,-0.783313200770941,1.28808154741472
3,1825,5825,-1.96517112322807,1.6006907293025
3,1826,5826,-1.74368947129229,1.75242159826398
3,1827,5827,-1.71419260554002,1.77451339565391
3,1828,5828,-0.77375743519992,1.16991492390162
3,1829,5829,-0.83051632320779,1.05076101438021
3,1830,5830,-1.13310250263576,0.870650957413751
3,1831,5831,-1.68565171510464,1.41577252203727
3,1832,5832,-1.49798750016185,1.77102438158733
3,1833,5833,-1.50727267065799,1.1493276021758
3,1834,5834,-1.80277301841479,1.55925894046279
3,1835,5835,-1.5726463517169,1.59827410258966
3,1836,5836,-1.57119337919916,1.93199058475523
3,1837,5837,-1.45174722898445,1.25228909748966
3,1838,5838,-1.65988239580956,1.65342674335837
3,1839,5839,-1.66391202361637,0.927609504829432
3,1840,5840,-1.49274538005348,0.796875604500898
3,1841,5841,-1.94797877612545,1.54927268480493
3,1842,5842,-1.03152093710957,2.20274114628194
3,1843,5843,-0.65016938790116,1.3752313626646
3,1844,5844,-1.51292235799278,0.970093492001588
3,1845,5845,-1.26048084429126,0.591443726569476
3,1846,5846,-1.27633077736486,1.08248637316803
3,1847,5847,-0.378030031274619,0.718571607354847
3,1848,5848,-1.87846631792616,1.92501169990668
3,1849,5849,-1.51058376340991,1.66268583216661
3,1850,5850,-1.65522582185298,1.80077587822343
3,1851,5851,-1.6727354870967,1.20171077669693
3,1852,5852,-1.16890848202334,1.76260673963668
3,1853,5853,-1.39016358751431,2.06086303718604
3,1854,5854,-1.58194315868099,1.46231162581103
3,1855,5855,-0.957734571422633,1.36044998910688
3,1856,5856,-1.42273313443049,1.48409314548946
3,1857,5857,-1.26669082933772,0.868732347713258
3,1858,5858,-1.17823757413798,1.07173619194664
3,1859,5859,-1.10259857463024,1.05209088882468
3,1860,5860,-1.04912136579789,1.09917030117838
3,1861,5861,-1.29685623080057,0.863572648985835
3,1862,5862,-1.35462289808541,0.808532271505206
3,1863,5863,-0.823138470694849,1.3470376556098
3,1864,5864,0.0903938010609778,1.04632589370778
3,1865,5865,-1.32892596121566,1.19636514115728
3,1866,5866,-1.40173805072088,1.19078325855233
3,1867,5867,-2.17157147811973,2.00615301170683
3,1868,5868,-2.31961206090005,1.20952764294715
3,1869,5869,-1.08308377773257,3.10322625781974
3,1870,5870,-0.770731665447767,2.85853737771326
3,1871,5871,-0.80708878379235,3.16133584348934
3,1872,5872,-0.488276766314619,3.33733994520192
3,1873,5873,-1.56802606371409,2.28040028644394
3,1874,5874,-1.62142844298594,1.52389788885365
3,1875,5875,-1.17365801521668,1.2508429135363
3,1876,5876,-1.34269109912753,2.22346988791142
3,1877,5877,-1.11931600488857,1.08339922347845
3,1878,5878,-1.19128193969677,3.66300785218933
3,1879,5879,-1.13800793327884,3.62415620224496
3,1880,5880,-0.39259519396187,2.22866873441141
3,1881,5881,-0.159874981186453,2.61635627724527
3,1882,5882,-2.34370111313541,1.41696121238739
3,1883,5883,-0.639495182258648,3.57904728975982
3,1884,5884,0.21548710427305,2.40400763143858
3,1885,5885,-0.928628366459515,1.35596639042104
3,1886,5886,-0.961865963309536,1.539395541177
3,1887,5887,-1.71188352393483,2.41673583614721
3,1888,5888,-1.20287234471494,1.94457214981897
3,1889,5889,-1.02819360360007,2.11101324793406
3,1890,5890,-1.04714119731862,2.22904581378012
3,1891,5891,-1.307389805316,2.06547562930434
3,1892,5892,-1.66117295156655,2.19943402584504
3,1893,5893,-1.63641017725896,1.66921362010078
3,1894,5894,-1.6881573373301,1.46195385521623
3,1895,5895,-1.1284171958986,1.14620697060419
3,1896,5896,-1.82200003872829,2.07781321634557
3,1897,5897,-1.63377783641369,3.15238769202883
3,1898,5898,-1.77166486646128,2.7285065537486
3,1899,5899,-1.49998552524532,1.10426114322289
3,1900,5900,-1.4562102167282,0.978051381239719
3,1901,5901,-1.81671715646498,1.2596132445703
3,1902,5902,-1.57689186022066,1.20844463515868
3,1903,5903,-0.777905993031874,2.47020713597163
3,1904,5904,-0.312637528609689,2.35573578157776
3,1905,5905,-1.05053039296237,1.96411924440389
3,1906,5906,-1.1533875839866,2.67792883764246
3,1907,5907,-1.09885837405649,1.81680536093832
3,1908,5908,-1.10386316439821,1.96884164848991
3,1909,5909,-1.21163110783057,1.73953965286357
3,1910,5910,-1.28885970657543,1.40756058799594
3,1911,5911,-1.41576081631442,1.44783218268381
3,1912,5912,-1.35665183578585,1.53230613448215
3,1913,5913,-1.47430051331074,1.02996761219026
3,1914,5914,-1.27546043465051,1.82902943431109
3,1915,5915,-1.54078495123828,1.40434078538102
3,1916,5916,-1.630864155258,1.40653848033834
3,1917,5917,-0.611188938390607,1.38517138352222
3,1918,5918,-0.667041560799611,0.799839195545156
3,1919,5919,-1.40577283340259,2.06496728179849
3,1920,5920,-1.3224989525333,1.79471326867038
3,1921,5921,-1.55102886106235,1.40404913467796
3,1922,5922,-1.66755977228984,1.58436668725562
3,1923,5923,-0.271307134501501,1.79780254097313
3,1924,5924,-1.01260722210337,1.27796826182187
3,1925,5925,-0.464147083351472,1.47902635095836
3,1926,5926,-1.18032049629314,1.95229206385581
3,1927,5927,-1.01559455155348,2.04351327165149
3,1928,5928,-0.721982466907721,1.76703235095748
3,1929,5929,-0.297003139501293,1.50654991305062
3,1930,5930,-0.305692308539027,1.37452278360807
3,1931,5931,-0.587129651664617,1.19578225163605
3,1932,5932,-0.683669959870219,1.34921319341332
3,1933,5933,-0.444963782687195,1.66033742102383
3,1934,5934,-1.62143677269758,1.43207425183262
3,1935,5935,-1.22407892327134,0.647017234394695
3,1936,5936,-1.69798915971292,1.13838229426648
3,1937,5937,-1.22812592924005,0.995685272501983
3,1938,5938,-0.932896517976763,0.715755568777917
3,1939,5939,-1.01316212223538,2.16062956495267
3,1940,5940,-1.52908701586346,0.931509151419177
3,1941,5941,-1.75512052717915,1.26495468393782
3,1942,5942,-1.90278841447397,2.32338700555805
3,1943,5943,-1.56147378973318,1.56098965646709
3,1944,5944,-1.13600675550899,1.04633007284935
3,1945,5945,-1.24650436870608,1.21307802470878
3,1946,5946,-1.10326220193435,1.44938244425527
3,1947,5947,-0.615687608720915,0.982346659914555
3,1948,5948,-0.66472699032403,1.38747462438682
3,1949,5949,-0.817095840409902,1.24232690166671
3,1950,5950,-1.19882927827769,1.4549891827191
3,1951,5951,-0.60121772107925,1.41603143738106
3,1952,5952,-0.984249058928141,2.47434749835706
3,1953,5953,-1.51797586003581,0.770126314097216
3,1954,5954,-2.09900045495212,1.35937463228203
3,1955,5955,-1.74563171147944,1.27841245474039
3,1956,5956,-1.97977979942516,1.36672197329976
3,1957,5957,-1.94639586176024,1.30496510258598
3,1958,5958,-1.89666031300278,1.28587810793076
3,1959,5959,-2.04087638155255,1.13917602864504
3,1960,5960,-1.99143183747554,1.14962912676919
3,1961,5961,-1.20431132045217,2.08421900878415
3,1962,5962,-0.938093159940376,1.91078555245367
3,1963,5963,-0.556532555659648,1.8216255777497
3,1964,5964,-1.55901217577584,1.95317213544423
3,1965,5965,-1.10280279090269,1.76516228113257
3,1966,5966,-0.743025559480005,1.67468066842695
3,1967,5967,-1.09666549348908,1.83383118269043
3,1968,5968,-0.381217366731697,1.56555583257376
3,1969,5969,-1.9897903922682,1.34035030270424
3,1970,5970,-2.37173658958849,1.72723275508037
3,1971,5971,-1.23898294616182,1.05190631122231
3,1972,5972,-1.28728119594451,1.3044044163
3,1973,5973,-1.31065695547941,2.25667881099162
3,1974,5974,-0.232632474694498,0.853960779155139
3,1975,5975,-0.63136932748658,0.933240712567947
3,1976,5976,-0.560860759541417,0.785935119110598
3,1977,5977,-1.45577224100284,1.70781458354631
3,1978,5978,-1.34734193451459,0.789545538152318
3,1979,5979,-2.2476602512164,1.28461954070858
3,1980,5980,-1.54331715973695,1.22766785240617
3,1981,5981,-1.12131229957337,1.32828151430074
3,1982,5982,-1.51591695795594,1.99676258822162
3,1983,5983,-1.72405356710413,2.1347627333173
3,1984,5984,-1.83971290182815,2.00287397682702
3,1985,5985,-1.50584911575644,2.41426931395076
3,1986,5986,-1.54251728551822,2.17619608910762
3,1987,5987,-1.51218999389749,2.27900746043832
3,1988,5988,-1.34887041838656,2.03088211526784
3,1989,5989,-1.87458239772678,2.06719253384283
3,1990,5990,-1.68522932480579,1.16612720065151
3,1991,5991,-1.29289639122733,3.75697978429197
3,1992,5992,-1.0562227942881,2.08606143720573
3,1993,5993,-1.45946666223288,1.80908370108196
3,1994,5994,-1.0697596282322,1.03196050775694
3,1995,5995,-1.52339235476983,1.22963488709991
3,1996,5996,-1.51212968223598,1.18875912888658
3,1997,5997,-0.512901186260237,2.02017730314871
3,1998,5998,-1.5201905630291,2.60613161230787
3,1999,5999,-0.281981432930573,2.06199535195214
3,2000,6000,-0.811904613272605,1.88033859132613
4,1,6001,-0.894334230384277,0.823306907365331
4,2,6002,-1.20840630187167,2.12308404242178
4,3,6003,-0.727939355851424,2.0551512064379
4,4,6004,-0.65668813923854,2.01577558343695
4,5,6005,-0.543539544877483,1.45438995943853
4,6,6006,-0.789549436246193,1.21626420547119
4,7,6007,-0.744699124798761,1.71892846719409
4,8,6008,-0.93093619027588,2.13487086907741
4,9,6009,-0.412484192340071,1.75763738536687
4,10,6010,-0.295273635942777,2.13312432778736
4,11,6011,0.446386440584321,2.52287395346757
4,12,6012,-0.144749994174525,3.3617631689479
4,13,6013,0.132694998803942,3.0007497761851
4,14,6014,-1.16073109292296,1.33701370865293
4,15,6015,-1.41071571216958,1.41440954049158
4,16,6016,-1.27642766006618,0.929809576085057
4,17,6017,-1.81060092464127,1.70027438163755
4,18,6018,-0.95443330235482,1.2030940903636
4,19,6019,-1.32013392893915,2.05689530266274
4,20,6020,-0.853565803790178,1.31499649810867
4,21,6021,-1.28537050496615,1.88157511452467
4,22,6022,-1.13353206859981,1.34495394021955
4,23,6023,-1.59308532888496,1.39801179815878
4,24,6024,-1.1504371371886,2.04411313419743
4,25,6025,-0.36069767259693,1.3766071833419
4,26,6026,-1.6011742332978,1.61096424871218
4,27,6027,-0.987694698701646,1.19476707947786
4,28,6028,-0.920497678035641,1.31816493048794
4,29,6029,-1.85761900063197,1.4143071036585
4,30,6030,-1.56413894226584,2.05861754095163
4,31,6031,-2.17046542707023,1.79068277093944
4,32,6032,-1.76455646106114,1.22318910178021
4,33,6033,-1.92926991946257,1.44889705813787
4,34,6034,-0.943696724762004,1.32062071485209
4,35,6035,-0.947989146819192,1.38520918623344
4,36,6036,-0.878193607778102,1.14687681724335
4,37,6037,-1.91071579664313,1.71793464814651
4,38,6038,-1.98859469829644,1.9237302822004
4,39,6039,-1.44360985610722,1.31263099434749
4,40,6040,-2.25942420781081,1.17574878356208
4,41,6041,-1.37463128347927,2.59433370089177
4,42,6042,-1.34608920879232,1.82967333338234
4,43,6043,-1.81071430617269,2.63328497460164
4,44,6044,-1.74541453502514,2.8614751052052
4,45,6045,-1.78546179498445,2.69653295174332
4,46,6046,-1.96826805257288,3.06836855590334
4,47,6047,-1.52540950943756,1.51250488080898
4,48,6048,-0.833480969754927,2.27751104470748
4,49,6049,-1.15031900438821,1.52064504592552
4,50,6050,-1.53130372477718,1.83212290029063
4,51,6051,-1.27883648728604,1.93031158665004
4,52,6052,-1.57977430907432,1.31140851438887
4,53,6053,-0.265503937207959,2.13810170524889
4,54,6054,-0.134026929207032,1.84432925965667
4,55,6055,-0.92599332150127,2.31930322505392
4,56,6056,-0.5660041179003,1.66915868143868
4,57,6057,-1.23413837552044,1.16887584386663
4,58,6058,-2.33600479638332,1.44020231062997
4,59,6059,-1.70475535024341,1.91616334385219
4,60,6060,-1.92420986065932,2.32462745569952
4,61,6061,-1.34926274917552,1.28598410746142
4,62,6062,-2.08620255860292,1.88614500619561
4,63,6063,-1.99118426991657,1.90931367454646
4,64,6064,-1.60215500698766,1.33447495798768
4,65,6065,-1.28338067477328,1.60330953523932
4,66,6066,-1.10998086791698,2.14914051628174
4,67,6067,-1.54754156367811,2.2182801177624
4,68,6068,-1.52463846581721,1.97677229887203
4,69,6069,-2.4190584832669,2.31751867317592
4,70,6070,-1.56178172118096,1.86930319688643
4,71,6071,-1.66621109846925,1.96666457575314
4,72,6072,-1.63460994387968,1.22456000437382
4,73,6073,-1.39351428894427,1.61844526123022
4,74,6074,-1.49530744634794,1.62095283316504
4,75,6075,-1.9721793068021,1.34685937290451
4,76,6076,-2.39152208798823,1.17620813926204
4,77,6077,-1.38909628184477,1.18779403106444
4,78,6078,-1.65560904311843,1.28801894536526
4,79,6079,-1.73844569407977,1.0472995578686
4,80,6080,-2.36049853193463,1.44918487300326
4,81,6081,-1.04136884042543,1.62121667561124
4,82,6082,-0.973883110814941,2.06420490662219
4,83,6083,-1.01793134687302,2.90300566508937
4,84,6084,-0.849199242191819,1.91091190047627
4,85,6085,-0.989991395265738,2.36174028693955
4,86,6086,-1.66713512485935,0.913827564901403
4,87,6087,-1.04191110638513,2.71894435554924
4,88,6088,-0.845252158530202,1.63913191020267
4,89,6089,-1.36401475701954,1.63136709598541
4,90,6090,-1.38173446747537,2.93864846743393
4,91,6091,-0.166795645221582,1.37055971697713
4,92,6092,0.118105443606801,2.22284672130203
4,93,6093,-0.303058035802971,2.33487073930374
4,94,6094,-0.747934798538268,3.00882236784687
4,95,6095,-0.829204807508935,1.62876839402204
4,96,6096,-0.35502142783717,1.92884545475762
4,97,6097,-0.599440691604175,1.80397118428566
4,98,6098,-0.62550234655149,2.41127053877105
4,99,6099,-1.02910157851263,0.827930004160711
4,100,6100,-1.38541049423838,1.16390578988539
4,101,6101,-0.723875697321311,1.05186282595972
4,102,6102,-0.82041310911816,1.57769258615317
4,103,6103,-2.15190678101541,1.67006633472499
4,104,6104,-1.00937796842287,0.942495079748232
4,105,6105,-1.70216668474478,0.936481189950357
4,106,6106,-0.894723377967225,0.871000239087637
4,107,6107,-1.45487474165746,0.784201270467001
4,108,6108,-1.52950205740313,0.781117662922818
4,109,6109,-1.48658669782987,1.36064323570852
4,110,6110,-1.24383810771972,1.09327190972802
4,111,6111,-1.34077904562469,1.20784494126974
4,112,6112,-1.02241959864212,1.05833997882497
4,113,6113,-1.63998211392784,1.40075342980278
4,114,6114,-1.4008045228371,1.31521030415029
4,115,6115,-1.38236642077646,1.25208806226879
4,116,6116,-1.66479759439738,1.31583709447569
4,117,6117,-1.50196206078679,1.83222197230311
4,118,6118,-2.33330446142239,1.95180945844826
4,119,6119,-2.35219262148064,1.85406129250483
4,120,6120,-1.21149834150889,0.777911768769075
4,121,6121,-1.81636228469166,1.14443413894838
4,122,6122,-1.8885932616365,1.31853758162693
4,123,6123,-1.73348863069566,1.16313417103872
4,124,6124,-1.02310172200162,0.958491002418523
4,125,6125,-1.172086133282,1.28731229066644
4,126,6126,-2.63785526881245,2.20236431049134
4,127,6127,-2.58331070285715,2.57157895634506
4,128,6128,-2.16634661069049,2.35396839366539
4,129,6129,-2.22093533924359,1.50265453884423
4,130,6130,-2.5482625037337,1.44025698658269
4,131,6131,-0.344165706453378,1.65558617749185
4,132,6132,-1.2273679993763,1.53004093583118
4,133,6133,-0.498262809591473,0.740315766061456
4,134,6134,-2.17954519796228,1.84640886745019
4,135,6135,-2.08498927346435,1.60256206167769
4,136,6136,-2.00422105101818,1.61571498053636
4,137,6137,-0.788920492522543,2.17676669379117
4,138,6138,-0.820818458890557,2.20795117596441
4,139,6139,-0.326942780622755,1.49675915040889
4,140,6140,-0.521725631069732,1.62127762677418
4,141,6141,-0.741004665549594,2.2524024667206
4,142,6142,-0.377535292752632,2.92831517871961
4,143,6143,-0.408853631148186,3.35075037793423
4,144,6144,-0.337082609082203,1.925448954803
4,145,6145,0.0977054167796694,2.5394104584009
4,146,6146,0.0418512121060156,2.87607062076774
4,147,6147,-0.751669230769268,2.11553494163098
4,148,6148,-2.29103263118053,1.68173985174707
4,149,6149,-1.91022161969442,1.75347240599211
4,150,6150,-2.21700072705158,1.58618943920491
4,151,6151,-2.19460598387983,1.5358173332988
4,152,6152,-1.77157250050802,1.86971623519465
4,153,6153,-1.49452372448707,2.18630644862091
4,154,6154,-0.960968776519617,2.43011145105297
4,155,6155,-0.37873664810718,2.76288137675437
4,156,6156,-0.690919804901687,3.33127429490155
4,157,6157,-1.13357520282386,1.72403274644099
4,158,6158,-0.77065026947618,2.0249649662319
4,159,6159,-1.03004427471143,1.95021152880819
4,160,6160,-1.33819153439626,3.51825370214083
4,161,6161,-1.27272299141669,1.87760668093775
4,162,6162,-0.528203143346362,2.20418945942713
4,163,6163,-1.10910422341719,1.14703697817237
4,164,6164,-1.41526215838713,2.26299961866868
4,165,6165,-2.12789674878311,2.52975772916125
4,166,6166,-0.238314490032826,1.0377385571166
4,167,6167,-0.436828006989856,1.86645656255836
4,168,6168,-1.01920926918708,1.96902720324568
4,169,6169,-1.16464891450101,1.36103599538858
4,170,6170,-0.600703402345193,2.64226293669119
4,171,6171,-0.609117007371611,1.37883528197294
4,172,6172,-0.351596314912622,1.56115564211932
4,173,6173,-1.76232715461386,1.94347474574356
4,174,6174,-1.45265440763843,1.1876294999202
4,175,6175,-1.17083889319654,1.00152178103758
4,176,6176,-1.70956900360037,1.07507686101299
4,177,6177,-2.78252511889334,1.7371124554429
4,178,6178,-2.29376631495658,1.64645792899125
4,179,6179,-1.83338091504919,0.895892268829595
4,180,6180,-0.789313780511683,1.30394993685925
4,181,6181,-2.37903447760563,1.47014137731647
4,182,6182,-1.92296523512657,1.13286284991848
4,183,6183,-1.89373470054831,1.12974281477089
4,184,6184,-0.476557315600825,1.39993194573368
4,185,6185,-0.0754830027736884,1.57386474423131
4,186,6186,-0.66045157988602,1.58761196615524
4,187,6187,-0.882942840376001,1.12962123941608
4,188,6188,-1.29908024026225,1.82750944689953
4,189,6189,-0.998335075395116,1.70449478491799
4,190,6190,-1.23006770236553,2.63095915748903
4,191,6191,-1.47420230775456,2.32108813192343
4,192,6192,-1.62725958587866,1.68207858605624
4,193,6193,-1.87311015897267,2.1672609769681
4,194,6194,-1.44525878592134,1.38129392254675
4,195,6195,-0.545224656277731,2.30953095894465
4,196,6196,-0.562497370708316,2.81226668281368
4,197,6197,-0.329511230782891,2.32082700643719
4,198,6198,-0.298844001485063,2.05091434016799
4,199,6199,-0.527016608692816,2.68751636674101
4,200,6200,-0.623935496486089,2.72353401588946
4,201,6201,-0.937071991040827,4.06404959732508
4,202,6202,-1.1515352645041,1.93487322600445
4,203,6203,-1.53066367970911,2.83073133452134
4,204,6204,-1.28645983057771,1.40711415061635
4,205,6205,-1.78033132417667,1.96845443206012
4,206,6206,-1.35713329498918,1.38469278006954
4,207,6207,-1.32461752883892,1.88984601893825
4,208,6208,-1.55099098514113,2.10478487196638
4,209,6209,-1.51431332695583,1.45998832264161
4,210,6210,-1.46767005632809,1.11442758251564
4,211,6211,-1.41760307271231,1.42419958130144
4,212,6212,-1.38906646746849,1.27563446056082
4,213,6213,-1.22956620702865,1.1068591313753
4,214,6214,-1.05900393668965,1.82198021538991
4,215,6215,-1.1295703945849,0.976203006708306
4,216,6216,-1.3717976637218,0.917792011774093
4,217,6217,-1.5743300162022,1.19758248068269
4,218,6218,-1.48094772163767,0.939644363082322
4,219,6219,-1.43135772639679,1.01647097875474
4,220,6220,-1.68810951361017,1.63966426650483
4,221,6221,-0.919695575868754,1.54548868630325
4,222,6222,-1.23203452771262,1.47169473120921
4,223,6223,-1.84057752309521,2.39145657742687
4,224,6224,-1.88267341017001,2.05551867032546
4,225,6225,-1.67419281595462,1.08241849286331
4,226,6226,-1.35544464870789,1.23119649279897
4,227,6227,-1.39318965400396,1.25012119857116
4,228,6228,-1.37296297570231,1.87269162658615
4,229,6229,-1.09822005862101,1.37879504054855
4,230,6230,-1.06993378371398,1.49835551052125
4,231,6231,-1.13598936250852,1.81051347531267
4,232,6232,-0.850415886837509,1.60294828795046
4,233,6233,-0.889796382617288,1.44502342939593
4,234,6234,-1.49098811796476,1.32997718844778
4,235,6235,-1.94106356557031,1.6750815890003
4,236,6236,-1.39093195860041,1.59786197625868
4,237,6237,-1.42625712928078,1.16383125741502
4,238,6238,-1.6724006945084,1.55244223079393
4,239,6239,-1.68425391509931,1.53646276929626
4,240,6240,-2.06778522483525,1.42885319018419
4,241,6241,-0.986137333369056,1.18871013041002
4,242,6242,-0.848380224545207,1.43942492893214
4,243,6243,-1.69010379411802,1.39801896365903
4,244,6244,-1.37658516417594,1.36079692333808
4,245,6245,-1.86261890182716,1.65155505288968
4,246,6246,-1.99302848647327,1.20552612204467
4,247,6247,-2.48349403097019,1.84586955208153
4,248,6248,-2.28180805518335,1.77913649482734
4,249,6249,-2.29666603690903,1.52985062063637
4,250,6250,-2.17619441796135,1.42670234439103
4,251,6251,-1.84828155596705,1.28477459470873
4,252,6252,-1.65285746571849,1.31234871372323
4,253,6253,-1.08872559777439,2.32746287722033
4,254,6254,-1.01105538418899,2.37708900686645
4,255,6255,-0.667437845082527,2.17027433838602
4,256,6256,-1.08892915844339,1.95915658914148
4,257,6257,-1.24864151223744,2.58321904288624
4,258,6258,-1.11815011584889,1.59271108045697
4,259,6259,-1.37953328905383,1.00345724390022
4,260,6260,-1.27071326993957,0.962050847534309
4,261,6261,-1.99805919994579,1.58881772560283
4,262,6262,-1.801501183312,1.65213780245512
4,263,6263,-1.59256250844959,2.56192575380433
4,264,6264,-0.84680198586566,1.97930421628036
4,265,6265,-0.963186253220412,1.76941109009643
4,266,6266,-0.748532595991309,1.13938736845687
4,267,6267,-1.74369659984758,1.49953685411567
4,268,6268,-1.92505718736066,1.17204259132283
4,269,6269,-1.94747924547595,1.62918104488799
4,270,6270,-1.76260932037803,1.8669726575116
4,271,6271,-1.38287503126118,1.53654998295403
4,272,6272,-1.51655531199262,1.6309622585096
4,273,6273,-1.33710981533756,2.68844594801489
4,274,6274,-1.00623989328615,2.42988147309888
4,275,6275,-0.763728919634163,0.876532049028516
4,276,6276,-1.16579638485336,0.992642225816002
4,277,6277,-1.56651622816192,0.909944168845105
4,278,6278,-1.92160265975926,1.32499822075362
4,279,6279,-0.839689256544721,1.18464064504405
4,280,6280,-1.33817649590183,1.21240707480159
4,281,6281,-0.838041681011029,1.23198439525019
4,282,6282,-1.04888294256052,1.42649746187191
4,283,6283,-0.915639991921211,1.64194052743777
4,284,6284,-0.869195430801675,1.5844004030541
4,285,6285,-0.991274940458771,1.59605864551711
4,286,6286,-0.980745733885543,1.83197536459947
4,287,6287,-1.19495639600724,1.46436010565565
4,288,6288,-2.2230566041747,1.34720171567934
4,289,6289,-1.028591442821,2.46570083974428
4,290,6290,-1.05068035737891,2.07650430626774
4,291,6291,-1.07245984895276,3.26903687037915
4,292,6292,-0.900082207873227,1.1017187956091
4,293,6293,-0.610000667307421,2.0173348639951
4,294,6294,-1.66982387436199,2.20669603882755
4,295,6295,-1.45057807364806,2.65806442819395
4,296,6296,-1.54229912091733,1.56409704238335
4,297,6297,-1.14813359792742,1.58363820307627
4,298,6298,-1.61402575125998,1.44893897070881
4,299,6299,-1.51575868169351,1.37694419289031
4,300,6300,-1.26129776244104,1.41963811306979
4,301,6301,-1.39114223005292,1.17458455127866
4,302,6302,-1.41674104455806,1.85142376353446
4,303,6303,-1.53585960160816,1.8443633916862
4,304,6304,-1.90114508080802,2.0680427495635
4,305,6305,-0.940259606386402,2.26742727289279
4,306,6306,-1.12923269834671,2.73732770946987
4,307,6307,-1.68305050147072,2.24288536172975
4,308,6308,-1.70151863103688,4.64182045762791
4,309,6309,-1.02518214854141,2.37551010857443
4,310,6310,-0.951550057280168,2.74632921854192
4,311,6311,-0.822233628486353,3.81080748494199
4,312,6312,-0.279105083851157,2.11546964355933
4,313,6313,-0.686232815224205,1.59542231444373
4,314,6314,-1.20252301712129,1.90597011692689
4,315,6315,-1.58711487513991,1.76018677837679
4,316,6316,-1.38053099436781,1.59675138025018
4,317,6317,-1.22280345485398,1.28934619928821
4,318,6318,-1.54359516046901,1.11589248737998
4,319,6319,-1.65255272846868,1.03959352206384
4,320,6320,-1.40484408632663,0.868970648103737
4,321,6321,-1.50616938199553,1.00505628179856
4,322,6322,-1.2927329836913,0.730887740796033
4,323,6323,-1.89801553398917,0.821636160780971
4,324,6324,-1.10438543251242,0.848638605591024
4,325,6325,-1.32431042276092,0.972011220382165
4,326,6326,-1.35695459081528,0.940285028659746
4,327,6327,-1.92556463989968,1.37722715756338
4,328,6328,-1.38843579769566,1.54514922021023
4,329,6329,-1.44201825041133,1.40224930101868
4,330,6330,-1.04687790616391,1.76694275600254
4,331,6331,-0.947657582015031,1.37945320302162
4,332,6332,-2.00457822216407,1.5778328115958
4,333,6333,-1.32140092952937,1.8888981318519
4,334,6334,-0.883831378360851,2.81485791365312
4,335,6335,-0.0469657544847935,2.25967504175021
4,336,6336,-0.132441190306374,2.58421909808553
4,337,6337,-0.506151486414478,1.70666019095359
4,338,6338,-1.20028222402797,2.22472287484852
4,339,6339,-2.61640038483121,2.20842630164915
4,340,6340,-1.10281153171477,1.55052115783701
4,341,6341,-1.00335067951378,1.42339896916316
4,342,6342,-1.0240972452952,1.74427418342649
4,343,6343,-1.2973312369492,1.6904067037334
4,344,6344,-0.840406630822531,1.76321118035155
4,345,6345,-1.30691734703907,1.71316345053632
4,346,6346,-1.22923124911731,1.54743654423825
4,347,6347,-1.58158902872149,1.3785298593165
4,348,6348,-1.01637251686742,0.988672791028277
4,349,6349,-0.397355609569657,2.20400738671856
4,350,6350,-0.333336460452517,2.10764171004309
4,351,6351,-0.0951880905454097,2.41513531153366
4,352,6352,-0.589922145312651,1.93712873035789
4,353,6353,-0.60249314969505,1.69475237067358
4,354,6354,-0.0922825395823405,1.79491401117417
4,355,6355,-2.38489172296354,1.27391231346321
4,356,6356,-2.43530110396935,1.15185216812928
4,357,6357,-2.18209331323666,1.04496728820277
4,358,6358,-2.0469829397026,0.958784684476071
4,359,6359,-1.5784908019541,0.947598266258212
4,360,6360,-1.23022598373757,1.04242999195907
4,361,6361,-1.09384781344634,1.00188443660094
4,362,6362,-1.38793149111295,1.6163370542818
4,363,6363,-1.28235138248389,1.7655893966767
4,364,6364,-1.29904455914428,2.40745965066891
4,365,6365,-1.47265829735955,2.57051589668934
4,366,6366,-1.63393881781692,1.52913060058795
4,367,6367,-2.24726905441275,1.55759043238843
4,368,6368,-0.835363702376728,2.31879140559632
4,369,6369,-1.23495124289874,2.67104103492917
4,370,6370,-1.44537906443697,2.42051249285126
4,371,6371,-0.253410313279385,2.11697218942404
4,372,6372,-0.892924484657105,1.94144642174362
4,373,6373,-0.568464977857805,2.06369545612384
4,374,6374,-0.749906192508903,1.52832745208906
4,375,6375,-0.622689556944091,1.46832579226801
4,376,6376,-0.718642935826262,1.32416217457239
4,377,6377,-0.808689431490913,1.61077819396
4,378,6378,-2.0534455546392,2.0895393075
4,379,6379,-1.51215367329995,1.8861586924982
4,380,6380,-1.66645992342839,2.35663769745721
4,381,6381,-1.44162308616669,0.759676461325541
4,382,6382,-1.33403461772395,0.798312663644716
4,383,6383,-1.27801543385763,0.808793228007728
4,384,6384,-1.16408566833786,0.962248795583303
4,385,6385,-0.768878559348904,0.894040458620455
4,386,6386,-0.960209341170639,1.32970418771654
4,387,6387,-0.784110747717922,1.11381044525601
4,388,6388,-2.11044551600527,1.69744486524061
4,389,6389,-1.78745656818875,2.16105549610915
4,390,6390,-0.541416555935589,2.13571605843893
4,391,6391,-0.693802207494748,2.79242628897578
4,392,6392,-1.09873763473747,2.29367701471112
4,393,6393,-1.17727745340593,2.06304892393193
4,394,6394,-1.21744457250804,1.34208289015197
4,395,6395,-1.05313677737736,1.60456885061768
4,396,6396,-0.987732598150585,1.63169980015377
4,397,6397,-0.864826800369225,1.70658156109005
4,398,6398,-1.64856333362207,1.12597082394282
4,399,6399,-1.27956611187959,1.05612987062666
4,400,6400,-1.12188758427447,1.95822084867812
4,401,6401,-2.01667496407409,1.72161851315582
4,402,6402,-1.26213533945901,1.3225968776082
4,403,6403,-1.85108074359381,1.84459074821649
4,404,6404,-1.75561551476619,1.73195194750021
4,405,6405,-1.96155898118778,1.77076292364944
4,406,6406,-1.17233331597358,1.28862305492335
4,407,6407,-1.20660795421059,1.28322081862652
4,408,6408,-1.15049995611487,0.823454187424612
4,409,6409,-1.17711681995832,0.78564428719863
4,410,6410,-0.86756073068582,1.04512832160239
4,411,6411,-1.04668754870301,1.19256327224559
4,412,6412,-1.02734837458389,1.295320474378
4,413,6413,-0.75083144228426,1.16710087572762
4,414,6414,-1.34905233762037,2.35716835841519
4,415,6415,-1.71136499760509,1.53966096980812
4,416,6416,-1.68796545693736,1.32241782794951
4,417,6417,-1.4714244535227,1.19527218534575
4,418,6418,-1.63928590881102,1.45560474222859
4,419,6419,-1.64521153646386,0.970793090088242
4,420,6420,-1.08646719300678,1.2740316410412
4,421,6421,-0.609884660773377,0.725385367953275
4,422,6422,-1.75159306249594,1.26903878485322
4,423,6423,-1.14610339925384,1.29502537585022
4,424,6424,-1.55801319758666,1.64734551545325
4,425,6425,-1.56441569867915,1.3295376033276
4,426,6426,-1.6157310903778,1.60340136925129
4,427,6427,-1.59121106179162,2.27387322772397
4,428,6428,-1.57924528974373,1.89194167748686
4,429,6429,-1.76428415222147,2.51221028666944
4,430,6430,-1.88349153222456,2.56088312247969
4,431,6431,-0.955962576591823,1.54493795564226
4,432,6432,-1.08794783333361,2.17764433895417
4,433,6433,-1.21035034681589,2.26633952217255
4,434,6434,-1.08015994018025,1.78020549371028
4,435,6435,-0.583917204722911,2.07676987433648
4,436,6436,-0.325862062112385,2.92813953222416
4,437,6437,-0.689172350393726,2.92249247150855
4,438,6438,-0.562167942036231,1.86182603456116
4,439,6439,-1.71534795280158,1.02165261257627
4,440,6440,-1.56950569427743,0.947420615161924
4,441,6441,-1.01710895888794,1.16091719027853
4,442,6442,-0.867524738163763,1.22799944082139
4,443,6443,-0.563431731717397,1.56969062901186
4,444,6444,-0.294579421653647,1.71408254918288
4,445,6445,-0.232715564040485,1.56980988399663
4,446,6446,-0.0647343204935162,1.39084706599
4,447,6447,-0.797049430352492,2.41365619988912
4,448,6448,-0.841497352049518,1.50624730232258
4,449,6449,-0.81595912880104,2.01184525964755
4,450,6450,-1.08748139269529,1.32000190811235
4,451,6451,-1.4519470801581,0.987822104074367
4,452,6452,-1.73095957073332,1.04316196846618
4,453,6453,-2.43447527987681,1.60382738157099
4,454,6454,-0.70195574673693,2.29424902580258
4,455,6455,-1.29707559459943,1.41331390510002
4,456,6456,-0.834310508546635,1.10034908342671
4,457,6457,-0.947209542946935,0.953834418516343
4,458,6458,-1.409413440887,1.64073923424715
4,459,6459,-1.42763384796333,1.13372501971811
4,460,6460,-1.29681199196712,1.00625668867459
4,461,6461,-1.86705138274185,1.38550377457582
4,462,6462,-0.93147213429017,1.30889558480243
4,463,6463,-1.06843895864427,1.43326028341405
4,464,6464,-2.41587812618013,1.26826145698371
4,465,6465,-2.15030135327235,1.34738795916057
4,466,6466,-2.66484584762178,1.71020459884592
4,467,6467,-1.53869201020316,1.3284268399414
4,468,6468,-1.69475551304529,1.70510737717608
4,469,6469,-1.18726466149739,1.5051616056214
4,470,6470,-1.1836493478731,1.84076296064331
4,471,6471,-0.900190637733079,1.13745176402074
4,472,6472,-1.22239638384933,1.40257684907066
4,473,6473,-1.13989403676515,2.20615053342854
4,474,6474,-0.359513123889903,1.54105282980469
4,475,6475,-0.204602390837688,1.25150101890214
4,476,6476,-0.469570075318768,2.43971122554332
4,477,6477,-1.53949613510743,1.92464953719362
4,478,6478,-0.942385614261152,1.48763278062322
4,479,6479,-0.766867511057245,0.987483275666909
4,480,6480,-1.373244630264,1.12784496008001
4,481,6481,-1.22409324750494,1.18886308836816
4,482,6482,-1.0762703056308,0.720711594756584
4,483,6483,-0.98997096374506,1.13265301052396
4,484,6484,-1.35354832007168,1.32701338129242
4,485,6485,-1.39235673135474,1.14061384036532
4,486,6486,-1.93309058465391,2.13380025499263
4,487,6487,-1.71990636731336,1.56741171257592
4,488,6488,-1.23403474103589,1.39264437956034
4,489,6489,-0.598457638611819,1.7763295199366
4,490,6490,-1.73544214689995,2.45951597807398
4,491,6491,-1.63365945746618,2.34896328385209
4,492,6492,-1.57317445621229,2.00288937678397
4,493,6493,-0.971001048151548,1.51719527358219
4,494,6494,-1.01773795285152,1.50076648732095
4,495,6495,-0.73941080125962,1.14111258990459
4,496,6496,-0.768414255538226,1.67602883227636
4,497,6497,-0.470519958229264,1.682449617436
4,498,6498,-0.993167553567801,1.50164000455787
4,499,6499,-1.03151347605506,1.70490157615094
4,500,6500,-1.01912051514505,1.46301436177854
4,501,6501,-1.39413562978713,1.5679743351101
4,502,6502,-1.59374769585223,2.26429874256398
4,503,6503,-0.832236260146954,1.99866437292763
4,504,6504,-1.14717321054926,2.36883461953697
4,505,6505,-1.10206617371843,1.8808479771947
4,506,6506,-1.81816431792704,2.0934218646795
4,507,6507,-1.17055075391611,1.61384021206416
4,508,6508,-1.23200466778842,1.6808621312322
4,509,6509,-2.04102353160909,2.20140308146021
4,510,6510,-0.894511370201989,0.819762498304176
4,511,6511,-0.541801595913896,1.38974694589106
4,512,6512,-0.391843500046622,2.23698509164209
4,513,6513,-0.744907671749108,1.94891394769538
4,514,6514,-1.06911645318632,0.960414389905185
4,515,6515,-1.22154430642943,0.968079551257375
4,516,6516,-1.54422595325953,1.08080965082386
4,517,6517,-1.73963959498649,1.54415922049402
4,518,6518,-1.88017443113374,1.58935895903788
4,519,6519,-0.897113513181514,1.43108125281951
4,520,6520,-1.19986541649877,2.22931559707945
4,521,6521,-1.1079885526445,1.89160078611655
4,522,6522,-1.7313287152106,1.77256095743519
4,523,6523,-1.49797461369719,1.53300727552607
4,524,6524,-1.73786957860085,1.38588990068374
4,525,6525,-2.53091038730505,1.80051877129688
4,526,6526,-1.34807761246151,2.18091487878679
4,527,6527,-1.72039864035288,2.29552423321069
4,528,6528,-1.68376921058045,2.47773721666067
4,529,6529,-1.95454505008439,1.44990429056932
4,530,6530,-1.73219689376585,1.17603756796235
4,531,6531,-0.99567220456823,1.48738988657222
4,532,6532,-0.998209760040562,1.75788849931825
4,533,6533,-0.544766111217594,1.4505802069443
4,534,6534,-1.27143320072921,1.33998867034876
4,535,6535,-1.44388074107336,1.23422784159291
4,536,6536,-2.05952026134101,1.60950588553252
4,537,6537,-2.04678858376521,2.3651983835537
4,538,6538,-1.44779151278012,1.13263410909214
4,539,6539,-1.3036160075237,1.10190686744716
4,540,6540,-2.1249227702148,1.47994945722042
4,541,6541,-1.99116028745895,1.49222647620217
4,542,6542,-0.317124394453747,1.1036688168043
4,543,6543,-2.30162792993865,1.20664970475888
4,544,6544,-1.58047110982287,0.806855824059818
4,545,6545,-1.08304234678062,1.04905226714532
4,546,6546,-1.1841653764322,0.827401589188678
4,547,6547,-1.40731622541649,1.4337262788275
4,548,6548,-0.579395655305956,1.27028765285148
4,549,6549,-1.44100918104549,2.39699120590152
4,550,6550,-1.36215494554374,1.52463280895351
4,551,6551,-2.21971804023087,2.52658067224467
4,552,6552,-1.76097114914437,1.74555897030064
4,553,6553,-0.97384502948603,2.27597954652811
4,554,6554,-0.821148516526992,2.14122947586351
4,555,6555,-1.03923640709165,1.53831599941292
4,556,6556,-0.763155369516557,1.03148849915073
4,557,6557,-1.29855216686154,1.08576623957154
4,558,6558,-2.06496267740147,1.19378056719908
4,559,6559,-1.79766773131807,1.10661409370046
4,560,6560,-1.90886900626857,1.07939861142738
4,561,6561,-0.995856011325735,1.39814828969565
4,562,6562,-1.16823998553204,1.25883061721428
4,563,6563,-0.902181930366599,1.46271462888305
4,564,6564,-0.83166120522661,1.36931578852157
4,565,6565,-1.56083007443132,1.79371624157793
4,566,6566,-1.23331048874455,1.65356291957406
4,567,6567,-0.800268723096196,1.04270946620317
4,568,6568,-1.4451906622325,1.76763218241636
4,569,6569,-0.955962692510345,1.20405562860121
4,570,6570,-1.51787033645868,1.3574581519194
4,571,6571,-1.62891606294719,1.57208489539043
4,572,6572,-1.50365449243117,1.69404810641994
4,573,6573,-1.38378696003246,1.2455418626031
4,574,6574,-1.4550625755764,1.12719724360204
4,575,6575,-1.62340208610605,1.79053626182989
4,576,6576,-1.6773987319303,2.23608796868286
4,577,6577,-1.82853625278324,2.16104417847939
4,578,6578,-1.68688605515412,2.18552002886762
4,579,6579,-1.91654573875401,2.36856369985586
4,580,6580,-1.77190981475055,2.28460658547826
4,581,6581,-0.443474932243876,1.76522498915001
4,582,6582,-1.0165119845536,2.17295957963491
4,583,6583,-0.92878403788275,1.37672368610679
4,584,6584,-1.39948453733083,1.04718510141193
4,585,6585,-0.972433020977318,1.79502857284229
4,586,6586,-1.26398973587702,1.20087274672424
4,587,6587,-1.29254476563136,1.37330480486364
4,588,6588,-0.890926279050684,0.828163588069087
4,589,6589,-1.30545477845348,0.962081509895011
4,590,6590,-1.40807431141538,0.878041692370771
4,591,6591,-1.32450782452741,1.55484090942262
4,592,6592,-0.918770817565569,1.83837431723856
4,593,6593,-0.817612174191692,1.86873858490598
4,594,6594,-1.02880850706406,2.84854843412244
4,595,6595,-0.806021374495914,2.56511458967128
4,596,6596,-0.37896609711928,1.84237963299996
4,597,6597,-0.642411846630663,2.99278896392056
4,598,6598,-1.05145305412861,2.26599685740264
4,599,6599,-0.813047241810141,1.18424567768731
4,600,6600,-0.637148717386325,1.35104515358043
4,601,6601,-0.994208573599706,1.91775175554733
4,602,6602,-0.945866091387724,2.05480104185813
4,603,6603,-0.926288406906305,1.66983369057172
4,604,6604,-1.8978433956523,1.06800109865472
4,605,6605,-1.06366375600923,0.836245002774617
4,606,6606,-1.47065689171813,1.40156748260671
4,607,6607,-1.34519823938396,0.666512746729809
4,608,6608,-1.40907416755233,2.06733408067068
4,609,6609,-0.829694445979095,1.30293310474324
4,610,6610,-1.37078057610826,1.28241398780865
4,611,6611,-1.8475596614989,1.24542630715071
4,612,6612,-1.69028882348278,1.22852120180576
4,613,6613,-1.50863612514557,1.41086608929115
4,614,6614,-2.47523616376986,1.7443195079935
4,615,6615,-1.28668322648025,1.53014306991202
4,616,6616,-0.59210464315159,1.76985654233272
4,617,6617,-0.415908003264913,1.59763219664733
4,618,6618,-1.16774406642073,1.46395450589561
4,619,6619,-1.725955554566,1.50139801323303
4,620,6620,-1.12545233653178,2.0960994144284
4,621,6621,-1.56853643103164,1.9501331140916
4,622,6622,-1.18531023297109,1.97111005781367
4,623,6623,-1.17767439771134,1.86428200996988
4,624,6624,-1.83529905964868,1.84827789990334
4,625,6625,-1.77156606058849,1.35016093989347
4,626,6626,-1.90040646461115,1.72726626733652
4,627,6627,-1.08349912171526,1.96231203616031
4,628,6628,-1.58064733133631,2.43042600217991
4,629,6629,-1.92961039811256,1.02796791297034
4,630,6630,-1.83473921767939,2.01209873037646
4,631,6631,-1.79692720390792,3.00128459379042
4,632,6632,-2.06818402413654,3.73518022945278
4,633,6633,-0.91838523178995,1.60184704817908
4,634,6634,-1.05693265976954,1.9328214381296
4,635,6635,-0.795435591054355,2.02929161504335
4,636,6636,-1.10018632877251,1.94524555735372
4,637,6637,-1.10173735122245,1.64809942189883
4,638,6638,-0.882335497693882,0.835165218683838
4,639,6639,-1.68273273116279,1.20555968952255
4,640,6640,-0.920831688848911,0.82993677538309
4,641,6641,-1.601090055851,1.61822703402888
4,642,6642,-1.21640330521326,1.36980654648763
4,643,6643,-1.34688450522159,1.43898881640949
4,644,6644,-1.65411908414896,1.87081388577416
4,645,6645,-1.27717684947466,1.30242201836647
4,646,6646,-1.53797211877536,1.82971175512187
4,647,6647,-1.16337284550655,1.17086748693248
4,648,6648,-1.2036285575626,1.30005828451024
4,649,6649,-3.15935229735344,1.85021890362147
4,650,6650,-1.64660532777197,1.39198627635745
4,651,6651,-1.48100260078012,1.75138715304688
4,652,6652,-1.60524614947498,1.51769700930489
4,653,6653,-0.775931417954975,1.51260249887303
4,654,6654,-1.50247146663349,1.30488987876193
4,655,6655,-0.990170389443525,1.22874216038649
4,656,6656,-0.959962419533532,1.45198686259532
4,657,6657,-1.56596964913288,1.3609186566193
4,658,6658,-2.1665946538316,1.70468355212463
4,659,6659,-1.81964326902369,1.13553206696781
4,660,6660,-2.29446419004595,2.45121487641646
4,661,6661,-2.1271939843292,1.3333273206078
4,662,6662,-2.64523397432153,2.08636740959135
4,663,6663,-1.38375184769913,1.26686884368294
4,664,6664,-1.95866173177513,1.2874674473623
4,665,6665,-1.92900183318255,1.32206701370929
4,666,6666,-1.5380183167021,1.30815073607709
4,667,6667,-1.54751323988094,1.26476615420919
4,668,6668,-1.1183192347288,1.41898117305201
4,669,6669,-0.997906949521141,1.34817303275847
4,670,6670,-1.02425485988172,1.0655875209031
4,671,6671,-0.949636632145251,0.692980524729507
4,672,6672,-1.96628991490263,1.4801352930754
4,673,6673,-0.623222158858693,0.948087624976413
4,674,6674,-0.710049635079772,0.944485049921329
4,675,6675,-0.71997102695384,0.521579390945715
4,676,6676,-1.5918743292727,1.46094800616797
4,677,6677,-1.7827740916205,1.17227260225368
4,678,6678,-1.55349392832883,1.54185069507253
4,679,6679,-1.3751844137323,1.4850990334691
4,680,6680,-1.65381454485413,2.02440428351129
4,681,6681,-0.898779444573143,0.533589414878234
4,682,6682,-1.78440314097709,1.07008396146084
4,683,6683,-1.50528365765943,1.77575969553597
4,684,6684,-1.53004256859861,2.36987623458872
4,685,6685,-1.56975779234943,2.61446400009358
4,686,6686,-1.15203663398377,3.24130464274661
4,687,6687,-1.31723815030954,2.54330625803818
4,688,6688,0.279187212392396,2.99502373278651
4,689,6689,0.534200517333473,3.03042026150747
4,690,6690,-0.0146826956346396,3.27855427082431
4,691,6691,-0.106196039783832,2.67695229209785
4,692,6692,0.212882451073278,2.89639965444694
4,693,6693,-0.375560587861773,2.35702103616023
4,694,6694,-1.03301493183685,1.75593703591763
4,695,6695,-1.38650013004448,1.94184103031797
4,696,6696,-1.10370653635347,1.60650804804464
4,697,6697,-1.039105663153,1.78948065209284
4,698,6698,-1.26051707258579,1.08440891486064
4,699,6699,-1.63151604127411,1.27228946689779
4,700,6700,-1.73592812672032,1.9699710156983
4,701,6701,-1.78888317966567,2.20374311239667
4,702,6702,-1.22062175063877,3.0060878405889
4,703,6703,-1.60888399112727,2.01461156723117
4,704,6704,-1.5489694493902,1.79678843408725
4,705,6705,-1.64711643066104,1.98542538337114
4,706,6706,-1.68191141259894,1.78943855733966
4,707,6707,-1.59742488111344,1.49657159550978
4,708,6708,-1.45110534452805,1.47073445520859
4,709,6709,-0.409880503922758,1.02318499981399
4,710,6710,-1.37539499161232,0.883035583900287
4,711,6711,-1.23960990999452,0.743089827320705
4,712,6712,-1.46872569758239,1.32831992086725
4,713,6713,-2.40237511419431,1.62182613651723
4,714,6714,-1.58089050405194,1.54230686966613
4,715,6715,-1.72078760690265,1.37187088665505
4,716,6716,-1.12847309558224,2.26231108071427
4,717,6717,-1.50718196167326,2.3019509730153
4,718,6718,-1.33697343950219,1.20900361830715
4,719,6719,-1.1030174164512,1.40030629965657
4,720,6720,-1.17506515688398,1.56998841767296
4,721,6721,-1.33806280205365,1.74597052407053
4,722,6722,-1.17728559610401,1.49186067477623
4,723,6723,-1.46930055513406,1.72567369468993
4,724,6724,-1.51754515081711,1.6545080797692
4,725,6725,-1.20912215666765,1.70558938131631
4,726,6726,-1.52649506016645,2.06692780100222
4,727,6727,-1.37476110596257,1.92482447247406
4,728,6728,-1.99974850981894,1.88802858677903
4,729,6729,-1.22971511850845,1.48551984765547
4,730,6730,-1.31954282958446,1.58019543116754
4,731,6731,-1.28277327892253,0.81317842884076
4,732,6732,-1.17934853497585,0.763130819070434
4,733,6733,-1.13336830472491,1.4284222151321
4,734,6734,-0.861619574954498,1.22718017173522
4,735,6735,-1.03905349478165,1.81621057038951
4,736,6736,-0.748279870846979,2.03158103788765
4,737,6737,-0.537455540195757,2.6996913055265
4,738,6738,-0.23364256405744,3.21870770775974
4,739,6739,-0.459372486438821,2.18971717886935
4,740,6740,-0.783220236761863,2.21096065391858
4,741,6741,-1.55274722910288,1.77991725778944
4,742,6742,-1.15834889277903,0.832253308682843
4,743,6743,-2.12941824810123,1.69333490654848
4,744,6744,-1.8994337372305,1.75154074025847
4,745,6745,-1.06541470289296,1.68987925831233
4,746,6746,-1.59495985167449,1.4910957355867
4,747,6747,-1.59529715924138,1.07919338013556
4,748,6748,-1.94941562364955,1.35552475150781
4,749,6749,-1.2448060136508,1.16617918049541
4,750,6750,-1.07921673298135,1.35869703807799
4,751,6751,-0.689423299545334,1.41160730308405
4,752,6752,-0.925826666764321,1.5438761955542
4,753,6753,-0.905958435944891,1.81554328033553
4,754,6754,-1.64380330243085,2.00820827299735
4,755,6755,-1.75798226353162,1.62206796927352
4,756,6756,-1.65235556687807,0.897633923206277
4,757,6757,-1.84534928861138,1.02960777532635
4,758,6758,-2.05990364144584,1.03172207237378
4,759,6759,-1.15075057534184,1.29932604111112
4,760,6760,-1.04695255774209,1.19184019701047
4,761,6761,-1.15975697988506,1.70644088523419
4,762,6762,-1.13027296650456,1.75945896803124
4,763,6763,-0.835802292053653,1.51385547076143
4,764,6764,0.222646823806251,2.11153410452348
4,765,6765,-0.025352048349937,2.0591359027732
4,766,6766,-1.52836408231244,1.37618668519322
4,767,6767,-2.22676385791563,1.91881102286858
4,768,6768,-1.57944989629192,1.37088821898154
4,769,6769,-1.60301242166675,2.24922054991063
4,770,6770,-1.20262866938193,1.03185695975329
4,771,6771,-1.05180679649836,1.21855395725237
4,772,6772,-1.53620560785974,0.880829899403424
4,773,6773,-0.865973911738913,1.14896421556692
4,774,6774,-0.746702320168456,1.09251023077979
4,775,6775,-2.52747777632817,2.36853600639059
4,776,6776,-1.466614468058,1.61545311963704
4,777,6777,-1.84433743021008,1.58632296534729
4,778,6778,-0.353798247002135,2.56437962571445
4,779,6779,-0.158955804293684,2.03353918526881
4,780,6780,-0.786197143300126,1.75543000636292
4,781,6781,-0.675313166886579,1.66163252752035
4,782,6782,-1.19666243385135,1.92483910178835
4,783,6783,-1.53903444103788,1.07713938469338
4,784,6784,-1.83447817811437,2.72695083380023
4,785,6785,-1.79004956176789,2.78083880396732
4,786,6786,-1.17999036162231,1.54697635086491
4,787,6787,-1.33342211099932,1.43798536311689
4,788,6788,-0.634085657003345,2.1821473250784
4,789,6789,-0.399218845416157,2.80292532445153
4,790,6790,-0.756240403092857,1.72156496777333
4,791,6791,-1.23173540990054,1.6455729210545
4,792,6792,-0.716903147568555,1.49755168213989
4,793,6793,-1.6010548844849,0.975804788002685
4,794,6794,-1.44660969775786,1.16125201509781
4,795,6795,-1.52919091026477,1.20844935296275
4,796,6796,-1.15905834469861,0.8815708539868
4,797,6797,-1.55629033423163,1.13590360267339
4,798,6798,-1.12582737526912,1.72191069871796
4,799,6799,-1.16400607356341,1.28741980242151
4,800,6800,-0.687866273352892,1.69326852400753
4,801,6801,-1.01870789098829,2.68603747788629
4,802,6802,-0.853043062331198,1.95184367737284
4,803,6803,-0.771675083808337,2.26295297155609
4,804,6804,-0.870487962532751,2.69334443596703
4,805,6805,-0.839781764246437,2.11483034408392
4,806,6806,-0.448082253370619,2.15413632975309
4,807,6807,-1.93250656484127,1.042203738599
4,808,6808,-2.30200726520551,1.19604094875911
4,809,6809,-2.31141151095571,1.29295980926878
4,810,6810,-2.09399909857273,1.61846670426901
4,811,6811,-0.968851448042088,1.07887225957909
4,812,6812,-1.61537307226624,1.49250858615326
4,813,6813,-0.814602088501221,0.910800471783446
4,814,6814,-1.26096692122015,0.954168062336357
4,815,6815,-1.20807361789917,0.879625128393607
4,816,6816,-1.30880035485848,1.01989649661916
4,817,6817,-1.31490604529933,0.939567843118782
4,818,6818,-1.32703023592996,0.924297898475421
4,819,6819,-1.12845112373787,1.84087391643558
4,820,6820,-1.44116997347092,2.58037993679164
4,821,6821,-0.984773882820629,1.28759743502584
4,822,6822,-0.675155866758509,1.60595927701255
4,823,6823,-0.744959800139181,1.13860298879526
4,824,6824,-1.37018529400264,1.20240017693482
4,825,6825,-1.34042791724173,1.14061539605233
4,826,6826,-0.121932019363417,1.78076329312987
4,827,6827,-0.11465549571769,1.89133843780781
4,828,6828,-0.0158337422289034,1.74359536390305
4,829,6829,-1.68971589399419,1.6573197184971
4,830,6830,-1.08784973649032,1.22479920062649
4,831,6831,-1.69098059520997,1.89877092982461
4,832,6832,-2.31153689148597,1.00464133276252
4,833,6833,-2.28068391956355,0.996261203922032
4,834,6834,-0.309469357866606,1.4341529384327
4,835,6835,-0.572146402414425,1.41256473277764
4,836,6836,-0.559156511546124,1.13276979377942
4,837,6837,-1.42012797432963,1.2179482173841
4,838,6838,-0.710256603548423,0.857361500653258
4,839,6839,-0.80194636326381,0.935360818758051
4,840,6840,-1.17489845340128,1.17015335005031
4,841,6841,-1.24580796718802,0.633885916305486
4,842,6842,-0.779727319847733,1.3028537561161
4,843,6843,-0.612555089517403,1.45344115927049
4,844,6844,-1.61814958148977,1.61787069530848
4,845,6845,-1.54205601670778,1.57950224127193
4,846,6846,-0.990063631876314,2.50997172813202
4,847,6847,-1.28166317756547,1.64235418466651
4,848,6848,-1.99795309556003,2.18216305059686
4,849,6849,-1.89767790933335,1.84808437657311
4,850,6850,-1.4806268576832,1.35265317470201
4,851,6851,-1.47890335960513,1.33526362513212
4,852,6852,-1.53284345631772,1.83511919480906
4,853,6853,-1.32122203180084,2.12279448838263
4,854,6854,-1.97749295935235,2.80632555938167
4,855,6855,-2.04728470844808,2.04744692554801
4,856,6856,-0.397043416925706,2.9388585770938
4,857,6857,-0.450432557039686,3.51227478834649
4,858,6858,-0.420494096533733,2.60567586996032
4,859,6859,-0.21336963472685,2.39158801756006
4,860,6860,-0.223980868852411,2.66057571697785
4,861,6861,-0.0555591625506825,2.15917924527043
4,862,6862,-0.868874022968488,1.39137698593677
4,863,6863,-2.08830936546259,3.89481397358511
4,864,6864,-1.67680342691419,3.32356211713127
4,865,6865,-0.966050989608592,2.41815705039716
4,866,6866,-1.18493920801621,1.83279052619507
4,867,6867,-1.82708350961446,2.21627234390352
4,868,6868,-1.58493590506639,1.73244989188457
4,869,6869,-2.12635044662444,1.80295791788006
4,870,6870,-1.94018735216316,1.27924463775246
4,871,6871,-1.57140476247854,1.8501047888455
4,872,6872,-1.56513973707065,0.831876291426846
4,873,6873,-1.13217525097383,1.2289470759068
4,874,6874,-1.15947346326136,0.822191851540235
4,875,6875,-1.2896206704941,1.00221805194169
4,876,6876,-1.74449012347551,1.48382099630151
4,877,6877,-2.13603665573906,1.22691766580317
4,878,6878,-1.02148234283132,1.26025388739407
4,879,6879,-0.785466083239998,1.42739409332524
4,880,6880,-1.10255500418357,1.32000259105643
4,881,6881,-0.726163835950317,1.02443707715667
4,882,6882,-0.939534572159788,1.68978453649128
4,883,6883,-1.5386847242969,1.79385877054269
4,884,6884,-0.847623846660213,1.65455822506364
4,885,6885,-0.861795714280514,1.79000912199198
4,886,6886,-1.70833098259433,1.79699444565968
4,887,6887,-1.23124070526109,0.854772688961622
4,888,6888,-1.46069290996464,0.9154134037422
4,889,6889,-1.84316150102344,1.31195434429047
4,890,6890,-1.04447917954681,1.30948104627861
4,891,6891,-1.70501420615801,1.41044084875482
4,892,6892,-2.05604156073507,1.45974518023716
4,893,6893,-2.01782199198152,1.31163699122088
4,894,6894,-1.38857721938064,1.3819134450774
4,895,6895,-1.55641532332926,0.903090127744579
4,896,6896,-1.44830485364726,0.863399439883021
4,897,6897,-1.91688499237157,1.46132807255456
4,898,6898,-0.345814020793397,0.757911776232258
4,899,6899,-0.786747097958019,1.63388489467298
4,900,6900,-1.79890438882526,2.9384872801159
4,901,6901,-1.64979938675197,1.12224966470305
4,902,6902,-1.77462842045619,1.07321114810439
4,903,6903,-0.424871206131984,1.85740125120304
4,904,6904,-0.732709270812052,2.1543808699824
4,905,6905,-2.00967309167254,1.59880654305286
4,906,6906,-2.60038179244164,2.740191295314
4,907,6907,-2.78565278569218,3.01426551653351
4,908,6908,-0.420639061524883,1.34070855365693
4,909,6909,-0.776239992973473,3.22173549883531
4,910,6910,-0.828534133612079,5.10803358539633
4,911,6911,-0.803566834222549,3.94211816709286
4,912,6912,-0.797235179013495,4.17355455446759
4,913,6913,-0.676398269860322,2.57410360152188
4,914,6914,-0.987502975240572,2.84712649603817
4,915,6915,-0.791716614223424,2.5061351964645
4,916,6916,-0.863136741512417,2.62374819869837
4,917,6917,-0.693750272641895,2.06762226285875
4,918,6918,-0.287515164926677,3.0669623773525
4,919,6919,-1.62321449022434,2.68906036561312
4,920,6920,-1.27596058717715,2.51582700185679
4,921,6921,-0.766388842394742,2.00784418175391
4,922,6922,-1.41244235399689,0.870806744730333
4,923,6923,-1.36771452900271,1.4131931402459
4,924,6924,-1.5134524032697,1.29007408131803
4,925,6925,-0.730684560077931,1.2662786729931
4,926,6926,-1.16786356964982,1.28095866453408
4,927,6927,-1.0061138462763,0.969924524943696
4,928,6928,-1.34829551531337,1.43476139667517
4,929,6929,-0.992671861943893,1.66133959109598
4,930,6930,-1.04275687487513,1.88768526057984
4,931,6931,-0.709942290324444,1.67313420163144
4,932,6932,-0.989696450596648,1.36867817269312
4,933,6933,-0.985784766812499,1.58837713869407
4,934,6934,-0.680041894661265,1.3162117579315
4,935,6935,-2.07012553826022,1.3137716967236
4,936,6936,-1.9595205069558,1.43522612260718
4,937,6937,-0.432629694226324,1.3499735456915
4,938,6938,-0.577959766919199,1.62390469860202
4,939,6939,-0.7494427487342,1.94362598219654
4,940,6940,-1.37754760138666,1.77448153254812
4,941,6941,-1.69372775887139,1.83641859002482
4,942,6942,-0.668050082774664,0.785727869827172
4,943,6943,-1.44609270074196,1.2495060940159
4,944,6944,-0.548822962177241,1.04566775636489
4,945,6945,-0.896698783846627,1.93806476089791
4,946,6946,-0.153543061339718,1.83341698096724
4,947,6947,-1.45552691346037,1.30378427409705
4,948,6948,-1.55322850844701,1.2466361050795
4,949,6949,-1.35773343853382,1.56354736969466
4,950,6950,-0.756172903553429,1.4706645810789
4,951,6951,-0.529650255374225,1.25434362185214
4,952,6952,-2.1947449674281,1.26140120643698
4,953,6953,-1.56493940839848,1.46126467016503
4,954,6954,-1.47926137344707,1.59162500689786
4,955,6955,-1.29479269338407,1.18177544182394
4,956,6956,-0.64119586653423,1.06011225539714
4,957,6957,-0.713372514178192,1.01463665091854
4,958,6958,-0.980250908336762,1.20546160595014
4,959,6959,-0.324553956761493,0.959232060096996
4,960,6960,-0.953472254104828,1.76216171188811
4,961,6961,-0.583966325480854,2.3235586816865
4,962,6962,-1.43987657774094,1.62503395197379
4,963,6963,-1.86837053586773,2.38851955585371
4,964,6964,-1.71825143405034,1.45522707003398
4,965,6965,-2.05992246616201,1.80126639645075
4,966,6966,-0.832073433083502,1.83878007234094
4,967,6967,-0.858283137865114,1.8408777139003
4,968,6968,-0.725418371002192,3.39068920632922
4,969,6969,-0.436237702270488,1.74893001223795
4,970,6970,-1.2607424391949,3.40144372795286
4,971,6971,-1.30978286220557,1.99639171517891
4,972,6972,-0.432300603909991,0.968714914485287
4,973,6973,-0.361732494879799,0.907779359706391
4,974,6974,-1.7524307194747,0.935826442818847
4,975,6975,-2.37366318493361,1.00667359492904
4,976,6976,-1.21850959734882,0.728267147711388
4,977,6977,-1.35102249129258,1.44855202432532
4,978,6978,-0.68492207603355,0.994524178448847
4,979,6979,-0.919183686835539,1.32050858798953
4,980,6980,-2.01380468518817,1.44271382720059
4,981,6981,-1.37739589146705,1.26800770467928
4,982,6982,-0.945386252633966,1.04804977306294
4,983,6983,-1.23988638155612,1.78408279729248
4,984,6984,-0.989238955569984,2.03248613817252
4,985,6985,-0.66870569500569,2.06498879558701
4,986,6986,-0.816162481823063,1.83952928487575
4,987,6987,-0.582236113091625,2.56720910436694
4,988,6988,-1.67294382600775,1.95731208184136
4,989,6989,-1.83094489377965,2.15629618934467
4,990,6990,-1.55189134902864,2.12706224861268
4,991,6991,-1.39772054151646,2.08200324989525
4,992,6992,-0.941690434197191,1.87620393421229
4,993,6993,-0.879123483024547,1.78630770899308
4,994,6994,-0.812967672645723,2.32333022052133
4,995,6995,-0.507630371385425,1.9668283849619
4,996,6996,-0.736676097077469,2.00426633529566
4,997,6997,-1.02330383852564,2.28193021628183
4,998,6998,-0.965372036376183,2.99185571761518
4,999,6999,-1.03025629462754,2.55781732338989
4,1000,7000,-1.75551332568485,1.14532976620405
4,1001,7001,-0.782152918961987,1.30487398493179
4,1002,7002,-1.28801951190727,1.20380835751267
4,1003,7003,-2.12850374956171,1.22645230081095
4,1004,7004,-1.06401672962235,1.92271929522144
4,1005,7005,-0.67731922269359,1.64812946903237
4,1006,7006,-0.235984801645638,0.85032052143633
4,1007,7007,-1.11855340845314,2.13090552752228
4,1008,7008,-0.467851579147032,1.26479265676501
4,1009,7009,-0.345737049386235,1.95230237642707
4,1010,7010,-2.23342210383394,1.26823988077036
4,1011,7011,-1.48975717215098,1.26212524856148
4,1012,7012,-1.48457481168341,1.22980604354313
4,1013,7013,-0.960901432779623,0.929693328222342
4,1014,7014,-0.773555467514082,0.689575311582186
4,1015,7015,-0.94233301843215,0.689281404254944
4,1016,7016,-2.42455351522359,1.81790002098323
4,1017,7017,-2.15974703481596,1.78618756576512
4,1018,7018,-2.28951515369121,1.53504582561138
4,1019,7019,-2.11890609751377,1.6593347414319
4,1020,7020,-1.44828573875972,1.20049514314152
4,1021,7021,-0.205707713463815,1.18644650237122
4,1022,7022,-1.11739328579424,0.73585957792407
4,1023,7023,-1.52942332678815,0.842147243464825
4,1024,7024,-0.267447305425817,1.44054020488822
4,1025,7025,-1.26826283090352,0.690880905580931
4,1026,7026,-1.67894530130909,1.43546059056718
4,1027,7027,-1.63602345280998,1.46868445993898
4,1028,7028,-1.90998966052812,1.506462900274
4,1029,7029,-1.14968874469091,0.83766107585136
4,1030,7030,-1.37610258959175,1.0946565516845
4,1031,7031,-1.01274852332282,0.873915595286191
4,1032,7032,-1.5323651036821,0.993894912814526
4,1033,7033,-2.57110646759153,1.44370159943876
4,1034,7034,-2.44793966808196,1.32915225702501
4,1035,7035,-1.63744232040636,1.13484441001998
4,1036,7036,-1.19833234480919,1.73573558476361
4,1037,7037,-1.27860456959622,1.37204620631348
4,1038,7038,-1.54246300195978,1.36287456818659
4,1039,7039,-1.19370244999286,1.58624077751755
4,1040,7040,-2.07564963402165,0.974591079571508
4,1041,7041,-2.08168784271351,1.0091500702602
4,1042,7042,-1.19108052415588,2.08878930524968
4,1043,7043,-1.10953137246928,2.03000539880287
4,1044,7044,-1.35691275247186,1.17621190509358
4,1045,7045,-1.59830700726288,1.03895566273589
4,1046,7046,-1.28176071405175,1.00892449456255
4,1047,7047,-0.900102126930826,0.667418101962295
4,1048,7048,-0.910224272477459,1.1359339795873
4,1049,7049,-0.240905179288889,1.81007577074077
4,1050,7050,-0.632355925557714,0.708716628959182
4,1051,7051,-1.04937453871552,0.933731921366295
4,1052,7052,-1.14373898131932,1.26028670369024
4,1053,7053,-1.35626014120302,1.2362456202949
4,1054,7054,-1.30484188830009,1.35893930925388
4,1055,7055,-0.982712879930104,0.681747968798853
4,1056,7056,-1.65242625468417,1.59576197160707
4,1057,7057,-1.97363172592512,1.53914357070298
4,1058,7058,-1.52355493732456,1.27194373771561
4,1059,7059,-1.17098230592336,1.08712702626617
4,1060,7060,-1.29089307559331,1.65953644192226
4,1061,7061,-0.889662056731931,1.2215215365783
4,1062,7062,-0.802425404005849,0.858947607767136
4,1063,7063,-0.785315263139904,0.594535718404867
4,1064,7064,-1.49843409676219,1.44134570480294
4,1065,7065,-1.10960264481297,0.975164106003745
4,1066,7066,-1.16786229862123,0.899513174760317
4,1067,7067,-1.7929451261684,1.32529796444948
4,1068,7068,-1.03446518414328,0.980553767678775
4,1069,7069,-1.62012259522863,1.40150251918246
4,1070,7070,-1.41484399786426,1.3171783447438
4,1071,7071,-0.832368708623453,0.9770513124878
4,1072,7072,-1.68996833747361,1.46969533114783
4,1073,7073,-1.38656394633059,1.4043915948926
4,1074,7074,-2.04947860877993,2.04449509022953
4,1075,7075,-1.73801720630005,2.92948006611568
4,1076,7076,-1.13225297648281,1.50003040785062
4,1077,7077,-0.939715291037429,1.86359438529539
4,1078,7078,-0.741070799371682,2.37819613586735
4,1079,7079,-0.515430501171154,1.64244839621434
4,1080,7080,-1.20482340779209,1.6021444864602
4,1081,7081,-1.85129906276258,1.04786583670644
4,1082,7082,-1.42193038444557,0.976508739297589
4,1083,7083,-1.18650613400492,0.833938861708655
4,1084,7084,-2.32620927812696,2.06739436707908
4,1085,7085,-1.29889852173531,1.83450291889073
4,1086,7086,-1.78642695668571,0.917537482130183
4,1087,7087,-0.512490712350045,1.0168240588725
4,1088,7088,-1.51037709847066,1.26645259923699
4,1089,7089,-0.867868600369777,1.61867305590581
4,1090,7090,-0.897504079036209,1.48513970292437
4,1091,7091,-0.710163010031448,1.67876749543132
4,1092,7092,-1.26601073724439,1.57160335812893
4,1093,7093,-0.442591502711088,3.39479673542872
4,1094,7094,-0.37712156870101,3.72821327814159
4,1095,7095,-0.739902415655516,3.66267780010608
4,1096,7096,-1.34457753994865,2.239380814651
4,1097,7097,-0.851992083905517,1.1713711268566
4,1098,7098,-1.40622704526088,1.43809942591634
4,1099,7099,-0.86873617661126,1.04829324862918
4,1100,7100,-1.11710701409494,1.18605277586294
4,1101,7101,-0.948055231090867,1.1566777912331
4,1102,7102,-1.13709504271472,1.18722559389744
4,1103,7103,-0.82683064460111,2.06688606883103
4,1104,7104,-1.18659281026408,2.46128085405639
4,1105,7105,-0.569284764401448,1.37812377232942
4,1106,7106,-0.0832493077249252,1.11454246420899
4,1107,7107,-0.101213577268713,1.06159169427535
4,1108,7108,-0.411598445107268,1.06379876507619
4,1109,7109,-1.81627964120268,2.83264198570411
4,1110,7110,-1.50976147699234,2.6617856232482
4,1111,7111,-1.24248880555713,1.81003232618691
4,1112,7112,-1.1663331224345,1.49061691315029
4,1113,7113,-1.61988796526519,2.3933354466061
4,1114,7114,-0.919826385025129,2.5613292574731
4,1115,7115,-0.906332483758311,1.93684575726004
4,1116,7116,-0.121849499189592,2.04046301893449
4,1117,7117,-1.03652167743467,2.24278218428253
4,1118,7118,-0.731971246098883,1.55545245530857
4,1119,7119,-0.652942918097243,1.48399026408856
4,1120,7120,-0.76225310950503,1.40082324239894
4,1121,7121,-1.79876782665872,3.13859793458186
4,1122,7122,-2.05185741195569,2.70686117525981
4,1123,7123,-1.65317343584657,1.69135225817635
4,1124,7124,-1.55373631261571,2.66584380663125
4,1125,7125,-1.05197859386016,1.19087136432897
4,1126,7126,-2.07927125444883,1.17551710105871
4,1127,7127,-1.94319044133962,1.141076567159
4,1128,7128,-1.43520906175469,0.753415696189066
4,1129,7129,-1.85121426915161,1.06377002627565
4,1130,7130,-1.73258881836357,1.07242783221477
4,1131,7131,-0.933081482957937,0.877656516594343
4,1132,7132,-1.30519778731619,1.09454329266655
4,1133,7133,-0.766577952456852,1.69760965674705
4,1134,7134,-1.6609093744815,1.11176676129558
4,1135,7135,-1.76487413987739,0.935223497005504
4,1136,7136,-1.47610680162595,1.28373163674117
4,1137,7137,-1.80400880176672,1.23325899127693
4,1138,7138,-2.31796853833601,2.14872152912044
4,1139,7139,-1.5045525154636,3.27402185810264
4,1140,7140,-0.697461734531093,2.44204809202533
4,1141,7141,-1.21996950713217,1.83577354942039
4,1142,7142,-1.03058378897447,1.69563514019933
4,1143,7143,-1.50712014167026,1.31311532165736
4,1144,7144,-1.63390076896929,1.29649068910267
4,1145,7145,-1.18984019740734,1.26757291553748
4,1146,7146,-1.72249241833848,1.34167809032403
4,1147,7147,-2.0038737429034,0.947131385864079
4,1148,7148,-1.99687161245342,0.946451483971137
4,1149,7149,-1.52489899784783,0.918659534918583
4,1150,7150,-1.75912418551256,1.20663703580003
4,1151,7151,-1.43515475667086,1.5876078405104
4,1152,7152,-1.19981097140511,2.62538413555935
4,1153,7153,-1.43350771903282,2.98378177952392
4,1154,7154,-1.18260453561005,1.70718130091446
4,1155,7155,-1.22489508504834,2.62952409880995
4,1156,7156,-0.722536688918156,2.926172683638
4,1157,7157,-0.327858671169923,3.81905922635062
4,1158,7158,-0.181324503308408,3.16714926937126
4,1159,7159,-1.06138649517954,2.13336570553054
4,1160,7160,-1.02116183310995,2.12425062560907
4,1161,7161,-0.909766205655569,1.48921370121708
4,1162,7162,-1.11919358034226,1.87202418363069
4,1163,7163,-0.847035341815005,1.49792361646755
4,1164,7164,-1.2959821705491,1.67776011149613
4,1165,7165,-1.22778725149025,1.61047891517773
4,1166,7166,-1.21297650171159,1.47940036077483
4,1167,7167,-2.01911513167479,1.9315818721295
4,1168,7168,-1.86396698761127,2.32083345929505
4,1169,7169,-0.194338336367314,1.70529455027252
4,1170,7170,0.00644614654020511,1.29157279906388
4,1171,7171,0.166239698312048,1.74353247497914
4,1172,7172,0.0828366733339405,2.29130558625526
4,1173,7173,-0.541822113970173,1.21185471897684
4,1174,7174,-0.705142068482939,0.938072877435069
4,1175,7175,-1.09863744576549,1.29750567114734
4,1176,7176,-0.386165585040894,1.4866384438205
4,1177,7177,-0.996113817634366,1.58611802608261
4,1178,7178,-1.42220502660537,1.54502553596061
4,1179,7179,-1.57700457838506,1.95849722844337
4,1180,7180,-1.62871026157758,1.99760769587246
4,1181,7181,-1.91177044668074,1.96821419063569
4,1182,7182,-1.88343931980867,1.13815324627225
4,1183,7183,-1.15827669869479,2.66218161837998
4,1184,7184,-1.34735567014697,2.38919549259313
4,1185,7185,-0.589284772399696,4.52769015601009
4,1186,7186,-0.606329733247248,3.87766031581435
4,1187,7187,-0.0756149812482108,2.90548959352782
4,1188,7188,-0.556972943417526,2.83458686155586
4,1189,7189,-0.497207468383668,2.13954083338153
4,1190,7190,-0.846387055158561,2.20050244794386
4,1191,7191,-0.76521912833084,2.11497252163822
4,1192,7192,-0.792095940487448,2.84036781891379
4,1193,7193,-1.9079946381993,1.77390118054018
4,1194,7194,-1.94666399163924,1.35304162592976
4,1195,7195,-1.6543401803437,1.3044504132414
4,1196,7196,-1.74759660481194,2.06000046907461
4,1197,7197,-1.46461721354539,2.09342568940722
4,1198,7198,-1.37058717490652,3.13689888394917
4,1199,7199,-1.18225113430921,2.13610692296561
4,1200,7200,-0.727290823640442,1.74471720983732
4,1201,7201,-1.17033561390891,1.31495824595171
4,1202,7202,-0.894151409453521,1.06173277456778
4,1203,7203,-1.30124415621793,2.28996113924381
4,1204,7204,-1.13001029143097,1.93089257435789
4,1205,7205,-0.270985044475086,2.86808737712743
4,1206,7206,-2.09296285685682,2.46878503586104
4,1207,7207,-1.6706626830571,1.82901844149887
4,1208,7208,-1.25630885418035,1.95808157682973
4,1209,7209,-1.7737669465465,2.14911443376206
4,1210,7210,-1.60292811743278,2.08236790494298
4,1211,7211,-1.66910490238241,1.68159613318371
4,1212,7212,-0.951179214051852,1.94382797767573
4,1213,7213,-1.3508778228113,1.1183664300818
4,1214,7214,-1.35524135396722,0.982099445396189
4,1215,7215,-1.86768583890027,1.77992872220599
4,1216,7216,-0.87701301845353,1.14214283189418
4,1217,7217,-1.2183574441929,1.74590577803814
4,1218,7218,-1.43983649024287,2.65037312401762
4,1219,7219,-1.29226520987036,1.69059764569439
4,1220,7220,-1.24738588748462,1.28889666048109
4,1221,7221,-1.25177326642926,1.47747791950712
4,1222,7222,-1.38393958012496,1.42623758849046
4,1223,7223,-1.29750042226921,1.52139332118434
4,1224,7224,-1.04041238561796,1.56763946849663
4,1225,7225,-2.37536426811372,2.4730821491983
4,1226,7226,-2.72953619906536,2.76058872039833
4,1227,7227,-2.54935661270505,3.42759819835428
4,1228,7228,-2.56982308874558,3.23276672613306
4,1229,7229,-2.30495045630512,2.80983498037098
4,1230,7230,-2.10256001948575,2.38519873424834
4,1231,7231,-1.86697197337062,2.02387261035073
4,1232,7232,-1.79523663755216,1.32493365562397
4,1233,7233,-2.29888167713034,2.08461735418992
4,1234,7234,-0.311319421112923,2.4140346395727
4,1235,7235,-1.00773576990311,2.49898084122225
4,1236,7236,-0.875739229314778,1.6429050274849
4,1237,7237,-0.729475729851126,1.5392460121956
4,1238,7238,-0.649396050822245,2.01745128882008
4,1239,7239,-0.806059359981881,2.63074112458596
4,1240,7240,-0.996437652424952,1.11777537845565
4,1241,7241,-0.640418818015304,1.29317982931693
4,1242,7242,-0.709746122205849,1.07898372694088
4,1243,7243,-1.5219708421316,1.16500136748084
4,1244,7244,-1.17037596253027,1.20357480943672
4,1245,7245,-1.02758466290686,1.00341683055921
4,1246,7246,-1.08765386761767,0.899916553891445
4,1247,7247,-1.99851860442412,1.04108971081775
4,1248,7248,-0.734228801077357,0.865090440641732
4,1249,7249,-0.46212867939552,0.696177130217283
4,1250,7250,-1.0021426133712,1.55850258615547
4,1251,7251,-0.483495092398084,1.58381507308934
4,1252,7252,-1.00157975134667,0.685705272952775
4,1253,7253,-0.499446669166228,0.906988808012359
4,1254,7254,-0.747123707055546,1.01316833409995
4,1255,7255,-1.39791249312797,0.953459056747308
4,1256,7256,-1.60632471553394,1.10459007944325
4,1257,7257,-1.43762805932196,0.825723856503944
4,1258,7258,-1.36678595046598,0.806724775686948
4,1259,7259,-1.33232902608278,1.30701251689509
4,1260,7260,-1.49295953581445,1.22273050463098
4,1261,7261,-1.35843897881038,1.1972152124107
4,1262,7262,-0.736880565372083,1.9486491293567
4,1263,7263,-1.53369452521949,2.35513237893635
4,1264,7264,-1.4289935717434,2.77064861523669
4,1265,7265,-1.21869422181208,2.51235195746982
4,1266,7266,-1.03031174020743,1.97986643321757
4,1267,7267,-1.00382872053725,1.74917367123312
4,1268,7268,-1.49867156126421,2.14193368668525
4,1269,7269,-1.38778295712741,1.82233259192411
4,1270,7270,-1.31615311051964,1.63736920552684
4,1271,7271,-1.25852589208781,1.49586808298473
4,1272,7272,-0.944107413359166,1.91217105546265
4,1273,7273,-0.255590570669001,1.55174359428607
4,1274,7274,-0.188037006624008,1.2949972723041
4,1275,7275,-0.400006601760512,0.742833991791546
4,1276,7276,-0.494313373413084,1.10350193698549
4,1277,7277,-2.06619405371158,2.38726721534374
4,1278,7278,-2.11037020793843,2.55102330869125
4,1279,7279,-1.92745313577519,2.19807274224792
4,1280,7280,-0.815898045573799,1.62493872253924
4,1281,7281,-0.708802870176762,1.9895865988688
4,1282,7282,-1.53274992034601,1.50816209300928
4,1283,7283,-1.43983718295493,1.98145156688907
4,1284,7284,-0.542904957209185,1.33002795232904
4,1285,7285,-0.864480204844459,1.26224073548755
4,1286,7286,-1.01004444789206,0.980826793458268
4,1287,7287,-1.0294968492777,0.942843517827585
4,1288,7288,-1.44049219626237,1.34939756767414
4,1289,7289,-1.33911971697003,1.21341295007103
4,1290,7290,-1.12561850897878,0.836934923506494
4,1291,7291,-1.91858359289446,0.975724990037123
4,1292,7292,-1.25940236178104,1.74445762643125
4,1293,7293,-1.82650634034328,2.44566452711341
4,1294,7294,-1.2880710463468,1.46104307158229
4,1295,7295,-1.19812957228531,1.59641621170559
4,1296,7296,-0.821887370804303,2.1231186465358
4,1297,7297,-1.49644080713324,1.62891094399267
4,1298,7298,-1.20857093232651,2.44581531385238
4,1299,7299,-0.92992771351158,1.15493968988053
4,1300,7300,-0.923493004962583,1.21111206887113
4,1301,7301,-0.513331721178069,1.7015452838306
4,1302,7302,-2.14658895464014,1.42657032624475
4,1303,7303,-1.50149753353448,0.926200241981706
4,1304,7304,-1.5416487009679,1.10287628838409
4,1305,7305,-1.63797313462385,1.37311674166027
4,1306,7306,-1.10368866575473,1.59476537226538
4,1307,7307,-1.45277612187331,0.881642780556836
4,1308,7308,-2.02986058689199,1.09824876288504
4,1309,7309,-2.36920196357809,1.44110046339129
4,1310,7310,-1.98612628996331,1.33765427548966
4,1311,7311,-2.07638693492948,1.35053357781441
4,1312,7312,-2.53749612100911,1.1364538877538
4,1313,7313,-0.768803698018608,1.70614499095971
4,1314,7314,-0.706182105029015,1.48794259819972
4,1315,7315,-1.30137033725491,1.75099369288131
4,1316,7316,-1.07300432667956,1.02764716218872
4,1317,7317,-0.964562147369452,1.02774484985418
4,1318,7318,-1.86360194607053,2.28049670176013
4,1319,7319,-1.11175483722039,1.38278967146829
4,1320,7320,-0.784120908652317,1.94452834951013
4,1321,7321,-1.99589055464392,1.19702895537501
4,1322,7322,-2.41675715064397,1.20036909020101
4,1323,7323,-1.59653551442014,1.29016845593492
4,1324,7324,-1.73039096061388,1.40747194656957
4,1325,7325,-1.88596923248169,1.29420244067675
4,1326,7326,-2.392481864403,1.71642497760295
4,1327,7327,-2.9312277594048,2.24809242232665
4,1328,7328,-3.40382046255674,2.55863787086699
4,1329,7329,-3.10637291224346,2.62378792899369
4,1330,7330,-1.60736195990232,1.38187321375409
4,1331,7331,-1.69347406596989,0.884466700168536
4,1332,7332,-1.69357655782104,0.893836177497998
4,1333,7333,-1.98129453753695,1.44905988823697
4,1334,7334,-1.45105169633918,1.36928468477666
4,1335,7335,-1.0930691596312,1.54855922796011
4,1336,7336,-1.27844691416274,2.76010733393442
4,1337,7337,-1.31167743609531,2.71767334248591
4,1338,7338,-1.39697105300111,2.484399840434
4,1339,7339,-0.575177501658317,2.23717340180671
4,1340,7340,-0.696582767183813,2.66614127437131
4,1341,7341,-1.12737819899177,1.21525719951994
4,1342,7342,-1.05977684911808,1.45740751863418
4,1343,7343,-0.857608856246933,1.15643529080482
4,1344,7344,-0.709562278600025,1.26003869863941
4,1345,7345,-0.82529899732737,1.53142867261556
4,1346,7346,-0.999038275454943,0.685515955872571
4,1347,7347,-1.19244882612628,1.08004274153442
4,1348,7348,-1.70784471686114,1.40855194061292
4,1349,7349,-1.70702981739588,1.10388991630453
4,1350,7350,-1.61955056993141,1.84611625575484
4,1351,7351,-1.09789066974925,1.56842655888062
4,1352,7352,-0.346866290766788,1.04830851104605
4,1353,7353,-1.24630211364111,1.31057454097157
4,1354,7354,-1.5212835089203,1.69097963144182
4,1355,7355,-0.797421901234815,1.55995019633517
4,1356,7356,-0.990262854828397,1.69788423755268
4,1357,7357,-1.52358769376873,2.4518773709495
4,1358,7358,-1.08951181038897,2.53280959045303
4,1359,7359,-1.01502888097165,1.28799682413835
4,1360,7360,-0.989887054151838,1.08495092107536
4,1361,7361,-1.00437253543216,1.10651809871521
4,1362,7362,-1.32167206688919,1.70769634822388
4,1363,7363,-1.39697212691995,1.61000898482725
4,1364,7364,-2.3646560515483,1.28415110870344
4,1365,7365,-1.86163296799732,1.00700439361796
4,1366,7366,-2.07563281354873,1.11604756029667
4,1367,7367,-1.49879009078754,0.972679561638232
4,1368,7368,-1.49975247878932,0.978976201152074
4,1369,7369,-1.2074679466732,1.51748049389598
4,1370,7370,-1.58157008458968,1.68026544997455
4,1371,7371,-1.66675494073941,1.52061660830231
4,1372,7372,-1.23860633891042,1.35437995261066
4,1373,7373,-1.09218896667904,1.27045048158597
4,1374,7374,-1.73104617113392,2.02770868852775
4,1375,7375,-1.8858382711219,1.91962301580055
4,1376,7376,-1.52467699267709,1.45303699408837
4,1377,7377,-1.50276509128872,1.39210415597495
4,1378,7378,-1.08293701873559,1.36676216652909
4,1379,7379,-1.03361212283136,1.24802085806185
4,1380,7380,-1.24127013707685,1.41474149034216
4,1381,7381,-1.08796297379356,1.25682771500831
4,1382,7382,-0.863194167305628,1.93322423026457
4,1383,7383,-0.794543761333655,1.59599631944866
4,1384,7384,-0.690064633966642,1.17060377699557
4,1385,7385,-0.852280056204099,1.13949555313173
4,1386,7386,-0.749834382517087,1.41095161645657
4,1387,7387,-1.01537061420723,1.11436616348736
4,1388,7388,-1.02246808787693,1.23983543465108
4,1389,7389,-1.3527395492873,1.5010720102099
4,1390,7390,-1.37845050679115,1.71521140198556
4,1391,7391,-1.53679917220346,1.39011812245937
4,1392,7392,-1.58603638157621,1.45842524190554
4,1393,7393,-1.20394165691257,1.12181408589118
4,1394,7394,-1.46121061651066,1.07229003212926
4,1395,7395,-1.46411923261999,1.0073580200095
4,1396,7396,-1.07089178276173,1.10937736823677
4,1397,7397,-1.68064223369323,1.53509364457054
4,1398,7398,-0.409422495316705,1.92531848749201
4,1399,7399,-0.482039825824861,1.0935577150707
4,1400,7400,-1.93174823288038,1.47712601387956
4,1401,7401,-1.98904883669656,1.5503771022418
4,1402,7402,-1.65048337670233,1.38913854951343
4,1403,7403,-1.38941501236397,0.851130016715298
4,1404,7404,-2.07484224694392,0.88286456282054
4,1405,7405,-1.1576412627794,0.820045641454933
4,1406,7406,-1.93728379944956,1.451032269087
4,1407,7407,-1.92930146234719,1.45074394290373
4,1408,7408,-2.01867560562481,1.54685431825398
4,1409,7409,-1.50390683322791,1.12908257836025
4,1410,7410,-1.97150623225176,1.28941008987997
4,1411,7411,-1.51720748131931,1.54815661282583
4,1412,7412,-1.56649925661098,0.978410827206422
4,1413,7413,-1.46554653797059,0.91456174449541
4,1414,7414,-0.927540241650403,0.822348432688721
4,1415,7415,-2.34022624988534,1.68475969400105
4,1416,7416,-0.206741824924462,1.46139562346042
4,1417,7417,-0.271837658725639,3.00548470015482
4,1418,7418,-0.448991084787454,1.68886021731311
4,1419,7419,-1.33669340542282,1.32125419070158
4,1420,7420,-1.17657284613937,1.47198788000049
4,1421,7421,-1.72182820170987,1.77724262588373
4,1422,7422,-1.22591976393381,1.98918783811908
4,1423,7423,-1.16583484133322,1.88912197049457
4,1424,7424,-1.36436668366077,2.79846247474725
4,1425,7425,-0.508676524522957,1.30738480527383
4,1426,7426,-1.27065347304606,1.76848313491343
4,1427,7427,-1.04121186704003,1.38210042902914
4,1428,7428,-1.55053203009621,2.48779924837766
4,1429,7429,-2.06529495432356,2.03568250064145
4,1430,7430,-1.57807651680393,1.51061048202182
4,1431,7431,-1.87771896575307,1.71915421493476
4,1432,7432,-1.61405559201962,1.25256312489173
4,1433,7433,-1.79008831946467,1.16702968049365
4,1434,7434,-1.1126045492883,1.30302031737312
4,1435,7435,-1.44727081438807,1.39424159605774
4,1436,7436,-1.33891235089901,1.09731065911192
4,1437,7437,-1.52117373332357,2.17541366177634
4,1438,7438,-1.66185353634777,2.56417738270539
4,1439,7439,-1.56056117214047,3.14494129234907
4,1440,7440,-1.35992040902408,1.04642743374225
4,1441,7441,-1.5790583403347,1.89962501748791
4,1442,7442,-1.71245925181461,1.42536174442636
4,1443,7443,-2.57620279899867,2.37054326696489
4,1444,7444,-2.32843976842645,2.77553144504938
4,1445,7445,-2.1317587154957,2.35985461954041
4,1446,7446,-1.42790755339946,1.44597555375399
4,1447,7447,-1.73700616153341,1.86916052024693
4,1448,7448,-1.46168423353486,1.82458988063196
4,1449,7449,-1.57631818426533,1.95589741552387
4,1450,7450,-1.20009558061075,2.321592715958
4,1451,7451,-0.789371168587974,1.81480781035239
4,1452,7452,-0.92389541149556,1.50685407124979
4,1453,7453,-1.10310412961623,1.5271677797168
4,1454,7454,-1.52093778342465,1.28411994861824
4,1455,7455,-1.28145991340722,1.45943551116691
4,1456,7456,-1.49589876904551,1.81923032312298
4,1457,7457,-1.33392413748897,1.71462881608074
4,1458,7458,-1.33441289906088,1.84296618167446
4,1459,7459,-1.5768032669933,2.05761149730781
4,1460,7460,-0.709088121546512,1.92349142257762
4,1461,7461,-0.913342487770827,2.44551713898557
4,1462,7462,-1.07592092642913,1.04105065406228
4,1463,7463,-1.40041827566214,1.42908082100347
4,1464,7464,-1.23321327014313,1.53737359710438
4,1465,7465,-1.55602813130644,1.66833152659223
4,1466,7466,-1.2899465561344,1.63241052736718
4,1467,7467,-1.26948630685538,1.61906809043361
4,1468,7468,-1.37173706038857,1.40951225488354
4,1469,7469,-1.74456887100238,0.998666981090707
4,1470,7470,-1.05266702543435,1.32857616648845
4,1471,7471,-1.69954247221764,1.43467272417563
4,1472,7472,-1.23454882534166,1.38838519492623
4,1473,7473,-0.732767940542655,0.965725043224112
4,1474,7474,-1.14929336866024,1.29951897190508
4,1475,7475,-0.677128104348439,0.869224762405701
4,1476,7476,-0.586988739903166,1.0629077289395
4,1477,7477,-1.47905331173333,1.63705295405234
4,1478,7478,-1.42433883720549,1.42754459905112
4,1479,7479,-0.763689195188745,1.80976033533493
4,1480,7480,-0.533332344554273,1.33317661989276
4,1481,7481,-1.3352420228716,1.09443843013042
4,1482,7482,-1.09710113685858,1.16047342528127
4,1483,7483,-1.02322803136324,1.323366197554
4,1484,7484,-0.389392326080331,1.11153780276494
4,1485,7485,-1.70981950919011,2.15526768454569
4,1486,7486,-1.0767378327647,1.17977728489271
4,1487,7487,-1.08448038641745,1.55248424619247
4,1488,7488,-1.64182432518453,1.08373545723744
4,1489,7489,-1.60228543595619,0.818719805250286
4,1490,7490,-1.47332469189411,2.76024375739036
4,1491,7491,-0.615920416141503,1.07536241019499
4,1492,7492,-1.17595337737672,3.20522151212033
4,1493,7493,-0.977940591255149,1.92559803514074
4,1494,7494,-0.154738901037501,1.92083267734416
4,1495,7495,-0.263343542985204,1.86292953868335
4,1496,7496,-0.872993401581785,2.24674181181639
4,1497,7497,-0.9821620759056,2.34531317634195
4,1498,7498,-0.770535686349009,1.61898285988882
4,1499,7499,-1.06401238913107,1.38213544056074
4,1500,7500,-1.2685401463781,1.20633023113517
4,1501,7501,-1.52101712076668,1.74056407927737
4,1502,7502,-1.89604598084708,1.12665225892832
4,1503,7503,-1.70726075837111,1.13144944478087
4,1504,7504,-1.40200591798537,0.82324710201354
4,1505,7505,-1.6262959259319,1.0837473091632
4,1506,7506,-1.67091482574732,1.9317610503092
4,1507,7507,-1.12324080167584,2.45630205522651
4,1508,7508,-1.45863843330861,2.26697363836472
4,1509,7509,-1.62848180439833,1.95551939670363
4,1510,7510,-1.79643326586963,1.8634606571995
4,1511,7511,-1.48946971656574,2.22980969259207
4,1512,7512,-1.53649151176863,1.74418570668033
4,1513,7513,-1.80931619118986,1.80933796189272
4,1514,7514,-1.84797376407058,1.7822509309742
4,1515,7515,-2.49080065386051,1.60391303641448
4,1516,7516,-2.1069217178023,1.61535355832023
4,1517,7517,-1.27092041925156,0.949975830882532
4,1518,7518,-1.76897690657162,1.29142776917833
4,1519,7519,-1.70898318862679,1.040816632638
4,1520,7520,-1.38438075103021,1.18524428761183
4,1521,7521,-1.29410503680351,1.5721977772754
4,1522,7522,-1.52125837150014,1.36333225145411
4,1523,7523,-1.86176125496004,2.25673203358761
4,1524,7524,-1.85438268765816,2.18609344832332
4,1525,7525,-1.31523475128304,0.955878957329549
4,1526,7526,-2.38462367397054,1.50382566032007
4,1527,7527,-1.64160697790222,1.34935413518568
4,1528,7528,-1.73885652229227,1.65798972564675
4,1529,7529,-1.51173652882175,1.06553056625093
4,1530,7530,-1.38424429947083,0.970187717415298
4,1531,7531,-0.70782766067517,1.35185974089065
4,1532,7532,-1.51218211108687,1.17637956731701
4,1533,7533,-1.72004447575124,1.49652911915073
4,1534,7534,-2.15562927604288,1.32785032013384
4,1535,7535,-1.56715617999434,1.03784988563378
4,1536,7536,-1.2089385208104,2.91956600661057
4,1537,7537,-1.34612951909971,2.31375492945624
4,1538,7538,-0.670626860912432,1.29451332687135
4,1539,7539,-0.888074765402321,1.43237139254344
4,1540,7540,-0.80190613491967,1.31919942578918
4,1541,7541,-1.04049723251944,1.57704223952883
4,1542,7542,-1.33491138965216,1.47962713358534
4,1543,7543,-1.07421749307742,1.43319637979194
4,1544,7544,-1.66133584976333,1.32374569347807
4,1545,7545,-2.46297966514473,2.51403169875899
4,1546,7546,-2.25751619462383,2.42598000585512
4,1547,7547,-3.35118337941526,3.33918520687512
4,1548,7548,-1.68976913261238,0.943308508705406
4,1549,7549,-2.18539378254905,0.944210249546791
4,1550,7550,-1.03238801184889,1.04043639879595
4,1551,7551,-1.10537011984054,1.15543752075236
4,1552,7552,-1.42911670551878,1.55591037109155
4,1553,7553,-1.30342835923916,1.08719496164056
4,1554,7554,-1.17814175982696,1.08066637743329
4,1555,7555,-1.14656247198799,2.0585233272679
4,1556,7556,-0.940593574815874,2.59181191935721
4,1557,7557,-1.03178763949695,2.52250211390747
4,1558,7558,-1.27100074228307,2.12019404631083
4,1559,7559,-1.35632392329585,1.77413762827255
4,1560,7560,-1.46483747050212,1.62678716283006
4,1561,7561,-0.959979139559316,1.17189246706652
4,1562,7562,-1.94358233370526,1.12890211748683
4,1563,7563,-1.72070381366259,1.1280306041678
4,1564,7564,-1.34939559854963,0.911343841366651
4,1565,7565,-1.27908239196376,1.31015265635585
4,1566,7566,-0.127974694704372,1.40510542018907
4,1567,7567,-0.75165306380289,2.69100778604217
4,1568,7568,-0.639927797412193,2.42346805903757
4,1569,7569,-0.499594297324624,1.84723708257131
4,1570,7570,-0.703716393820502,1.82190365210773
4,1571,7571,-0.874103567367487,1.70073714890706
4,1572,7572,-0.564478360982726,1.8422761633286
4,1573,7573,-1.38331459730301,2.04554540593086
4,1574,7574,-1.52287685784016,1.60085233664115
4,1575,7575,-0.861415604574392,1.52555703055609
4,1576,7576,-1.60823755760997,1.75808118493073
4,1577,7577,-2.00853606932936,1.9250528260872
4,1578,7578,-1.8681270549266,1.27714322371263
4,1579,7579,-2.03750285783042,1.74550398714363
4,1580,7580,-1.84933726838713,1.95506455374133
4,1581,7581,-1.72225443520661,2.00527433188221
4,1582,7582,-1.66223024170545,1.96259977758059
4,1583,7583,-1.43023571861156,1.82148480190253
4,1584,7584,-1.40804791325286,1.61867671692548
4,1585,7585,-1.0455600696843,1.68484958657958
4,1586,7586,-1.24170817151241,1.76657820042658
4,1587,7587,-1.2431608407586,1.375067363362
4,1588,7588,-0.986819383270591,1.23787811626381
4,1589,7589,-1.06605387163455,1.39255888925713
4,1590,7590,-1.34868228822643,1.08132128708482
4,1591,7591,-1.68585724209038,1.32020372259928
4,1592,7592,-1.06884661492354,0.643652250349863
4,1593,7593,-1.06212448086846,0.640493325291132
4,1594,7594,-0.9978370897597,0.630286790105777
4,1595,7595,-0.916080941967775,0.601031145477361
4,1596,7596,-1.50505183276394,0.740182449627959
4,1597,7597,-1.33262302621377,0.723985089559313
4,1598,7598,-0.991209852762056,0.854739040415225
4,1599,7599,-0.876338729862031,1.51671209792424
4,1600,7600,-0.649550420933049,2.38940206375418
4,1601,7601,-0.345508866939766,2.45467231642427
4,1602,7602,-0.63392473484125,2.66347198920695
4,1603,7603,-0.0785212228486889,2.05054114001518
4,1604,7604,-1.17917645430382,1.64068360713796
4,1605,7605,-0.298447364708604,2.45438623648373
4,1606,7606,-0.622068650556905,1.77627885213043
4,1607,7607,-0.780330113637128,1.81130237435677
4,1608,7608,-0.710372944786438,1.18516821297127
4,1609,7609,-1.56883234602941,1.5700804212853
4,1610,7610,-1.45557361326654,1.65159880396052
4,1611,7611,-1.05890543787352,1.00054837341165
4,1612,7612,-1.48486262723679,2.54710732218863
4,1613,7613,-1.3028092543477,2.31208042846323
4,1614,7614,-1.77039353319931,2.5516477789266
4,1615,7615,-1.71928316554392,1.94105300074768
4,1616,7616,-2.22897687435233,2.52254249119582
4,1617,7617,-1.15551487196695,1.08808010877868
4,1618,7618,-1.35029640607173,1.46723379475161
4,1619,7619,-1.27314417841875,1.05936614784545
4,1620,7620,-1.13927530726552,1.355285964451
4,1621,7621,-1.53492126841025,1.31149512681508
4,1622,7622,-2.14120072103175,1.09028983700467
4,1623,7623,-1.72736447084331,1.22978480737005
4,1624,7624,-1.38009001139775,1.06334932226387
4,1625,7625,-1.2536769371814,0.96819726888416
4,1626,7626,-1.2321617266346,0.781318035313494
4,1627,7627,-1.91004562684128,1.32478332208663
4,1628,7628,-1.09626987429974,0.666657194792982
4,1629,7629,-1.75214885832434,1.22438377585835
4,1630,7630,-1.11531991198884,1.05475654020363
4,1631,7631,-1.35846760062006,1.27013948114271
4,1632,7632,-2.06651429649819,2.27516504107833
4,1633,7633,-2.54912619952713,2.42165107891752
4,1634,7634,-1.59539957609929,1.56583763780078
4,1635,7635,-0.997869481350932,1.60744117610423
4,1636,7636,-1.48219648147099,1.90951178327893
4,1637,7637,-1.22969716752002,1.79729692988178
4,1638,7638,-1.58836561867801,1.42234073429814
4,1639,7639,-0.908359074893781,1.97890232875255
4,1640,7640,-1.13419838817318,1.69222520011034
4,1641,7641,-1.15390316703558,0.730087490897726
4,1642,7642,-1.30004292661514,0.858586822724872
4,1643,7643,-1.35000535060476,0.883650374817591
4,1644,7644,-1.4618113604628,0.857789687852008
4,1645,7645,-1.39778965187056,0.867537059294299
4,1646,7646,-1.47002884658031,0.839776563185452
4,1647,7647,-1.58350542993924,0.77195497114039
4,1648,7648,-2.08043420129645,1.5515498932838
4,1649,7649,-1.42031787826436,1.94238545539326
4,1650,7650,-1.3214706614335,0.902253588365947
4,1651,7651,-1.23012634660212,1.08253265911746
4,1652,7652,-1.5664815886651,1.60663303205451
4,1653,7653,-2.24295045724234,1.88484662652613
4,1654,7654,-1.58072469895884,0.982163031262244
4,1655,7655,-0.495620077530783,1.38297961260972
4,1656,7656,-0.482680115957149,2.78164166205079
4,1657,7657,-0.430573542174275,2.90053437130753
4,1658,7658,-1.82863585482283,1.91178971164936
4,1659,7659,-1.62775818049479,1.92772242241351
4,1660,7660,-1.73706093389388,0.910669108035546
4,1661,7661,-0.899461376227356,1.69811554065003
4,1662,7662,-0.824519467262469,2.09448917696087
4,1663,7663,-1.43384129679926,1.64224651859779
4,1664,7664,-0.406041429302932,3.28693334972778
4,1665,7665,-1.81640970105533,2.24758097180395
4,1666,7666,-1.82769457751971,2.24266463852757
4,1667,7667,-1.6467148247204,2.84191454617743
4,1668,7668,-1.24072498125189,1.43042693321446
4,1669,7669,-1.85288496610565,2.04856504435132
4,1670,7670,-1.57702134574311,1.77754979936966
4,1671,7671,-1.58409825290856,2.82165548443718
4,1672,7672,-0.793208089296511,1.74633375096808
4,1673,7673,-1.36810880098049,1.93599076024688
4,1674,7674,-0.813863869736966,2.92537583568703
4,1675,7675,-1.77556478585839,1.2214947525261
4,1676,7676,-0.632188278196362,1.68906609105918
4,1677,7677,-0.542616226979224,1.64794609743391
4,1678,7678,-0.961121426926732,2.62011279983063
4,1679,7679,-0.983682382341858,1.54114794933524
4,1680,7680,-0.707770297123449,2.12658260131613
4,1681,7681,-0.896881312953128,1.14771618140787
4,1682,7682,-0.852523666034505,2.75586415479112
4,1683,7683,-1.14718765337973,2.71722399885754
4,1684,7684,-1.16336652920117,1.92722069212639
4,1685,7685,-1.0759574526804,1.41289780416062
4,1686,7686,-0.683324236237578,2.23798341344391
4,1687,7687,-0.452707492059985,2.28080496181122
4,1688,7688,-0.837914718540255,0.787476828375025
4,1689,7689,-1.1199124113359,1.64229478536204
4,1690,7690,-0.76049895789931,0.885410350277104
4,1691,7691,-0.982111625286633,1.18469496842716
4,1692,7692,-1.37986488719912,1.27760810269244
4,1693,7693,-2.34068431933557,1.07249397115229
4,1694,7694,-1.82145673657712,0.74773929411646
4,1695,7695,-1.54706574646844,2.14623464068526
4,1696,7696,-1.42745100281414,2.2563849728171
4,1697,7697,-1.64482534427619,2.3590013430672
4,1698,7698,-1.81474597409296,1.56741666132111
4,1699,7699,-1.85503855830457,1.67331011489238
4,1700,7700,-1.5533330917084,0.857001022881179
4,1701,7701,-2.15825210098127,1.21722674365493
4,1702,7702,-1.43526521303747,1.24430082410838
4,1703,7703,-1.78968341031673,1.76928481525644
4,1704,7704,-1.80880428807904,0.997530676643387
4,1705,7705,-2.04625286280778,1.62642537371393
4,1706,7706,-1.39637413832164,1.27849911691617
4,1707,7707,-1.60141814173566,1.42425357294306
4,1708,7708,-1.68788826359746,1.24610754282897
4,1709,7709,-1.40132198755974,1.81075377352737
4,1710,7710,-1.22764709035941,0.822331966664212
4,1711,7711,-1.36957369941587,0.982927208464291
4,1712,7712,-1.24584090051007,1.24542213015082
4,1713,7713,-1.94015061658031,1.38110423418032
4,1714,7714,-1.61964517567443,1.20664146017457
4,1715,7715,-1.95359974372347,1.96748334350262
4,1716,7716,-2.00218505586205,1.71016299468007
4,1717,7717,-1.69345664379785,1.42559086253561
4,1718,7718,-1.56964303584418,1.46604169658564
4,1719,7719,-1.41758579734633,1.19987648376023
4,1720,7720,-1.56192047510788,1.19498376472096
4,1721,7721,-1.55568450034606,1.29459898093634
4,1722,7722,-1.38735253861688,1.01622603509224
4,1723,7723,-1.47735259824245,1.01648370483261
4,1724,7724,-1.83358025730478,1.69725019428308
4,1725,7725,-1.45687475592899,1.12665613862674
4,1726,7726,-1.46129277363896,1.47191301312057
4,1727,7727,-1.83957459947808,1.60546051642462
4,1728,7728,-0.871423591027726,1.36113294374586
4,1729,7729,-1.36272983339477,1.27254750637106
4,1730,7730,-0.859914920485643,1.43526017326934
4,1731,7731,-0.957965760151456,1.75594753775734
4,1732,7732,-0.337705067490446,1.01677331684006
4,1733,7733,-2.47572630958496,1.34705611222578
4,1734,7734,-1.91379388009196,1.70903844130556
4,1735,7735,-1.52159495418057,1.7886507245091
4,1736,7736,-0.851463336095996,1.07523111909023
4,1737,7737,-0.864675572568774,0.98064146343954
4,1738,7738,-1.44018682501108,0.944883534851402
4,1739,7739,-1.60306317165707,1.7767136667875
4,1740,7740,-1.21470027760151,0.770739220978135
4,1741,7741,-0.731193258988277,1.28654400841606
4,1742,7742,-0.922849880929564,1.34292816130425
4,1743,7743,-0.785661881995696,0.98853102381055
4,1744,7744,-1.41296439097628,1.24832503942995
4,1745,7745,-1.77008732408744,1.05727222209701
4,1746,7746,-0.570575768732062,1.39173008005068
4,1747,7747,-0.884295833455522,0.703135230437283
4,1748,7748,-1.80793850038769,1.5723302089426
4,1749,7749,-1.7566139579939,1.11154529012188
4,1750,7750,-1.67818625779773,1.09241649298472
4,1751,7751,-2.01237192596683,1.27279740230681
4,1752,7752,-2.16624864581594,1.61292202266776
4,1753,7753,-2.07615488195904,1.92971070427606
4,1754,7754,-1.69036073964511,1.68304480656928
4,1755,7755,-2.17625164281183,1.8599833561934
4,1756,7756,-1.43262420320117,1.9149764983749
4,1757,7757,-1.79248793386765,1.94459736094499
4,1758,7758,-1.09359406586381,1.27596354534773
4,1759,7759,-1.03448945095969,1.30783219401425
4,1760,7760,-0.142421910329689,1.9554857651568
4,1761,7761,-0.242465478805182,2.20489869615023
4,1762,7762,-1.59021433252046,1.38670185478663
4,1763,7763,-1.71174785449329,1.29659818997942
4,1764,7764,-0.551635527582613,2.40199763183471
4,1765,7765,-0.625113085480029,2.17337584579314
4,1766,7766,-1.15382074264781,1.09852887588688
4,1767,7767,-1.00475654131782,1.58041382950374
4,1768,7768,-1.14858359427461,1.22560613767715
4,1769,7769,-1.64703714831779,1.35919903150848
4,1770,7770,-1.84467948273802,1.74782662612362
4,1771,7771,-1.52936755422148,1.22354913921022
4,1772,7772,-1.05601308540011,0.722398020203734
4,1773,7773,-1.64053722785835,1.1127669831877
4,1774,7774,-1.47363212181886,1.05235363650423
4,1775,7775,-1.33412054176254,1.11464045983508
4,1776,7776,-1.49511645013151,1.15287164348517
4,1777,7777,-1.45234718810784,1.20206066369067
4,1778,7778,-1.34677299171552,1.19342815235045
4,1779,7779,-2.22970736101349,1.50747574271044
4,1780,7780,-1.20657698295857,1.12597841794196
4,1781,7781,-1.45367188009648,1.3904554542997
4,1782,7782,-1.75718107332688,1.72738994460265
4,1783,7783,-1.83057613905227,1.63644796915566
4,1784,7784,-2.19098016522906,2.00238861109234
4,1785,7785,-1.24809196502406,1.19234009908056
4,1786,7786,-1.32558538159642,1.51779445336966
4,1787,7787,-1.26335533361766,1.07869628211005
4,1788,7788,-1.61354849807326,1.30454878239064
4,1789,7789,-0.822643032776342,1.49631718792806
4,1790,7790,-2.16129774263646,1.30812711909271
4,1791,7791,-1.75923632183877,1.00114185603663
4,1792,7792,-0.596218927286357,1.17347615663144
4,1793,7793,-1.19732872433243,1.35845294556812
4,1794,7794,-1.40366632037294,2.09971578257526
4,1795,7795,-0.873856363861148,3.24815672079157
4,1796,7796,-0.935644389053724,2.87217493267287
4,1797,7797,-0.454432026105146,2.78759199086089
4,1798,7798,-0.527134032008576,2.1416647241448
4,1799,7799,-2.19968751668796,1.0415480059096
4,1800,7800,-2.21201639287896,1.3376655186949
4,1801,7801,-2.68989222614167,1.63640750043187
4,1802,7802,-2.39718354999501,2.33416930593366
4,1803,7803,-1.24119282412723,1.08463487303214
4,1804,7804,-0.781087350634826,1.54866360617559
4,1805,7805,-0.777657512972823,1.50702027624412
4,1806,7806,-1.12775272197313,1.3088861823477
4,1807,7807,-1.99281922800304,2.51438379548415
4,1808,7808,-1.25105709616879,1.90440129614448
4,1809,7809,-1.79696315310809,3.4440413437826
4,1810,7810,-1.80238622424432,1.27753363535997
4,1811,7811,-1.17392733633346,1.45281087953145
4,1812,7812,-1.71714638913695,1.72125922909186
4,1813,7813,-1.59022760895208,3.84836620826649
4,1814,7814,-1.42767546255673,3.15856440492243
4,1815,7815,-0.946395932890228,1.7240951274206
4,1816,7816,-0.690708505687276,1.74504737924984
4,1817,7817,-1.28171083513086,2.27500973677853
4,1818,7818,-1.24926763956172,2.1876301464932
4,1819,7819,-1.08276679012534,1.5865117437938
4,1820,7820,-0.750634957078914,1.64059293155745
4,1821,7821,-1.00200495228313,1.67446974409329
4,1822,7822,-1.01980885225267,0.770463518760385
4,1823,7823,-1.08204081296888,1.68187218908294
4,1824,7824,-1.07567005110477,1.40859515831531
4,1825,7825,-1.21865899564434,1.79722140616284
4,1826,7826,-1.12991854851877,1.51794334125946
4,1827,7827,-0.996804534797263,1.40824704536431
4,1828,7828,-1.17020126807202,1.8352918073561
4,1829,7829,-1.70783210381506,2.46561365962046
4,1830,7830,-0.792183052757934,1.90242478699262
4,1831,7831,-0.587809530327979,1.80082391620751
4,1832,7832,-0.562405058383695,1.25447198702578
4,1833,7833,-1.44556051288392,1.17392241429547
4,1834,7834,-0.99260114923513,1.04197707558987
4,1835,7835,-1.04822806639739,1.02978034761623
4,1836,7836,-1.51032646921845,2.29333034667678
4,1837,7837,-0.810311922575163,1.24921158923841
4,1838,7838,-1.023569213349,1.37122705058572
4,1839,7839,-1.19044803753291,1.62825145104439
4,1840,7840,-0.979312020278793,1.36757623297671
4,1841,7841,-1.27071778684726,1.84293544842886
4,1842,7842,-1.37185018656341,2.097490158822
4,1843,7843,-0.678822524805723,2.04091236818786
4,1844,7844,-1.13198436324681,1.93315252949369
4,1845,7845,-0.971031090537296,2.25680597838462
4,1846,7846,-1.60169085104737,1.39602731151978
4,1847,7847,-1.60938976957491,1.95948265777272
4,1848,7848,-1.74432513451008,2.47011184233795
4,1849,7849,-1.0910236570638,1.97170280304317
4,1850,7850,-1.86350429415875,1.8761741121359
4,1851,7851,-1.89152381910699,1.93680170127016
4,1852,7852,-1.23896951333694,2.01294224871418
4,1853,7853,-1.6263104829003,2.17275053684195
4,1854,7854,-1.48149050497719,2.43794279585991
4,1855,7855,-1.73915719635551,2.32437368914852
4,1856,7856,-1.38690870629663,1.45427886084463
4,1857,7857,-1.9279773513723,1.12730666192183
4,1858,7858,-1.60873441912046,1.35290538930173
4,1859,7859,-1.3098600696333,1.27266962330188
4,1860,7860,-1.3166088509104,1.25636758776901
4,1861,7861,-0.75388072125572,0.516238517255237
4,1862,7862,-0.887463605899402,0.74328352513978
4,1863,7863,-0.840105008210229,0.723258162177381
4,1864,7864,-1.84334254802102,1.04439029209167
4,1865,7865,-1.50678869215709,1.37932097181632
4,1866,7866,-1.68701339993733,0.859858315119448
4,1867,7867,-1.53390159551068,0.848932957830101
4,1868,7868,-1.29184311719503,0.688136489389673
4,1869,7869,-1.60790528874635,1.61647673440964
4,1870,7870,-1.10435397139914,1.75716728883893
4,1871,7871,-0.700475754839944,1.31796449370658
4,1872,7872,-1.05042933297896,1.47689795647385
4,1873,7873,-1.08768566238177,1.23218532042721
4,1874,7874,-1.56688843339168,1.73673747947563
4,1875,7875,-0.456473391400347,1.35167434266164
4,1876,7876,-0.640184435528598,1.38428666454024
4,1877,7877,-0.779711005571901,1.02385787976002
4,1878,7878,-1.12489581895398,1.72118381246356
4,1879,7879,-1.32529097707196,1.30054169460333
4,1880,7880,-1.35565638820456,1.17862468204782
4,1881,7881,-0.857517393688914,2.22674233221738
4,1882,7882,-0.228409564787172,1.48496663220032
4,1883,7883,-2.07723681974116,1.43105824737114
4,1884,7884,-1.67968406916067,1.24334319289101
4,1885,7885,-1.74541056639875,1.50192449751599
4,1886,7886,-1.55800966805755,1.02521112401107
4,1887,7887,-0.930043671191667,0.935442878864818
4,1888,7888,-1.05086627329258,0.944585879256775
4,1889,7889,-0.94681305866138,0.878111508727832
4,1890,7890,-1.53505177765163,0.829441411815315
4,1891,7891,-2.19929595507053,1.75499091256386
4,1892,7892,-2.097448735391,1.42097477703437
4,1893,7893,-1.98391561935,1.32193993950058
4,1894,7894,-0.818020835085915,1.56230211127606
4,1895,7895,-1.23597826140824,2.57626260950581
4,1896,7896,-0.602170948914101,1.38527871134526
4,1897,7897,-1.41004265941249,0.979801217933636
4,1898,7898,-1.17962607596237,0.861238332465742
4,1899,7899,-1.34526461250546,1.31429932340993
4,1900,7900,-1.81324609494189,2.518074679291
4,1901,7901,-1.96027541584653,2.82856179759565
4,1902,7902,-1.68893218557992,1.68240376763486
4,1903,7903,-1.84061472449866,1.48728480839421
4,1904,7904,-1.90921966703799,1.1773835663753
4,1905,7905,-0.634304847309229,2.02989643765438
4,1906,7906,-0.723626652490716,3.25824677847663
4,1907,7907,-1.82310539594705,1.65494138325131
4,1908,7908,-1.60415860199361,1.91574275102708
4,1909,7909,-1.67297523576535,1.44816471621524
4,1910,7910,-1.10132767532469,1.18013027967475
4,1911,7911,-1.01241881064325,1.21429380330125
4,1912,7912,-1.84202181454265,1.73364272315474
4,1913,7913,-1.92679826588659,1.58280521228479
4,1914,7914,-0.422672347244853,1.41827137040639
4,1915,7915,-0.761511257694598,1.95861626761817
4,1916,7916,-1.13464478559939,1.31709382846646
4,1917,7917,-1.18310636391091,1.25321329544096
4,1918,7918,-1.56562924665997,1.22892434212137
4,1919,7919,-0.988333929351659,0.987478920932651
4,1920,7920,-0.566196388712503,0.901238076189998
4,1921,7921,-2.01286409434069,1.43317400231603
4,1922,7922,-1.92716151523222,2.16883326513405
4,1923,7923,-2.28959209662117,1.1794275830605
4,1924,7924,-1.37328262618602,0.980504335820991
4,1925,7925,-1.01532660113749,1.13564742887113
4,1926,7926,-1.09261639137169,1.51741268981174
4,1927,7927,-0.797854239440435,1.16240495686099
4,1928,7928,-2.53268698679533,1.37194860824397
4,1929,7929,-1.34016156906534,1.04205645986014
4,1930,7930,-1.13538765105414,1.65492807026996
4,1931,7931,-0.632118281958789,1.13375570091284
4,1932,7932,-0.927236629157292,1.17157976098363
4,1933,7933,-0.0535030896330219,0.747870841903873
4,1934,7934,-1.91958064316356,0.859574688809845
4,1935,7935,-2.43453683575903,1.12356616481931
4,1936,7936,-2.99617899394401,1.53960577450208
4,1937,7937,-1.64440809496806,0.913612008053532
4,1938,7938,-1.99978531720962,1.08021777528654
4,1939,7939,-2.47368754669128,1.47375151166729
4,1940,7940,-2.08312599292567,1.07263803128984
4,1941,7941,-1.84433193948416,1.02818580841486
4,1942,7942,-1.65716402309494,0.895064824766909
4,1943,7943,-0.68100325296769,2.75409950489171
4,1944,7944,-1.06309756940982,1.70171233870134
4,1945,7945,-0.856949948146931,1.3902627410667
4,1946,7946,-1.54229229413363,1.87853142516596
4,1947,7947,-1.18050506602403,2.25063509399732
4,1948,7948,-0.873204694286935,1.6270237607954
4,1949,7949,-1.855650664783,1.89977193668049
4,1950,7950,-1.41382335242986,1.9026231341086
4,1951,7951,-1.04699847432104,1.20343659410896
4,1952,7952,-1.88728721717823,1.62034820137611
4,1953,7953,-1.12891206427034,1.08071394783608
4,1954,7954,-1.61489708474849,1.43396466592766
4,1955,7955,-1.26951342800017,0.76773267572694
4,1956,7956,-0.815056036797375,1.11695174172214
4,1957,7957,-0.600086279712502,1.90043883545354
4,1958,7958,-1.78637859120777,1.57819319165632
4,1959,7959,-2.06962794012241,2.14795520775272
4,1960,7960,-1.47554629629045,1.52577772901543
4,1961,7961,-1.49991866939647,1.67875178250863
4,1962,7962,-0.490820911917248,1.92142235120928
4,1963,7963,-0.388381416796293,1.85115382166943
4,1964,7964,-1.38637579722052,1.6310511454802
4,1965,7965,-1.36487614458498,1.23461744434884
4,1966,7966,-1.57391850328711,1.44668842189282
4,1967,7967,-1.3011299137209,0.953115581327773
4,1968,7968,-1.89008924811903,0.867447668083995
4,1969,7969,-0.942274727642328,0.770209061289749
4,1970,7970,-1.66160367907947,1.03554716674415
4,1971,7971,-0.94939187694583,0.823827150984555
4,1972,7972,-1.56843167735838,1.16805983131769
4,1973,7973,-1.92204757939181,1.92641545492425
4,1974,7974,-2.14468734491199,1.86497467237956
4,1975,7975,-0.949831104668095,3.05373681622768
4,1976,7976,-1.00423574741317,2.41464791572411
4,1977,7977,-0.981084855139763,2.28499593759874
4,1978,7978,-1.35543542976859,0.955013617962192
4,1979,7979,-2.04651440012731,1.61052224683827
4,1980,7980,-1.76732130894266,1.38558041343165
4,1981,7981,-1.88704526930952,1.17550000315378
4,1982,7982,-1.56453043505482,1.24200177161762
4,1983,7983,-1.53130045674117,1.34566602822539
4,1984,7984,-0.955373707287928,1.63571541136961
4,1985,7985,-0.694831041723036,1.26118958392068
4,1986,7986,-1.28496114957383,1.19107683843479
4,1987,7987,-2.05503589090101,1.68471010905216
4,1988,7988,-0.855492101053629,1.84184016709725
4,1989,7989,-0.537687496832695,1.53903003142973
4,1990,7990,-0.791335572838394,1.60792925149346
4,1991,7991,-0.664695702312752,1.70950107657354
4,1992,7992,-1.27080422181663,0.968775431120184
4,1993,7993,-1.45906279756658,1.04672980495986
4,1994,7994,-1.35162378697348,0.835981554645125
4,1995,7995,-1.51841302229982,0.789810769056097
4,1996,7996,-1.20661034812734,0.672521891462076
4,1997,7997,-1.27152312918719,0.940024319227797
4,1998,7998,-2.16608056000571,1.20777151378638
4,1999,7999,-0.844610115183091,1.30547418782005
4,2000,8000,-1.88264280227307,1.35474676322603
