".chain",".iteration",".draw","b_Intercept","sd_author_year__Intercept"
1,1,1,-0.454941023651661,1.89487506414573
1,2,2,-1.61933297457677,1.5288144305785
1,3,3,-0.604313255447538,0.794446704678341
1,4,4,-1.00256849045645,1.19764059054941
1,5,5,-1.29023825144877,1.14378325029285
1,6,6,-1.77870445847608,2.52041562676397
1,7,7,-2.06151055018451,3.11841001978132
1,8,8,-2.09221599335766,3.78844147004612
1,9,9,-2.22115141107911,3.02485785781927
1,10,10,-1.48366930375291,2.0607668455339
1,11,11,-1.20998667611576,2.12316782938366
1,12,12,-0.724682553327466,2.12477721582492
1,13,13,-0.751654756638815,2.25202681678973
1,14,14,0.00858419364201352,2.46730961347115
1,15,15,-0.557623685365768,3.63071546294625
1,16,16,-0.621849655379005,3.09974341395075
1,17,17,-1.32319011107892,2.21887107317633
1,18,18,-1.62101972412362,1.60511954281259
1,19,19,-1.89765678033332,2.29040969700016
1,20,20,-1.7075713952306,1.71833230205021
1,21,21,-2.19636272690707,2.06968412801943
1,22,22,-1.31009100334096,1.32605222983932
1,23,23,-1.78919848917905,2.14774767759727
1,24,24,-1.6603613697244,2.02335469176839
1,25,25,-1.23859611455028,1.41470364760795
1,26,26,-1.2449601449724,2.08228507591985
1,27,27,-0.419240095437979,1.00697826579036
1,28,28,-0.857993362863741,0.974764830144393
1,29,29,-0.900814236687092,0.978945501839846
1,30,30,-0.779999753504377,0.88357078694084
1,31,31,-1.0250742579008,1.29156755740407
1,32,32,-1.38823067885314,1.38069246660689
1,33,33,-1.62436544230919,1.45417735106867
1,34,34,-1.65167046042602,0.952714381141872
1,35,35,-2.45815307029626,1.37811245062754
1,36,36,-1.93727432773089,1.31493891510964
1,37,37,-2.30977797910739,1.49306042963713
1,38,38,-2.31148607714073,1.31397046725342
1,39,39,-2.85602106418403,2.01719539086251
1,40,40,-3.03067318690071,2.17833140613619
1,41,41,-2.27650233736566,1.63433809522154
1,42,42,-1.55003387916271,0.926164896310339
1,43,43,-1.94994766120026,1.45525241860406
1,44,44,-1.71627331388924,1.34470404923358
1,45,45,-2.03515310940847,1.27304000635838
1,46,46,-1.10583726754471,3.02069651067759
1,47,47,-1.33374011120306,2.23373174128464
1,48,48,-1.08800483479984,1.76162411663762
1,49,49,-1.62502241763424,2.03117863119216
1,50,50,-1.52501805498238,1.18427286395869
1,51,51,-2.10476694766538,1.59808166935094
1,52,52,-1.36696523435983,1.41136874671643
1,53,53,-1.12259969649498,1.08575197414572
1,54,54,-1.45776578802348,1.90018393770389
1,55,55,-0.714918485783854,2.12904028801725
1,56,56,-2.09964805218483,2.29427263544454
1,57,57,-2.58431543535983,2.84289734964891
1,58,58,-2.28136153858994,1.60809509927309
1,59,59,-2.21560061642119,1.75207417084443
1,60,60,-1.74557847237146,1.68795457211769
1,61,61,-2.10258267845299,1.58949080785912
1,62,62,-1.69092447990162,1.35896310753472
1,63,63,-1.1521573194771,1.74794413182613
1,64,64,-1.73502595326006,1.54625816591369
1,65,65,-1.2284356160356,1.19002465715837
1,66,66,-1.08398259411277,1.24800525645596
1,67,67,-1.44292910018691,1.36752310889555
1,68,68,-1.64766398157099,1.51205271309604
1,69,69,-1.41502913680116,1.45040008194704
1,70,70,-1.68286217152903,1.79749583180331
1,71,71,-1.50487967013521,1.28971024496922
1,72,72,-1.79111721030944,2.15547441906095
1,73,73,-1.46830251332969,1.97295003885208
1,74,74,-1.1443065700299,1.16542645016009
1,75,75,-1.45529494257175,1.25594804271225
1,76,76,-1.77426389269222,1.8208959373706
1,77,77,-1.55350057139968,1.43484810145787
1,78,78,-1.50850179377905,1.27506947086022
1,79,79,-2.65032865364681,1.883415283553
1,80,80,-3.03154031695296,2.09994761474331
1,81,81,-3.21991088091258,2.48346098229368
1,82,82,-2.28960598005706,1.35290923895564
1,83,83,-1.90623492042333,1.13846770874078
1,84,84,-2.12691105405386,1.27839991181951
1,85,85,-2.13242669734161,1.30468528855719
1,86,86,-3.12656541964858,1.85830815991724
1,87,87,-1.51519343130183,1.76272168520525
1,88,88,-1.86591330189973,2.15392238948096
1,89,89,-1.50595826009726,2.02820066574162
1,90,90,-1.76821397591528,1.35780026906303
1,91,91,-1.03897603762244,1.27323280160127
1,92,92,-2.56091899737898,1.71343375438903
1,93,93,-2.53753706204454,1.69943160712617
1,94,94,-1.64603358466648,1.55935892614883
1,95,95,-1.87600103338107,2.76737548541308
1,96,96,-1.31059236899406,1.8044711661812
1,97,97,-1.06028642756236,2.18345540960191
1,98,98,-2.03873897246114,1.0615997002959
1,99,99,-1.66739823261989,1.54760466203827
1,100,100,-0.990272365625888,3.06894282163313
1,101,101,-1.00320772841216,2.22074691424933
1,102,102,-1.42520141593102,2.12511746395876
1,103,103,-1.12624577709355,1.96353714572852
1,104,104,-1.25942607831514,2.50894709040916
1,105,105,-0.626479766690602,2.02238266285544
1,106,106,-1.28860207801445,1.61366424462882
1,107,107,-1.67895120459654,1.59923642314193
1,108,108,-1.3615032288605,1.72866286589824
1,109,109,-2.19891168636682,1.67738589531833
1,110,110,-2.24941171662694,1.36253741804937
1,111,111,-2.73743951487123,2.18468103058614
1,112,112,-2.41455206637216,1.88709314889037
1,113,113,-2.60475364256283,1.33716629516488
1,114,114,-1.08381338755353,1.5938420929808
1,115,115,-0.862700228539589,1.43611463301068
1,116,116,-1.66803686030032,2.0311199163627
1,117,117,-1.40524133417606,1.30563143495835
1,118,118,-2.27414261283164,1.4260520095762
1,119,119,-2.37793413590918,1.77614480200806
1,120,120,-1.60527114797779,2.1376560574093
1,121,121,-1.53170128534847,0.984742304559242
1,122,122,-1.42002689085408,1.00751439994833
1,123,123,-1.73444896978261,2.1809465001305
1,124,124,-1.38291725756008,2.04616390867733
1,125,125,-1.45513012769602,1.46395275610102
1,126,126,-0.970125606889398,1.56168337167951
1,127,127,-0.350326981191641,2.29675912163948
1,128,128,-0.369543706077105,2.05910910811601
1,129,129,-2.95639610762906,1.67680764758907
1,130,130,-3.11736883312723,1.6965331317038
1,131,131,-3.23090065977255,1.62467102888137
1,132,132,-2.36585656613559,1.60405641797613
1,133,133,-2.24126866044173,1.41779752511787
1,134,134,-2.2990275850678,1.47600857737398
1,135,135,-2.52040170506949,2.01940105343163
1,136,136,-2.68948688837252,1.89021776840008
1,137,137,-0.992674073797536,0.783295842897897
1,138,138,-1.97515921677799,1.76465996434406
1,139,139,-2.08374040500738,1.66132515467888
1,140,140,-2.09986097800826,1.54833906609996
1,141,141,-1.0672435348424,1.90281352602417
1,142,142,-1.5063694268002,2.50814460998972
1,143,143,-1.91329504409159,1.99087869193051
1,144,144,-2.35836903185917,1.61296298205804
1,145,145,-2.52923480689005,2.2049364276882
1,146,146,-1.46130914832045,1.24636335521593
1,147,147,-2.1114644777529,2.53720034054588
1,148,148,-0.881119313199314,0.987975967687455
1,149,149,-1.43562006305382,1.12939354870518
1,150,150,-1.07354117737843,1.31022763330107
1,151,151,-0.916383167893113,1.23275173993349
1,152,152,-1.70349616508801,1.6381600356193
1,153,153,-1.39481662035753,1.08156629344967
1,154,154,-1.21756066448654,1.00139070673382
1,155,155,-1.85575635964109,1.40110399267679
1,156,156,-1.89236935561597,1.46976368049498
1,157,157,-1.21037295175224,0.628176521285344
1,158,158,-1.2520561296094,0.748145676934537
1,159,159,-1.74012748915485,1.29429129894401
1,160,160,-1.27641703474548,1.41777965778854
1,161,161,-1.17569518024276,1.44661825127779
1,162,162,-1.2545594477835,1.16752537246094
1,163,163,-1.2505512965303,1.46979830983595
1,164,164,-1.1884084460145,1.30934404405913
1,165,165,-1.21299888503401,1.49565606119031
1,166,166,-0.65734969504212,1.52198991916665
1,167,167,-1.22861857780745,1.67347799453592
1,168,168,-3.30388373727979,2.00198476464452
1,169,169,-2.41398398427684,1.76084176982332
1,170,170,-3.25813083508491,1.54390185218503
1,171,171,-2.41235336140319,1.69625639538248
1,172,172,-3.68516186749988,2.75197085414441
1,173,173,-3.75790283396506,2.82265156018735
1,174,174,-2.63221944121921,2.55345331262234
1,175,175,-1.5134008658476,1.43913399235504
1,176,176,-1.68564260730317,1.63723964134514
1,177,177,-2.12433749085264,2.04756273805257
1,178,178,-2.05760259465514,2.0754939616013
1,179,179,-1.02255071449406,1.15172205263318
1,180,180,-2.74855760545446,1.88919998734773
1,181,181,-2.09242183921055,1.38997525424099
1,182,182,-2.4421032368534,1.7623888066883
1,183,183,-3.42995904948904,1.85234136958253
1,184,184,-2.62669023432339,1.40658261233989
1,185,185,-2.29657418128133,2.52174589603472
1,186,186,-2.99378101869947,2.73239660969056
1,187,187,-2.53788211265304,1.81126639777269
1,188,188,-1.55971232040438,0.926839254879444
1,189,189,-2.03063015718671,1.9238794836604
1,190,190,-2.03968050018336,2.11194247291247
1,191,191,-2.37580607580602,1.90693248885127
1,192,192,-2.95607765886267,1.95784434989987
1,193,193,-0.612614437054012,0.975682089438627
1,194,194,-1.33868677379491,1.33565380090581
1,195,195,-1.25966014500281,1.59828136143125
1,196,196,-2.41658752545486,2.81616444429768
1,197,197,-2.39105618208899,2.66878133731817
1,198,198,-2.16749760916768,2.81156849744596
1,199,199,-2.00177058406195,1.75622357086663
1,200,200,-1.47826326899857,1.75213086224014
1,201,201,-1.95478358703832,1.82997630208753
1,202,202,-1.58040909510298,1.12231705045317
1,203,203,-1.58930292673818,1.12222241098107
1,204,204,-1.60967885289948,1.57246587161391
1,205,205,-2.57793868446839,1.9752487066081
1,206,206,-2.85786967494377,1.89238184943836
1,207,207,-2.36797851971272,1.73339368138634
1,208,208,-3.15369262605559,2.06468085246353
1,209,209,-2.03504303704705,1.92788382248895
1,210,210,-1.97357873429297,1.20264323646871
1,211,211,-1.55808563228928,1.25591495171504
1,212,212,-1.94575337802198,1.87308357569713
1,213,213,-2.71306891578156,2.03497630376465
1,214,214,-2.81096487014965,2.30931243662905
1,215,215,-2.18432191070841,1.59869399014248
1,216,216,-2.66910819565951,3.49520835607235
1,217,217,-2.16395255309568,1.74569443434896
1,218,218,-2.25650700531155,1.89266157092802
1,219,219,-2.23562164674588,1.78217496482215
1,220,220,-2.29890858200962,1.6877598354544
1,221,221,-1.80653875654883,1.20581199853417
1,222,222,-2.8783221949682,1.51145470485383
1,223,223,-0.763036303665615,2.46778181814404
1,224,224,-1.31573157706045,1.38425933831059
1,225,225,-1.36548900496268,2.100644702705
1,226,226,-1.2808818298732,1.93466527413611
1,227,227,-1.49389663853981,1.91330652763824
1,228,228,-1.42255085001419,1.73771403556274
1,229,229,-1.45753289214571,1.92523657708911
1,230,230,-2.10001687743283,1.79068658438347
1,231,231,-1.96277438695475,2.07863750850336
1,232,232,-2.04409750353695,3.08002979090447
1,233,233,-2.24113983523656,2.88807367944878
1,234,234,-1.57116879186608,1.63859811895046
1,235,235,-1.88304170645874,2.40590743939213
1,236,236,-2.12564724825444,1.12175317176511
1,237,237,-2.2433027869681,1.22286242488681
1,238,238,-2.04943738915346,0.959808132886283
1,239,239,-2.69712746380997,1.22422124431606
1,240,240,-1.23218769999021,0.86943115569243
1,241,241,-1.12361111602752,1.1703058703723
1,242,242,-0.95116744262653,1.84676338523798
1,243,243,-1.77716364143078,2.69246853487798
1,244,244,-1.90042196190963,1.8063765355806
1,245,245,-1.78506380130617,1.97512290682036
1,246,246,-1.92103214397705,2.09828972138586
1,247,247,-1.94385039598845,2.0764867743494
1,248,248,-1.8785098952261,1.44840178139154
1,249,249,-1.50794524776762,1.53992688114226
1,250,250,-1.08741451937826,1.10156180670748
1,251,251,-1.56740644563909,1.55823259636907
1,252,252,-2.05854153319702,1.83505526273262
1,253,253,-0.772749702376497,1.41358309012226
1,254,254,-0.558468882489617,1.53365909816257
1,255,255,-1.02913246686901,2.3681801083134
1,256,256,-2.0172121507634,1.76893518869976
1,257,257,-1.42751207583653,2.29315823166138
1,258,258,-1.65487501026557,2.48365749042133
1,259,259,-1.87228533375002,1.4739713134757
1,260,260,-1.35709222312947,1.0905719521849
1,261,261,-1.64726101602876,1.40452579414484
1,262,262,-0.805510261892887,1.35907458360212
1,263,263,-1.57308651130054,1.87785259256271
1,264,264,-1.58903455159948,2.03229497827476
1,265,265,-1.80615817902144,1.97272149336974
1,266,266,-1.7354739277076,2.14876131325564
1,267,267,-1.53118594012826,1.79400273424611
1,268,268,-2.24228372101843,2.07803069612457
1,269,269,-1.74707344828862,2.49445741160127
1,270,270,-2.72965493104043,3.02470852884968
1,271,271,-2.58163948109815,2.98107509055607
1,272,272,-1.82638224766347,1.74636788423084
1,273,273,-1.70997241502462,1.7418083902654
1,274,274,-1.73281653193161,2.12191789699557
1,275,275,-2.46653405906061,2.24980323246604
1,276,276,-2.6335200827993,2.08179087061501
1,277,277,-1.72254174386157,2.50911549966083
1,278,278,-1.58870400434358,2.17540948649608
1,279,279,-1.04804099094694,1.96647332749202
1,280,280,-0.678179962655821,1.17126712547706
1,281,281,-0.629045941404354,1.16571402486661
1,282,282,-1.32289380859104,1.83523432312765
1,283,283,-2.23193555828165,1.75851894759217
1,284,284,-2.21022170943979,1.88596518502861
1,285,285,-2.05455460419499,1.6539431569957
1,286,286,-2.72431469086898,2.41438260309778
1,287,287,-2.21260333157996,1.58107110686768
1,288,288,-2.8960285030161,2.17504185580216
1,289,289,-3.04099996230329,1.92120259680406
1,290,290,-2.94243019146127,1.8960381182321
1,291,291,-1.44815731703688,2.44562045324963
1,292,292,-1.49578931541675,2.49177955689572
1,293,293,-1.50605311001067,2.95461961426075
1,294,294,-1.52467348902101,1.78189725308339
1,295,295,-2.12153115558326,2.43600204275272
1,296,296,-1.36967818915551,2.65222918780903
1,297,297,-0.795969974343301,2.26917492548411
1,298,298,-1.647471128057,2.60892756784933
1,299,299,-1.52799604291817,2.94054974491239
1,300,300,-1.39129606386529,3.4860911028661
1,301,301,-1.38328592861512,2.86326735699152
1,302,302,-1.35385209561539,2.30062375986249
1,303,303,-1.34750799828372,1.57586156413325
1,304,304,-1.5143582615798,1.529939467308
1,305,305,-2.46037803530613,2.09481820665812
1,306,306,-2.15046007786736,1.43007927424681
1,307,307,-2.44859629854015,2.68977635547346
1,308,308,-1.65531991311123,1.32769799769747
1,309,309,-2.53096422838295,1.82771314114232
1,310,310,-1.9382613610537,1.2909127608438
1,311,311,-1.80374021990726,1.20021663542692
1,312,312,-1.01811644337287,2.16011422767782
1,313,313,-1.45150737684662,2.25950132570606
1,314,314,-2.74215857709411,1.58919324459142
1,315,315,-2.71623476304183,1.99401363140904
1,316,316,-2.67196818969923,2.03869898258724
1,317,317,-0.941080095761576,1.56375788037234
1,318,318,-2.15470355295695,1.92683296242532
1,319,319,-1.55031166102759,2.05710231951887
1,320,320,-1.07141990393859,1.09139472096637
1,321,321,-1.691282010981,2.04396824709258
1,322,322,-0.969615951021369,1.83746756355135
1,323,323,-0.879743876688764,1.9660731378159
1,324,324,-1.77925077804354,1.73597989361779
1,325,325,-2.19514216260607,2.07751579595494
1,326,326,-2.03952679330783,2.00770420002099
1,327,327,-1.79597784915155,1.58946809562432
1,328,328,-1.58616499747458,1.38535225100451
1,329,329,-1.3037786195065,1.11049795791559
1,330,330,-1.5413628107167,1.46082248572116
1,331,331,-2.7592955987764,1.67589344521444
1,332,332,-1.5529370206377,1.09842662069044
1,333,333,-1.31887362742476,0.788232407264551
1,334,334,-1.41612095841542,1.30022946142165
1,335,335,-2.66842319007254,1.49873521019487
1,336,336,-1.43808810420298,0.830825389183921
1,337,337,-1.33861262584529,1.12466187800589
1,338,338,-1.74861269961501,1.25878556427484
1,339,339,-2.57753768016386,2.23612988957866
1,340,340,-2.39090573353709,2.07616551569555
1,341,341,-2.5667516622927,1.97325760902399
1,342,342,-2.98454259000715,2.14490575450213
1,343,343,-2.16451698066212,2.89863806681078
1,344,344,-1.86177229424084,2.07864296493556
1,345,345,-2.01321376649859,2.30604882149171
1,346,346,-2.17734484072111,2.66296001949936
1,347,347,-1.85194283565813,2.00294686877362
1,348,348,-2.21593265121379,2.44542706742019
1,349,349,-1.23902075529972,1.46281153684017
1,350,350,-1.48583343896314,1.55813491176542
1,351,351,-1.46727919257484,2.02096252092352
1,352,352,-2.49292889190973,2.1085195762655
1,353,353,-1.9228130512558,2.29123196203841
1,354,354,-2.14352370118432,3.27591728823849
1,355,355,-1.93286603232481,3.14863149038203
1,356,356,-1.08774595188552,2.63783016518023
1,357,357,-0.83634684903412,2.91362640392595
1,358,358,-1.10322949569271,3.73148071011058
1,359,359,-1.24634219621589,2.40106132307299
1,360,360,-2.95986936261083,3.16136389857642
1,361,361,-2.6646390051082,2.11466034281803
1,362,362,-2.6324628670727,2.12729169641985
1,363,363,-2.7847398697316,1.5701099712641
1,364,364,-2.4900013841311,1.22594022365993
1,365,365,-1.87445046643311,0.981928853728728
1,366,366,-1.96155581488393,1.07908923203588
1,367,367,-1.50153558908772,1.91560603707889
1,368,368,-2.05838912391419,2.70892552923677
1,369,369,-1.8440730517278,2.55386300485113
1,370,370,-1.28667681301408,2.07522554233559
1,371,371,-1.41668288849161,1.93448544082711
1,372,372,-2.52625986525338,1.54299928794235
1,373,373,-2.15530508332756,1.60175696903176
1,374,374,-2.03591614167118,1.23260171783683
1,375,375,-1.94072352284038,1.26559519053051
1,376,376,-1.88336968235986,1.21840282235635
1,377,377,-1.44356320903124,1.75444143402589
1,378,378,-2.96579310782481,1.87891365316803
1,379,379,-1.3631549039771,1.32542427811035
1,380,380,-2.57512436023723,1.98041894025576
1,381,381,-0.481470667809644,1.09213638179374
1,382,382,-1.76179605848112,1.94307786199168
1,383,383,-1.63009513770418,1.47846005904535
1,384,384,-1.41753984467348,1.59623792279206
1,385,385,-2.04101060968097,1.86743129590972
1,386,386,-1.11782608136755,1.31186699064696
1,387,387,-1.2043274528069,3.39222326312062
1,388,388,-0.126160984674771,1.86146469951201
1,389,389,0.0187016595250697,2.45286242650271
1,390,390,-0.114333059619793,2.13918538875525
1,391,391,-1.02663332820045,2.79103246692753
1,392,392,-1.22176289918564,2.27398908449363
1,393,393,-1.38634029484635,2.96534479507985
1,394,394,-0.833386043311122,1.78726592736515
1,395,395,-0.831527952465908,1.72151692292356
1,396,396,-1.58107662117361,1.73937002837571
1,397,397,-1.53241881531231,1.79128195452765
1,398,398,-1.57687225329479,2.08690314575291
1,399,399,-2.68301745773277,1.97525131316118
1,400,400,-1.16660565937495,1.96163680199855
1,401,401,-1.41775432491113,2.91168824494682
1,402,402,-1.57517028311739,3.38166084934413
1,403,403,-1.39639863640083,2.54705359617113
1,404,404,-2.18247059853228,1.38457039133168
1,405,405,-1.44485205430051,2.08023822609634
1,406,406,-1.89720066283312,1.35992655486988
1,407,407,-1.78247303121421,1.87599920077153
1,408,408,-2.15066951857324,1.92295903895064
1,409,409,-2.08891794988187,1.86865614430155
1,410,410,-2.37230246236567,2.33014050132957
1,411,411,-2.63897426713148,2.37126971164343
1,412,412,-3.44438056060213,2.10565164954059
1,413,413,-0.818602857619592,1.42222990235468
1,414,414,-0.673920744725252,2.04648823747289
1,415,415,-0.998692943771066,2.51103252854108
1,416,416,-1.79391298556052,2.87775613936917
1,417,417,-1.43645973798086,2.45548266220849
1,418,418,-1.64890851154298,3.25348985693984
1,419,419,-1.03566947067414,2.70090578123989
1,420,420,-1.28992036476477,2.67733819618092
1,421,421,-0.687957830888199,1.05419646123454
1,422,422,-1.67340426022016,1.95204061013826
1,423,423,-1.41776463084655,0.994968160597138
1,424,424,-2.70044409430473,1.75693532393589
1,425,425,-2.06483269833273,1.40910742568025
1,426,426,-1.9187676939963,1.60715828196875
1,427,427,-1.92534768712257,1.81743682794215
1,428,428,-1.55910397401956,1.6239908253493
1,429,429,-1.68580960017424,1.67486854465523
1,430,430,-1.31804585578878,2.111216359619
1,431,431,-3.49473346632795,1.51401541033212
1,432,432,-2.69965203423798,1.21394009278004
1,433,433,-2.89776790101635,1.48836646287541
1,434,434,-1.42100434742561,2.38364035168474
1,435,435,-1.61312384033144,0.939372475274571
1,436,436,-2.47906503180663,1.66925230101981
1,437,437,-2.65453484311706,1.34422640007402
1,438,438,-2.09837314308345,1.00275006896757
1,439,439,-1.4183642426079,1.05530881791314
1,440,440,-1.44456057485971,1.44611154431121
1,441,441,-2.40590358451587,1.3866106219832
1,442,442,-2.7991830652903,1.4803588500295
1,443,443,-0.680477992970106,0.494320896200867
1,444,444,-1.18276837407446,1.14097768054952
1,445,445,-1.13131424116121,1.10759547290831
1,446,446,-1.6709516017299,1.41028956867753
1,447,447,-2.03397824961516,1.23182682559697
1,448,448,-2.47393683036286,1.50541363960972
1,449,449,-2.40745740965554,1.73369993853785
1,450,450,-2.00633939095175,1.55674226176186
1,451,451,-3.05068088949633,2.99515346470377
1,452,452,-2.43446568591725,1.49733573233084
1,453,453,-1.45298542476046,1.07097947999825
1,454,454,-2.48384360935104,1.72636949168714
1,455,455,-1.81558262335157,1.31405836112475
1,456,456,-2.7191346775482,1.72778795448054
1,457,457,-2.87430822828415,1.97381846079046
1,458,458,-2.58004368670148,2.18100341180809
1,459,459,-2.66159993526007,2.17160685502048
1,460,460,-2.43953038171992,1.7553257905291
1,461,461,-1.9274255151607,2.44074836939033
1,462,462,-1.48703995372111,1.75969314087485
1,463,463,-1.99719988817855,3.14539635457191
1,464,464,-2.07940720350832,3.09810545104603
1,465,465,-2.07658505582115,3.4802270400238
1,466,466,-2.83173792610019,2.50326005662093
1,467,467,-2.16030555718535,3.14724285644034
1,468,468,-1.31433343933656,1.31482568628401
1,469,469,-1.52919226148471,0.982503359329359
1,470,470,-1.83813598472308,0.889605671997953
1,471,471,-2.28878770405619,1.48843570430213
1,472,472,-2.36707698445787,1.38412320919406
1,473,473,-1.9125396247939,1.05809682099151
1,474,474,-1.83155431429675,1.14672848836777
1,475,475,-1.44921381865595,0.929808112130335
1,476,476,-1.48660496653067,1.37236308741201
1,477,477,-0.421377224359235,2.09412122960371
1,478,478,-0.778358246448085,1.65360971626466
1,479,479,-1.39770272374279,2.12406049150651
1,480,480,-1.96376857234807,1.4936990850894
1,481,481,-1.5299033972371,1.31321579671394
1,482,482,-2.11019388923038,2.19691135277819
1,483,483,-1.96657869203717,2.39765193394458
1,484,484,-1.81271861470624,1.6172881099277
1,485,485,-2.03723105636652,1.88652295304204
1,486,486,-1.59608126983174,1.94251227225084
1,487,487,-0.868626078508173,1.22573523921031
1,488,488,-3.14103492405463,1.57955746296376
1,489,489,-2.21547683280357,1.18876899080392
1,490,490,-2.73537608715598,1.46215771714321
1,491,491,-2.36424658345272,1.85992038362602
1,492,492,-2.52162461331615,2.23758880093219
1,493,493,-3.75041854690333,2.76626441671522
1,494,494,-3.22371233400462,2.60793686952012
1,495,495,-2.2258298753959,1.53313459385551
1,496,496,-3.27651641692082,1.80080591111752
1,497,497,-3.25249667239129,1.70963520510272
1,498,498,-0.171548729079616,3.51626560176677
1,499,499,-0.44354499338774,2.70855695645753
1,500,500,-0.939138321530453,2.69736571395693
1,501,501,-1.5509673709444,2.61555993588972
1,502,502,-0.978571994310441,2.39178788554427
1,503,503,-2.45645824591851,2.16768100407588
1,504,504,-2.11851834047542,1.98058957198274
1,505,505,-3.29339451693336,2.95778600908372
1,506,506,-4.04893369007835,2.82214633136079
1,507,507,-2.28418425957791,1.77204662109374
1,508,508,-2.49698451336207,1.61616401890715
1,509,509,-2.51704822257269,2.15973993626029
1,510,510,-2.6179243907218,1.67342559902243
1,511,511,-1.53330254904777,2.25037323276446
1,512,512,-1.70322961347202,2.57693631940536
1,513,513,-2.22909314141484,2.4744986803321
1,514,514,-2.12693847603013,2.2365659251341
1,515,515,-1.71551189923043,1.86611873165603
1,516,516,-1.79618778669656,1.54718592351434
1,517,517,-1.99031183516016,1.36287351108236
1,518,518,-1.58135145023996,1.24243721490564
1,519,519,-1.40506437135544,1.08788393276435
1,520,520,-2.46935102099998,1.99082005409886
1,521,521,-1.86106405644192,1.69737985607526
1,522,522,-2.38873515605139,2.09359167063788
1,523,523,-2.71215622845295,2.44721378989893
1,524,524,-0.605407771150289,1.98786079010001
1,525,525,-1.20064066767224,2.69486227716088
1,526,526,-2.55577123544657,1.52845389517776
1,527,527,-2.4821317364017,1.46587019068223
1,528,528,-1.91896421285281,1.34131162215026
1,529,529,-2.82104572843904,2.37828126357608
1,530,530,-2.40050880907869,2.07497359290369
1,531,531,-1.21960096419401,1.19632423752365
1,532,532,-1.42906923030166,1.00757449944898
1,533,533,-1.09822487434399,2.13218692736473
1,534,534,-0.957586830949861,2.0059440275408
1,535,535,-0.936171179641182,1.37330872737697
1,536,536,-1.59297442104563,1.85748153525004
1,537,537,-1.65147201484546,1.45323673435849
1,538,538,-1.94620911671511,2.15308337864874
1,539,539,-1.80705904676242,1.42395345414413
1,540,540,-1.68307976324054,1.30409666895805
1,541,541,-1.77866172479232,1.25399965929679
1,542,542,-3.01731901793935,1.94553370358185
1,543,543,-1.97823548190633,1.26811053677181
1,544,544,-1.42989076743561,0.959432284417655
1,545,545,-3.9953165124465,2.37781091984127
1,546,546,-3.50311335168094,1.93070190689343
1,547,547,-2.93475235449386,1.73230315453453
1,548,548,-2.81455329107689,1.69047844264287
1,549,549,-2.5487951043241,1.48974014550348
1,550,550,-2.61659789238935,1.89156700857279
1,551,551,-1.53616067163978,1.31828487359335
1,552,552,-1.7411554566157,1.17382587681065
1,553,553,-2.09492962425717,1.6541837343162
1,554,554,-1.92985441156797,1.58776886508162
1,555,555,-1.6304830550589,1.83093379672084
1,556,556,-1.73705825170086,2.91387792535435
1,557,557,-3.10663012513813,2.61372824889902
1,558,558,-2.8084407862752,2.02851079699837
1,559,559,-2.67825178703945,2.36596760858301
1,560,560,-1.5197593665791,1.88812979752149
1,561,561,-1.77021821679459,1.51230019213045
1,562,562,-2.18445389148835,1.44213234697276
1,563,563,-2.16354447210355,2.215821279542
1,564,564,-2.44628050454572,1.75325958895093
1,565,565,-2.58331587733186,1.72365572118528
1,566,566,-2.39034465040493,2.37456957331353
1,567,567,-2.01076970525508,1.43031092521054
1,568,568,-1.65162541597831,1.17968260252543
1,569,569,-1.56163730241229,1.59473188857286
1,570,570,-1.6467911763255,1.75980995493315
1,571,571,-2.1910427563173,1.89412416864964
1,572,572,-2.55419019756279,2.29930581258055
1,573,573,-2.50775374381133,2.52461748638037
1,574,574,-1.97352792261282,1.42743878632271
1,575,575,-1.82611836638331,1.84206460225382
1,576,576,-1.79906992966901,2.41492040177412
1,577,577,-1.5624862270493,2.05833088277304
1,578,578,-1.68411840488839,2.3543660821283
1,579,579,-0.874415793928007,1.99045036077536
1,580,580,-0.314542704950968,1.88361155389233
1,581,581,-1.24057114188721,2.28215272795663
1,582,582,-1.10959857934086,1.56006072490319
1,583,583,-1.43429386504039,1.84238690549571
1,584,584,-1.97687946831861,2.4551082889231
1,585,585,-2.03664452331054,2.05089430642152
1,586,586,-2.18425586572483,2.27937670723588
1,587,587,-1.55324701847713,1.65364268559273
1,588,588,-2.28527820056453,2.50658283301011
1,589,589,-1.53640059832569,2.18654333227716
1,590,590,-1.54186232477588,2.4483840158322
1,591,591,-1.53635254704455,3.10644914527007
1,592,592,-1.30716344747437,3.66545428169817
1,593,593,-0.746569645331657,1.44456615012964
1,594,594,-1.06923364876415,1.88598141787452
1,595,595,-0.846798000596592,2.473317269671
1,596,596,-0.382751352329013,3.08226972400454
1,597,597,-0.558469545721572,3.11367510145481
1,598,598,-0.765682365024511,2.25078422424851
1,599,599,-2.92571110337321,1.63010051632058
1,600,600,-2.31163866218139,1.7813226956719
1,601,601,-2.4703338335368,2.14932573600725
1,602,602,-2.93666431092286,2.30063738060804
1,603,603,-2.17210109994782,1.09938143854742
1,604,604,-2.3992880439004,1.80076688800819
1,605,605,-2.37869752640743,1.82369743620834
1,606,606,-3.00627769907763,1.92251474162747
1,607,607,-2.7779624641392,2.53115453782704
1,608,608,-3.3277789194811,2.84674470923102
1,609,609,-2.08241823644492,2.83724034635501
1,610,610,-1.91195896526,2.35303795761809
1,611,611,-1.79421299567825,2.18581304758642
1,612,612,-1.75816009688643,2.2220598016462
1,613,613,-1.69122079337805,2.24094373282692
1,614,614,-1.50996578994377,2.90771275712401
1,615,615,-1.50513944860817,2.55354255732449
1,616,616,-0.932628243567702,2.53500844213914
1,617,617,-1.49044084521649,0.8964193883189
1,618,618,-1.97994242690101,1.71559384689295
1,619,619,-2.2914622318791,2.12031666005446
1,620,620,-2.01033316349397,1.24182475097697
1,621,621,-2.19953339539471,1.38213587867583
1,622,622,-1.59442146790331,1.56248387928143
1,623,623,-1.48877441486175,2.48019526841726
1,624,624,-1.13923300537613,2.08966569657846
1,625,625,-1.44868643025254,2.20786024797731
1,626,626,-1.74345273006513,2.43928064820364
1,627,627,-0.994128003943187,2.1343836436066
1,628,628,-1.68257181589912,1.97093834244481
1,629,629,-2.49273284521807,2.72573322124593
1,630,630,-2.36058672398879,2.89133950604852
1,631,631,-1.90440922736327,3.00619309836601
1,632,632,-1.56515549284556,2.02111685799152
1,633,633,-2.24792395391273,3.93736291158862
1,634,634,-2.61865768640855,3.82507101595133
1,635,635,-2.27541664264975,1.89261207788292
1,636,636,-2.07031184814694,1.68920403151578
1,637,637,-2.14052560202882,1.62173495281825
1,638,638,-1.8104378057859,1.29463639801361
1,639,639,-2.66211710877634,2.33703562564872
1,640,640,-2.07360168795759,1.93811488205365
1,641,641,-1.7465636870811,1.38935153408543
1,642,642,-1.24206530715214,1.51736397710488
1,643,643,-2.0723345261909,1.9868696413589
1,644,644,-1.45941920940906,1.56919423108734
1,645,645,-1.79943777685209,1.46811223368594
1,646,646,-1.84020671286986,1.48552337123388
1,647,647,-1.59525450853106,1.58685173595275
1,648,648,-2.03427780078844,2.02385163690706
1,649,649,-1.41994785164176,1.29300931117616
1,650,650,-1.46505876974416,1.67461968746771
1,651,651,-1.63360028363723,2.57255453478585
1,652,652,-1.80674826129715,2.6759539443274
1,653,653,-2.06266808597775,2.03228234102017
1,654,654,-2.29009237051769,3.24275082959071
1,655,655,-2.75152118649569,1.38268858278404
1,656,656,-2.06658562848731,1.22402651443003
1,657,657,-1.45736260870414,1.32881126987942
1,658,658,-0.854687454606484,1.33942055781466
1,659,659,-1.5693144823339,1.40614182421668
1,660,660,-2.02602239478334,1.43585903702922
1,661,661,-2.4352014570377,3.17255608800525
1,662,662,-2.71638810912038,3.02805450098866
1,663,663,-2.72114513869703,2.47956717842499
1,664,664,-3.41439862067138,2.67745275415959
1,665,665,-1.85922178371666,1.68259041864272
1,666,666,-2.32755074875187,2.21772044020844
1,667,667,-1.05687743528368,1.36818802698914
1,668,668,-2.54897861378586,1.53960073279601
1,669,669,-1.69162339850002,1.34363203177945
1,670,670,-1.98336643388308,1.28003158364661
1,671,671,-1.89621040874875,2.06682862762767
1,672,672,-1.20528842573733,1.7271642932257
1,673,673,-3.27451869714392,1.95033352021387
1,674,674,-0.852200756813505,2.16043904228441
1,675,675,-1.10574009098252,2.23228783116767
1,676,676,-1.79434953205696,1.98072395676493
1,677,677,-0.756013842427672,2.69695268592916
1,678,678,-0.959038420834586,2.44882056739446
1,679,679,-1.67990060323718,1.55111507720605
1,680,680,-2.0558634736256,1.43942911986674
1,681,681,-2.34689900910331,1.869479423005
1,682,682,-2.40965236554001,1.53359743613233
1,683,683,-2.93947860957389,1.83682550628181
1,684,684,-2.83167333708704,2.28173184221278
1,685,685,-1.78051472472417,2.280601720404
1,686,686,-1.16079710391095,1.76473055123478
1,687,687,-1.3668655133829,3.2077833261815
1,688,688,-1.1355204828105,2.69233685475795
1,689,689,-2.47853307830858,1.19489803290686
1,690,690,-3.0384396563328,1.35536344125271
1,691,691,-1.35288873781102,0.978262146977221
1,692,692,-2.38571785891931,2.99722374161682
1,693,693,-1.24854183566369,1.35936882493272
1,694,694,-2.53188983865409,2.75329287621269
1,695,695,-2.1954494705244,2.6338178790549
1,696,696,-2.07355587089378,2.11668634156407
1,697,697,-2.24976368259418,2.09812208286957
1,698,698,-2.60594846517298,1.52348822252194
1,699,699,-2.09706077433558,1.31514135907041
1,700,700,-1.54727103535339,2.28733607276964
1,701,701,-2.53711390705149,1.46261989607749
1,702,702,-2.49431288391382,1.39514582884972
1,703,703,-1.83934373519646,1.50069093906484
1,704,704,-1.23318338814546,1.47582894290979
1,705,705,-1.38998345662222,1.37980379551745
1,706,706,-2.07174006398732,1.4948588027135
1,707,707,-1.64210721931193,1.16689714783476
1,708,708,-1.42237803279849,1.05121308113123
1,709,709,-1.83344158764952,1.00411521612239
1,710,710,-1.97937010991017,1.80868858388688
1,711,711,-0.958933912508299,1.64309424825414
1,712,712,-0.4951628330264,0.898787897162887
1,713,713,-0.743784003952546,1.03303101986962
1,714,714,-2.5222379195707,2.29158135433731
1,715,715,-2.0845397725202,1.8425776619307
1,716,716,-1.98222549638519,1.72529854596801
1,717,717,-1.8408764865368,1.54257293315694
1,718,718,-1.43774624011484,1.24604504997805
1,719,719,-1.85277641802107,1.81521683845768
1,720,720,-1.7915524521917,1.7712028109592
1,721,721,-2.20893406181414,1.79670343710136
1,722,722,-2.29895625633249,2.90383456269539
1,723,723,-1.77560871191546,3.27433835445549
1,724,724,-0.820496708429208,2.05323475750293
1,725,725,-0.306828026879992,2.8489971683099
1,726,726,-0.852927900849311,1.80395503165699
1,727,727,-0.70745352286885,1.32561524238763
1,728,728,-1.19556141091675,2.32758066261903
1,729,729,-1.10636888549456,2.53107876158532
1,730,730,-1.58441861552613,1.63899803006795
1,731,731,-1.86416938610237,1.95100593910321
1,732,732,-1.26630039013525,2.00743394543236
1,733,733,-1.54415630591198,2.60377233329302
1,734,734,-1.75210862952512,2.4684355294996
1,735,735,-1.48768283446475,2.25788481915102
1,736,736,-1.47845968367401,1.91814454059968
1,737,737,-1.86363266798581,2.47198137122311
1,738,738,-3.14461649039441,3.53009058969827
1,739,739,-2.65792053155735,2.75818359568337
1,740,740,-2.74826423769726,2.90029179625869
1,741,741,-2.31256196470374,2.11836684098506
1,742,742,-3.14218248414994,2.60331825840184
1,743,743,-3.31191355214281,2.38002044673479
1,744,744,-1.43737452319117,0.930660266954934
1,745,745,-2.48856273660377,1.68793976256374
1,746,746,-2.12797517048919,2.13543871867646
1,747,747,-1.12200974378765,2.50672018134759
1,748,748,-1.39463379000479,2.63383017090853
1,749,749,-1.48561201972003,2.34740556541547
1,750,750,-1.232526685758,1.57852194807228
1,751,751,-1.27245848471502,1.71988785124514
1,752,752,-2.01086181569199,1.96273180653148
1,753,753,-1.35344040912297,1.46609905174567
1,754,754,-2.33616548025865,2.76421453615018
1,755,755,-1.34234583699926,1.26815836366403
1,756,756,-1.83467966527049,1.62571224218006
1,757,757,-2.10464423894562,1.63042849847911
1,758,758,-0.905075417640043,2.0296654029491
1,759,759,-1.00404447920012,1.85948817444828
1,760,760,-1.66659156109818,3.53426706747752
1,761,761,-1.2979055135546,3.67138957334062
1,762,762,-1.71203374332576,1.47003066215775
1,763,763,-1.92864094494785,1.68171336367375
1,764,764,-1.86928457167944,1.73653213453841
1,765,765,-0.915948455597493,0.848091481499931
1,766,766,-0.882094913563032,0.699404789999206
1,767,767,-1.86420894157107,1.24679107172833
1,768,768,-1.94949030281798,1.11534136908776
1,769,769,-1.73721825621628,0.924433312378575
1,770,770,-1.58850705968744,1.14590415872522
1,771,771,-1.04869146731966,0.720252120522534
1,772,772,-0.907985646169417,0.739006678651577
1,773,773,-1.21797030974183,1.06656058349382
1,774,774,-1.19865655312374,0.96755958919129
1,775,775,-1.28498193685683,1.81078732258446
1,776,776,-0.994734313542416,2.57755196876508
1,777,777,-0.575558591432369,1.66210549869671
1,778,778,-0.527956424459738,1.30890215408931
1,779,779,-3.76215022229071,1.95509620449951
1,780,780,-3.48499202908575,1.84922408841097
1,781,781,-2.64054157909538,1.8612900800628
1,782,782,-2.99491385807744,3.11905242212063
1,783,783,-3.29478401413651,1.92652434957743
1,784,784,-3.16271638307169,1.99675993033641
1,785,785,-1.0968609931593,1.72609964711694
1,786,786,-1.46782368519156,1.55056129667238
1,787,787,-1.77930077717545,2.45481389427666
1,788,788,-2.09722646067285,2.25003511744477
1,789,789,-1.94696660422831,1.33400918422268
1,790,790,-1.38084291806772,1.2985326521637
1,791,791,-2.9381511263395,1.65629253474305
1,792,792,-2.78860476956176,1.57765619555272
1,793,793,-1.85559412426917,1.457757048478
1,794,794,-1.73698346060364,2.25053263810955
1,795,795,-2.50512685087472,2.3788072251893
1,796,796,-2.02545682835884,2.6345346711794
1,797,797,-2.95377386175026,2.2706442226824
1,798,798,-2.90881428862572,2.01742408801688
1,799,799,-2.57949628226861,1.59440050266699
1,800,800,-2.82964105055209,1.80827119696295
1,801,801,-2.44200434687076,1.80634009087386
1,802,802,-2.53380501716356,1.77587242262387
1,803,803,-1.57751251459001,1.21338901010363
1,804,804,-2.23120950472791,1.1229393748602
1,805,805,-2.27161770365377,1.21351748807588
1,806,806,-2.21975791226315,1.40014482525399
1,807,807,-1.95356724928572,1.26683079413892
1,808,808,-1.91235883694104,1.31680485622244
1,809,809,-1.96195284128123,1.37399686187143
1,810,810,-2.14247285159246,1.52497351303465
1,811,811,-2.20850498873209,2.41445771801399
1,812,812,-1.6377253131939,1.25019394334102
1,813,813,-1.64183713377961,1.04796901940225
1,814,814,-2.17492140192086,1.33814016888674
1,815,815,-1.8869239731424,1.54911170414884
1,816,816,-2.36399535539281,2.05834918463998
1,817,817,-1.94657442574349,1.97119414672486
1,818,818,-1.97338070181977,1.91564319571079
1,819,819,-1.8722705654904,1.77228198381379
1,820,820,-1.42800141602887,1.20231960712106
1,821,821,-1.48688974340534,1.23776810924602
1,822,822,-1.55446499300847,1.70448031634082
1,823,823,-1.18074943164126,1.28309030600867
1,824,824,-2.06619338921286,2.49602886059236
1,825,825,-1.63623524394436,0.861712734201344
1,826,826,-1.54415933249566,1.82071233270072
1,827,827,-2.09155736192265,1.91014544446353
1,828,828,-1.63873713554432,1.9946968412331
1,829,829,-1.597472902687,2.37413258452924
1,830,830,-2.66303000927038,2.39085704303439
1,831,831,-2.61589779971251,2.59049512888832
1,832,832,-3.28765053049843,3.68307765924321
1,833,833,-2.91727348434301,3.47718223897451
1,834,834,-2.92931054004684,3.25031260152799
1,835,835,-2.96836530285292,3.29637359574004
1,836,836,-2.05590308645433,2.47952896435399
1,837,837,-2.03867713742462,2.12577465407998
1,838,838,-1.84583093563483,1.76239887345894
1,839,839,-1.60571945712214,1.79090785196429
1,840,840,-1.81181302771493,2.35460680494353
1,841,841,-1.74468909160377,2.42164833141689
1,842,842,-1.90556729826155,1.76094346967955
1,843,843,-2.19904441178652,1.69866977706326
1,844,844,-1.21567468894895,1.76675821850355
1,845,845,-1.29425573345716,1.61524231602307
1,846,846,-2.20086545453915,1.78782288645475
1,847,847,-1.59805912633619,1.62352100408612
1,848,848,-2.51148630420928,2.38179549428984
1,849,849,-2.04374830548492,1.70656504915398
1,850,850,-2.61336275072749,1.92130391546663
1,851,851,-3.56026431904013,2.27213807856015
1,852,852,-2.15604407989357,1.14486515134304
1,853,853,-2.21886951599942,1.30140375950392
1,854,854,-1.80815718728974,1.16166563845641
1,855,855,-1.01250185308435,1.10881170410628
1,856,856,-1.08555987910402,1.52986315482964
1,857,857,-2.10708553694105,2.01594550423592
1,858,858,-1.94177292881118,1.76801041905236
1,859,859,-1.47133070656659,1.83948063785963
1,860,860,-1.00532276167375,1.45372733700559
1,861,861,-2.28863465216155,1.9788742172733
1,862,862,-1.83967689585318,1.4521039352086
1,863,863,-0.877936469673191,0.461152768153139
1,864,864,-2.2911587569379,1.11279991839476
1,865,865,-1.20130224122851,0.786806686408405
1,866,866,-1.12267467033875,0.723729865049851
1,867,867,-1.78207243581186,1.71730926520523
1,868,868,-1.13095112927639,1.13969713085344
1,869,869,-0.35989712465365,1.10521656627315
1,870,870,-1.90113509978273,2.56335097549897
1,871,871,-1.95678518596593,1.63425803461527
1,872,872,-2.66778205626551,1.87388025726957
1,873,873,-2.63933984020043,1.54206732105675
1,874,874,-2.25406374591728,1.70031451715328
1,875,875,-2.55423068085471,1.92236309996854
1,876,876,-1.78771088379127,1.57616017177157
1,877,877,-1.96469181837741,1.50599826265639
1,878,878,-2.80143093362053,2.03290125487069
1,879,879,-1.73877177565563,1.47176096205072
1,880,880,-2.33947710815592,1.40094918807672
1,881,881,-2.36944680270691,1.42786436677604
1,882,882,-2.12111356025838,1.66387072311216
1,883,883,-2.30145086736089,1.8593829000037
1,884,884,-2.62166758715552,2.04197370047985
1,885,885,-1.75440419606381,2.37977683055927
1,886,886,-1.69873100560358,2.06031717363191
1,887,887,-1.86392392633956,2.24009650052867
1,888,888,-1.7879874569746,1.24780938371672
1,889,889,-2.25483772355902,1.57509593275621
1,890,890,-2.20288859495009,1.85239683970421
1,891,891,-2.15523383509144,2.37893514515131
1,892,892,-1.43560798130708,2.60808506641015
1,893,893,-1.0841974097923,2.05178268338635
1,894,894,-1.38186757280268,1.68639945256268
1,895,895,-1.4464037071106,2.06902067130888
1,896,896,-3.25047031795171,1.95589081823727
1,897,897,-2.44533270498818,2.37434698529192
1,898,898,-2.32884187924967,1.83526922671027
1,899,899,-2.07206432441558,1.89547820096585
1,900,900,-1.99001684634981,1.46795259923948
1,901,901,-3.01550369302683,1.88122690863548
1,902,902,-2.28162824981024,1.16174596274139
1,903,903,-2.31570296225356,1.65841886851917
1,904,904,-2.29159137468888,1.25848437517969
1,905,905,-2.5594449925656,1.91986830975172
1,906,906,-1.23358444160109,2.10011903048327
1,907,907,-1.3770629972602,1.54385739222944
1,908,908,-1.46984243594373,1.3178901793806
1,909,909,-1.27343318428781,1.3242660134219
1,910,910,-1.73776132589538,2.49070375470035
1,911,911,-2.89108269405244,4.06510768374119
1,912,912,-2.95617243672227,4.64895392853662
1,913,913,-2.75745195511166,3.70702189154625
1,914,914,-2.78926218136421,4.05585896029057
1,915,915,-1.50296991680419,1.50131949267085
1,916,916,-2.44232770585501,2.16932218860283
1,917,917,-1.35860370093762,2.08953455894209
1,918,918,-0.981822329392653,2.69688836613029
1,919,919,-1.52676440954755,2.95649404318222
1,920,920,-1.46063080370917,2.60444152495156
1,921,921,-1.82458059975507,2.38867298081626
1,922,922,-1.46848302812473,1.87738283981302
1,923,923,-2.5870961229819,2.72381131300596
1,924,924,-2.83790928950205,2.27623856401236
1,925,925,-1.48894260626747,0.771393074865669
1,926,926,-2.53151093055158,1.51371618093643
1,927,927,-1.81491900793686,1.63663643657255
1,928,928,-0.751740080081242,1.84560228858041
1,929,929,-1.12283486216945,1.62584130299604
1,930,930,-0.711711328165826,2.19425911291709
1,931,931,-0.615487473387732,2.29507740187463
1,932,932,-1.45733924623892,2.48869662355749
1,933,933,-2.51667395424901,1.84823731110676
1,934,934,-2.01170206981582,1.34288691790153
1,935,935,-1.49928117496393,2.33113069395938
1,936,936,-2.08761312623398,2.47418792923208
1,937,937,-2.21964556279084,2.37115441714069
1,938,938,-3.0595400223092,2.42600473119762
1,939,939,-2.60669029938605,1.90231774206106
1,940,940,-3.40702585679843,2.21345468488114
1,941,941,-2.9539915758214,1.66419809661524
1,942,942,-1.4358126442005,0.875637965463375
1,943,943,-0.915318697548603,1.12533062344304
1,944,944,-1.06085295075774,1.29128074860611
1,945,945,-2.14728790225017,1.5462443717123
1,946,946,-1.1499901124528,1.71141879488375
1,947,947,-0.926415099158436,1.40160271356749
1,948,948,-1.79059503199416,2.19029900424729
1,949,949,-0.606990173493497,0.984741092683379
1,950,950,-1.43181773278236,1.9415082750913
1,951,951,-0.784016396891246,1.41491602020364
1,952,952,-1.65680169302921,1.76304123880753
1,953,953,-0.966193304694499,2.81436522059509
1,954,954,-1.30171415948261,2.05614490706425
1,955,955,-0.917078112676377,1.68770175840345
1,956,956,-1.04647416352461,1.23371770330711
1,957,957,-2.06615256987397,1.91933806051108
1,958,958,-2.09809798885908,1.7034060154548
1,959,959,-2.15934742414303,1.99541382387469
1,960,960,-0.855857060759299,0.79251552936353
1,961,961,-1.52137142032369,1.41083104136061
1,962,962,-1.84263925972119,1.55261072395422
1,963,963,-1.63756614027534,2.37415837479701
1,964,964,-1.5380766343719,0.854656338225125
1,965,965,-1.14432189874565,1.65600014707324
1,966,966,-0.603558075519102,0.997144899543995
1,967,967,-1.67195705812141,1.08098104221197
1,968,968,-0.981902720300002,0.832341081674635
1,969,969,-3.06218745090387,2.24000425416139
1,970,970,-0.635516398418438,0.640854735512441
1,971,971,-1.97842815876097,1.54879592209601
1,972,972,-1.54780915837084,1.28088262565753
1,973,973,-2.14063298806199,1.73029141663197
1,974,974,-1.35551417423019,1.28795288485702
1,975,975,-1.79754307624425,1.52168176445714
1,976,976,-1.58872700940034,2.06047918292708
1,977,977,-1.72767489088915,1.57868184852854
1,978,978,-1.72724298863387,1.66304994468978
1,979,979,-1.80518533595272,1.58348835775107
1,980,980,-2.97709388490171,2.13905999002581
1,981,981,-1.90498505214463,1.45105732509488
1,982,982,-2.21065610592646,1.69506166953766
1,983,983,-1.35137446474007,1.53522964322426
1,984,984,-0.857277437006743,1.3398644214241
1,985,985,-0.782238072826827,1.44459202989729
1,986,986,-1.39725456855256,3.06036771121936
1,987,987,-1.24699133707741,2.82993584187112
1,988,988,-2.13696041610984,1.75978939347402
1,989,989,-2.67772251451012,1.72726788087459
1,990,990,-2.17605576405452,1.18779083165895
1,991,991,-1.78095304195577,1.90346705637344
1,992,992,-1.62720333854521,2.99521552303552
1,993,993,-2.02025396258628,2.32590363075732
1,994,994,-1.11886241487572,1.8883547687875
1,995,995,-1.31137339314492,2.69022153498326
1,996,996,-0.363542737952884,2.22468063983005
1,997,997,-1.11294272264064,1.81046845578196
1,998,998,-1.66376888162227,2.28852219729047
1,999,999,-1.16312099866435,1.26592366788552
1,1000,1000,-0.997626396872081,1.39005720694076
1,1001,1001,-2.24643847686915,1.13532058391995
1,1002,1002,-2.11342888189302,1.53321369767972
1,1003,1003,-2.77888092696679,2.59417803911495
1,1004,1004,-3.23100015613221,2.59039494956741
1,1005,1005,-2.10663579298328,1.48745860791372
1,1006,1006,-3.10797393030734,2.2446491516111
1,1007,1007,-1.19231211571016,1.28577562853678
1,1008,1008,-2.11205051135115,2.34060300979808
1,1009,1009,-1.300453777255,1.16116174651044
1,1010,1010,-1.67865783084484,1.49520783601026
1,1011,1011,-1.37230151350754,1.08362098074144
1,1012,1012,-1.65432351355296,1.29727974940946
1,1013,1013,-1.45479706566772,1.9154863005642
1,1014,1014,-1.16469048795902,1.66007911827775
1,1015,1015,-1.97483222018109,2.32925131242912
1,1016,1016,-2.44181175325777,2.84193372545184
1,1017,1017,-2.42068400957792,2.15760989923941
1,1018,1018,-1.80674683720113,2.51402591167521
1,1019,1019,-2.56839284609762,2.09417462760731
1,1020,1020,-2.83060860091388,2.02504200063898
1,1021,1021,-2.65439768049491,2.23450443917374
1,1022,1022,-2.23352620785618,2.18763729007345
1,1023,1023,-2.2301060188457,2.91974294120649
1,1024,1024,-0.988075156288968,1.70729884594399
1,1025,1025,-0.916902606957503,1.57270577119396
1,1026,1026,-1.20941610603496,1.52136053926805
1,1027,1027,-2.17915458563815,1.79570379971639
1,1028,1028,-2.19842035740307,2.08251266794785
1,1029,1029,-2.32747525346634,3.14125667398272
1,1030,1030,-2.73422171001828,3.20982353147552
1,1031,1031,-2.23187537723914,2.65193774129402
1,1032,1032,-0.56431541030435,1.6808591405263
1,1033,1033,-1.91746976541839,2.81655649284818
1,1034,1034,-1.18748757925907,2.35252744201909
1,1035,1035,-1.033170988099,2.18219591200804
1,1036,1036,-0.325507168270466,2.29075355134405
1,1037,1037,-0.512530788639748,2.92693149217002
1,1038,1038,-0.865950716656026,1.89896221662184
1,1039,1039,-1.26320344168998,2.2875034617766
1,1040,1040,-1.01390571629981,1.86727538220137
1,1041,1041,-1.01738396819993,1.7318188261546
1,1042,1042,-2.81708942299959,3.98642837959311
1,1043,1043,-2.57853323673036,3.23845372533763
1,1044,1044,-2.6586964248118,2.5616495634845
1,1045,1045,-2.87367561668433,2.02432175242065
1,1046,1046,-2.30786531177583,2.18509536393454
1,1047,1047,-2.72460562412802,2.02839259634748
1,1048,1048,-2.57744198650546,1.61346186871805
1,1049,1049,-1.73146075050143,1.94731091176587
1,1050,1050,-1.42009140204402,1.75539428490144
1,1051,1051,-0.705284181094177,2.2882282812844
1,1052,1052,-0.385068380927602,1.82391545722479
1,1053,1053,-0.18410807498951,2.15840146404179
1,1054,1054,0.227246806782126,3.41995519390958
1,1055,1055,0.269594843375232,3.28158501817473
1,1056,1056,-0.723145643474682,3.75953190982674
1,1057,1057,-0.630252533481767,2.33386735840224
1,1058,1058,-1.66686655034613,2.41353397202739
1,1059,1059,-1.23458301870263,1.32688259485888
1,1060,1060,-2.18285600227098,1.89617892227849
1,1061,1061,-2.32127852593188,2.02907993716851
1,1062,1062,-2.56102523355874,1.91931141027764
1,1063,1063,-2.30283055882636,1.52159972325099
1,1064,1064,-1.61733249910709,1.7425205911537
1,1065,1065,-1.48401598772667,1.81316628354049
1,1066,1066,-1.54204942430476,1.68539114110814
1,1067,1067,-0.916588676982889,1.75844657068178
1,1068,1068,-1.1237588814873,1.84633413953065
1,1069,1069,-1.86949038907063,2.27709605412726
1,1070,1070,-1.78482323831874,1.89095933623507
1,1071,1071,-2.17414875736353,2.24041210097866
1,1072,1072,-2.14072420865687,1.97521924766003
1,1073,1073,-2.06835521393989,1.93651962904365
1,1074,1074,-2.21615496016915,2.10718039380583
1,1075,1075,-1.85045573456516,1.29468839574384
1,1076,1076,-2.27473667709755,1.62106535471587
1,1077,1077,-2.48095652993062,1.60718935063955
1,1078,1078,-2.01715809949126,1.41329317494081
1,1079,1079,-1.70307753097516,1.61204014403323
1,1080,1080,-1.90384447992376,2.08388746633679
1,1081,1081,-1.20861229952829,1.44677840279855
1,1082,1082,-1.63842819685266,1.38182919551339
1,1083,1083,-1.35399167315958,1.20804106361118
1,1084,1084,-1.61600243552933,1.81260766235455
1,1085,1085,-1.59543055321789,2.588438551284
1,1086,1086,-1.76988952869965,2.32250468066232
1,1087,1087,-1.54474080437614,2.42857137824594
1,1088,1088,-1.4157889751602,1.90690483190602
1,1089,1089,-1.70674660947631,1.12681084528556
1,1090,1090,-1.92029252781779,1.90218364940084
1,1091,1091,-2.24713171389127,1.91511529314156
1,1092,1092,-1.48018737757629,1.516674925957
1,1093,1093,-1.71134921945036,2.44747726339132
1,1094,1094,-1.38682970164093,1.48423214427618
1,1095,1095,-1.48670221688699,2.07394719957667
1,1096,1096,-1.09610855430636,2.06813583657729
1,1097,1097,-0.747906209830093,2.75126875201203
1,1098,1098,-0.90842197201076,2.90720994177742
1,1099,1099,-1.21626342846521,2.02225325065955
1,1100,1100,-2.07394459677287,2.12970494413507
1,1101,1101,-1.94417070716097,2.23779094235963
1,1102,1102,-2.6122437274612,2.08823893955599
1,1103,1103,-2.01097060488683,2.027255603038
1,1104,1104,-2.05900005756704,2.05402397847755
1,1105,1105,-1.85344194212037,2.12897876897958
1,1106,1106,-1.85491464834181,1.57192071624015
1,1107,1107,-2.00121881865838,1.93064812274333
1,1108,1108,-1.82757480584129,1.55624181395359
1,1109,1109,-0.826986883662201,1.25096563744063
1,1110,1110,-1.26608016626074,2.31336539357039
1,1111,1111,-1.15854743712478,2.06202192662666
1,1112,1112,-2.47060951108211,2.04929702385391
1,1113,1113,-2.91569771527866,2.54056985714085
1,1114,1114,-0.577887238603075,1.77375860236751
1,1115,1115,-2.26426648024704,3.11654804519081
1,1116,1116,-2.17818538907336,2.45105320212536
1,1117,1117,-1.91012038772374,2.16893017385889
1,1118,1118,-1.6579602732651,1.75803136249451
1,1119,1119,-2.27446100902531,2.54653917714465
1,1120,1120,-2.42629371457541,3.5124420987598
1,1121,1121,-2.12251694128746,4.29019968009502
1,1122,1122,-2.89907729141102,1.46549895707818
1,1123,1123,-2.30104309965237,1.8730558197288
1,1124,1124,-2.28057269655712,2.06305509531167
1,1125,1125,-1.6386562302501,1.43835387515766
1,1126,1126,-1.76924372877092,1.54924819240052
1,1127,1127,-1.50675715153254,1.46904609503394
1,1128,1128,-1.71663962822846,1.34642890442006
1,1129,1129,-2.08885202240402,1.97846863467202
1,1130,1130,-1.61550890153708,1.19769548684249
1,1131,1131,-1.42575129247661,1.19365148422701
1,1132,1132,-1.55142992184312,1.13262651578296
1,1133,1133,-1.45371272116713,1.07951031510625
1,1134,1134,-1.65794340607101,1.43229666361397
1,1135,1135,-2.17211909352559,1.44456996381713
1,1136,1136,-2.06252171734137,1.32300838146843
1,1137,1137,-2.09981410334351,2.2441608765099
1,1138,1138,-1.76872312219611,2.44777277163843
1,1139,1139,-2.43854184506339,2.9693470220833
1,1140,1140,-1.94668830441256,2.61977011381646
1,1141,1141,-2.71481668551065,1.83643240357815
1,1142,1142,-3.4992918743208,2.03270278375034
1,1143,1143,-1.15235125308858,1.4182742180249
1,1144,1144,-1.76605804849257,2.45555992083107
1,1145,1145,-1.3389823908792,2.02005405623267
1,1146,1146,-3.13902295915479,1.80500108089612
1,1147,1147,-2.23963772054289,1.42088663569998
1,1148,1148,-2.19418355563639,2.96192548661683
1,1149,1149,-2.46388075853915,1.21450950557145
1,1150,1150,-2.02159448741119,1.14546189414527
1,1151,1151,-2.7310568358536,2.15691914281965
1,1152,1152,-2.21003698702596,1.97756430916211
1,1153,1153,-1.528714218509,1.15192142889539
1,1154,1154,-1.22535734929177,1.03387576318075
1,1155,1155,-2.05220921992599,2.19062822600929
1,1156,1156,-1.39651122337503,2.1814036016586
1,1157,1157,-2.13500615249551,2.00704458500497
1,1158,1158,-1.96685252809293,1.82231856023887
1,1159,1159,-2.10605481183621,3.43368967193901
1,1160,1160,-1.99682545127887,2.74874745043741
1,1161,1161,-2.3477640196517,2.39531291269365
1,1162,1162,-2.07906409228537,1.79489124038556
1,1163,1163,-2.6794587426351,2.07591670824337
1,1164,1164,-2.18546723276213,2.07721846254132
1,1165,1165,-4.37603927455619,3.73485306028813
1,1166,1166,-4.08984534997443,3.89904341874046
1,1167,1167,-3.60195989000069,1.85257034656214
1,1168,1168,-4.18071804440103,2.25503783182564
1,1169,1169,-2.1981053274468,2.13565168356085
1,1170,1170,-2.48908967365894,2.14038357096026
1,1171,1171,-2.36598249674172,1.89828130319542
1,1172,1172,-2.01878320224651,1.83858165707658
1,1173,1173,-2.15097858949306,1.86552797674188
1,1174,1174,-2.48466647856135,1.8536508141831
1,1175,1175,-2.11975260977544,1.88450071487264
1,1176,1176,-2.02196082901536,1.96373587136584
1,1177,1177,-1.50514502228976,1.29824376592916
1,1178,1178,-0.865675261721043,2.04256347684999
1,1179,1179,-0.00692827509680378,2.43729062436007
1,1180,1180,-0.168131181201237,2.16483468007766
1,1181,1181,-3.920894432846,2.4015239263415
1,1182,1182,-3.47801654082821,2.05739504190397
1,1183,1183,-1.74014243718768,2.21506257910385
1,1184,1184,-1.33728569722656,1.87415950302937
1,1185,1185,-1.45313734441331,3.25264701134699
1,1186,1186,-1.15637766774863,2.0350239165664
1,1187,1187,-2.33288696817502,1.60234701175761
1,1188,1188,-2.13801918287788,1.6457250158534
1,1189,1189,-2.13784804117897,1.71446372361012
1,1190,1190,-2.45878826704014,1.91195291839481
1,1191,1191,-1.82027375235322,1.36159257570803
1,1192,1192,-2.61716370760464,1.66010849965295
1,1193,1193,-2.72596816374898,1.49483093464834
1,1194,1194,-2.62632647673106,1.53556460959316
1,1195,1195,-2.46102622538739,1.45662261517766
1,1196,1196,-2.25719298488064,1.30521676873445
1,1197,1197,-1.66792247149036,1.1875399496062
1,1198,1198,-1.93933061337113,1.71961075218705
1,1199,1199,-1.14931718913039,1.50324821934271
1,1200,1200,-3.39783537601841,2.07240574373437
1,1201,1201,-1.82955173350663,2.35725738087471
1,1202,1202,-2.15995665654604,2.13745271495405
1,1203,1203,-1.89725304502703,1.75433836334567
1,1204,1204,-2.40401319536611,1.81451212690147
1,1205,1205,-1.62942326299251,2.19494165890314
1,1206,1206,-1.71698584551886,2.51013482961735
1,1207,1207,-1.33416765944554,1.65000114963124
1,1208,1208,-1.32925832383687,2.11426594378674
1,1209,1209,-1.29160789156458,1.92469522854285
1,1210,1210,-1.16467319731519,1.82211490203837
1,1211,1211,-1.29538530438016,1.50144314482309
1,1212,1212,-1.70165565306072,1.4134137735206
1,1213,1213,-1.72636027611185,1.26874858516901
1,1214,1214,-1.82534208338313,1.33035336304274
1,1215,1215,-1.6666412682455,1.38315983087571
1,1216,1216,-2.46427438068162,2.01195788095794
1,1217,1217,-2.42984757072064,1.68164023447707
1,1218,1218,-2.26313380575706,1.14621129101692
1,1219,1219,-2.14505440878903,1.17212628162634
1,1220,1220,-1.40035788303991,1.89583480141171
1,1221,1221,-3.22284509232992,2.43894463972452
1,1222,1222,-2.75943070179077,2.94664190692194
1,1223,1223,-2.62872667864116,2.94258905264773
1,1224,1224,-1.90199880631641,2.42574778012464
1,1225,1225,-2.52679756623054,2.12692765349635
1,1226,1226,-2.95519316825408,2.46019783051999
1,1227,1227,-1.76729118528631,1.17143601559465
1,1228,1228,-2.3142947507463,1.41098539522173
1,1229,1229,-2.22826364560336,2.03017845266899
1,1230,1230,-2.39509517313044,2.07520871505746
1,1231,1231,-2.84018840030747,2.44102049556112
1,1232,1232,-1.48578965479206,2.93006053324857
1,1233,1233,-0.934171012514264,2.1104291214437
1,1234,1234,-0.519608513738173,2.00125252389928
1,1235,1235,0.194149410462013,3.62712478231159
1,1236,1236,-1.91611413928173,2.08232873630687
1,1237,1237,-2.679376718129,2.23060153503715
1,1238,1238,-3.15827951883253,2.06983761981982
1,1239,1239,-1.71968985309964,1.15659910838859
1,1240,1240,-2.31839674100738,1.1991974230457
1,1241,1241,-1.77848464579942,2.30892674587746
1,1242,1242,-1.99639068819036,2.15511971296642
1,1243,1243,-1.48999437763725,1.63404021675833
1,1244,1244,-2.36640349265779,1.72896254712958
1,1245,1245,-2.44909698885076,2.37641785887274
1,1246,1246,-4.08787914847181,3.10892244166974
1,1247,1247,-2.34362521440158,1.9529316260927
1,1248,1248,-3.21523683980644,2.54762019811757
1,1249,1249,-0.653490114970723,1.97539524027735
1,1250,1250,-0.8022543458999,1.89746259705872
1,1251,1251,-2.73906675256287,2.19127011395172
1,1252,1252,-0.908923553173113,2.10589983306267
1,1253,1253,-1.64714700675286,3.86814811174125
1,1254,1254,-3.2336638593278,1.41424558588242
1,1255,1255,-3.13598429547264,2.35332382138638
1,1256,1256,-3.11032857060416,2.27824889547796
1,1257,1257,-1.5182860218254,1.98054155293124
1,1258,1258,-1.02851058904071,1.74841961872796
1,1259,1259,-2.36208455647681,2.57389139788681
1,1260,1260,-1.75221953567581,1.89181714265159
1,1261,1261,-1.27404206051428,2.04848443796157
1,1262,1262,-1.76988093772351,1.93688954081284
1,1263,1263,-1.53995308337262,1.63533237655104
1,1264,1264,-2.59438046691735,1.90236319632987
1,1265,1265,-3.20129974656589,2.52641563134304
1,1266,1266,-3.54689604415927,2.71635891395857
1,1267,1267,-3.32450962595799,2.67982974822895
1,1268,1268,-3.05555123166399,2.05659501119264
1,1269,1269,-2.7346916125028,2.07168129765125
1,1270,1270,-2.66625653338231,1.8693323012517
1,1271,1271,-1.70131454995025,2.85875224671842
1,1272,1272,-1.50502189226369,2.42764089135083
1,1273,1273,-0.481874678261553,2.37703502454863
1,1274,1274,-1.5092067495814,2.91517433880207
1,1275,1275,-1.55050766261045,1.9152815321428
1,1276,1276,-1.78638383956368,1.80079640637151
1,1277,1277,-1.60574149798945,1.5136086470076
1,1278,1278,-2.41542138326009,1.47033747299133
1,1279,1279,-2.12969686106075,1.65227787366102
1,1280,1280,-2.36450255076741,2.01767592192177
1,1281,1281,-2.34458926239926,1.53838516819571
1,1282,1282,-1.86173779455899,1.55488084685554
1,1283,1283,-1.84161817539883,1.95757803143543
1,1284,1284,-2.61358443195263,2.40332272193905
1,1285,1285,-2.25591382083283,2.53297681914409
1,1286,1286,-2.02490244538571,2.42439602134797
1,1287,1287,-1.94129069904067,2.96239706725325
1,1288,1288,-2.26465007844118,2.90135999863062
1,1289,1289,-2.3770702691324,2.77753421207856
1,1290,1290,-1.99066412939226,2.68358543064788
1,1291,1291,-2.22309798608659,2.37211358948993
1,1292,1292,-2.96966201925333,3.15051152033344
1,1293,1293,-2.15231288473814,2.4709920181798
1,1294,1294,-1.97419753837907,2.47359908538763
1,1295,1295,-1.80045577828945,2.23972848584574
1,1296,1296,-1.74228534852339,2.39632262412053
1,1297,1297,-3.19826791371116,1.49897897893912
1,1298,1298,-2.52312843519556,1.35029109379562
1,1299,1299,-0.872722544990021,1.99754346489567
1,1300,1300,-1.91407885143541,1.53340570051593
1,1301,1301,-2.10099886084809,2.31925297377516
1,1302,1302,-2.38109128588536,2.25969777807857
1,1303,1303,-2.13372372494835,1.67499114882249
1,1304,1304,-1.73158655501817,2.58323185824986
1,1305,1305,-1.3222003927776,2.00461585315553
1,1306,1306,-1.82807271109647,3.07734541451122
1,1307,1307,-1.9180645591017,2.56997192190922
1,1308,1308,-1.75650912876231,2.81412588127553
1,1309,1309,-2.1371041512721,2.07600141750051
1,1310,1310,-3.26472956359467,2.46695296982756
1,1311,1311,-1.7607402996036,1.96928881055054
1,1312,1312,-1.61138501288849,1.6916881222074
1,1313,1313,-0.670080793615967,1.37915968190149
1,1314,1314,-2.88904446842558,2.29950547597497
1,1315,1315,-2.30415956489092,1.6896565162769
1,1316,1316,-2.74173428607286,1.63219447640168
1,1317,1317,-2.77128949086344,1.91064531626779
1,1318,1318,-1.94550832815042,2.6569166804104
1,1319,1319,-1.45642556401318,1.5906426818269
1,1320,1320,-1.350716720299,1.58426087787533
1,1321,1321,-1.66928282224952,1.94111157747412
1,1322,1322,-1.38830020531822,1.84842047473686
1,1323,1323,-1.48791236564481,1.69287769680813
1,1324,1324,-1.87268156263564,1.8485230844644
1,1325,1325,-2.32621542023841,1.80187697049649
1,1326,1326,-1.63670436124875,1.69125629211656
1,1327,1327,-2.55911863721857,2.2487626004103
1,1328,1328,-2.801588817043,1.87744237199971
1,1329,1329,-1.50545060642333,2.45233274042337
1,1330,1330,-1.18985881223687,2.08698458510365
1,1331,1331,-1.53735883832681,2.54184760756987
1,1332,1332,-0.157129705289651,2.11192243650873
1,1333,1333,0.0863319000296237,3.44395179756528
1,1334,1334,0.291837870571577,3.30513789154457
1,1335,1335,-0.855690101473558,3.17381808218854
1,1336,1336,-0.882630409182826,3.14504685676604
1,1337,1337,-1.9721826015221,2.80373857057861
1,1338,1338,-1.50866067364066,1.95604578744642
1,1339,1339,-1.80911210707299,2.0793793900027
1,1340,1340,-2.8452251476703,2.19900550630126
1,1341,1341,-2.96418639756544,2.1219058544193
1,1342,1342,-3.1744002020082,2.1486447652484
1,1343,1343,-2.91521606295304,2.3443974715754
1,1344,1344,-2.62516465838641,2.41270960148811
1,1345,1345,-2.39975183880338,2.41756319087226
1,1346,1346,-1.32922796043633,2.29466469114275
1,1347,1347,-1.21634616832692,1.916148195411
1,1348,1348,-1.85951985195579,2.27500080837253
1,1349,1349,-1.67371564749989,1.76881419248723
1,1350,1350,-2.09950586271129,2.07044420751026
1,1351,1351,-1.21392712345067,1.43164332169524
1,1352,1352,-1.55850439363784,1.75983550843465
1,1353,1353,-1.47181492009201,1.73827916698292
1,1354,1354,-0.372638766426888,1.55792487921514
1,1355,1355,-2.68529830711965,1.74976226871122
1,1356,1356,-3.15739451686596,2.14209141536439
1,1357,1357,-1.90373542964987,1.53696903678792
1,1358,1358,-2.00376480893929,1.4578208182427
1,1359,1359,-0.934647337621181,1.86596723346332
1,1360,1360,-2.39582029493269,2.23920311126482
1,1361,1361,-1.94130254040251,1.82394962338726
1,1362,1362,-2.07827669338901,2.17815783591096
1,1363,1363,-1.53413897342271,1.5417216434366
1,1364,1364,-1.98500564377628,2.08828366499274
1,1365,1365,-1.75294848247086,1.80731680374482
1,1366,1366,-2.61876058883001,2.77689030588205
1,1367,1367,-1.73699154911703,2.09766167625931
1,1368,1368,-1.74367884039433,2.09433267773186
1,1369,1369,-1.93605262817434,1.83950104248072
1,1370,1370,-1.95339415463964,1.73534736262669
1,1371,1371,-1.315904255709,1.94564128400573
1,1372,1372,-2.34390501351927,2.7514266324271
1,1373,1373,-1.09857781932552,1.22026772393221
1,1374,1374,-2.50794225930638,1.91284511012396
1,1375,1375,-2.26452482546414,1.65623672243666
1,1376,1376,-2.37322901710848,1.87719650041321
1,1377,1377,-2.02168302437043,1.58034069187262
1,1378,1378,-1.24166705964029,1.24192901872874
1,1379,1379,-1.65504497542073,1.45580442811285
1,1380,1380,-1.64055761524587,1.90144214374921
1,1381,1381,-1.65231437631753,1.75298264813801
1,1382,1382,-2.34670335833774,1.48738303048702
1,1383,1383,-1.70736765691801,1.891191577129
1,1384,1384,-2.32104820897517,1.71723088736623
1,1385,1385,-2.35368473123782,1.86090028489164
1,1386,1386,-2.49060155195914,1.95864739930275
1,1387,1387,-2.66063385034997,2.04573301395075
1,1388,1388,-2.01560036257811,1.64967576519546
1,1389,1389,-1.34114979595169,1.77625043503736
1,1390,1390,-2.01674118232853,2.14220941502415
1,1391,1391,-2.26346358852048,2.07724129750997
1,1392,1392,-2.26522144321215,1.97415305834016
1,1393,1393,-2.59578862957681,2.44971736849413
1,1394,1394,-3.34292284213658,3.0329550087415
1,1395,1395,-3.08669701314331,2.75030009176387
1,1396,1396,-3.08992206545495,2.42055841709346
1,1397,1397,-2.85817736538518,2.22219203004891
1,1398,1398,-1.53930711347504,2.15696125667339
1,1399,1399,-2.05105107801132,2.19050209856882
1,1400,1400,-1.64054588723234,1.86848609823587
1,1401,1401,-1.93781654725863,1.52808675288716
1,1402,1402,-1.99145046929282,1.61673263499911
1,1403,1403,-1.98769466945693,2.07979475393624
1,1404,1404,-1.52724523611111,1.6487533381296
1,1405,1405,-1.77344787054849,1.60481736646205
1,1406,1406,-1.94195569540413,1.64834811514216
1,1407,1407,-2.09637767914039,1.85159743205465
1,1408,1408,-2.10061437814338,2.67549947895889
1,1409,1409,-1.66839666552203,1.47428848304196
1,1410,1410,-1.98307362073033,1.51690129126665
1,1411,1411,-2.24864972613364,1.41259612878906
1,1412,1412,-1.8857159713234,1.17047264971463
1,1413,1413,-1.65341833566742,1.12233407343418
1,1414,1414,-1.89209917113063,2.28564839661349
1,1415,1415,-1.23252240843073,3.1997192112272
1,1416,1416,-0.849492073826134,2.9291300536479
1,1417,1417,-1.88238503977482,2.10317272416749
1,1418,1418,-1.96070948606007,2.27084793166918
1,1419,1419,-1.92326080887168,2.8365490053687
1,1420,1420,-1.83884751395185,2.61069552216686
1,1421,1421,-2.4873142621856,2.50815234693172
1,1422,1422,-2.0755767325005,1.35531093160192
1,1423,1423,-1.88392773065428,1.95726928160519
1,1424,1424,-2.6057173424559,1.59061231846872
1,1425,1425,-3.44030374189248,2.30097987750262
1,1426,1426,-3.56231432692443,2.04898151151466
1,1427,1427,-3.27514142278498,2.31329191633838
1,1428,1428,-2.67916176054007,1.68241634530614
1,1429,1429,-2.88852750418393,1.5479849052588
1,1430,1430,-1.12795129402236,0.961853295457605
1,1431,1431,-2.57207318515068,1.52758416247179
1,1432,1432,-1.74683081550625,1.68853686696376
1,1433,1433,-1.67374174906376,1.62926234713669
1,1434,1434,-1.27195695944465,2.8740536738403
1,1435,1435,-0.656269152063394,2.07143797351042
1,1436,1436,-1.04052678572724,2.18461061432745
1,1437,1437,-1.53376266161515,1.57772178785417
1,1438,1438,-1.08398077111912,1.83236284117532
1,1439,1439,-0.963128633315141,1.77535957592486
1,1440,1440,-0.972129139211549,1.84317294503507
1,1441,1441,-1.28303279784562,2.02167791296646
1,1442,1442,-1.60401621285744,2.02467849618197
1,1443,1443,-1.72727048803834,3.29634328094565
1,1444,1444,-1.35682612894749,3.87258519013686
1,1445,1445,-1.62923994563255,4.42558105030904
1,1446,1446,-0.970277742246608,2.60773762404027
1,1447,1447,-1.43153549757729,3.5546710437172
1,1448,1448,-1.27120618132405,2.83158689152773
1,1449,1449,-1.19518926646988,3.19975377847147
1,1450,1450,-1.30873718802637,2.60442074630997
1,1451,1451,-1.1087391291785,2.16185728454072
1,1452,1452,-1.64816458668882,2.12144399764448
1,1453,1453,-1.13512321811261,1.20136593100881
1,1454,1454,-1.68827705443692,1.78251741841897
1,1455,1455,-1.90967161677172,1.88629693794802
1,1456,1456,-2.99435009812159,1.86285546529137
1,1457,1457,-1.68973024978875,1.15657468141107
1,1458,1458,-1.22948416834536,1.09737518747825
1,1459,1459,-2.89244224130886,2.01565399563164
1,1460,1460,-0.874591037418292,0.860480701986696
1,1461,1461,-0.859362420946396,0.862660582056829
1,1462,1462,-1.25737337991247,1.19144241552354
1,1463,1463,-1.59821872638628,1.29178428562999
1,1464,1464,-2.24575480008752,2.4010067408975
1,1465,1465,-1.47609419715756,1.62805889623082
1,1466,1466,-3.12560984422316,2.23035592414777
1,1467,1467,-2.69830749343866,1.52799346108027
1,1468,1468,-2.4556825005297,1.59241076547111
1,1469,1469,-2.08214980535927,1.1978191746527
1,1470,1470,-0.871671840614659,1.37954391058604
1,1471,1471,-1.00692246081702,0.866111461202561
1,1472,1472,-3.06408621850725,2.00483170812789
1,1473,1473,-2.67525365691413,1.29835044225224
1,1474,1474,-2.54827988743177,1.09784795093388
1,1475,1475,-2.40420661707607,1.16854013169175
1,1476,1476,-2.14256971911163,1.4881779123844
1,1477,1477,-1.82768123334384,2.02049969075803
1,1478,1478,-1.47236521186454,2.01371303205904
1,1479,1479,-2.23061671990301,1.93401699366395
1,1480,1480,-0.769895422906243,0.918351568782822
1,1481,1481,-1.9522677876596,2.05747786078215
1,1482,1482,-1.19376052002112,1.76463460186568
1,1483,1483,-1.27853514831079,2.73002415660356
1,1484,1484,0.169914332996723,1.23155449827038
1,1485,1485,-0.848537738349988,2.20794839341603
1,1486,1486,-0.700780722036417,1.7550391318802
1,1487,1487,-0.760576831403613,1.94023821219505
1,1488,1488,-0.426974705457855,0.991749140307641
1,1489,1489,-1.09306265452314,2.93318516253163
1,1490,1490,-1.43598859523086,3.36779308775611
1,1491,1491,-1.44492350415058,2.96688322043609
1,1492,1492,-1.20667893744505,2.9701354455592
1,1493,1493,-0.900825371012758,2.75109134417068
1,1494,1494,-1.438873147128,2.75726183704539
1,1495,1495,-0.9193792313203,1.42897767193755
1,1496,1496,-1.19483765775374,1.40208302598042
1,1497,1497,-2.08392297827088,1.96492056739537
1,1498,1498,-0.707150299307732,1.95793884035965
1,1499,1499,-1.26698310183852,2.38753285037979
1,1500,1500,-0.89067941876461,2.17169073676534
1,1501,1501,-2.34880197796146,2.55402464559041
1,1502,1502,-1.14626125434121,1.13392604772498
1,1503,1503,-1.5491334564621,1.48069972710169
1,1504,1504,-1.63132756112712,1.40689020265872
1,1505,1505,-1.74966756350068,1.79892817449208
1,1506,1506,-1.77114980586868,1.55084237758249
1,1507,1507,-2.99954460482758,1.67073515315027
1,1508,1508,-2.80184590918068,1.5749680453521
1,1509,1509,-2.01333343857272,1.0212002716924
1,1510,1510,-2.299543706061,1.30649894456286
1,1511,1511,-1.63813479349197,1.54261957105271
1,1512,1512,-1.45886315411265,1.30004394719162
1,1513,1513,-1.86781866707009,1.66474231581682
1,1514,1514,-1.99808161448277,1.99067946233347
1,1515,1515,-2.28114985381108,1.59911181737329
1,1516,1516,-2.78121393370349,1.93316723493107
1,1517,1517,-2.92016435646455,2.17682747633058
1,1518,1518,-1.95478783419523,1.83833105333244
1,1519,1519,-2.08145042107659,1.69305214372561
1,1520,1520,-2.51827894654149,1.87476651921067
1,1521,1521,-1.81247905229314,1.83375417252515
1,1522,1522,-1.83820387163799,1.6093112223528
1,1523,1523,-1.99502264367115,1.97869350223422
1,1524,1524,-1.85716017385041,1.88309071090812
1,1525,1525,-1.7000778657301,1.48465366462868
1,1526,1526,-1.9961572738233,1.46960969894441
1,1527,1527,-2.64716302921272,1.77231227735766
1,1528,1528,-1.90491493665424,1.92076848944981
1,1529,1529,-1.85813778280756,1.75887790670062
1,1530,1530,-1.8768111068224,1.73801671458662
1,1531,1531,-0.736545001396673,1.31901025125246
1,1532,1532,-0.799332994308013,1.26925018365033
1,1533,1533,-2.35364783811935,2.399568641262
1,1534,1534,-1.23622256723274,1.42669848666311
1,1535,1535,-3.13816880674647,2.31293861342431
1,1536,1536,-0.956290919799312,2.44760268311401
1,1537,1537,-1.49029166534077,2.2482449023085
1,1538,1538,-0.542498002254077,2.38845241305774
1,1539,1539,-1.09550919507052,2.27832412419621
1,1540,1540,-1.09233154986704,2.14328862251198
1,1541,1541,-1.46979818698883,2.81111081578171
1,1542,1542,-1.1365243088357,2.47484137420823
1,1543,1543,-1.31376211633533,2.41048183911368
1,1544,1544,-1.79855111819727,2.73551192303175
1,1545,1545,-1.68422999272372,2.44820525587727
1,1546,1546,-1.4206540176008,2.1233199829855
1,1547,1547,-1.35736346680042,2.18585472046005
1,1548,1548,-1.03950644762756,2.06809589546428
1,1549,1549,-1.06791595884682,2.03076882218998
1,1550,1550,-3.89061188933219,2.13429752827876
1,1551,1551,-1.32213384914007,1.98802671047335
1,1552,1552,-1.55487987463519,2.55816225305461
1,1553,1553,-1.582979391692,3.06562936020604
1,1554,1554,-3.12093858207948,1.88415257258053
1,1555,1555,-2.50653631214654,1.82906511724772
1,1556,1556,-2.76196951464119,2.19040035319376
1,1557,1557,-2.97287366753558,2.02142964502444
1,1558,1558,-2.41949767309071,2.41937278031845
1,1559,1559,-2.64821826316798,2.26782868199251
1,1560,1560,-2.54639429046667,1.96141587063567
1,1561,1561,-2.63167328549545,1.7752546742996
1,1562,1562,-2.81325435911752,2.0759207902892
1,1563,1563,-2.915500016159,2.34358731813569
1,1564,1564,-3.3931726938463,1.94299058323778
1,1565,1565,-2.92899121179931,1.70710769730435
1,1566,1566,-2.98625819453094,1.91827247201595
1,1567,1567,-2.99611077620903,1.96180039048015
1,1568,1568,-1.98972416664655,1.7726403252777
1,1569,1569,-2.48639785001794,1.89166759587555
1,1570,1570,-3.11173977390935,2.20100575470762
1,1571,1571,-2.41637648877811,1.64329407276222
1,1572,1572,-2.90183773223363,2.81139764277922
1,1573,1573,-2.47259902687059,2.61570560826936
1,1574,1574,-2.58562144826633,2.78343499825969
1,1575,1575,-1.72168060476455,1.48739584795221
1,1576,1576,-1.39695819173312,1.39367603381924
1,1577,1577,-2.30035364327008,1.54448051482613
1,1578,1578,-2.32503411288568,1.70343181723481
1,1579,1579,-1.13188892459553,1.82329574695984
1,1580,1580,-1.05759092532284,1.92527282215482
1,1581,1581,-1.05586386044971,2.28694656177261
1,1582,1582,-2.02713018924939,1.57411101038746
1,1583,1583,-2.83605029482286,2.22203067608715
1,1584,1584,-3.15233196742717,2.39165089637036
1,1585,1585,-2.78739111730888,3.20560623110099
1,1586,1586,-1.76094430379184,1.7755880897111
1,1587,1587,-1.41683286183534,1.69626851500632
1,1588,1588,-1.42523904390251,1.90810415421193
1,1589,1589,-1.68670554271094,2.14796831589374
1,1590,1590,-1.71855016787842,2.35820349336113
1,1591,1591,-1.17270780892825,2.05278322075462
1,1592,1592,-0.778639783124643,4.09942231531537
1,1593,1593,-0.718064955864549,2.86367559524765
1,1594,1594,-1.94082215720555,2.44389299619486
1,1595,1595,-0.922766322243476,1.47436812966877
1,1596,1596,-1.66772076790448,2.24935218460932
1,1597,1597,-2.58089339340618,1.2836530655268
1,1598,1598,-1.2070491264108,1.59057647043511
1,1599,1599,-2.70315912776099,1.93114842436103
1,1600,1600,-1.37184711643101,1.03228426210541
1,1601,1601,-2.49144156766468,1.98335402585102
1,1602,1602,-0.427844558323075,1.06266442921832
1,1603,1603,-0.688031669625894,2.15099028020918
1,1604,1604,-0.0138648580023115,1.79258687284228
1,1605,1605,-0.491225667876995,1.74265430627694
1,1606,1606,-2.10656599594818,1.67033914072372
1,1607,1607,-0.630466184368168,1.23174782873887
1,1608,1608,-1.31089272959236,2.11421091792524
1,1609,1609,-1.39457685010527,1.15223215135971
1,1610,1610,-2.06993356830387,2.42225357494583
1,1611,1611,-2.19246320840899,1.49264369549175
1,1612,1612,-2.32330214404204,1.84550585143252
1,1613,1613,-1.16020094008417,1.30667278546638
1,1614,1614,-1.07534186008745,0.8224514090642
1,1615,1615,-1.06488524604737,1.42854459502751
1,1616,1616,-1.29548252006764,0.958409594526503
1,1617,1617,-2.00862752778946,2.79017503566826
1,1618,1618,-2.11205325721904,1.38415995046463
1,1619,1619,-1.98749888939742,1.0835385043958
1,1620,1620,-2.31615565049285,1.08295269692883
1,1621,1621,-2.23417186610284,1.46724178638707
1,1622,1622,-1.4065372464119,1.52868054851769
1,1623,1623,-1.28146126078394,1.36758020119639
1,1624,1624,-1.32314232899872,1.51153971816774
1,1625,1625,-0.968314611126377,1.95188409920718
1,1626,1626,-1.62407448862009,2.27471870336876
1,1627,1627,-1.30535565976684,2.52983360523399
1,1628,1628,-2.1318325242572,2.23414720769451
1,1629,1629,-1.61096441131323,1.9365290307674
1,1630,1630,-1.9769777485768,3.44073204419633
1,1631,1631,-2.12365505080792,2.5902945137818
1,1632,1632,-1.88456376574686,1.23850279054494
1,1633,1633,-2.03920146618679,1.70562963668062
1,1634,1634,-2.1285250249921,1.4149748843755
1,1635,1635,-2.37743539541871,0.995014774874965
1,1636,1636,-2.39842758841666,1.17486689197076
1,1637,1637,-1.30420844595086,3.28118632852376
1,1638,1638,-1.09230087002733,1.55339429921812
1,1639,1639,-1.44040923067364,2.00090581250595
1,1640,1640,-1.40006642903407,1.74109722864892
1,1641,1641,-1.17047070461974,2.0018220100283
1,1642,1642,-1.21026226031176,2.27852621088381
1,1643,1643,-1.24385384791987,2.23262449684226
1,1644,1644,-1.31863903656277,1.62451268870606
1,1645,1645,-1.74507234480118,1.52945471304977
1,1646,1646,-1.53734558536019,1.78939296912168
1,1647,1647,-2.12957152946982,1.83065654383815
1,1648,1648,-1.64811423619809,1.5724886286568
1,1649,1649,-1.91606428477114,2.04036778453401
1,1650,1650,-1.25579037808396,1.81673625648319
1,1651,1651,-1.60331439743653,1.99311923029819
1,1652,1652,-1.61732656640666,2.16525242088779
1,1653,1653,-0.981479680189953,1.839892972296
1,1654,1654,-1.04366038962483,2.11832742386888
1,1655,1655,-0.482812180128341,2.0886152243564
1,1656,1656,-0.971089302195472,2.63659714385004
1,1657,1657,-0.884507345447241,2.44784161206454
1,1658,1658,-1.67236293349623,1.49847958912723
1,1659,1659,-1.9575292396714,1.88701614323827
1,1660,1660,-1.94298373904787,2.29595352705179
1,1661,1661,-1.73659443289354,2.00022228079421
1,1662,1662,-1.89685295298503,2.0604620324886
1,1663,1663,-3.02718809097343,3.5828098973288
1,1664,1664,-2.15415990362711,2.09603414008557
1,1665,1665,-2.12535665998981,2.29147871503128
1,1666,1666,-1.61173526684995,2.76638281186386
1,1667,1667,-2.17260456239273,1.26094510698195
1,1668,1668,-2.07494492025089,1.12787623752421
1,1669,1669,-1.30472258778217,0.979687806154981
1,1670,1670,-1.43528983461603,1.01600019581193
1,1671,1671,-1.59956014066545,1.21688814451224
1,1672,1672,-1.15101426050059,1.20329451613902
1,1673,1673,-1.4913809096582,0.985142125133745
1,1674,1674,-2.2627079151564,1.41375955723209
1,1675,1675,-1.07476983207754,0.835439387744593
1,1676,1676,-1.3517889063659,1.2550543359952
1,1677,1677,-1.1604955084373,2.07942141372757
1,1678,1678,-0.97836796832167,2.39165736107794
1,1679,1679,-0.968721277390441,3.48486998803622
1,1680,1680,-1.15414772452967,3.51975915060813
1,1681,1681,-0.883978635263394,2.23746898094267
1,1682,1682,-0.973915840981514,2.25037313374816
1,1683,1683,-1.24140387699513,2.72840021210149
1,1684,1684,-1.08797264562715,2.19350417483568
1,1685,1685,-1.43308363558957,1.63917487181017
1,1686,1686,-1.94364027027402,1.90180473744327
1,1687,1687,-2.12811719753747,1.50826776403304
1,1688,1688,-3.00716289058155,1.84974212210011
1,1689,1689,-2.02341750820582,1.37393066327068
1,1690,1690,-2.24786659013136,1.92028409990662
1,1691,1691,-1.08383011666681,2.12541132552813
1,1692,1692,-1.1539743484898,1.90674789439409
1,1693,1693,-1.44809462007349,2.01078585349512
1,1694,1694,-1.98890213382887,3.54938626915887
1,1695,1695,-1.7284493153837,2.46893735701129
1,1696,1696,-2.84659157120462,2.19235952737941
1,1697,1697,-1.8790152692573,1.61721500788002
1,1698,1698,-2.30867072707977,1.88291726579409
1,1699,1699,-1.19181919352813,1.69139293258763
1,1700,1700,-1.66184191835005,2.08417927452444
1,1701,1701,-1.86198475377226,2.19395112987858
1,1702,1702,-1.25708143507921,1.06477160915279
1,1703,1703,-1.72516369331691,1.41818510887679
1,1704,1704,-1.64309214643757,1.68452602071132
1,1705,1705,-1.73878499267019,1.085638716983
1,1706,1706,-1.28477592212156,1.3807178317827
1,1707,1707,-1.27702777742833,1.56570087138616
1,1708,1708,-1.86603696726025,1.92800548804866
1,1709,1709,-1.41469583023956,2.07563431665358
1,1710,1710,-1.61826829664756,1.89499167603388
1,1711,1711,-1.7917488081049,2.10830687505814
1,1712,1712,-2.0081732320891,2.60686238824286
1,1713,1713,-0.928256483195212,1.94432478791839
1,1714,1714,-1.90009034662235,2.63241863663518
1,1715,1715,-1.46760284756742,1.72492927132835
1,1716,1716,-0.939707176865614,1.8443762599567
1,1717,1717,-1.25041268580413,2.43137319298894
1,1718,1718,-1.04129418776456,2.07265733748382
1,1719,1719,-1.94036093100651,1.64623386617206
1,1720,1720,-3.15659656319067,2.80834133927014
1,1721,1721,-2.77703438757141,2.48628158585578
1,1722,1722,-2.02617529978668,2.18720571405275
1,1723,1723,-1.52149713304819,1.70406944094884
1,1724,1724,-1.67233424802905,1.78767189928155
1,1725,1725,-2.04523063787211,1.74944791882064
1,1726,1726,-2.29667558153439,2.02840261248997
1,1727,1727,-2.91002315620158,1.86617104784183
1,1728,1728,-1.94789645615586,1.08306515928918
1,1729,1729,-1.96193057824763,2.27991630344624
1,1730,1730,-2.45257236284036,1.41362044097339
1,1731,1731,-3.83872557233493,2.4190629112986
1,1732,1732,-2.74403474344016,1.68035472565159
1,1733,1733,-0.951559078204961,0.90554783076909
1,1734,1734,0.223659407860323,1.54897898019813
1,1735,1735,-0.490107308093483,1.91425132439958
1,1736,1736,-0.231614661436596,1.77163592250232
1,1737,1737,-0.0496670485938664,1.6909490339211
1,1738,1738,-0.0784071630266167,1.58448384432868
1,1739,1739,-1.55488254973117,1.73450019850239
1,1740,1740,-1.48741689953668,1.51695646009286
1,1741,1741,-1.23948132234384,1.51836851624603
1,1742,1742,-1.42314043282612,2.07261831165798
1,1743,1743,-1.61631664510535,2.07467889276186
1,1744,1744,-1.50124378516205,2.32444906369436
1,1745,1745,-1.46389267322772,2.01688654927271
1,1746,1746,-1.33910196122372,2.77466967656969
1,1747,1747,-1.05979641347826,2.86968201994606
1,1748,1748,-2.29931319295503,1.9832376633383
1,1749,1749,-2.13764133084434,2.06680204116596
1,1750,1750,-1.41653385713353,2.26686991521233
1,1751,1751,-1.09053635032695,1.95492309930693
1,1752,1752,-1.95155946899392,2.0461897187924
1,1753,1753,-2.07462279413741,2.58339056251476
1,1754,1754,-1.70980928618385,2.14483857942262
1,1755,1755,-1.97658310757467,1.91744947610479
1,1756,1756,-1.43142224774305,2.16834755084869
1,1757,1757,-0.99849102593334,2.62544081556143
1,1758,1758,-0.919202796960265,2.38206530322282
1,1759,1759,-1.03119733000938,2.96085553123219
1,1760,1760,-0.182174383139734,1.87376992876255
1,1761,1761,-0.0309696572291741,2.86825993091455
1,1762,1762,-0.572102315087519,2.22696391802114
1,1763,1763,-0.395732444225923,3.78464778348092
1,1764,1764,-0.651450999218788,2.95445827068596
1,1765,1765,-0.31088803127376,2.744004320867
1,1766,1766,-2.50939941673412,2.75870145557974
1,1767,1767,-2.54491839106775,2.29746262687502
1,1768,1768,-3.38374295991213,2.79685094755175
1,1769,1769,-1.97141790558154,2.04069753904676
1,1770,1770,-2.30388813559581,3.05243989178772
1,1771,1771,-0.71391485681438,1.79139094963046
1,1772,1772,-2.27574773984108,2.67918050553867
1,1773,1773,-2.10081136516896,2.00309892901042
1,1774,1774,-1.37235151452538,3.18939555327751
1,1775,1775,-1.70341475025151,3.41109971504508
1,1776,1776,-0.751963762715581,1.64002470829619
1,1777,1777,-1.40710501243054,1.53731678343857
1,1778,1778,-1.03216923237297,1.49850140762113
1,1779,1779,-1.47931989842372,2.41678197152583
1,1780,1780,-1.53446524390391,1.93669821187835
1,1781,1781,-1.56852077872862,1.48185647250424
1,1782,1782,-1.67291980372933,2.12824950714373
1,1783,1783,-1.45085016677104,2.34804391897424
1,1784,1784,-1.3450590330295,1.31712451975141
1,1785,1785,-0.695715171947936,1.27691585910498
1,1786,1786,-3.38514443098875,2.59025521632529
1,1787,1787,-2.60239207646461,2.26640873901703
1,1788,1788,-2.61382497322003,2.4230724362358
1,1789,1789,-2.19615710504835,2.00513453712288
1,1790,1790,-2.18837389710284,2.22487310662014
1,1791,1791,-2.15515728774858,2.2812029545015
1,1792,1792,-1.57303214250552,0.647616264102048
1,1793,1793,-2.67109701048119,1.13243561394456
1,1794,1794,-3.50341569262646,1.38015110780428
1,1795,1795,-2.66767367897013,1.20467811409319
1,1796,1796,-2.63461200324384,1.7111029850767
1,1797,1797,-1.26100811638528,1.15281249701476
1,1798,1798,-1.45083389869419,1.71094699674424
1,1799,1799,-1.81952986130578,2.16276035598197
1,1800,1800,-2.02368109513554,2.66136394646934
1,1801,1801,-1.73291488577824,1.39763765209344
1,1802,1802,-1.93490629735843,3.05209729593332
1,1803,1803,-2.36958509190839,3.30796295976903
1,1804,1804,-2.2137654820168,2.21287276204249
1,1805,1805,-1.21885359084059,1.86009061343093
1,1806,1806,-1.58400838260088,2.09633569278704
1,1807,1807,-1.17998092981235,3.11622828330306
1,1808,1808,-1.29405410138706,1.1533257971977
1,1809,1809,-1.49467242298825,1.46324553447948
1,1810,1810,-1.45291596619543,1.19989679651896
1,1811,1811,-1.61088884904365,1.5068907727821
1,1812,1812,-1.64996900756938,1.57421284404441
1,1813,1813,-1.56877868438338,2.29017794116943
1,1814,1814,-1.61796928444666,2.17915859307201
1,1815,1815,-1.89003103783635,2.21473217184186
1,1816,1816,-2.11946575624385,1.75055774097053
1,1817,1817,-1.5526261317154,1.47220170956703
1,1818,1818,-1.93338220413339,1.88669677657401
1,1819,1819,-1.46374696856613,2.83750138339601
1,1820,1820,-2.59171296745125,1.71250110278077
1,1821,1821,-1.61065110939102,1.66290218803342
1,1822,1822,-1.91822339765778,1.54308023739246
1,1823,1823,-1.86619467834044,1.56276775664421
1,1824,1824,-2.43661564266036,1.59064415662282
1,1825,1825,-2.7078235357887,1.58203344736638
1,1826,1826,-1.80276147998793,1.17182590941183
1,1827,1827,-2.68107931052388,1.74975208295383
1,1828,1828,-3.12772637934301,1.90031674813639
1,1829,1829,-2.45338547321881,1.68379389507252
1,1830,1830,-2.1911739779191,1.63725963486535
1,1831,1831,-2.55876641259888,1.29611112410441
1,1832,1832,-1.7538510804441,1.73726219513189
1,1833,1833,-1.46895253114309,1.32197085848239
1,1834,1834,-1.34189533636396,1.51679540397259
1,1835,1835,-1.51274399481102,1.95929113228832
1,1836,1836,-1.48982341902116,1.74633758713461
1,1837,1837,-1.00535491084956,1.52247933165966
1,1838,1838,-2.29517679666085,1.57821123768539
1,1839,1839,-1.14709415253256,2.44419294875857
1,1840,1840,-1.68673152242473,2.06011765009275
1,1841,1841,-1.15225570179027,1.22188786575105
1,1842,1842,-3.09418450587055,2.30534788348554
1,1843,1843,-2.11594078053945,1.30564585097414
1,1844,1844,-2.3515096685156,1.54918255200261
1,1845,1845,-2.00529086668556,1.53175628757537
1,1846,1846,-2.46820153919891,1.66155606338966
1,1847,1847,-2.45859641592354,1.33014814699339
1,1848,1848,-2.13729861410655,1.25309593766245
1,1849,1849,-0.921545403883492,1.90388947028052
1,1850,1850,-0.830601054297972,1.51971892823854
1,1851,1851,-0.76493363234536,1.9253472862771
1,1852,1852,-0.810520529084198,1.65750761969602
1,1853,1853,-0.723129691792027,2.10121969784484
1,1854,1854,-1.00685744672061,2.71182690466406
1,1855,1855,-1.39579967922972,1.9943231103777
1,1856,1856,-0.642709474200594,0.783005446593543
1,1857,1857,-1.95089895878477,1.80464018308255
1,1858,1858,-1.21398399677992,1.56375677316916
1,1859,1859,-1.84728186354594,1.80848416809378
1,1860,1860,-2.02117379557863,2.3052890179519
1,1861,1861,-1.75506546664799,1.0667635950109
1,1862,1862,-1.40463498773661,1.57112474805519
1,1863,1863,-2.66791298724845,2.75074572836181
1,1864,1864,-2.63959719962407,2.27297078661467
1,1865,1865,-2.26881446405015,2.39560205864846
1,1866,1866,-1.85075852854216,2.30781601061572
1,1867,1867,-2.24710382719092,2.54011302718162
1,1868,1868,-2.38582204525287,2.76560154794626
1,1869,1869,-1.13738845653185,1.29688926163045
1,1870,1870,-1.07486937971345,1.3555612383422
1,1871,1871,-1.10776562328033,2.15060663313529
1,1872,1872,-0.34331641665209,1.82735722845611
1,1873,1873,-1.31252977757595,1.83990092741375
1,1874,1874,-2.38487537213747,1.81957306985356
1,1875,1875,-1.83613692727419,2.06124970023478
1,1876,1876,-0.745584317025352,2.00758165008982
1,1877,1877,-0.884098911213417,1.68437346913612
1,1878,1878,-1.18608220437096,1.42940374894172
1,1879,1879,-1.16464108799488,1.29452047225876
1,1880,1880,-1.57901792915479,1.2952908583913
1,1881,1881,-1.53561473492727,1.3328380806764
1,1882,1882,-2.43943844090298,2.08779894915622
1,1883,1883,-1.50739916929421,1.79397988279535
1,1884,1884,-1.92640236603431,1.62268205811793
1,1885,1885,-2.05017105114209,2.18169452341197
1,1886,1886,-0.846220904548886,1.64186645108617
1,1887,1887,-1.01940408569007,2.14878155649925
1,1888,1888,-0.888653162696725,1.96148910397425
1,1889,1889,-0.775137343700089,2.04466828642436
1,1890,1890,-2.71759829004159,2.71702153553254
1,1891,1891,-3.44419779433967,2.49462458016078
1,1892,1892,-2.58200652302891,1.71371145174241
1,1893,1893,-2.99856167914222,1.90853531322047
1,1894,1894,-2.46475874571408,1.58485470896706
1,1895,1895,-0.733672731086093,0.869450881271063
1,1896,1896,-1.62734873054335,2.67306645495584
1,1897,1897,-1.1616720278662,1.89513586268476
1,1898,1898,-1.65161349991103,2.02612023828581
1,1899,1899,-1.17729287798159,1.74943217002465
1,1900,1900,-1.63502447027843,1.62063328927093
1,1901,1901,-1.78576879094549,3.85561034964038
1,1902,1902,-2.23484620248083,3.2402942260673
1,1903,1903,-2.12489559876138,2.15431796797631
1,1904,1904,-2.22978664946294,1.99706408594923
1,1905,1905,-1.77542468939386,1.12444377635305
1,1906,1906,-1.04959965205824,2.83032954903066
1,1907,1907,-1.81243075934979,2.20736191754159
1,1908,1908,-1.74104790538141,2.14492957223287
1,1909,1909,-1.92183089954226,2.07666641174747
1,1910,1910,-2.40306680340136,1.76453299543515
1,1911,1911,-1.77533839567281,1.36991689624358
1,1912,1912,-2.79897635901799,1.74551219521461
1,1913,1913,-3.07619251427556,1.58187536903116
1,1914,1914,-2.90826370388038,1.94481714286702
1,1915,1915,-2.44582559031864,1.8202213481884
1,1916,1916,-2.24724922320883,1.87034903459888
1,1917,1917,-1.52686262555654,1.1589810851924
1,1918,1918,-1.37172222377507,1.12030559230047
1,1919,1919,-1.91800189444973,2.1588712575086
1,1920,1920,-0.574471790088168,1.49018995065787
1,1921,1921,-3.57502954598516,2.2663581074016
1,1922,1922,-3.6432834919972,2.33577262527266
1,1923,1923,-2.55096883527215,1.67882736886075
1,1924,1924,-3.18904737599501,2.30950239894741
1,1925,1925,-3.54668236141645,2.39010532392923
1,1926,1926,-2.37951628572637,1.77122338813035
1,1927,1927,-2.44142965868974,2.09262261717361
1,1928,1928,-1.78681424614195,1.44348382657427
1,1929,1929,-2.01794800400823,1.26022819134138
1,1930,1930,-1.80998739081541,1.80819630462718
1,1931,1931,-2.33084947829927,1.94245051727203
1,1932,1932,-1.60344787568607,1.89902265317024
1,1933,1933,-2.97637812024819,2.10135067222769
1,1934,1934,-2.03580717242219,1.26991473465097
1,1935,1935,-2.0507414536045,1.59725792312329
1,1936,1936,-2.7797121351008,2.26275215026992
1,1937,1937,-2.12274112604218,1.40988866936937
1,1938,1938,-2.5083411273637,2.04845484097689
1,1939,1939,-1.63173288865455,1.42784989724357
1,1940,1940,-1.86786877227388,1.97300243208333
1,1941,1941,-1.99227436811058,1.6696762818093
1,1942,1942,-1.80992300746395,1.63065228650782
1,1943,1943,-1.45355141355987,1.49827344252382
1,1944,1944,-1.76201286840746,2.37946930746653
1,1945,1945,-0.794333730132563,1.55714979866886
1,1946,1946,-1.23468017886301,1.65874252894533
1,1947,1947,-0.938301200096233,1.10649031311143
1,1948,1948,-0.990692715078278,1.36706778244114
1,1949,1949,-2.81260916683834,1.63020133088334
1,1950,1950,-2.27926691421327,1.35099025851428
1,1951,1951,-1.14770480074397,1.59766689975577
1,1952,1952,-1.49690070268446,1.94181813937452
1,1953,1953,-1.15361532151068,1.83481144164737
1,1954,1954,-1.05455957658579,1.84590455793174
1,1955,1955,-1.06229388519911,1.77353380036227
1,1956,1956,-0.408971336657655,1.52710518519794
1,1957,1957,-1.49942056201816,1.9571549891972
1,1958,1958,-1.63648300447816,2.17144069757038
1,1959,1959,-1.71339161182974,1.79088961949136
1,1960,1960,-1.80778707618067,2.1930190460958
1,1961,1961,-1.4521991975899,1.55448907985964
1,1962,1962,-2.51086174809636,1.61710799544032
1,1963,1963,-2.65437716354055,1.54289528306441
1,1964,1964,-1.86445272625626,1.18406078130918
1,1965,1965,-2.02491799258475,1.00772128537595
1,1966,1966,-2.11803555981576,1.23683955030823
1,1967,1967,-1.24757151467791,1.65416809373809
1,1968,1968,-1.684444981872,2.94911092802923
1,1969,1969,-1.7797087157395,3.60503879755827
1,1970,1970,-1.85410911551673,1.82519469122354
1,1971,1971,-1.90769283197021,1.95975091622102
1,1972,1972,-2.09054422169325,2.47741548237227
1,1973,1973,-1.80116497901105,1.72099209297576
1,1974,1974,-0.760241446867645,1.18282865927871
1,1975,1975,-0.848400971714891,1.01680466860266
1,1976,1976,-1.46932641284298,1.81732141298959
1,1977,1977,-1.10438895114823,2.32529401035063
1,1978,1978,-1.24204799578691,1.71900552929526
1,1979,1979,-1.45279726319359,1.8638654893154
1,1980,1980,-1.15289876087971,1.75857040792642
1,1981,1981,-0.9527866065107,1.4426781970204
1,1982,1982,-3.29857108274733,2.00040306021824
1,1983,1983,-3.24934412012451,1.68318240675177
1,1984,1984,-2.66999560695257,1.48814160597799
1,1985,1985,-2.5045315662627,2.86955494100871
1,1986,1986,-1.77112455385842,1.74527886175239
1,1987,1987,-2.049785893701,1.87567274468526
1,1988,1988,-2.25489257765502,2.31242604173786
1,1989,1989,-1.81452869442538,2.01532179102309
1,1990,1990,-2.22127817943429,2.25445180854818
1,1991,1991,-2.42805837590775,1.86170666865179
1,1992,1992,-2.98630220906888,2.1042309125946
1,1993,1993,-1.50565838591754,1.17749958669177
1,1994,1994,-1.9455698456504,1.87214201284575
1,1995,1995,-0.983509573860951,1.77315947957269
1,1996,1996,-0.741433643525632,2.10315637174975
1,1997,1997,-0.936086659230688,2.52497475043372
1,1998,1998,-0.998217809886605,2.45724387102787
1,1999,1999,-0.892900563249594,2.24604502601665
1,2000,2000,-1.30991512448649,1.85989839707244
2,1,2001,-1.3495397047339,2.33219981914845
2,2,2002,-1.54017341123587,1.83086123521278
2,3,2003,-2.09603887831669,2.18985231847751
2,4,2004,-2.75484650689231,3.04209724967256
2,5,2005,-1.32931611015441,1.98018977314968
2,6,2006,-1.92330586307913,1.84787276330731
2,7,2007,-2.1116517342894,2.09168958568785
2,8,2008,-1.89276098840251,2.06615934013517
2,9,2009,-0.53782570704174,3.75613232184276
2,10,2010,-0.510067890045408,1.34714607655946
2,11,2011,-2.91202529095131,1.62600635808059
2,12,2012,-2.48160480790703,1.53846628888932
2,13,2013,-3.3461000237622,3.08376985553747
2,14,2014,-2.64801264406539,2.32351048204316
2,15,2015,-2.20780038846558,1.52310981437299
2,16,2016,-2.37282690310257,1.73466323657236
2,17,2017,-2.0164424724884,1.71574708032556
2,18,2018,-2.19682399621087,2.10349228530928
2,19,2019,-2.70686191908095,2.21001805233043
2,20,2020,-2.57192529142106,1.51436958805199
2,21,2021,-3.59876603452313,2.44874334424765
2,22,2022,-2.68340723332691,3.12299960954277
2,23,2023,-0.890180995196421,1.14992251946707
2,24,2024,-2.18398249108403,2.49445906291302
2,25,2025,-1.43085326938041,1.47401455218633
2,26,2026,-1.64153859630375,1.98360132265396
2,27,2027,-0.343104519761771,1.88269108938626
2,28,2028,-0.754651317674236,1.79495645537058
2,29,2029,-0.955971569129385,1.52101635757276
2,30,2030,-1.30056589332306,1.99115164615691
2,31,2031,-1.63733047703075,1.93015047378209
2,32,2032,-1.55848788267053,1.94353195040111
2,33,2033,-1.57615988170967,1.75974970351107
2,34,2034,-1.79830552173469,2.2745996877967
2,35,2035,-0.726788536187571,1.07824870845625
2,36,2036,-2.43204068029774,1.51490801683901
2,37,2037,-0.990379043594044,1.91263625650836
2,38,2038,-1.6148660240128,2.97386726330074
2,39,2039,-1.00324003782638,2.11828730492271
2,40,2040,-0.91215791186531,3.68799894296934
2,41,2041,-2.49774705541197,2.20368129614315
2,42,2042,-2.49680050606704,2.40617915682311
2,43,2043,-2.62903512805354,2.54706696757165
2,44,2044,-2.97216937034488,1.71259892607307
2,45,2045,-2.21192611386274,1.82285565978091
2,46,2046,-1.98416561077729,2.47075021396686
2,47,2047,-0.403561331731261,2.52253994670173
2,48,2048,-1.63090846591993,2.37163029981849
2,49,2049,-1.62281955533768,2.07478783802449
2,50,2050,-0.898070802143027,2.27191724419054
2,51,2051,-1.61894700988368,1.47877631770501
2,52,2052,-1.72265859724473,1.01989317405421
2,53,2053,-1.81552319040048,1.57539497985404
2,54,2054,-1.15918903980789,1.05147876688959
2,55,2055,-2.20017989815417,1.97923548581062
2,56,2056,-0.771357632904524,0.866435360571634
2,57,2057,-2.73776966334009,1.92539482319257
2,58,2058,-2.68845015466592,1.7773704073977
2,59,2059,-2.33346789470298,2.03984750785049
2,60,2060,-1.94173733796713,2.00483980498161
2,61,2061,-1.68561695405088,1.7665510808364
2,62,2062,-2.39166475488736,2.64545810103271
2,63,2063,-2.52626098735,1.68270909126802
2,64,2064,-1.83906743019561,2.27456116004909
2,65,2065,-2.60625460233607,2.02875618850139
2,66,2066,-1.82223813601718,1.40824120966058
2,67,2067,-1.50797973385381,1.31272012569415
2,68,2068,-3.42721178963849,2.27501398526163
2,69,2069,-2.4478645540948,1.96542650718147
2,70,2070,-2.59884832836543,3.86556679292258
2,71,2071,-1.47744962085433,1.50746831450469
2,72,2072,-1.93418777110731,1.76248160855177
2,73,2073,-3.03453415582297,1.79474651527332
2,74,2074,-2.41979642610398,1.90424245374778
2,75,2075,-2.88100758082772,1.39003786060335
2,76,2076,-2.47946624068715,1.48160471542344
2,77,2077,-2.55736241351072,1.43395348751157
2,78,2078,-1.65987679270908,1.62693410528093
2,79,2079,-1.48776908711262,1.65604759702013
2,80,2080,-1.19694777364461,1.40108175179628
2,81,2081,-0.996293921203324,1.10803692554278
2,82,2082,-2.19346556314632,2.33391417393921
2,83,2083,-1.50797651126066,1.41188327310534
2,84,2084,-1.06107139510684,2.65478648260385
2,85,2085,-0.685367408245693,1.44304277855506
2,86,2086,-1.46347309253897,1.44327194352746
2,87,2087,-1.543801397602,1.56082402284709
2,88,2088,-0.94010123177042,1.38999236396339
2,89,2089,-1.40951792012845,1.37853543767466
2,90,2090,-1.92918116710572,1.43971659663343
2,91,2091,-1.542719101501,1.06408013960656
2,92,2092,-1.66347407440179,1.10466977579768
2,93,2093,-2.38127349061851,2.0388585213055
2,94,2094,-2.4140508807253,1.6981867520953
2,95,2095,-2.91169285981875,3.00333165500008
2,96,2096,-2.29947002279358,2.66024106937067
2,97,2097,-0.256453780528871,4.16674672354065
2,98,2098,-1.35191145764708,1.97044437310658
2,99,2099,-1.5646947615002,3.68874044731436
2,100,2100,-1.49590001114256,2.14808048301624
2,101,2101,-1.23543201018895,2.44988929677852
2,102,2102,-1.51299989791563,2.02099168827761
2,103,2103,-1.36113036334981,2.18429783890335
2,104,2104,-1.5362604072639,1.56868444543139
2,105,2105,-2.52308618534192,1.96229814589959
2,106,2106,-3.27374777486427,1.96574371307227
2,107,2107,-2.24190134914947,1.73432374994514
2,108,2108,-1.06211900598486,2.12814564988421
2,109,2109,-2.88635280590325,2.80133660477811
2,110,2110,-1.74247600238721,1.20706664518255
2,111,2111,-1.59062539129006,1.02006334776768
2,112,2112,-1.97901438507245,1.87167997761313
2,113,2113,-1.28619868065642,1.61453447137603
2,114,2114,-0.93054554000169,2.4160338396045
2,115,2115,-1.32168174230875,2.49556471077035
2,116,2116,-0.865629960779502,3.03162552415731
2,117,2117,-1.73541986240037,2.2366477422166
2,118,2118,-1.55649817114377,1.40515379492409
2,119,2119,-1.62676843624528,1.58068988903877
2,120,2120,-2.36080346352264,2.25664436325309
2,121,2121,-1.98598744365949,1.77277970379491
2,122,2122,-2.34712964089488,2.10596762019177
2,123,2123,-2.37011610594373,2.3100466199653
2,124,2124,-1.71125397260116,1.35700499834703
2,125,2125,-1.98907805619885,2.20550482588253
2,126,2126,-1.46358381633752,1.35090417289761
2,127,2127,-1.59016914748761,1.42743205210928
2,128,2128,-2.38820029550047,2.44553688095242
2,129,2129,-2.16836957526185,2.7500593465839
2,130,2130,-1.89820517936014,2.10791531085994
2,131,2131,-1.66073078525038,2.15455054326389
2,132,2132,-2.14331962018971,3.23737608364884
2,133,2133,-0.438497397778259,2.53434066280086
2,134,2134,-1.06600789743336,2.91489593207199
2,135,2135,-3.29533665269045,3.51202786022362
2,136,2136,-0.937754025411111,1.70267952887736
2,137,2137,-0.908685497866538,1.5822846577355
2,138,2138,-2.03627075327813,2.70099009841788
2,139,2139,-1.68441512101357,1.92602231839185
2,140,2140,-2.38247256576179,1.93796771680145
2,141,2141,-2.1100204217622,1.77168344664289
2,142,2142,-1.38222450866735,1.81319415760443
2,143,2143,-0.462658375250835,1.9590069874387
2,144,2144,-0.100567111452021,1.98080044382946
2,145,2145,-1.18670345050069,1.98571672611028
2,146,2146,-0.557282847271405,2.02766457410986
2,147,2147,-0.979984746383223,2.56127524132699
2,148,2148,-0.790743125115348,1.78783947370508
2,149,2149,-1.3565355237346,1.4697755602548
2,150,2150,-1.30043936690816,1.5226980834347
2,151,2151,-1.46957665237951,1.10799532261299
2,152,2152,-1.01382884986901,0.87289564111321
2,153,2153,-2.67727535285782,2.16430063693274
2,154,2154,-2.11299293711903,2.30423873114944
2,155,2155,-2.30644513840004,1.52850513331889
2,156,2156,-2.37483517438901,2.28079765848334
2,157,2157,-2.159697199102,1.74492210701718
2,158,2158,-2.37113474716705,1.93586342912171
2,159,2159,-2.313262084294,1.86091215830521
2,160,2160,-2.76409129040619,2.24714014600126
2,161,2161,-1.42322387409908,1.85455944480799
2,162,2162,-1.40956209181893,1.89102974672095
2,163,2163,-2.22824058882591,2.03006274610028
2,164,2164,-1.2714999003366,1.57163837719914
2,165,2165,-2.62856449925087,2.4173727449636
2,166,2166,-2.82722432694974,2.42683408737789
2,167,2167,-2.15733524971928,1.7573439028745
2,168,2168,-3.08583010599733,2.23789329895238
2,169,2169,-2.72082708085787,1.74604747823767
2,170,2170,-3.24355593172183,2.37433401366595
2,171,2171,-2.12230848390038,1.50178682280087
2,172,2172,-3.41076089421256,1.97269595864037
2,173,2173,-2.40073275215461,1.39803870335936
2,174,2174,-2.33654798249011,1.20851106117789
2,175,2175,-1.72725638316644,2.08432188284437
2,176,2176,-1.47478622184186,1.80181166589444
2,177,2177,-0.642275316598641,1.46565467513709
2,178,2178,-3.17513276450524,2.97254636749263
2,179,2179,-3.29057390911949,2.60910730514683
2,180,2180,-3.14267732073059,2.65059054778888
2,181,2181,-1.76759578685882,1.70383848638224
2,182,2182,-2.14886366575336,1.40290086332909
2,183,2183,-1.84982929454566,1.566706287577
2,184,2184,-2.23197717294024,2.79854444992306
2,185,2185,-2.30340421232695,3.02863498008188
2,186,2186,-0.381457790887365,1.49241196469928
2,187,2187,-2.39494854158254,1.8182694431664
2,188,2188,-1.77005275404963,2.91844049333397
2,189,2189,-1.41509195733664,2.87859690786185
2,190,2190,-1.26024891852686,3.00752203449174
2,191,2191,-1.23136768978219,2.81859817370485
2,192,2192,-0.923710840948902,2.46552669739352
2,193,2193,-1.05447551501588,2.50599597174481
2,194,2194,-1.20425262229367,2.53141926598744
2,195,2195,-2.55637615065417,2.77951334721857
2,196,2196,-1.55670417893756,1.42824476887467
2,197,2197,-2.15905513462226,1.17751764933896
2,198,2198,-2.75804348433545,1.42819216138513
2,199,2199,-2.17670890025322,1.64080068554017
2,200,2200,-1.89876679423771,1.8819743549532
2,201,2201,-2.15870762874905,2.23124864622338
2,202,2202,-2.09601037639756,1.9657967048149
2,203,2203,-2.03545966369953,1.58268148922218
2,204,2204,-1.35543043904248,1.84684342068214
2,205,2205,-1.30717671678272,1.98845876986348
2,206,2206,-2.09342394488824,2.17671742193678
2,207,2207,-1.98652945961697,1.99936261637429
2,208,2208,-1.91312412982382,1.49742947579465
2,209,2209,-1.8985951073989,1.45815100754103
2,210,2210,-2.00340666970202,1.35775831156148
2,211,2211,-2.42215789025621,1.45519079293763
2,212,2212,-1.25671857571804,2.28667774075047
2,213,2213,-1.39710448816495,1.32734716114558
2,214,2214,-1.47566036945213,1.34730620434785
2,215,2215,-1.32170895162208,0.825356292231573
2,216,2216,-1.44916056305513,1.19415689705683
2,217,2217,-2.58182325222333,2.38917348937148
2,218,2218,-1.56777854889418,1.69633346725113
2,219,2219,-2.70865579273206,1.40879381885893
2,220,2220,-2.93863782261612,2.55904895975472
2,221,2221,-1.82776465083752,2.10235003275651
2,222,2222,-1.52313073545678,1.95710362399749
2,223,2223,-0.754712414610849,1.52563821766707
2,224,2224,-0.799494774205465,2.03074679877307
2,225,2225,-1.37466054772217,1.87908035802519
2,226,2226,-0.731676388700004,1.42599908566705
2,227,2227,-1.44553481558143,2.35591817763642
2,228,2228,-1.61282636385336,1.98904737955016
2,229,2229,-1.4358515843881,1.68463756619321
2,230,2230,-1.3195603145032,1.57138658097605
2,231,2231,-1.66453092129124,1.02542701470516
2,232,2232,-2.87216869512852,2.26730728457674
2,233,2233,-0.619722865302282,0.727996192628988
2,234,2234,-1.12221911964064,0.954176476731705
2,235,2235,-1.46131308704888,1.65756044384075
2,236,2236,-1.09969432947998,1.15446241387755
2,237,2237,-1.37576105081968,1.44176603118275
2,238,2238,-1.88449474745223,1.5826384707533
2,239,2239,-3.03944129247859,2.95845300475704
2,240,2240,-2.99039066905487,2.55178839031683
2,241,2241,-2.11980446540908,2.48940701452869
2,242,2242,-1.07999207153556,2.27081224777151
2,243,2243,-1.52205063380112,3.96526193969194
2,244,2244,-1.61435470777055,1.52162690097166
2,245,2245,-1.56969055464641,2.50776999273113
2,246,2246,-1.71906909059981,1.63336297028686
2,247,2247,-1.83848674639442,1.88748387043917
2,248,2248,-1.30235359806944,1.31891284166093
2,249,2249,-1.76999653560619,1.42677777341062
2,250,2250,-1.08447783597509,1.21101699385663
2,251,2251,-1.61057744874545,2.63299271293095
2,252,2252,-1.86048187697634,1.30171569137357
2,253,2253,-1.8426839275907,1.83857567579052
2,254,2254,-1.23017055669559,1.5108833240155
2,255,2255,-2.94079875390701,1.84590986722277
2,256,2256,-3.12585159685191,1.90291539885314
2,257,2257,-2.28082291923901,1.6743915533336
2,258,2258,-2.15833653099621,2.26596865879984
2,259,2259,-1.96106769210649,1.51587427371648
2,260,2260,-3.5642100800342,2.42129002162652
2,261,2261,-3.0856546346774,1.82056187196981
2,262,2262,-2.33600365720671,1.33177101441545
2,263,2263,-1.91111753673276,1.65858870416982
2,264,2264,-1.87742173560012,1.26908883071285
2,265,2265,-1.77355040914068,1.33669616865053
2,266,2266,-1.47616340388532,1.51380570088069
2,267,2267,-1.47181603338422,2.10487581711141
2,268,2268,-2.51498776366659,1.83667524848143
2,269,2269,-1.16206884825747,1.28192044483047
2,270,2270,-0.666978687367145,1.07097103582009
2,271,2271,-0.523619185709673,0.970870624168606
2,272,2272,-1.32360349512926,0.762883650108808
2,273,2273,-1.53467182939732,0.970698933112841
2,274,2274,-1.80022267065624,1.23543759190512
2,275,2275,-1.68813698050295,1.57084517136231
2,276,2276,-1.76358854929486,1.66101548977297
2,277,2277,-0.877776574550239,1.34444808602043
2,278,2278,-1.15672192175844,1.47020521585375
2,279,2279,-2.54805855100389,3.62429275110354
2,280,2280,-1.38151072865854,1.57947367131307
2,281,2281,-1.5408318676584,1.37887867059693
2,282,2282,-1.73529132731985,1.59661927199511
2,283,2283,-1.18258378257309,1.23212326699307
2,284,2284,-1.27243513781894,1.29632879511334
2,285,2285,-1.53703405015884,1.3197541230481
2,286,2286,-2.48349833774783,2.51026192764861
2,287,2287,-1.68392923614788,1.54602746485781
2,288,2288,-2.0499064813999,1.80670402865618
2,289,2289,-1.44207028885805,1.31882097049763
2,290,2290,-1.76966656193374,1.20393589396387
2,291,2291,-2.16228564443442,1.3963990511642
2,292,2292,-2.11822931248349,1.34618148454452
2,293,2293,-2.14490114345999,1.46989698534785
2,294,2294,-2.08456109935667,1.19111838564275
2,295,2295,-2.05580712869953,1.12990577086777
2,296,2296,-2.82875723937716,2.27395228549963
2,297,2297,-2.92569914883095,1.34281307193478
2,298,2298,-2.5512106871309,1.91090989969194
2,299,2299,-2.3225200048928,1.80160887823548
2,300,2300,-2.27590438480764,1.67172420149322
2,301,2301,-2.3243925800668,1.8095500474231
2,302,2302,-2.27521196131262,1.85876185593994
2,303,2303,-2.16558322490717,1.67057072168299
2,304,2304,-3.21252559902274,2.01672463021779
2,305,2305,-1.18968878129555,1.49308598508047
2,306,2306,-1.21634834605943,1.60763305055574
2,307,2307,-0.809127774047735,2.05615180540922
2,308,2308,-1.92060897129449,2.54756786000947
2,309,2309,-1.32179194490811,2.6222139772794
2,310,2310,-1.52338093425008,2.39039805306367
2,311,2311,-1.50992046147542,2.77911294631378
2,312,2312,-1.42323552762445,1.73676299726089
2,313,2313,-1.52857467550186,1.24809329882339
2,314,2314,-0.950970711871637,1.29127406010181
2,315,2315,-1.34819979765262,1.15793776842879
2,316,2316,-1.17113122059943,1.25188056136777
2,317,2317,-1.21048371476711,1.29088193719566
2,318,2318,-1.64707626302478,1.43510414745046
2,319,2319,-1.0615629188753,1.49338837521823
2,320,2320,-2.62884877889668,1.26193891000438
2,321,2321,-3.35639577311337,1.7584116068872
2,322,2322,-2.85365004089635,1.64331405659665
2,323,2323,-1.6860919463305,1.22308230699282
2,324,2324,-1.78228475016493,1.2710432079448
2,325,2325,-2.872934813407,2.26280228592007
2,326,2326,-3.32181641222029,2.75879059755227
2,327,2327,-0.99913758193853,1.21190329890544
2,328,2328,-2.68728913175946,2.856906803583
2,329,2329,-2.28027307836352,2.82752987067097
2,330,2330,-2.22542950163531,3.38100881111211
2,331,2331,-2.06024745761444,2.44837221609456
2,332,2332,-1.99407810849637,2.62646045226496
2,333,2333,-2.12178258403934,1.7619554281371
2,334,2334,-2.44260592988778,1.8513916681829
2,335,2335,-1.34830868848297,1.1364863277406
2,336,2336,-0.925741274823321,0.816423002377156
2,337,2337,-1.23060710250598,0.705739782467424
2,338,2338,-1.160381849417,0.728812001621831
2,339,2339,-1.71536673802055,1.2001083117801
2,340,2340,-1.88713511645482,2.06977856358913
2,341,2341,-2.53671283824298,2.01331083706927
2,342,2342,-1.38096437458899,2.03905102928964
2,343,2343,-2.57390479508195,1.75689576054147
2,344,2344,-2.96208423847337,2.50268229812913
2,345,2345,-2.36239491709537,1.91171087602998
2,346,2346,-1.41401475282185,2.6098385412083
2,347,2347,-1.20766980052908,2.26581894871631
2,348,2348,-2.37002461635129,1.7921184724886
2,349,2349,-1.88342676744995,1.789755750689
2,350,2350,-2.28978611607228,2.8106325792377
2,351,2351,-2.35454342460263,2.87003372444992
2,352,2352,-2.11744660932219,2.34010815419725
2,353,2353,-0.92896102501773,2.43852801987537
2,354,2354,-0.945536976963433,2.71381105511945
2,355,2355,-0.832094315619534,1.75695664548036
2,356,2356,-0.24582525614073,3.16484884920608
2,357,2357,0.164773977817403,2.95726847974611
2,358,2358,-0.23081220335684,2.80329138783977
2,359,2359,-1.43364208619005,4.30681554975464
2,360,2360,-1.23223336668538,3.03964293960278
2,361,2361,-1.33258341230061,2.38498751324212
2,362,2362,-1.40204016393771,2.77905174389172
2,363,2363,-1.9195893664404,1.10051150432564
2,364,2364,-2.74374474549277,1.77112890728237
2,365,2365,-2.28910587070427,1.47734984579716
2,366,2366,-3.70376488954579,1.96978704939142
2,367,2367,-3.65824354544505,1.96183496044336
2,368,2368,-2.17032267053987,1.31762027187957
2,369,2369,-2.01253905997593,2.47828002445953
2,370,2370,-1.12933149555579,1.69338571231936
2,371,2371,-1.97475889676047,2.16871880873412
2,372,2372,-2.15532778646081,1.87192289505961
2,373,2373,-1.30763389476672,2.30907375841823
2,374,2374,-1.20811314672312,2.43852796982449
2,375,2375,-1.83491090577797,1.8665124381148
2,376,2376,-2.44225810292582,1.72704769741197
2,377,2377,-2.4991123317796,1.70595435866787
2,378,2378,-1.18681085899173,1.9411617322908
2,379,2379,-0.926545245486968,1.55512175000254
2,380,2380,-1.69573788171408,2.04313129596941
2,381,2381,-1.77473366325649,2.33758016412367
2,382,2382,-1.56942844553327,2.60780838736784
2,383,2383,-1.66056505876078,1.07833620202129
2,384,2384,-1.4425245551675,0.944763482686343
2,385,2385,-1.5598043947901,1.01714588393258
2,386,2386,-2.5366765137043,1.85267298873866
2,387,2387,-1.70617357768109,1.46001555673626
2,388,2388,-2.18121713626894,1.59339644254247
2,389,2389,-2.75121252279662,2.05761235480197
2,390,2390,-2.01169515585306,1.8802401426282
2,391,2391,-1.79613388570683,1.55718354663982
2,392,2392,-1.67080395634014,1.59682583245049
2,393,2393,-1.62474137745807,2.70567947580609
2,394,2394,-1.47731729995669,1.3350624884466
2,395,2395,-1.81948884893017,1.92454840361007
2,396,2396,-1.191208337881,1.27115937844158
2,397,2397,-1.52436955753518,1.69200800567995
2,398,2398,-1.51070154606565,2.28912850973985
2,399,2399,-0.851516309906714,0.946983427142189
2,400,2400,-0.842743775384957,1.27076824445039
2,401,2401,-1.25420943092631,1.60305877557646
2,402,2402,-1.69475021882283,1.31165363392474
2,403,2403,-1.6378840790839,0.827932041608877
2,404,2404,-0.751000618665235,0.62449951916165
2,405,2405,-0.738675685283694,0.719497349249871
2,406,2406,-0.796578698135491,0.793367913013005
2,407,2407,-1.11733299867913,1.46786228980867
2,408,2408,-1.41540973702305,1.94247734635176
2,409,2409,-0.809440201307595,1.81303068076743
2,410,2410,-1.69443931176827,1.82231426835489
2,411,2411,-1.78271464518384,1.96290622570143
2,412,2412,-1.61488538474154,2.28228696587373
2,413,2413,-2.19084607464831,2.2610014573297
2,414,2414,-1.4163911020054,1.754601851464
2,415,2415,-2.38001899458175,2.02195613164447
2,416,2416,-2.07642661630394,1.36320637821152
2,417,2417,-2.31325879950842,1.50518812693513
2,418,2418,-2.34374775616472,1.57865408232727
2,419,2419,-1.35092982101259,1.0728375607444
2,420,2420,-2.02154830474864,1.20125224722914
2,421,2421,-3.30473919889605,2.80417848406097
2,422,2422,-2.76416285006258,2.27508544219225
2,423,2423,-2.59854420256678,1.94709434711394
2,424,2424,-2.64827828409461,2.38321590035332
2,425,2425,-2.32100831326168,2.09297563430604
2,426,2426,-3.10561359720677,2.20260618573416
2,427,2427,-1.64844870894006,2.70365188200868
2,428,2428,-1.66229918841915,1.87092520279811
2,429,2429,-1.77700174998805,1.63583523235074
2,430,2430,-1.7640835268014,1.33424019111678
2,431,2431,-2.56894404561085,1.84244502891607
2,432,2432,-2.79135157396925,2.10280836202624
2,433,2433,-1.32640751464845,2.23234564684
2,434,2434,-1.75221967624204,2.69734326475179
2,435,2435,-2.23202120778938,2.19550308189633
2,436,2436,-1.9309969832734,2.32847314604105
2,437,2437,-2.71763883220422,2.29231598595114
2,438,2438,-2.43911844262935,2.27923507694187
2,439,2439,-2.90486387269045,2.82952585104625
2,440,2440,-2.47657676369894,1.70664801363096
2,441,2441,-2.88836951904208,1.97422347540746
2,442,2442,-3.18207820411859,2.22678957669523
2,443,2443,-3.22357870081365,2.23059356467547
2,444,2444,-2.21874871757426,1.41329079893669
2,445,2445,-2.18914588660762,1.15156566803153
2,446,2446,-3.24494796919754,2.05677577904853
2,447,2447,-2.42635154161081,1.99591030954922
2,448,2448,-2.10346615968497,1.88912684765164
2,449,2449,-1.28594097595879,3.71457753776313
2,450,2450,-1.77183206395167,3.02048293160776
2,451,2451,-1.67690614903045,3.98824452717001
2,452,2452,-1.6996792517981,4.56065652033869
2,453,2453,-1.74905258738088,3.99062856715996
2,454,2454,-2.07363490261063,1.22192579901161
2,455,2455,-2.43014401950865,1.29132906834144
2,456,2456,-2.33984734409003,1.48963562543362
2,457,2457,-2.43411559544833,3.18780865340946
2,458,2458,-1.70361633779566,3.12161649670907
2,459,2459,-2.80670644367845,2.07000071515757
2,460,2460,-2.20331948373161,1.58307165937303
2,461,2461,-3.68041109562979,2.33890000061536
2,462,2462,-3.28115576638508,2.01929428502429
2,463,2463,-2.62064766822094,1.88688682274979
2,464,2464,-2.29417088922351,1.58731750560323
2,465,2465,-1.94309259357998,1.813792059061
2,466,2466,-1.96131186874247,1.80282821871826
2,467,2467,-2.29685865792527,1.54109147192932
2,468,2468,-2.4054271907184,1.48631074672023
2,469,2469,-2.23664103218656,1.97042409466628
2,470,2470,-2.56481043680901,2.25566458875811
2,471,2471,-2.90512066629932,2.41475483293254
2,472,2472,-2.30539013198497,1.70220295885589
2,473,2473,-2.27446661012569,1.5992847263398
2,474,2474,-2.35755833805189,1.86315826701378
2,475,2475,-1.53828544549501,1.60191418279246
2,476,2476,-2.13764804996556,2.59482008140527
2,477,2477,-2.30531783084538,1.33450010228525
2,478,2478,-1.87734882905556,1.68706152886913
2,479,2479,-3.02001445365341,2.6027787123504
2,480,2480,-1.3977290848657,2.12850287789731
2,481,2481,-2.08690287226019,2.90589791415707
2,482,2482,-1.79707930125948,2.4210889633381
2,483,2483,-1.89016199752885,2.24146900270688
2,484,2484,-2.33031399797494,1.9067775973159
2,485,2485,-1.90997495848389,1.86052284941204
2,486,2486,-2.46956841765375,2.06157825622576
2,487,2487,-1.34583169512845,1.53709002403142
2,488,2488,-1.97066287677077,1.94548490079702
2,489,2489,-2.21124607182467,2.57080949669138
2,490,2490,-2.41932444690669,0.982135349842285
2,491,2491,-1.58303644450873,1.74318712355726
2,492,2492,-1.6897163476467,2.32623918340568
2,493,2493,-1.00904938706661,2.13718058066658
2,494,2494,-1.01211318205443,2.02246777637051
2,495,2495,-3.0018689768172,1.21409301764737
2,496,2496,-2.53900100038813,1.0406577834099
2,497,2497,-2.71123332557076,1.00160848127576
2,498,2498,-2.89949104839676,1.74769910871563
2,499,2499,-3.01494636506267,1.94593295247837
2,500,2500,-2.34363948914149,1.66438350367043
2,501,2501,-2.69390199216741,2.24062942245771
2,502,2502,-2.89455202825755,2.76886626191233
2,503,2503,-2.15568821227071,1.98564710397882
2,504,2504,-3.08227203785834,2.87199612578502
2,505,2505,-1.93070331543441,1.55730912672609
2,506,2506,-2.06766793477448,1.45510420361826
2,507,2507,-1.03281625832612,1.50328100651708
2,508,2508,-1.70043491345998,2.0542531770329
2,509,2509,-1.89326411050108,1.97118790520065
2,510,2510,-1.7334699749976,2.16444496034968
2,511,2511,-1.77966233975036,2.22100333822089
2,512,2512,-1.70378941879073,2.12618005763679
2,513,2513,-0.954472542269955,1.20324141527669
2,514,2514,-1.04110281693831,1.66052796999498
2,515,2515,-1.44455005365367,1.95766193631552
2,516,2516,-1.75012925173054,1.83277833688323
2,517,2517,-1.07850785760989,3.43764217645078
2,518,2518,-0.720655955524587,2.79012108793
2,519,2519,-1.83320533154824,2.05792054605977
2,520,2520,-1.46106796190464,2.69758553850081
2,521,2521,-2.03304032827831,1.36805121314698
2,522,2522,-1.95874274398257,1.46570011406845
2,523,2523,-1.4531928614854,2.34523796044452
2,524,2524,-1.36655952724899,2.14864407292533
2,525,2525,-1.40034007141435,2.06287142461301
2,526,2526,-1.86053967808275,1.60812531987973
2,527,2527,-0.625062168774717,1.66083409858937
2,528,2528,-1.58073974605212,2.02195689131859
2,529,2529,-1.53076620510809,2.25871604363908
2,530,2530,-1.5505389971732,2.4264095903665
2,531,2531,-1.59442371086998,1.65136814771683
2,532,2532,-1.90755521157559,1.49700392665704
2,533,2533,-2.03649386677988,1.71142038857598
2,534,2534,-2.03413464601045,1.30659725343622
2,535,2535,-1.56950148416271,2.16214003750622
2,536,2536,-1.99109921494928,1.22568714540318
2,537,2537,-1.95092256493156,1.48511511871548
2,538,2538,-1.75961593369998,2.21153820707479
2,539,2539,-2.4711318289224,2.23112953448576
2,540,2540,-2.42919758153871,2.02707257293817
2,541,2541,-2.03583351706707,1.89568812421851
2,542,2542,-2.62337987498818,2.26888774095775
2,543,2543,-2.00271630988213,2.0483924835074
2,544,2544,-2.02733727606571,1.47682443794584
2,545,2545,-2.23604567473175,1.81339991078529
2,546,2546,-2.43616328612135,1.68850549895097
2,547,2547,-3.49879658539466,1.62001585070472
2,548,2548,-3.02265455927284,1.94952527244896
2,549,2549,-2.70636949837478,1.67017729826252
2,550,2550,-1.79332803137593,1.6526374948607
2,551,2551,-1.90229729535309,1.3267710249396
2,552,2552,-0.982227761500174,1.26718801151481
2,553,2553,-1.27353526980513,1.46572421261844
2,554,2554,-2.00886949173219,2.13495633799308
2,555,2555,-1.46077870202913,2.04724307509431
2,556,2556,-1.38573024881343,1.95420226727816
2,557,2557,-2.21800912456127,1.36834834053902
2,558,2558,-2.34460231411544,1.75835566649651
2,559,2559,-0.958991542322587,1.12659450386914
2,560,2560,-2.03404318313953,1.4673612378856
2,561,2561,-1.79718461214287,1.27548445234493
2,562,2562,-2.07129049833798,1.52602685918104
2,563,2563,-2.44182949423577,1.72444384601436
2,564,2564,-2.68831081700383,1.75350810390928
2,565,2565,-1.55206499990812,1.61038957174359
2,566,2566,-1.89278875957192,1.73371090458576
2,567,2567,-0.989155382020017,2.54563967328743
2,568,2568,-0.216847595009104,1.98882345380241
2,569,2569,-0.0746434623860023,2.29097134040389
2,570,2570,-2.02788029514517,2.07390502153509
2,571,2571,-2.6916641420278,1.84066951196059
2,572,2572,-2.08589796919883,3.1185269532336
2,573,2573,-1.08287657952387,1.88405745070965
2,574,2574,-1.0963076245783,1.80772675126535
2,575,2575,-1.14392249173765,2.61192741507105
2,576,2576,-1.07385020025959,1.64114771469069
2,577,2577,-1.30483956049239,2.2631579281778
2,578,2578,-1.01736107317203,2.18058981226607
2,579,2579,-1.76729451382905,2.55437666883784
2,580,2580,-1.95924281265868,2.34524092649404
2,581,2581,-1.36455515214982,2.20223215060888
2,582,2582,-2.60562773015074,2.30726496265579
2,583,2583,-2.30924639144253,2.14051987029406
2,584,2584,-3.18006827965424,2.02599581844287
2,585,2585,-3.0402280938653,1.99152428108772
2,586,2586,-2.4373550252965,1.54977223837209
2,587,2587,-2.90042209664145,2.44824160047079
2,588,2588,-1.34994532547902,1.43632691796255
2,589,2589,-2.88581785252663,2.43560156905204
2,590,2590,-1.90242777999548,1.61582270484444
2,591,2591,-1.71282317713074,2.50508206621909
2,592,2592,-1.80927304924402,1.99125772795036
2,593,2593,-1.45002483364816,1.93325108625829
2,594,2594,-2.49570415381032,2.2365154321835
2,595,2595,-1.71667779783845,2.1463254550733
2,596,2596,-2.52445328956948,1.33069305279321
2,597,2597,-1.56113574627091,0.855749686064418
2,598,2598,-2.34955676356983,1.33212646918214
2,599,2599,-1.75533841735841,1.27203416700798
2,600,2600,-2.25515886171955,2.03018846207851
2,601,2601,-1.6546304616505,2.35804947068563
2,602,2602,-3.74267333102923,2.18355703138931
2,603,2603,-4.07772965367179,2.22341186663857
2,604,2604,-2.59115326324763,1.59484538025548
2,605,2605,-2.08810947500358,3.45829236337488
2,606,2606,-2.81227180161396,2.44894238996141
2,607,2607,-2.19701309045814,2.56094871440089
2,608,2608,-2.14411481476753,2.23670526289666
2,609,2609,-1.92374294595647,1.46688735647079
2,610,2610,-2.76725823830539,3.20028089195212
2,611,2611,-2.79813852681849,3.45812698354478
2,612,2612,-2.70873010732607,2.93812533420915
2,613,2613,-2.32378458468319,2.14147885553783
2,614,2614,-2.53175767171702,2.85471670377578
2,615,2615,-2.61098635605481,2.86409400082763
2,616,2616,-2.41632388413941,1.57494276373661
2,617,2617,-2.23493502986253,1.38219768957541
2,618,2618,-2.55746229946387,2.24413021651705
2,619,2619,-1.55591519340988,2.5578384769364
2,620,2620,-0.775125406847138,1.94210289057666
2,621,2621,-1.13096605069915,1.97110396428647
2,622,2622,-1.50058779390136,1.57891541257454
2,623,2623,-1.57012067229605,1.43986290524369
2,624,2624,-1.90512827213924,1.74799243239629
2,625,2625,-2.04548082027764,1.82500899866438
2,626,2626,-3.0596384086514,1.80545435664819
2,627,2627,-2.73726223239163,2.09275218662603
2,628,2628,-2.96221627449615,2.24463679006094
2,629,2629,-1.8663174080474,1.92513921596266
2,630,2630,-1.95541329275262,2.1504955469646
2,631,2631,-1.49137431021866,1.28001413585749
2,632,2632,-3.22886935976282,2.30460542172066
2,633,2633,-1.8214119417653,1.40857813806327
2,634,2634,-2.2113696588979,1.7839945752244
2,635,2635,-1.87337999725204,1.71085204789965
2,636,2636,-1.87699826331482,1.61447357924326
2,637,2637,-2.59767992280475,2.31452956388653
2,638,2638,-1.28807820401089,1.13410915459732
2,639,2639,-2.21778026090745,1.70349414177284
2,640,2640,-2.11884150815139,1.27254153019061
2,641,2641,-2.18302990238011,1.31469795329736
2,642,2642,-2.98122839478505,1.68632566111345
2,643,2643,-2.79866134357925,1.90095892246596
2,644,2644,-1.84102445423425,2.20793445826509
2,645,2645,-1.29489644404986,2.57779079329098
2,646,2646,-0.565941971411259,1.78553119987033
2,647,2647,-1.45825724815647,2.30577189407088
2,648,2648,-2.04841353104764,1.63874195561472
2,649,2649,-2.46094119881684,1.35736870888248
2,650,2650,-1.80906993840702,0.979758602870104
2,651,2651,-2.09230173518445,1.40921394830293
2,652,2652,-1.53629087505221,0.828321578051946
2,653,2653,-1.35613187721063,1.17514135946271
2,654,2654,-1.16411383930257,1.32975129283068
2,655,2655,-1.56659970229333,2.64258219586516
2,656,2656,-2.24429291214511,1.29479678098544
2,657,2657,-1.96561903029566,1.29431478711588
2,658,2658,-1.98851413676487,1.3133394759275
2,659,2659,-1.77256791287137,1.32099920318395
2,660,2660,-1.43915304621767,1.77933627557754
2,661,2661,-1.21556891599017,1.72216853640425
2,662,2662,-1.00874864796017,1.92257468989201
2,663,2663,-1.6515089122835,1.47544526718134
2,664,2664,-2.13016093328459,1.35899828404015
2,665,2665,-2.64725739604092,1.85390341335419
2,666,2666,-2.51587211577635,1.19974956690732
2,667,2667,-2.46949866432065,1.2953061651811
2,668,2668,-0.16946709737581,0.710864491455287
2,669,2669,-2.38813945691651,3.93107626035369
2,670,2670,-3.12501244639692,1.7874061728023
2,671,2671,-1.68926137708726,1.28050246182501
2,672,2672,-2.69415353842021,1.71704030855518
2,673,2673,-2.72073453576677,1.72166752491801
2,674,2674,-2.09467503839211,1.5968068149926
2,675,2675,-2.33599120007766,1.45613693019058
2,676,2676,-0.430120675526047,2.38699377688091
2,677,2677,-1.63631174567114,1.36716544547138
2,678,2678,-1.26065753252809,1.29039195871368
2,679,2679,-1.05966725323066,1.31780802573231
2,680,2680,-1.92159914051764,2.18752844189055
2,681,2681,-1.86184778667891,1.91811408172972
2,682,2682,-2.1166197742312,2.23174313886799
2,683,2683,-1.20115694910889,1.6625771485885
2,684,2684,-1.98264716469687,2.04237470514701
2,685,2685,-2.32604822131724,2.68845470757413
2,686,2686,-3.19288575996977,2.29944583096998
2,687,2687,-2.3987988187299,1.96378303157543
2,688,2688,-2.02113423715781,1.90797088299885
2,689,2689,-2.39946046701446,1.99142383613
2,690,2690,-2.1462013929498,1.61355598969173
2,691,2691,-2.05698284650327,1.53879680961908
2,692,2692,-1.84008399650788,1.83308395491887
2,693,2693,-1.83599623451323,1.98929947197916
2,694,2694,-1.26757895678972,1.34836612109776
2,695,2695,-1.41070021324679,1.54718859308767
2,696,2696,-2.75213314688164,1.74208515995469
2,697,2697,-2.64101357686466,1.66164252774776
2,698,2698,-1.70717479507626,1.73428873472563
2,699,2699,-1.67465881315781,1.82606399569343
2,700,2700,-2.70895266850048,2.21190896245692
2,701,2701,-2.20092511414251,2.08917117487483
2,702,2702,-2.19810279623824,2.10411108714807
2,703,2703,-1.79791523399572,2.3675983425717
2,704,2704,-1.13886256472923,1.74665893526962
2,705,2705,-1.60137942359966,1.94236878939464
2,706,2706,-0.758733253292925,1.79711962847559
2,707,2707,-1.27163247484159,2.34386385767475
2,708,2708,-0.893122925779319,2.17751193562963
2,709,2709,-1.74059091217205,1.91970172128217
2,710,2710,-1.05060271483685,1.81079446599049
2,711,2711,-1.67014036480682,2.42614928376961
2,712,2712,-1.7131773376975,2.31037240771801
2,713,2713,-1.3037970891919,1.98070632159064
2,714,2714,-1.51132679358659,2.76299333075778
2,715,2715,-0.684250627609494,1.72048303909382
2,716,2716,-0.5857086854086,1.99893503537048
2,717,2717,-0.723653490124768,1.9942550703709
2,718,2718,-2.17353017540166,2.17500870976919
2,719,2719,-2.13261943076797,3.00093775151157
2,720,2720,-1.73067537402558,3.38376406502148
2,721,2721,-1.55628227070754,2.17222965359308
2,722,2722,-1.81016949735552,3.09398188929057
2,723,2723,-0.438485421837834,1.89613138393291
2,724,2724,-1.68900312838543,1.85433145592526
2,725,2725,-1.64847300704223,2.28748229030878
2,726,2726,-1.7582545949848,2.63174797021417
2,727,2727,-1.04733162554634,3.25635425055879
2,728,2728,-1.76868981851685,2.40764769055208
2,729,2729,-1.76204507383349,1.74265936286519
2,730,2730,-1.74250335460638,1.90468225131314
2,731,2731,-2.84748808874982,2.7862347914599
2,732,2732,-1.69450925526915,2.1858888780981
2,733,2733,-2.44537335350321,1.80577602339468
2,734,2734,-2.41198749752631,1.90176153167028
2,735,2735,-3.39475759273277,2.80353375662932
2,736,2736,-2.83915249709058,2.73885834530429
2,737,2737,-1.85613897830004,1.97942196266634
2,738,2738,-2.70514572040161,2.45706323906907
2,739,2739,-2.88460545209923,2.63122091272768
2,740,2740,-1.69052393393033,1.59364005139529
2,741,2741,-1.40131517426955,1.70132546351376
2,742,2742,-1.81903214824241,1.89915639369517
2,743,2743,-0.756734666663069,1.88598693047575
2,744,2744,-2.23032401779219,2.24918659324006
2,745,2745,-2.12140377276997,2.02268767458034
2,746,2746,-2.57121806856359,2.29006348093379
2,747,2747,-2.36768691812103,1.92336499180236
2,748,2748,-2.42628151440254,1.5014686781316
2,749,2749,-2.04534399739017,1.86500195509928
2,750,2750,-2.31479294410858,1.86688992139249
2,751,2751,-1.75790738234527,1.43424593575266
2,752,2752,-2.41016803927359,2.03356765800082
2,753,2753,-3.16109100930208,2.33538735660006
2,754,2754,-3.04176569290077,2.31807976123807
2,755,2755,-3.12264922678783,2.31656281115766
2,756,2756,-2.42071139335737,1.830114036898
2,757,2757,-1.14645623864075,2.58104493519941
2,758,2758,-1.14740378420665,1.45616857670133
2,759,2759,-1.65632173489907,1.91585312134992
2,760,2760,-1.96477578529187,2.41047080329215
2,761,2761,-1.34199855007124,2.31014141634566
2,762,2762,-2.68424912994726,2.08093194773969
2,763,2763,-2.75058307571195,2.14903195481773
2,764,2764,-2.43753955419992,1.91590086593382
2,765,2765,-2.48328250232886,2.02201776467776
2,766,2766,-2.35893017361829,2.05119245134642
2,767,2767,-2.58792397309635,1.95921457136339
2,768,2768,-2.285899423336,2.18317822714507
2,769,2769,-2.42731007144199,2.17037022463772
2,770,2770,-1.76600099070164,1.41928324324316
2,771,2771,-1.57017883054536,1.56330297334409
2,772,2772,-1.33072248469194,0.99029453041252
2,773,2773,-0.640991358797705,1.15842498815515
2,774,2774,-0.754688501033193,1.01674709916785
2,775,2775,-1.20625833778828,1.31282697363266
2,776,2776,-1.50265092756049,1.82058039465834
2,777,2777,-1.20168090641512,1.73363541153401
2,778,2778,-1.16998605931218,1.50774491009596
2,779,2779,-1.37240960005018,0.97884228215959
2,780,2780,-1.91863089951084,1.81800931307908
2,781,2781,-1.09481996285576,1.31274107268102
2,782,2782,-1.46799188032072,2.3815792710898
2,783,2783,-1.79984628676986,2.48296275597332
2,784,2784,-1.62713118045405,1.8716255774757
2,785,2785,-0.857424956722066,2.19250342965451
2,786,2786,-0.902067955852407,3.19519332399742
2,787,2787,-2.14250798505293,2.02727875715876
2,788,2788,-2.18449425531302,1.71353489153557
2,789,2789,-1.95908204641317,1.63382276388126
2,790,2790,-2.26268970090506,2.46713555240204
2,791,2791,-2.02555584542482,1.55244250104648
2,792,2792,-3.22164269272197,3.3743740043895
2,793,2793,-3.06157431488157,3.09051818640525
2,794,2794,-2.84432408244383,2.60856327916216
2,795,2795,-2.75644262903926,1.93472897105955
2,796,2796,-2.60265020456099,1.81945085709316
2,797,2797,-1.75057560432892,1.49498385975022
2,798,2798,-1.1436784021147,2.22896551253304
2,799,2799,-1.13421845721978,1.38258093882255
2,800,2800,-1.49059030051174,2.09552794583166
2,801,2801,-1.20988636997869,1.05377700841585
2,802,2802,-0.94475969116857,0.818714030642827
2,803,2803,-1.35954004432738,1.19472701698357
2,804,2804,-1.15532490471538,1.02303917932855
2,805,2805,-1.42471451714538,1.30770698170275
2,806,2806,-1.80541893005428,1.76146252168948
2,807,2807,-2.21429610699304,2.57591563381124
2,808,2808,-2.70521610631069,2.2099514950932
2,809,2809,-2.60234727079005,1.46014389647574
2,810,2810,-2.8823210518803,2.08024730811743
2,811,2811,-2.17575230964796,2.91387322648473
2,812,2812,-2.21554995666889,2.76370304723702
2,813,2813,-1.98522213765092,2.26909473753037
2,814,2814,-1.14708823858088,2.03859903661822
2,815,2815,-1.6084591527348,1.84054110780477
2,816,2816,-1.42620465300759,2.19006571838604
2,817,2817,-1.14330977990578,1.89718055999146
2,818,2818,-2.4089770689027,1.78703101960976
2,819,2819,-2.24787220338658,2.05349509016806
2,820,2820,-2.29090824801713,2.69763804264492
2,821,2821,-2.12510984076207,1.40379697804148
2,822,2822,-2.82954375068918,1.59104919522318
2,823,2823,-1.47814872667951,1.20891535617066
2,824,2824,-2.58897235827367,1.68048650962253
2,825,2825,-2.74625781193414,1.65962092133025
2,826,2826,-3.20231458530716,1.84203133673663
2,827,2827,-1.73053471338349,2.0586182401969
2,828,2828,-2.244276619667,1.53188337142693
2,829,2829,-1.04497353850187,1.16546511842971
2,830,2830,-2.88850735747533,1.87268135749349
2,831,2831,-2.67415011358099,2.09082093735563
2,832,2832,-2.2906062114146,1.38888023686611
2,833,2833,-2.95795219590697,1.57697565006992
2,834,2834,-1.23185896461679,0.90080006671175
2,835,2835,-1.94538693453461,1.93275668725793
2,836,2836,-1.61044990750847,2.18837298528346
2,837,2837,-1.67794966964375,1.88966964288329
2,838,2838,-1.51413178255386,1.58603080908689
2,839,2839,-1.90387464097763,1.60405866105616
2,840,2840,-0.844094322634132,3.09943024801671
2,841,2841,-0.981078150192208,1.31641067913832
2,842,2842,-1.06822526068739,1.44678645461603
2,843,2843,-1.20562982211962,1.53707427973136
2,844,2844,-0.655142412023032,1.69503692003384
2,845,2845,-0.989568071454794,1.16895108175601
2,846,2846,-1.07298840560715,1.3387921370288
2,847,2847,-0.910984754749008,2.08643163648052
2,848,2848,-1.28478425265782,1.76135338289832
2,849,2849,-1.7251566080403,2.22169928498
2,850,2850,-0.72099345537775,1.90372745980203
2,851,2851,-0.493182303354207,3.32095721700345
2,852,2852,-0.336929146864171,3.02917971946339
2,853,2853,-0.388661709565666,3.50533063206543
2,854,2854,-0.521074282947886,2.02554776532041
2,855,2855,-1.32418521073597,1.94845135748738
2,856,2856,-1.28588318783967,1.82101386386935
2,857,2857,-2.20395874898535,2.38569241872529
2,858,2858,-1.72390663725995,1.78165943227268
2,859,2859,-0.806394019285703,1.48287420310254
2,860,2860,-0.676652442378081,1.8807038538877
2,861,2861,-0.291592286650696,1.70171220552321
2,862,2862,-0.727816001608698,1.85407783037314
2,863,2863,-1.15798344398597,0.950270946141014
2,864,2864,-1.96300863859158,1.89419681906593
2,865,2865,-2.06571504914573,1.86748828930482
2,866,2866,-3.44590591483481,2.93243579989088
2,867,2867,-1.78455389264902,1.52769305568495
2,868,2868,-2.27329896662012,1.70326044829578
2,869,2869,-2.1366615497564,2.36376837561266
2,870,2870,-1.81379310525979,2.11586562417139
2,871,2871,-1.64135937330292,2.33985937480869
2,872,2872,-1.59744103112133,2.07050880226807
2,873,2873,-0.996093805080531,3.11001507778243
2,874,2874,-1.16513596038221,2.99019102193939
2,875,2875,-1.77479070595144,2.16863968714741
2,876,2876,-2.14472002610205,2.60607141436827
2,877,2877,-2.23178999325837,2.5282549026608
2,878,2878,-1.55371799268543,2.15718430685974
2,879,2879,-1.97992565499747,2.63129651264375
2,880,2880,-1.41554980216107,1.95634328289437
2,881,2881,-2.23646979526926,1.72058816314184
2,882,2882,-3.82333907826061,2.37553252598308
2,883,2883,-2.64741886288854,1.49639840378002
2,884,2884,-1.74087867897648,1.41344015581457
2,885,2885,-1.39339862028392,1.44669116281441
2,886,2886,-1.05305316335,1.52096249434076
2,887,2887,-1.70170157315827,1.54509494513309
2,888,2888,-1.33017822029968,1.2312361760935
2,889,2889,-2.31615850956217,1.65644527400063
2,890,2890,-2.3200187134827,1.73595433497389
2,891,2891,-2.27835051101784,1.60396590049971
2,892,2892,-1.55049250299043,1.68892176458629
2,893,2893,-2.20988597379452,1.926849109814
2,894,2894,-1.5375595786461,2.26360859298323
2,895,2895,-1.65609828278277,2.27560095575927
2,896,2896,-1.76992531104153,1.98793754567671
2,897,2897,-1.64185752470581,1.30241163855803
2,898,2898,-1.75417110423004,1.64887299252575
2,899,2899,-2.00315278447055,2.04302829425808
2,900,2900,-1.35235519828138,1.69278550253935
2,901,2901,-1.27198084991073,1.60211430603472
2,902,2902,-1.21834160495435,2.30421931060995
2,903,2903,-1.45571295167791,1.5608120697365
2,904,2904,-2.69563858054724,2.63326232236454
2,905,2905,-2.92306154808617,2.93924055325988
2,906,2906,-3.19799782955218,2.7160540275249
2,907,2907,-3.58444302062005,2.97951506037335
2,908,2908,-3.40283850934758,3.26352865975674
2,909,2909,-3.03682498211605,2.79150304122345
2,910,2910,-2.53153905047602,1.66082838678272
2,911,2911,-2.34006308138543,1.43240608608224
2,912,2912,-3.01392158792761,2.28236794360087
2,913,2913,-2.36511254131598,1.32598465339128
2,914,2914,-2.1089604212,1.82188078430837
2,915,2915,-1.99202575825238,2.33089411865734
2,916,2916,-2.06155103976961,2.17053735791823
2,917,2917,-1.91890446000515,2.66360143499279
2,918,2918,-1.21794372297504,1.61939639655226
2,919,2919,-2.01451968075537,3.25823406938799
2,920,2920,-1.01762697359119,2.2695723292936
2,921,2921,-2.08689060661982,2.643297441225
2,922,2922,-1.10382783156067,1.73696416970101
2,923,2923,-1.76931269759463,2.87007514638306
2,924,2924,-2.01962803521945,3.49124325160494
2,925,2925,-1.98967852966987,2.70274823379801
2,926,2926,-1.79821357274061,1.93729350222959
2,927,2927,-2.31207166862687,1.12364238455575
2,928,2928,-3.08816259923434,1.98553486372527
2,929,2929,-2.87366115664591,2.45046588178283
2,930,2930,-2.70874068106811,2.07171028903451
2,931,2931,-2.35735088132803,2.18573845660144
2,932,2932,-2.21842085644608,1.93502142722445
2,933,2933,-1.73179414527898,1.26377300168203
2,934,2934,-2.69098235782265,1.77013001824671
2,935,2935,-2.4802384589166,1.51401558016108
2,936,2936,-2.51443985638913,1.55949576050487
2,937,2937,-2.41367136707728,1.6370867631743
2,938,2938,-2.53605332915694,1.69057480782885
2,939,2939,-1.65630189804546,1.24412513053627
2,940,2940,-1.8038911358382,1.06130004153071
2,941,2941,-1.85909553729712,1.01982589974027
2,942,2942,-1.55194849126532,1.06615643156117
2,943,2943,-1.82880809304838,1.81824165458511
2,944,2944,-1.86817335035387,2.3290772257989
2,945,2945,-1.91791810259214,2.17868687576973
2,946,2946,-0.7954442859048,1.21271073502645
2,947,2947,-2.0890875530482,1.24027865984906
2,948,2948,-1.29393896037621,1.16793160028916
2,949,2949,-2.51382915709663,2.86391311374473
2,950,2950,-2.63390911529489,3.45197905799922
2,951,2951,-2.72922231110516,3.48062073192242
2,952,2952,-2.38527375271158,2.7226935606581
2,953,2953,-1.27287394841269,1.52750375876235
2,954,2954,-1.13377732400397,2.10218268653977
2,955,2955,-1.45351118983029,1.41531377116479
2,956,2956,-1.56590624958461,1.86171482294625
2,957,2957,-1.00550421374896,0.965639295198253
2,958,2958,-1.21790450562021,1.10305530237589
2,959,2959,-3.03508294765806,2.24886632196811
2,960,2960,-2.73149739480686,2.28932741240529
2,961,2961,-2.99436059328158,1.85019673996636
2,962,2962,-2.12618537064182,1.49862109129082
2,963,2963,-2.4332221252973,1.62984867684232
2,964,2964,-1.59167502465767,2.45341948365818
2,965,2965,-2.12341139913342,1.86252018622406
2,966,2966,-1.26153965152354,2.5616107431324
2,967,2967,-1.44649040134964,2.19310782859179
2,968,2968,-1.41266431007169,2.12965832528688
2,969,2969,-1.04572898839099,2.04151831283889
2,970,2970,-1.15887152857031,2.07373687097962
2,971,2971,-0.945997977216227,2.05045241000626
2,972,2972,-1.47515403126504,2.83904824118756
2,973,2973,-1.33297373917742,1.84649208821489
2,974,2974,-2.24854622631935,2.20563629986022
2,975,2975,-1.71034681922049,2.50685556516317
2,976,2976,-1.33418419135378,2.42369496192818
2,977,2977,-1.73294437696658,1.89564122474527
2,978,2978,-1.30563666051247,1.47086826827421
2,979,2979,-1.9786073907197,1.65513784804891
2,980,2980,-2.05740928057571,2.04782718457597
2,981,2981,-2.11652698136521,1.67103885681575
2,982,2982,-1.9233035810581,1.6161483252442
2,983,2983,-1.2956068196221,1.15039048831976
2,984,2984,-1.86031981924883,1.76110744340901
2,985,2985,-1.61275765391352,1.58884364079925
2,986,2986,-1.59193347772477,2.44002815469244
2,987,2987,-1.72243192372547,1.96010720595622
2,988,2988,-1.50641669076322,2.31414294755274
2,989,2989,-1.43806768919841,2.62768456808121
2,990,2990,-1.17041339741067,2.59637651846213
2,991,2991,-0.955164224424655,2.6266093008331
2,992,2992,-1.00396511825024,2.31168083018918
2,993,2993,-1.25672996829757,2.79305629275145
2,994,2994,-1.68008040070404,2.78423886656557
2,995,2995,-2.65362126055902,2.70881007796589
2,996,2996,-2.06345374758577,1.93387682217353
2,997,2997,-2.1923865710254,1.26089248080577
2,998,2998,-3.02313568289152,1.76043361764937
2,999,2999,-1.57195092345189,1.73347802151493
2,1000,3000,-1.7088857347198,1.40848783873411
2,1001,3001,-2.7829090552903,2.01748062421595
2,1002,3002,-3.10787939445335,2.03330366566676
2,1003,3003,-1.42603432833971,0.955469382682635
2,1004,3004,-2.98821301079112,2.5384920694342
2,1005,3005,-2.47509913082616,2.25168802667229
2,1006,3006,-2.48778484370332,1.54191520981574
2,1007,3007,-2.29538401668113,1.82167462386532
2,1008,3008,-1.94372174983192,1.47569150460757
2,1009,3009,-1.95318975566803,1.66287460481786
2,1010,3010,-2.69191080018819,2.49507592420044
2,1011,3011,-3.22463866780914,2.50857979529811
2,1012,3012,-3.1287548622703,2.76781803970892
2,1013,3013,-2.01296997557915,1.69186613303237
2,1014,3014,-2.24829029561753,1.95690169375182
2,1015,3015,-1.13713548870073,0.997080188643957
2,1016,3016,-2.04487032746141,2.37182858798094
2,1017,3017,-0.731460403578229,1.50047164174638
2,1018,3018,-0.783287253184613,2.1958797314329
2,1019,3019,-0.79302182196211,0.851739321307343
2,1020,3020,-0.781471862031003,0.760876701088306
2,1021,3021,-2.69161182359583,4.17966018517852
2,1022,3022,-2.77065404198395,2.84141668859855
2,1023,3023,-1.19881561405802,2.10916393802891
2,1024,3024,-2.99893049437053,1.89990602536655
2,1025,3025,-2.34052862853687,2.27880895638606
2,1026,3026,-2.24980126389999,1.67616620954525
2,1027,3027,-2.04615617899297,1.6242793067918
2,1028,3028,-2.59347108502294,2.25811232347108
2,1029,3029,-3.94846485397446,2.28985435543699
2,1030,3030,-4.05638152419925,3.73771028107607
2,1031,3031,-3.59402644553356,3.22641701047512
2,1032,3032,-3.27075633223884,2.9240223301226
2,1033,3033,-3.49789124241989,2.85512040922979
2,1034,3034,-3.81576452905617,2.60396256191458
2,1035,3035,-4.58170566546433,3.54378771527131
2,1036,3036,-3.60514642992174,2.01278103410535
2,1037,3037,-3.70916913594532,2.17644869698408
2,1038,3038,-2.49786262445786,2.32977870550998
2,1039,3039,-2.27790285072652,1.39879405864609
2,1040,3040,-0.648366756416604,0.746940012418903
2,1041,3041,-0.715663674514009,0.980302720630129
2,1042,3042,-0.262799699562759,1.25728837081457
2,1043,3043,-1.64274321788851,0.902836115833577
2,1044,3044,-0.128649776253982,1.27924124909011
2,1045,3045,-2.37372879500941,1.43705821679175
2,1046,3046,-1.8199105021555,1.2038752769023
2,1047,3047,-2.22313366518891,1.24828929340386
2,1048,3048,-3.3589114335059,2.30300227908376
2,1049,3049,-2.89412635927334,2.33521637491598
2,1050,3050,-2.13914344390926,1.38517686509665
2,1051,3051,-2.08366913811849,1.40375182367622
2,1052,3052,-3.44453040654785,2.1854927552397
2,1053,3053,-2.21082316783256,1.46111278281311
2,1054,3054,-2.56972261778142,1.78135982398245
2,1055,3055,-2.79791213369924,1.69663804670136
2,1056,3056,-2.75553385116087,1.94181924779894
2,1057,3057,-2.53887044010732,1.78267003179686
2,1058,3058,-2.66738480930032,2.36694622198281
2,1059,3059,-2.18603552806236,1.63179211805965
2,1060,3060,-2.34464542927467,1.69426533754087
2,1061,3061,-1.35843831187071,2.4905150297919
2,1062,3062,-2.62334606719838,2.83452797737321
2,1063,3063,-1.60778680554073,2.16472440966742
2,1064,3064,-1.79184496897101,2.63058479075624
2,1065,3065,-2.1528749291496,3.15028587385794
2,1066,3066,-1.50425138208638,1.76873711539289
2,1067,3067,-1.62808968157876,1.34712037194555
2,1068,3068,-1.93683088537014,2.11788733056548
2,1069,3069,-2.1632533388901,1.99995077214392
2,1070,3070,-2.24200151981656,1.82647310680393
2,1071,3071,-1.51196117289488,1.22584485132924
2,1072,3072,-1.50382082312634,1.17599846820036
2,1073,3073,-1.8038640637849,2.16564129283614
2,1074,3074,-0.338257037096466,2.21905915743509
2,1075,3075,-2.1376167834584,1.48237745984668
2,1076,3076,-1.78079156072774,1.58737232830112
2,1077,3077,-1.08820492679536,1.80683535917175
2,1078,3078,-0.398439161991465,3.22504427906274
2,1079,3079,-0.600912648379652,1.9965703246898
2,1080,3080,-2.17851738077306,2.42140536562211
2,1081,3081,-1.37436500215185,2.03210327893976
2,1082,3082,-1.76698638171381,2.6594132819448
2,1083,3083,-1.30229524691989,1.67582397679662
2,1084,3084,-1.56316224860828,2.68546327347145
2,1085,3085,-1.36775820214295,3.05136167614617
2,1086,3086,-1.05867183075779,2.67156917249714
2,1087,3087,-0.882296291310616,1.42368625577728
2,1088,3088,-1.45297235159011,1.574869395439
2,1089,3089,-1.61373488049715,1.57230888522102
2,1090,3090,-1.75381155505498,2.3925712845022
2,1091,3091,-1.63896100918672,1.684455999457
2,1092,3092,-2.26509637859441,1.81594489439965
2,1093,3093,-1.63881482787551,1.21455225048104
2,1094,3094,-2.52003239073384,2.86395936195463
2,1095,3095,-2.4926000145578,2.73502717818399
2,1096,3096,-2.70816539750059,3.03297984956573
2,1097,3097,-2.5193033541082,2.50923706077283
2,1098,3098,-2.54632177937615,2.3181233402309
2,1099,3099,-2.44424477355343,2.00975008789075
2,1100,3100,-2.64016796038586,2.31119512923298
2,1101,3101,-2.05764339031113,2.32343637016044
2,1102,3102,-2.04456095560913,1.94259775792643
2,1103,3103,-1.96046200169307,1.4369066159698
2,1104,3104,-1.84181637510553,1.46863689404616
2,1105,3105,-2.22222783678577,2.10320541207932
2,1106,3106,-1.71386894612411,1.19971346881351
2,1107,3107,-1.9476578216376,1.32939547764379
2,1108,3108,-1.88792377577254,1.39119222132591
2,1109,3109,-1.76792617207559,1.89057525483442
2,1110,3110,-1.77315947997484,2.59227190853985
2,1111,3111,-1.04036092975905,1.9036499562974
2,1112,3112,-1.35751519491409,1.94183938821952
2,1113,3113,-1.79500770023489,1.63698586258623
2,1114,3114,-3.18335612033292,3.10535028762573
2,1115,3115,-1.63801591691308,1.80858786084202
2,1116,3116,-1.77688627270752,1.35576946963839
2,1117,3117,-1.01391173706076,1.68176217700649
2,1118,3118,-1.07556060489149,1.38816169859884
2,1119,3119,-1.11414197002036,1.47607532095473
2,1120,3120,-1.24844510886442,0.809555585228911
2,1121,3121,-2.53553494959585,1.8971009836113
2,1122,3122,-1.49897389918784,1.52323030107075
2,1123,3123,-2.03351338778645,2.7452829189809
2,1124,3124,-2.47627180968,2.22453206440165
2,1125,3125,-1.73206230097291,1.25528687586186
2,1126,3126,-1.25142286917096,0.916884580656272
2,1127,3127,-2.44982135433128,2.42782583513952
2,1128,3128,-1.8934274747386,2.76010566458627
2,1129,3129,-2.3695246054604,2.24429767169167
2,1130,3130,-3.57838027140121,1.91508905205895
2,1131,3131,-1.15098928494864,1.52373917445676
2,1132,3132,-1.48662985513244,3.13914323033713
2,1133,3133,-1.64233107915592,3.87840426530263
2,1134,3134,-1.46943431048026,3.4839102247349
2,1135,3135,-2.30387444852774,2.2208539624276
2,1136,3136,-2.12327848449109,3.03021008882125
2,1137,3137,-1.09944954052883,1.46523178432375
2,1138,3138,-2.06442366941165,2.00392309101275
2,1139,3139,-2.02788809170037,1.65684557256942
2,1140,3140,-2.16420217427821,1.94172908030945
2,1141,3141,-1.7920363934606,1.58545284015838
2,1142,3142,-1.66654361508134,1.55567339791077
2,1143,3143,-1.85702215923964,1.30730692942676
2,1144,3144,-1.8833716839445,1.37880265739403
2,1145,3145,-2.38704849656911,2.20182912255046
2,1146,3146,-2.1024235936073,2.07099809456197
2,1147,3147,-1.5913819130553,1.60287837807261
2,1148,3148,-2.8735632988115,2.65008002568977
2,1149,3149,-2.33801569990884,1.52805039193701
2,1150,3150,-2.18291333686996,1.85437036421751
2,1151,3151,-1.24393498659655,1.35210233417732
2,1152,3152,-1.39211393205551,1.40068975343216
2,1153,3153,-1.79298662014151,1.47240086227982
2,1154,3154,-2.24763650516855,1.54727938188931
2,1155,3155,-1.49383256382627,1.23873113220177
2,1156,3156,-1.57535410075724,1.7853965026198
2,1157,3157,-2.29252531762338,2.70361544293864
2,1158,3158,-1.27722716559937,2.11613470405056
2,1159,3159,-1.23988323139059,2.0329921724675
2,1160,3160,-1.31943275828964,1.33490976235005
2,1161,3161,-2.2623021698245,2.08298399722392
2,1162,3162,-1.85600096717396,2.08094392291399
2,1163,3163,-2.50645174059872,1.98525806107337
2,1164,3164,-1.9674046092348,1.49442357724265
2,1165,3165,-1.92002400665032,1.5369773382691
2,1166,3166,-2.87756201180056,2.22951326834219
2,1167,3167,-2.03496138032664,1.6954747453663
2,1168,3168,-2.2858141418682,1.72503741917526
2,1169,3169,-1.63450681605206,1.82048921625127
2,1170,3170,-1.24032173878885,1.60191556999777
2,1171,3171,-1.4000156516245,1.67250809892304
2,1172,3172,-1.22597758191619,1.73694091430182
2,1173,3173,-2.32105905789902,2.04475423978899
2,1174,3174,-1.59409368604146,1.79032978106479
2,1175,3175,-1.12604393807587,2.47203446810835
2,1176,3176,-0.488695396060385,2.32861099802918
2,1177,3177,-1.17469827111866,1.38187138883953
2,1178,3178,-1.72769918318877,1.91134566225993
2,1179,3179,-2.46996363355661,1.86268317844323
2,1180,3180,-2.1657179234801,2.3745364171787
2,1181,3181,-2.56630374600516,2.24914701517916
2,1182,3182,-2.91869011618276,2.29312257785468
2,1183,3183,-3.09263173745516,2.25936928591895
2,1184,3184,-2.52917684139654,1.6347473475023
2,1185,3185,-2.15002463787942,1.18501898072656
2,1186,3186,-1.80249366146585,1.07587722844729
2,1187,3187,-1.91185971982386,1.62037816896496
2,1188,3188,-2.05854594160438,1.61745948264297
2,1189,3189,-2.33293085725283,1.83770772880665
2,1190,3190,-1.91316840722598,1.43764653066191
2,1191,3191,-1.43404760733112,1.86333101054909
2,1192,3192,-1.3580349860817,1.19401824674156
2,1193,3193,-1.52869879567063,0.859255210344871
2,1194,3194,-1.27095910113034,1.47894101455668
2,1195,3195,-1.14198823930672,1.58809566647265
2,1196,3196,-1.29939043554953,1.10084116107937
2,1197,3197,-0.89867922144985,0.92192420259761
2,1198,3198,-1.77650709463042,2.65100903017142
2,1199,3199,-1.83849276743888,1.8008149064879
2,1200,3200,-1.98745386400996,1.70928878498752
2,1201,3201,-2.63379261873877,1.96039125668236
2,1202,3202,-2.86913451004733,2.16688275175184
2,1203,3203,-3.10953068941567,2.33579741358801
2,1204,3204,-3.0680160396521,2.28584097240884
2,1205,3205,-2.87998403056751,2.24924773370348
2,1206,3206,-1.99024415103884,1.39280655921022
2,1207,3207,-1.75262985615152,1.15788615260113
2,1208,3208,-2.79904690431584,2.50208634701261
2,1209,3209,-2.1306717315744,2.26813707999526
2,1210,3210,-2.77535612734599,2.5901147859467
2,1211,3211,-1.28657136700487,2.21691870766837
2,1212,3212,-3.00581021706347,1.96992890117848
2,1213,3213,-2.55027242776837,2.03933799862222
2,1214,3214,-2.10853593743093,1.57933992260124
2,1215,3215,-2.6761825742068,2.12246422916864
2,1216,3216,-1.20773288113104,1.93048371155197
2,1217,3217,-1.10800792441472,2.50537084750979
2,1218,3218,-1.47801169622648,1.62430189553878
2,1219,3219,-1.56764342888999,3.23598104933811
2,1220,3220,-1.06686170225108,2.331645633666
2,1221,3221,-1.01339567462543,2.04285693942173
2,1222,3222,-1.34323584940827,3.17098320267049
2,1223,3223,-1.80017856884056,1.61149829627367
2,1224,3224,-1.51313318764969,1.23501112306628
2,1225,3225,-1.49132534706505,3.05439509721582
2,1226,3226,-1.50222517578,1.60308358927317
2,1227,3227,-1.58551055282625,1.64153276013107
2,1228,3228,-2.02722970660673,2.10290105954685
2,1229,3229,-1.22766633224955,1.2243913207472
2,1230,3230,-2.14583236430841,2.3764368741652
2,1231,3231,-1.83656470391007,1.61923092216207
2,1232,3232,-1.62595824048366,2.0962979171855
2,1233,3233,-1.68034545986716,2.12912877666217
2,1234,3234,-2.13764276531957,2.24667133024314
2,1235,3235,-2.37149178722815,2.51989608759351
2,1236,3236,-1.90233367077798,2.58570757354892
2,1237,3237,-2.24469981988661,3.99241109329638
2,1238,3238,-2.24082512188949,3.27106703224818
2,1239,3239,-2.187094337182,3.28890585250313
2,1240,3240,-2.88296588910111,3.3184675134984
2,1241,3241,-2.2110366624718,2.6795004281853
2,1242,3242,-0.981689077728157,2.38874905147319
2,1243,3243,-2.8456089877945,2.89551849105729
2,1244,3244,-1.65196254556353,2.04293277101393
2,1245,3245,-1.57180530818195,2.33666916297692
2,1246,3246,-2.27742146221319,2.39507254139511
2,1247,3247,-1.78361771720105,2.55312371866213
2,1248,3248,-2.02872754530925,1.78679691818739
2,1249,3249,-2.42256592766289,1.34592130548861
2,1250,3250,-1.5776441466294,1.70781040234227
2,1251,3251,-1.33590039814486,2.27666008525948
2,1252,3252,-1.64205140958037,1.74981015304712
2,1253,3253,-1.22618245504135,1.53785108181997
2,1254,3254,-1.0167881771688,0.793998326462335
2,1255,3255,-1.02580845745727,1.07117034540212
2,1256,3256,-0.709427012149299,1.73228887710822
2,1257,3257,-0.799146054891044,1.84280664765183
2,1258,3258,-0.884147843877058,1.79320052103103
2,1259,3259,-1.4564412859655,1.5667422844002
2,1260,3260,-2.16187095710752,1.54884634161662
2,1261,3261,-2.09205727117778,1.61330793258241
2,1262,3262,-1.69450729785207,1.58647889671616
2,1263,3263,-1.94828640186341,1.85732959008687
2,1264,3264,-2.01054006636854,2.428779835307
2,1265,3265,-1.27702272269903,1.31125991794105
2,1266,3266,-0.69061175928946,1.89284731014497
2,1267,3267,-1.02865078596177,1.9814678544054
2,1268,3268,0.0646935244449757,2.75789631839352
2,1269,3269,-0.0719474441253456,2.54480406710357
2,1270,3270,-2.10917461526975,1.59956176190369
2,1271,3271,-2.06237830670806,1.51531414520162
2,1272,3272,-1.63344500561287,1.85285141002186
2,1273,3273,-1.86908613053728,1.70316707304075
2,1274,3274,-1.85512697390046,2.12135740214243
2,1275,3275,-1.52801806474927,2.71816613069328
2,1276,3276,-1.52421205573884,2.84512449746269
2,1277,3277,-1.81252888023885,3.00712822818886
2,1278,3278,-1.91438229842075,2.21872621444476
2,1279,3279,-1.25240728952309,1.80386800781047
2,1280,3280,-1.12454554157799,1.91329029396142
2,1281,3281,-1.6746954194342,1.73397741076577
2,1282,3282,-0.403663336601704,1.73863499925824
2,1283,3283,-1.34114668952423,1.19281290471867
2,1284,3284,-2.19018983395083,1.46783524388619
2,1285,3285,-1.54275280232632,1.91601772176103
2,1286,3286,-1.47592047226313,2.45527480746257
2,1287,3287,-1.45538827132276,2.1980463181736
2,1288,3288,-1.16413251137851,1.8584669682415
2,1289,3289,-0.959172898094413,1.5751313682576
2,1290,3290,-2.0750871280457,2.71022764216648
2,1291,3291,-1.20507749740909,1.42890939191816
2,1292,3292,-1.26073949348467,1.12407711872432
2,1293,3293,-0.796603929143129,1.47752170091805
2,1294,3294,-0.862063227781456,1.45036432518291
2,1295,3295,-1.45886939251378,1.12640402593611
2,1296,3296,-2.23442301086549,2.75748768413228
2,1297,3297,-1.48371315115014,1.05301517154736
2,1298,3298,-1.72208469335478,1.23493821206425
2,1299,3299,-2.11278047628216,1.67172340508013
2,1300,3300,-1.93679943755346,1.59532328911233
2,1301,3301,-1.82648944768563,1.61125344422323
2,1302,3302,-1.72306336141677,1.3154781457381
2,1303,3303,-2.22350854117029,2.55118701538624
2,1304,3304,-0.73410353132989,2.45004865457862
2,1305,3305,-0.0237203688598272,2.69808556647728
2,1306,3306,-0.538931963741442,3.01235467823801
2,1307,3307,-0.548592932109986,1.6599772835115
2,1308,3308,-0.23526911460799,2.05050669081758
2,1309,3309,-3.93512226212797,2.21117949809608
2,1310,3310,-2.25016392268724,2.79158827505086
2,1311,3311,-0.568577150206115,1.99732758402377
2,1312,3312,-0.718226601132014,1.98579756391468
2,1313,3313,-0.901542689714108,2.24992934738179
2,1314,3314,0.804046328787674,2.42579834735054
2,1315,3315,-0.42186278094134,2.43688541056164
2,1316,3316,-0.969988816074544,3.54371919483301
2,1317,3317,-2.47112319421137,2.7452601025496
2,1318,3318,-2.12374672889658,2.55731240896579
2,1319,3319,-1.8126993057779,2.8505560612342
2,1320,3320,-2.09346863093157,3.16995647651026
2,1321,3321,-2.29878389019863,3.15747808966729
2,1322,3322,-2.23810088714305,2.72788159441814
2,1323,3323,-1.60936409057841,1.01678655931403
2,1324,3324,-2.21327336639817,1.54967262827004
2,1325,3325,-2.80475325845449,2.26471849629998
2,1326,3326,-1.84696164882324,1.53768972455063
2,1327,3327,-1.76913343151405,1.60171188948123
2,1328,3328,-2.04120482609969,1.2348279458268
2,1329,3329,-2.06459256684043,1.45799763634954
2,1330,3330,-1.96331207864995,1.31472896967368
2,1331,3331,-2.10723892569683,2.24768835677684
2,1332,3332,-1.0074729259976,3.22196089651487
2,1333,3333,-1.85181297588866,2.11489208239222
2,1334,3334,-1.78774394064821,2.3249861728303
2,1335,3335,-1.62637610048393,3.24983352137928
2,1336,3336,-1.46093782340606,1.15103544513814
2,1337,3337,-0.645701801846242,2.98797431499201
2,1338,3338,-1.6728009535539,2.20960102519944
2,1339,3339,-1.69727834508554,2.87881628890506
2,1340,3340,-1.94958015847253,2.06874567313239
2,1341,3341,-1.64112858093538,2.77288180759153
2,1342,3342,-1.60303175156411,1.64886375384468
2,1343,3343,-0.589846206213684,2.34522235489101
2,1344,3344,-3.0610581143164,2.83644198768058
2,1345,3345,-2.79802947514169,2.71831167965004
2,1346,3346,-1.44303887139633,2.53359636315362
2,1347,3347,0.306976864900246,2.64494807855091
2,1348,3348,-0.198883039716989,2.2484654859484
2,1349,3349,-0.23215447925764,2.46255340075708
2,1350,3350,-1.73192139206132,3.48012894039085
2,1351,3351,-1.290980855084,2.55708900770182
2,1352,3352,-1.36387435079802,1.76217531475365
2,1353,3353,-1.12476813582756,1.8675275505059
2,1354,3354,-1.60367389213333,1.96346596879516
2,1355,3355,-0.891896894467495,1.15375541590018
2,1356,3356,-2.44277293173978,2.35231938058872
2,1357,3357,-2.75768698947751,2.19982326771988
2,1358,3358,-1.73408748055555,1.98348100866854
2,1359,3359,-2.03237533971438,2.46402681624691
2,1360,3360,-1.77066902356628,2.05894062804396
2,1361,3361,-2.02654788526155,1.66319339864824
2,1362,3362,-2.24463284438438,2.13569176587153
2,1363,3363,-2.88096935515454,2.1748595666302
2,1364,3364,-1.69674427543895,1.3826991853414
2,1365,3365,-1.75915016945031,2.38977189347904
2,1366,3366,-1.06753276023221,1.32635689801418
2,1367,3367,-0.974440829091045,1.26701067262031
2,1368,3368,-1.83041585551722,2.22352540953
2,1369,3369,-1.706803514831,2.65290251499926
2,1370,3370,-1.5605550722651,2.1573946351462
2,1371,3371,-2.04710621606373,1.89993799791395
2,1372,3372,-1.2058438136019,1.75582729122813
2,1373,3373,-1.47180182228759,2.19430935793278
2,1374,3374,-1.11335034785489,1.42545991332049
2,1375,3375,-1.40838513380525,1.6038664825415
2,1376,3376,-1.96888845447098,2.04425467979054
2,1377,3377,-1.4362883969251,2.68895706466514
2,1378,3378,-0.881371365117335,1.33889912648646
2,1379,3379,-0.835256395352459,2.9969339602473
2,1380,3380,-1.83674270566697,2.20641360654173
2,1381,3381,-1.81689100552835,2.04158837906905
2,1382,3382,-2.12339562182954,1.8032056386516
2,1383,3383,-1.31472328706228,1.27436522188869
2,1384,3384,-1.79248399555323,1.99683980775732
2,1385,3385,-1.23519815158074,1.48709638189952
2,1386,3386,-1.44008193570157,1.55847104929433
2,1387,3387,-2.93185925477815,2.44822835952161
2,1388,3388,-2.00052600648553,2.14815012028663
2,1389,3389,-2.1450448219196,2.24911189652339
2,1390,3390,-2.34159484795982,2.70089284234679
2,1391,3391,-1.69282910720158,2.46041849060487
2,1392,3392,-1.76486944741555,2.54599457257115
2,1393,3393,-1.16136925851538,1.63877146094586
2,1394,3394,-1.49911090350154,1.70562176369613
2,1395,3395,-1.44057318568775,1.73941057054594
2,1396,3396,-1.43113438355841,1.8408954918745
2,1397,3397,-1.67690397130389,2.53055312365137
2,1398,3398,-2.65987037184196,2.93735584021706
2,1399,3399,-2.23094840443203,2.71951621424625
2,1400,3400,-1.38856761807004,1.30255539015022
2,1401,3401,-2.1009218497142,2.38110911626098
2,1402,3402,-1.1726773345324,2.2181167133676
2,1403,3403,0.195902101794725,1.91203989760609
2,1404,3404,-1.08810051462601,2.19581026450891
2,1405,3405,-1.00944144770165,1.70380502130478
2,1406,3406,-0.87511196676473,2.20780892702667
2,1407,3407,-1.32600011770338,1.66169118050402
2,1408,3408,-2.92698389004504,1.77730563773649
2,1409,3409,-2.43830529762092,1.62540499932993
2,1410,3410,-1.75868770201944,1.35795210201052
2,1411,3411,-1.94099725915338,2.35969289511512
2,1412,3412,-1.88185607925133,2.25684005242834
2,1413,3413,-2.25444586623829,2.22220476931541
2,1414,3414,-2.86895825212131,2.25140612416093
2,1415,3415,-1.99618762259646,1.37062599724054
2,1416,3416,-1.9908916718204,1.63707052100726
2,1417,3417,-1.50075489472016,2.16228390072539
2,1418,3418,-1.39409697219827,2.21295094477017
2,1419,3419,-1.71425183850338,2.06618178695298
2,1420,3420,-1.60479890380897,1.78741521833675
2,1421,3421,-1.39752383954211,1.36702454670189
2,1422,3422,-0.951645805923671,1.77523831424346
2,1423,3423,-1.18773578871615,1.6024615536195
2,1424,3424,-1.16249072003537,1.89334141195829
2,1425,3425,-0.941244761327793,1.75569121953253
2,1426,3426,-2.23170263348312,2.74458624453572
2,1427,3427,-2.12464942907534,2.32037392243042
2,1428,3428,-1.57020381410328,1.38077722399711
2,1429,3429,-1.11264344405128,1.25748243056667
2,1430,3430,-1.3716512974697,1.11496977094049
2,1431,3431,-1.40991095623387,1.25028376273796
2,1432,3432,-2.3547116050064,2.00079525799486
2,1433,3433,-2.356780399722,2.32681105798523
2,1434,3434,-1.82010111253663,1.7260081475882
2,1435,3435,-2.09172699641418,1.8312909231652
2,1436,3436,-2.3830198085074,2.24162435608034
2,1437,3437,-1.65886075466725,2.25373046087739
2,1438,3438,-2.2673411042692,1.94734382660267
2,1439,3439,-1.9989397409491,1.62698708193329
2,1440,3440,-2.02148790663092,1.94890036910449
2,1441,3441,-1.70283649142524,1.44532685087734
2,1442,3442,-1.89821332287656,1.42514586019277
2,1443,3443,-1.39632707860703,1.37554417281352
2,1444,3444,-2.53528961308116,1.47131420632134
2,1445,3445,-1.58796072945711,1.03611578670315
2,1446,3446,-1.0898344191686,1.49093695723257
2,1447,3447,-1.3656499727887,2.1074474176773
2,1448,3448,-1.59152330486707,1.5430995459688
2,1449,3449,-1.7833354455139,1.31747118422923
2,1450,3450,-1.91767603222675,1.16359390096187
2,1451,3451,-1.43851473982852,1.10367652141503
2,1452,3452,-1.1983066411405,1.75635621874756
2,1453,3453,-0.967557286714206,1.81533529937565
2,1454,3454,-1.204722367186,2.96954314389387
2,1455,3455,-0.789126235572888,1.44849403937905
2,1456,3456,-2.96924951171986,2.42502584803012
2,1457,3457,-2.3242449802988,1.44314783702259
2,1458,3458,-1.87485063676636,1.64730091865767
2,1459,3459,-1.68700778979545,1.53443934868121
2,1460,3460,-1.614498514114,1.50422833789698
2,1461,3461,-3.23009268574447,1.97084163503454
2,1462,3462,-3.37975950604353,2.26358708839325
2,1463,3463,-3.60115927407779,2.48340836195193
2,1464,3464,-1.8191809781703,3.26394199083606
2,1465,3465,-1.82678435511761,3.1360004160786
2,1466,3466,-1.73941833374481,1.68101187575579
2,1467,3467,-1.8606265736763,1.77566498754508
2,1468,3468,-1.93326567350171,1.90991778104291
2,1469,3469,-1.85703334952176,1.32799946948878
2,1470,3470,-1.96793248674554,1.65585763678489
2,1471,3471,-0.851696010695153,1.27803766921054
2,1472,3472,-1.14244819068125,1.49362099252852
2,1473,3473,-2.01487418152197,2.07731044614298
2,1474,3474,-2.13240522802691,2.13669068833861
2,1475,3475,-1.99796918184281,2.23400956409441
2,1476,3476,-2.72103035014124,2.59081597912545
2,1477,3477,-1.90987350336043,3.02023794055067
2,1478,3478,-1.45479793046466,2.13262374752176
2,1479,3479,-1.05094917628956,2.0086802452308
2,1480,3480,-1.04972843191976,1.76912896564283
2,1481,3481,-1.48132575540694,1.95242561450395
2,1482,3482,-2.00874031864221,2.1429787020576
2,1483,3483,-1.35557286908704,1.75470510743505
2,1484,3484,-2.1344213497652,2.01093557623492
2,1485,3485,-2.18327584710623,1.48275724138778
2,1486,3486,-1.83807894087692,1.43654871273993
2,1487,3487,-1.5980597572708,1.76953172345323
2,1488,3488,-1.92312297222745,1.7898974560344
2,1489,3489,-2.10041007196599,1.8413432529388
2,1490,3490,-2.00825036632098,1.98158721095419
2,1491,3491,-1.86720428283377,1.8595307845586
2,1492,3492,-1.80764222973957,1.81201592416896
2,1493,3493,-2.67757779605382,2.98345800741029
2,1494,3494,-1.67152313333374,1.63172569994065
2,1495,3495,-1.95349045245795,1.70123713108551
2,1496,3496,-0.544475320598084,1.60186608706968
2,1497,3497,-0.876392755589125,1.97222593505663
2,1498,3498,-1.35113630425107,2.21941353003936
2,1499,3499,-1.40172396333396,2.13725650219641
2,1500,3500,-2.31049461490891,1.64712397538903
2,1501,3501,-2.54952734777107,1.86165247622401
2,1502,3502,-2.45280898053957,1.47675276981683
2,1503,3503,-2.23642925936698,1.68428723307228
2,1504,3504,-2.6962835890158,2.43870521867134
2,1505,3505,-1.194969379881,1.5001841083335
2,1506,3506,-1.10065774756532,1.26771385405982
2,1507,3507,-2.09220861186548,1.95993837735743
2,1508,3508,-1.21698136229293,1.27521440979465
2,1509,3509,-2.08986076358482,1.41472930851733
2,1510,3510,-1.88174248528081,1.31500950833288
2,1511,3511,-1.59869052248852,1.30287059614228
2,1512,3512,-1.73761229161858,1.6184619832344
2,1513,3513,-1.89302228216109,2.16254361090586
2,1514,3514,-2.51959034091605,1.83914810548817
2,1515,3515,-1.95469650089508,1.43744198163182
2,1516,3516,-0.719884747503552,2.61805194365234
2,1517,3517,-0.433263577455038,3.05365735822371
2,1518,3518,-0.647959709084717,4.09521393387728
2,1519,3519,-1.08708494809904,3.73803584021862
2,1520,3520,-1.07747556435829,3.019873586844
2,1521,3521,-1.18747479546687,2.39896915868467
2,1522,3522,-1.22335021543632,1.76481142675209
2,1523,3523,-1.85157342661836,1.91652710306314
2,1524,3524,-1.26650133669086,1.46817127766139
2,1525,3525,-0.889883371299813,2.61163192892695
2,1526,3526,-0.969095088660624,1.31449341609553
2,1527,3527,-0.990795008185816,1.35353686158407
2,1528,3528,-1.07322056472072,2.07012776742264
2,1529,3529,-2.41384412924497,2.38362312344165
2,1530,3530,-1.9560331155695,1.89877272396097
2,1531,3531,-2.08036324458271,1.81657101909954
2,1532,3532,-1.88807547111312,0.969384759599689
2,1533,3533,-3.19327979566229,2.71377206538283
2,1534,3534,-1.84886679536347,1.93319808885863
2,1535,3535,-1.46453216170085,1.42484623315998
2,1536,3536,-1.48047135662669,1.3511273224645
2,1537,3537,-2.1352367455982,1.81296697534253
2,1538,3538,-2.05736919209996,1.76329351743051
2,1539,3539,-2.02008024231101,2.2464405319999
2,1540,3540,-1.53188513618712,1.82062495559508
2,1541,3541,-2.0732614575663,2.54695104566395
2,1542,3542,-1.6772581387304,3.83279225517266
2,1543,3543,-0.646005447566183,2.1157031449485
2,1544,3544,-1.40659908579034,1.24780957989562
2,1545,3545,-1.26057831375232,1.69674361460122
2,1546,3546,-0.634950655378041,1.45924014114518
2,1547,3547,-1.20133985469347,1.58131889244499
2,1548,3548,-2.07262515985126,1.5279845468337
2,1549,3549,-1.95375140059075,1.38536078368095
2,1550,3550,-1.38706964987851,3.61914348868719
2,1551,3551,-1.37487175703435,3.3402882154229
2,1552,3552,-1.41665753685214,2.33141849095634
2,1553,3553,-2.08144660842998,1.92127623818614
2,1554,3554,-2.03500121787562,1.75339889555285
2,1555,3555,-1.82439009104792,1.88470207564384
2,1556,3556,-2.38725888279224,2.06151562555106
2,1557,3557,-2.51320976751531,2.54362859164308
2,1558,3558,-2.44447624484898,2.02659026066289
2,1559,3559,-3.11043311500471,2.78437429240597
2,1560,3560,-3.37123816689338,2.65072370882158
2,1561,3561,-3.27412264725348,1.98250485773369
2,1562,3562,-2.13322388344107,1.71971181260335
2,1563,3563,-1.96282542892253,2.68831319690951
2,1564,3564,-2.60145003896058,3.30460537112178
2,1565,3565,-2.07522620337721,2.60819872813809
2,1566,3566,-2.27486261842471,2.1576252883856
2,1567,3567,-2.13175092048643,1.87807242874982
2,1568,3568,-1.92097680202432,1.54885006080867
2,1569,3569,-2.51609936890134,1.78613903505507
2,1570,3570,-2.35792169770137,1.60712918756585
2,1571,3571,-2.97745911916475,2.32634496539153
2,1572,3572,-2.17496299863839,1.7359409576364
2,1573,3573,-2.3322609813008,1.49330723014761
2,1574,3574,-1.57404033657613,1.63008636063484
2,1575,3575,-2.34933243258762,1.95433163981833
2,1576,3576,-2.66464770299809,2.71530814495106
2,1577,3577,-2.67385392692762,2.26660251376987
2,1578,3578,-2.82635139185676,2.2941147250907
2,1579,3579,-1.7311287286733,1.7820685127436
2,1580,3580,-2.46441293682606,1.22937229298849
2,1581,3581,-2.69235307403261,1.15521111495415
2,1582,3582,-2.55797647108005,1.07689871880925
2,1583,3583,-2.76816856687178,1.2117502766677
2,1584,3584,-1.83400047985647,1.44174956644168
2,1585,3585,-1.85464593841172,1.61703691518151
2,1586,3586,-1.87423262380779,1.79225446845221
2,1587,3587,-2.57794672644137,1.48689948396217
2,1588,3588,-2.41756209689559,1.81660372128154
2,1589,3589,-1.74413864986308,1.26449082129738
2,1590,3590,-1.67908243401521,2.03516107639338
2,1591,3591,-1.66511323952287,2.15263326083758
2,1592,3592,-1.22714273419437,1.45530664736695
2,1593,3593,-1.92331726987846,1.85242410177323
2,1594,3594,-2.23938696335023,2.05568863415397
2,1595,3595,-2.53513534502146,3.33750239719157
2,1596,3596,-2.5712820870318,3.06495638809938
2,1597,3597,-2.75869263122447,2.63130093808415
2,1598,3598,-1.36518936280147,2.06071711762568
2,1599,3599,-1.11049148212346,2.35427468518704
2,1600,3600,-1.19701524720719,1.59067301527913
2,1601,3601,-1.61465675407315,1.63610824660896
2,1602,3602,-0.879690532281858,2.72147512488258
2,1603,3603,-1.73749013272878,2.03330856901764
2,1604,3604,-1.52712944058392,1.86368883507472
2,1605,3605,-1.9887687449071,1.91658646589896
2,1606,3606,-1.67602325538399,1.95634711147083
2,1607,3607,-2.90005088870817,2.77376101081921
2,1608,3608,-1.53956336412554,1.44213465225768
2,1609,3609,-2.50212352316943,2.50910668672323
2,1610,3610,-1.93691458547421,1.65829307099216
2,1611,3611,-2.12087585973341,2.06196674351919
2,1612,3612,-1.90014168997075,2.05820271164993
2,1613,3613,-1.67200377259491,2.19717027117164
2,1614,3614,-2.20881222015945,1.45971341255793
2,1615,3615,-2.64784544098622,1.56063855202395
2,1616,3616,-2.31569850168695,1.94527980077424
2,1617,3617,-1.14467849804003,1.94016838299412
2,1618,3618,-1.65242476687753,2.06140198432027
2,1619,3619,-1.58751537213204,2.55043928516435
2,1620,3620,-0.609603919214015,2.65432392808725
2,1621,3621,-0.686397284148681,1.88609037919652
2,1622,3622,-1.14876457827362,2.18743745589409
2,1623,3623,-1.52448300859537,1.53809823821522
2,1624,3624,-1.99602571447533,1.94295219646726
2,1625,3625,-1.80551914887338,1.40021277996966
2,1626,3626,-1.13143371899203,2.42905641776712
2,1627,3627,-2.65645496379811,2.80376540502252
2,1628,3628,-2.2122373320071,2.43014554363477
2,1629,3629,-2.57312410633202,1.73976418827891
2,1630,3630,-1.75322643579142,1.97748761810116
2,1631,3631,-1.27908113286943,1.06889686605362
2,1632,3632,-1.27785446800834,1.07878034695313
2,1633,3633,-1.97890880194102,1.64813179255023
2,1634,3634,-1.45316302428495,1.80540631134126
2,1635,3635,-2.61025114862718,2.57626713974135
2,1636,3636,-2.05150384518868,1.33786552926337
2,1637,3637,-2.15061119675959,1.58440623314491
2,1638,3638,-1.89048882778971,1.21683263046824
2,1639,3639,-3.31312195036606,1.70895859352117
2,1640,3640,-1.3458943280119,1.38236982022219
2,1641,3641,-1.2329987966406,2.36469816538561
2,1642,3642,-1.38804258005083,2.29082918605661
2,1643,3643,-2.06219657738505,2.75908302090592
2,1644,3644,-1.45507939206443,2.55292699494553
2,1645,3645,-0.766659562393005,2.73080851958125
2,1646,3646,-0.88183577310063,2.03378890829996
2,1647,3647,-1.60914586025887,3.07413941329557
2,1648,3648,-1.2665311646303,2.49584085223714
2,1649,3649,-0.88239849037839,2.44344163893613
2,1650,3650,-0.296356832365923,1.87483376490033
2,1651,3651,-0.657246440320842,3.11319914212834
2,1652,3652,-1.05088864901169,1.97632342022243
2,1653,3653,-1.23868457063639,1.67798393343359
2,1654,3654,-1.23022256518713,2.11185675633208
2,1655,3655,-1.41587922960629,1.55647241016844
2,1656,3656,-2.39924260329934,1.71575434693549
2,1657,3657,-2.25489688370468,2.82231253246929
2,1658,3658,-1.93378158934296,2.57831682344441
2,1659,3659,-2.00796890670629,2.52626390405476
2,1660,3660,-2.25917158443717,2.08796543523059
2,1661,3661,-2.30767341798283,2.37420083791405
2,1662,3662,-2.7951710786847,1.88691991720964
2,1663,3663,-2.80504783140343,2.1916020149269
2,1664,3664,-1.78227727087133,1.26724742412897
2,1665,3665,-1.16041481368074,0.959197098058583
2,1666,3666,-1.29508897508983,1.28594608546441
2,1667,3667,-1.45017257556548,1.2109358612682
2,1668,3668,-3.69074822768438,3.16491470853717
2,1669,3669,-3.60523435059116,3.07533159084302
2,1670,3670,-3.50379411584891,3.09175982433399
2,1671,3671,-2.65186735593849,1.81147856624097
2,1672,3672,-2.36467744961505,2.22503313815893
2,1673,3673,-1.57015352374755,1.80093463070803
2,1674,3674,-2.41771181620651,2.69651358680708
2,1675,3675,-2.49425504428534,2.30765299728317
2,1676,3676,-2.09638730914149,1.79997867756056
2,1677,3677,-2.19339007186921,3.54582736013865
2,1678,3678,-2.23418633389321,2.02239980363356
2,1679,3679,-2.83467566402425,1.86579549343209
2,1680,3680,-1.64180170594494,1.2366498843242
2,1681,3681,-1.31702053012286,1.68133778651562
2,1682,3682,-3.18597904664233,2.43806754518325
2,1683,3683,-3.24393217867365,2.39050853811008
2,1684,3684,-2.97316556669092,2.61696617145007
2,1685,3685,-2.93704697890516,2.26511686305267
2,1686,3686,-2.45596337838137,2.53909347611861
2,1687,3687,-1.83489566268875,2.44701343569669
2,1688,3688,-2.75666706008617,3.93657972615208
2,1689,3689,-3.17404685099029,1.75475302343827
2,1690,3690,-2.79862058943564,1.55061095015654
2,1691,3691,-3.16627130801481,2.20904560545352
2,1692,3692,-2.21053084984176,1.6112719888706
2,1693,3693,-1.01701452912339,1.04965142599376
2,1694,3694,-1.89180676947218,1.83504070152351
2,1695,3695,-1.57336110820219,1.18385675552437
2,1696,3696,-1.41258527861929,1.7591695363344
2,1697,3697,-1.09315323789255,1.4009614567314
2,1698,3698,-1.39482414437511,0.956235274474955
2,1699,3699,-1.23110119410335,1.47942096559662
2,1700,3700,-1.12589056179471,1.99564028280911
2,1701,3701,-1.0336002513415,1.92512291336201
2,1702,3702,-1.93745225400391,1.3517261520042
2,1703,3703,-2.23309471326938,2.10530707053797
2,1704,3704,-3.25974351760595,1.86474502326484
2,1705,3705,-1.69728638870985,1.45915534896148
2,1706,3706,-0.868581073289159,0.902821164379327
2,1707,3707,-2.28878701107449,2.5542864161153
2,1708,3708,-2.1847819457032,2.02212314661893
2,1709,3709,-2.16752434909834,1.99458242175607
2,1710,3710,-2.2701734457165,1.94381622138742
2,1711,3711,-1.44350727379937,0.82366323250381
2,1712,3712,-1.36543597525918,0.88666825269973
2,1713,3713,-1.88112532831028,2.39690888282156
2,1714,3714,-1.71075200665428,1.92422696410058
2,1715,3715,-1.67505966805611,1.79703694938196
2,1716,3716,-1.78042668004606,2.32157979357672
2,1717,3717,-1.91737365287518,1.98343803742911
2,1718,3718,-2.6787326970467,1.57955111739654
2,1719,3719,-1.7919980550998,1.4599932845586
2,1720,3720,-1.83741027585113,1.5442714647691
2,1721,3721,-2.06975160962384,1.37091823385917
2,1722,3722,-1.89534967435327,1.23827935242526
2,1723,3723,-1.73249530384095,1.18287435406505
2,1724,3724,-2.12457035371017,1.20371245670006
2,1725,3725,-2.51192562888483,2.38710805704035
2,1726,3726,-1.36971308776807,2.07811235133786
2,1727,3727,-1.43138795150345,1.09983701738729
2,1728,3728,-0.953396839047285,1.94214967632266
2,1729,3729,-0.8164739746405,1.58578352700849
2,1730,3730,-0.976448947715762,2.53808711360374
2,1731,3731,-0.76831665344806,1.97382834511725
2,1732,3732,-1.68557727437511,2.67421346861328
2,1733,3733,-1.23230680783809,1.44647609598939
2,1734,3734,-1.67326444051919,1.4946650441666
2,1735,3735,-1.45327463456652,3.51565929455917
2,1736,3736,-1.42126946490489,2.97742104469755
2,1737,3737,-0.995504531881613,1.6986987976625
2,1738,3738,-1.133867612477,1.92718576442384
2,1739,3739,-0.865885537230009,1.52107975256233
2,1740,3740,-0.685619590486146,1.43764028927263
2,1741,3741,-0.812506120370493,0.761798707505606
2,1742,3742,-2.87212186884996,1.95422277839067
2,1743,3743,-1.68775099525032,1.13443022758573
2,1744,3744,-1.62052186079303,2.06567316388609
2,1745,3745,-1.99664679837265,1.88355400788229
2,1746,3746,-2.74398964916344,2.53725516462653
2,1747,3747,-2.43821665801244,2.56434752890819
2,1748,3748,-2.84259511350488,3.01830016394981
2,1749,3749,-1.2514904651167,1.96329738186615
2,1750,3750,-1.70429093416549,1.55169763956256
2,1751,3751,-1.26320934030349,1.46421223149701
2,1752,3752,-1.04755482073283,2.99676276486995
2,1753,3753,-1.39582896019246,2.4064416917985
2,1754,3754,-1.44267833760577,2.03237939937857
2,1755,3755,-2.18971373416674,3.39145100359624
2,1756,3756,-2.28218736248151,3.60786277357459
2,1757,3757,-2.14199576972893,3.43696559699081
2,1758,3758,-3.03976138987479,2.99705758492712
2,1759,3759,-2.77080608121018,2.8315568074267
2,1760,3760,-0.805127322916798,1.92157426563986
2,1761,3761,-1.58477371021067,1.46323159746921
2,1762,3762,-1.17545130217317,1.05267550074331
2,1763,3763,-1.25572394095271,1.01639078237492
2,1764,3764,-1.12097409764431,1.0582351241491
2,1765,3765,-0.825705305093708,0.812132755024979
2,1766,3766,-1.7657105891532,1.51507535398996
2,1767,3767,-1.32122316721597,1.41709923950981
2,1768,3768,-1.23948931233796,1.11285365360616
2,1769,3769,-2.3416121746681,1.61789635792244
2,1770,3770,-1.98719503779853,1.27481551633415
2,1771,3771,-2.05797082155824,1.33224294672735
2,1772,3772,-2.07276438247676,1.65514957447973
2,1773,3773,-1.45825290882826,1.48020542984723
2,1774,3774,-1.19135543494835,1.54047214281365
2,1775,3775,-1.09613541086146,1.44545044822612
2,1776,3776,-2.29011964154271,2.0502739926827
2,1777,3777,-2.47959186472943,2.04602938039709
2,1778,3778,-1.96676628008696,2.05559832850072
2,1779,3779,-0.581201540910265,1.92584232171007
2,1780,3780,-1.5406505910854,1.15344406558063
2,1781,3781,-2.78218679747402,1.75764889439219
2,1782,3782,-3.02470325466909,1.88051442993182
2,1783,3783,-2.36580005474232,1.64171610172329
2,1784,3784,-2.98731659307147,2.46802946681977
2,1785,3785,-3.21812086252023,2.50126170943159
2,1786,3786,-3.42550847980578,3.88700413405979
2,1787,3787,-3.37559448697017,4.23625784690812
2,1788,3788,-3.34696651040525,3.73639392269401
2,1789,3789,-1.61689815086106,1.08854441935132
2,1790,3790,-1.66597582425318,1.33542105532045
2,1791,3791,-1.70078090551937,1.34108559053412
2,1792,3792,-1.93063013108109,1.54790480238158
2,1793,3793,-1.50487185291288,1.29572203635199
2,1794,3794,-2.13994076522995,2.72296109996099
2,1795,3795,-1.58808786679463,1.68993793484274
2,1796,3796,-2.04735139647507,2.289809520855
2,1797,3797,-2.06607647632314,2.12182588441085
2,1798,3798,-2.50736174328713,2.0894327933305
2,1799,3799,-1.55073947463972,2.41615984202522
2,1800,3800,-2.23143631053636,2.70257664042934
2,1801,3801,-1.91078223005333,1.60401100371248
2,1802,3802,-1.71867706487463,2.25698517568942
2,1803,3803,-2.10946390588264,1.63229202135178
2,1804,3804,-1.84096176773228,1.51140377055541
2,1805,3805,-2.10853732758486,1.85191213549799
2,1806,3806,-1.7706525995141,2.1656632493519
2,1807,3807,-1.03520768255726,1.33154210557322
2,1808,3808,-1.14909861453156,2.04598449646098
2,1809,3809,-0.924379360236844,1.87736631123001
2,1810,3810,-1.8254139540574,1.75680409358436
2,1811,3811,-1.14999523727592,1.93847822643126
2,1812,3812,-1.42368592792953,1.30004268652411
2,1813,3813,-1.97694710455762,2.01717887121681
2,1814,3814,-1.46883668309106,2.24190430965916
2,1815,3815,-1.4178425308948,1.94912357879052
2,1816,3816,-1.20894295799524,1.89262347207697
2,1817,3817,-1.80580757462109,1.60985879878971
2,1818,3818,-1.91011851747719,1.97812987458119
2,1819,3819,-1.85039866991052,1.80120541962324
2,1820,3820,-1.7312023154999,2.15446869158583
2,1821,3821,-1.54921325776146,1.96251677374271
2,1822,3822,-1.24844008582829,2.0573049539179
2,1823,3823,-1.62681404109225,1.94526022052722
2,1824,3824,-2.16700248973729,2.1121882389864
2,1825,3825,-1.00437672993796,1.22368610923893
2,1826,3826,-3.39244118012299,1.68744844623057
2,1827,3827,-1.82000585301916,1.15176197687827
2,1828,3828,-3.03664004806529,1.71482416508939
2,1829,3829,-2.49982157876116,1.47424941751471
2,1830,3830,-2.33673481394278,1.38547190408382
2,1831,3831,-2.79776426094541,1.29927879178731
2,1832,3832,-1.42032123097125,0.833745863909569
2,1833,3833,-2.01050454224549,2.17826828479303
2,1834,3834,-2.3009886283274,1.74340581138718
2,1835,3835,-1.76947428628758,1.56162902380114
2,1836,3836,-1.75279321579494,2.07065116339684
2,1837,3837,-2.0800531107268,1.61266922096153
2,1838,3838,-2.69116795100253,2.3043127274265
2,1839,3839,-1.90034057645902,1.83632881290079
2,1840,3840,-1.29447379272352,1.76849461028659
2,1841,3841,-1.27737446139651,1.79673559991203
2,1842,3842,-1.17313541621267,1.83685554221485
2,1843,3843,-1.32191472014977,1.55754393633527
2,1844,3844,-2.25348168003331,1.58772678937463
2,1845,3845,-0.718946159743292,2.04596219194002
2,1846,3846,-0.555420997157535,1.79886902517752
2,1847,3847,-2.72592036921786,3.46946417282667
2,1848,3848,-3.48695474071936,3.54332726874176
2,1849,3849,-3.17275365187492,3.29900555037476
2,1850,3850,-2.37265540578733,1.93194578854616
2,1851,3851,-1.79045785601329,1.73306929887603
2,1852,3852,-1.54069826194722,1.73377356216826
2,1853,3853,-2.01483063044266,1.67893349370946
2,1854,3854,-1.23965882717416,1.30837645270184
2,1855,3855,-1.88507059111562,2.73347362058255
2,1856,3856,-1.99153656740798,2.25884091129056
2,1857,3857,-2.59201471489583,2.43410404847223
2,1858,3858,-1.25234098222157,1.86148600682635
2,1859,3859,-1.24328745668479,1.97514562066868
2,1860,3860,-1.88165515323623,2.79122709231893
2,1861,3861,-1.7117420311841,1.1242183225559
2,1862,3862,-1.10088951032283,2.28285911393161
2,1863,3863,-1.3562430278157,1.48618989951304
2,1864,3864,-2.20485173313632,2.33589325154679
2,1865,3865,-2.3535742985698,2.0777261307071
2,1866,3866,-0.41182001281987,1.93734431519186
2,1867,3867,-0.914092149339925,2.49976251234112
2,1868,3868,-1.66442394170459,1.71131769277671
2,1869,3869,-1.85757148602637,1.7172782169253
2,1870,3870,-1.09295976883062,1.03546943723019
2,1871,3871,-1.19106465169468,1.303198526922
2,1872,3872,-1.13868821284362,1.78688413790725
2,1873,3873,-2.10938997231477,2.29807149836399
2,1874,3874,-2.08322611817572,2.24102506018732
2,1875,3875,-2.9178681737783,2.98570153629423
2,1876,3876,-2.5042990559164,2.32381815270689
2,1877,3877,-1.73832991086123,1.76545206225028
2,1878,3878,-1.18850251314557,1.617363490402
2,1879,3879,-0.89138989482818,1.27069347948782
2,1880,3880,-0.537903521005076,1.25876936387925
2,1881,3881,-0.467435100216007,1.01467887206186
2,1882,3882,-1.47058597979619,1.86273412412802
2,1883,3883,-1.02984947254231,1.32880466849357
2,1884,3884,-2.19424953991649,1.82098267995493
2,1885,3885,-1.63507468231315,1.42688448128241
2,1886,3886,-2.76373609320044,1.84920662644401
2,1887,3887,-1.72583825566256,1.18551605921787
2,1888,3888,-2.61378369652409,2.863869499807
2,1889,3889,-3.21138002604503,2.39989237888189
2,1890,3890,-4.32527858683621,3.4453791247311
2,1891,3891,-2.68097942214726,2.42502876842169
2,1892,3892,-2.06490962024251,3.35094486088814
2,1893,3893,-1.09692939330804,1.06459507713764
2,1894,3894,-1.54552104687731,1.25362888305253
2,1895,3895,-0.763391645382797,0.79977331791517
2,1896,3896,-1.04690867873647,0.889754737146759
2,1897,3897,-2.31229967888317,1.32156459801377
2,1898,3898,-1.54569941739705,1.4729871546107
2,1899,3899,-1.21132536396921,1.23153766989279
2,1900,3900,-3.00447979948062,2.93950878779201
2,1901,3901,-2.81331562353842,3.69610587050432
2,1902,3902,-2.30727608662154,2.78750728623908
2,1903,3903,-2.64581089970964,2.77443282534236
2,1904,3904,-2.25295311908909,3.2761416198277
2,1905,3905,-2.77791343044329,4.13720257831675
2,1906,3906,-2.77674005613297,3.98312474469645
2,1907,3907,-2.63007116304499,3.39812345737758
2,1908,3908,-3.08973199126405,2.77985745294671
2,1909,3909,-2.15627867269907,1.77917016523729
2,1910,3910,-0.878871263241687,1.30017419293543
2,1911,3911,-0.900658224068727,0.978060820537923
2,1912,3912,-1.12552424496346,1.80628791987438
2,1913,3913,-2.13359324278788,2.78146629678899
2,1914,3914,-2.22098583197722,2.64402152784423
2,1915,3915,-1.66683408818404,1.75596364869291
2,1916,3916,-1.36375441391724,1.59441149299857
2,1917,3917,-1.73417568636239,1.69621914624264
2,1918,3918,-1.59681645535015,1.62263516836483
2,1919,3919,-1.75768493099939,2.78492296087347
2,1920,3920,-1.21420682485094,1.511174110092
2,1921,3921,-1.37762946349906,2.76271961766934
2,1922,3922,-1.10332897728811,2.10783980183232
2,1923,3923,-1.53624526252032,2.36428989676402
2,1924,3924,-1.25543073219796,1.54014475567169
2,1925,3925,-2.01334513479889,2.01926899927309
2,1926,3926,-0.904060815183356,1.81732531249859
2,1927,3927,-1.17415686061856,1.77562441806796
2,1928,3928,-1.07942247823573,1.97699030887145
2,1929,3929,-1.52677534530089,1.77327814715258
2,1930,3930,-1.77170379362061,1.64855510981154
2,1931,3931,-2.12403047434452,2.0644931140091
2,1932,3932,-2.37258361731127,1.47179699710374
2,1933,3933,-2.98686225037156,2.94633923657407
2,1934,3934,-2.91126077255759,2.58443968689919
2,1935,3935,-1.60769526760477,2.38156364115497
2,1936,3936,-1.58570700097831,2.45942759389532
2,1937,3937,-1.55572165717221,1.72588466444743
2,1938,3938,-1.68963781438048,2.05902543762725
2,1939,3939,-1.79089816496238,1.71275419260394
2,1940,3940,-1.96612143908773,1.79140503919365
2,1941,3941,-1.80695952678517,1.40105536350943
2,1942,3942,-1.18588772253285,1.14221737013774
2,1943,3943,-1.01135361858382,2.097017637473
2,1944,3944,-1.56829290116506,1.57381333115281
2,1945,3945,-2.19624150339209,2.1516433930053
2,1946,3946,-1.10800459630748,1.40466116004003
2,1947,3947,-1.02535301148425,1.32742456494019
2,1948,3948,-3.2671313381185,2.31398250982959
2,1949,3949,-2.1187111276247,1.54440527478135
2,1950,3950,-1.72290265950754,1.09502147156409
2,1951,3951,-1.87803093335706,1.1637487876478
2,1952,3952,-2.10045593042727,1.66077713023915
2,1953,3953,-1.00768832489964,1.82337277614976
2,1954,3954,-1.4330323346504,1.74004004704646
2,1955,3955,-1.17039312373666,0.935921655428589
2,1956,3956,-1.5170799910247,1.31773559329852
2,1957,3957,-1.16928652532919,1.98903274274471
2,1958,3958,-2.05672542294342,1.097426076638
2,1959,3959,-2.23137864657621,1.79790501359703
2,1960,3960,-2.68065409726021,1.92630249823069
2,1961,3961,-1.26646632054681,2.30913049700621
2,1962,3962,-0.702250641188061,2.07903910118465
2,1963,3963,-0.625634570304994,2.29773893774238
2,1964,3964,-1.62156603017365,1.89353391658626
2,1965,3965,-2.76140599636596,1.92642258685965
2,1966,3966,-2.49419930559404,1.50619700652714
2,1967,3967,-2.63312315158101,1.66369685386356
2,1968,3968,-2.59794954070541,1.92979919539009
2,1969,3969,-1.67484883274445,2.20534646613791
2,1970,3970,-2.20119238989335,1.83087897486523
2,1971,3971,-2.01172158615332,1.85520148640028
2,1972,3972,-0.865644514472912,1.36182339245609
2,1973,3973,-1.24020130446164,1.27224205042021
2,1974,3974,-1.354597647939,3.24829319176004
2,1975,3975,-1.02467660842946,2.5882195466006
2,1976,3976,-0.852134620422924,2.3574692665436
2,1977,3977,-1.45191771321577,1.9843538519297
2,1978,3978,-1.53911675059349,1.18354299323649
2,1979,3979,-1.49508675234174,1.29948315378821
2,1980,3980,-1.67237583442887,1.29713660912467
2,1981,3981,-1.88375517542837,2.78833566273175
2,1982,3982,-1.58289272448556,1.81871443889656
2,1983,3983,-1.89521212902669,2.5566580617702
2,1984,3984,-1.89025343479474,1.83534910045885
2,1985,3985,-2.60676780978707,1.6171056896708
2,1986,3986,-2.10472412633788,1.66717406721497
2,1987,3987,-2.9776867723334,2.1453007586527
2,1988,3988,-2.60430631434809,3.08199441902308
2,1989,3989,-3.45704914415311,2.78923685734913
2,1990,3990,-0.988132764641941,2.14529807243364
2,1991,3991,-1.67743488542404,1.65015192905877
2,1992,3992,-1.85085582334155,1.58491021250469
2,1993,3993,-1.70491827626999,1.50375857018781
2,1994,3994,-2.14512976592171,1.86061453461837
2,1995,3995,-0.823387093961038,2.02808946156134
2,1996,3996,-0.581887665967448,3.17425071151659
2,1997,3997,-1.21691028067313,2.07047994960142
2,1998,3998,-1.64025567342948,1.19753801658368
2,1999,3999,-2.00069907895178,0.99328179204153
2,2000,4000,-1.75871694284455,0.925442139265851
3,1,4001,-1.5230377753848,2.03991020293043
3,2,4002,-1.47955390633008,2.16111355945194
3,3,4003,-1.28471070608854,1.9603086535277
3,4,4004,-1.39440089152219,1.7160520079514
3,5,4005,-2.17490383478681,1.42752206881016
3,6,4006,-1.38361225811058,1.8305633517608
3,7,4007,-1.34049125080432,1.47207923859946
3,8,4008,-1.24975130637769,1.74273182133528
3,9,4009,-1.28167640186531,1.98062438222645
3,10,4010,-1.35772728367953,1.53974310721339
3,11,4011,-1.72568619139326,1.23496382941262
3,12,4012,-1.88049712378322,1.47075247292103
3,13,4013,-1.39718166154475,1.5462621681312
3,14,4014,-2.84010737340825,2.49144324093687
3,15,4015,-2.21606118804375,1.573703944598
3,16,4016,-1.60728493359655,1.87852664984531
3,17,4017,-1.5894340738767,2.00046449393033
3,18,4018,-2.07692805593593,2.29667009047078
3,19,4019,-2.74639197271986,3.24490822977013
3,20,4020,-1.52020407726246,1.81121005906792
3,21,4021,-1.63703223384371,1.46669781943704
3,22,4022,-1.61973382526056,1.48714912126315
3,23,4023,-2.88486976103265,2.18255026038025
3,24,4024,-1.68327418990353,1.08760917834956
3,25,4025,-1.67217108660267,1.04402708877174
3,26,4026,-1.66586526661195,1.8831399370881
3,27,4027,-3.3395309838743,1.83332739638658
3,28,4028,-1.31824260134986,1.2115641358263
3,29,4029,-2.35042923826692,1.61210199635105
3,30,4030,-1.95725653129013,2.14394735518822
3,31,4031,-1.9909310076397,2.0867865413993
3,32,4032,-2.14434698183146,1.77674173413376
3,33,4033,-2.13493890793633,3.33616933174365
3,34,4034,-1.91857988673756,2.97177357012371
3,35,4035,-1.75125422483412,2.77929279917558
3,36,4036,-2.43822942518033,1.27697608134471
3,37,4037,-3.00542631180499,3.99956411442902
3,38,4038,-2.5295446101921,3.48900183804913
3,39,4039,-3.54908683491907,4.52814841978378
3,40,4040,-3.7014121535894,4.26564321435538
3,41,4041,-3.42366186944526,3.7207614464594
3,42,4042,-2.89224394821039,3.42078603935981
3,43,4043,-2.17367419007634,2.6683774191366
3,44,4044,-2.83316557547399,3.36267463601079
3,45,4045,-2.9899015171096,2.52816349235759
3,46,4046,-1.66736046287327,1.67692610634405
3,47,4047,-1.50652186889015,1.763767309808
3,48,4048,-1.4471135344042,2.0089579188246
3,49,4049,-1.62579053908822,1.65387169728611
3,50,4050,-1.76116429536431,1.88593543285114
3,51,4051,-1.85837154084061,1.9340605790735
3,52,4052,-1.54197984626298,2.13524727205863
3,53,4053,-1.80324126541145,1.23366039259329
3,54,4054,-1.73652493654676,1.18550930105684
3,55,4055,-3.39415157572436,2.4481997488016
3,56,4056,-1.70429546127661,1.35473471682657
3,57,4057,-2.14081422076787,1.6336817881501
3,58,4058,-0.810248011504142,1.98008522285654
3,59,4059,-1.16021020154165,1.29674863076372
3,60,4060,-2.24991337106056,1.75561414207101
3,61,4061,-1.74029346821179,0.970558551470914
3,62,4062,-1.65670673152876,0.961104773405232
3,63,4063,-2.12015056814466,1.69748022874476
3,64,4064,-1.8697546827909,1.45730912780473
3,65,4065,-1.84995064281899,1.68624764405678
3,66,4066,-2.16515411822295,1.73559675564073
3,67,4067,-2.70244270268162,1.57829023440069
3,68,4068,-1.85468494399539,1.08208562395136
3,69,4069,-2.1564044285161,1.94855679493725
3,70,4070,-2.91654304510196,1.82440973822989
3,71,4071,-2.87854460928512,1.94734513143029
3,72,4072,-2.80805852903688,1.5602673013259
3,73,4073,-2.5127901553763,1.7440812598434
3,74,4074,-2.26926962382393,1.56531020379275
3,75,4075,-1.94866043163451,2.56553600795575
3,76,4076,-1.77145783085079,2.11230793232267
3,77,4077,-2.00959978333526,3.74949283222242
3,78,4078,-2.38424301605647,3.89834165807663
3,79,4079,-2.42987269833997,3.14206266401023
3,80,4080,-1.92561112296818,3.15946642957668
3,81,4081,-1.88046261182939,1.84968482139375
3,82,4082,-2.02404728639191,1.64918069580839
3,83,4083,-1.96545103889043,1.79273503520106
3,84,4084,-1.27720144098583,2.41378548488274
3,85,4085,-2.41394749385317,1.89565745233174
3,86,4086,-1.70694255641327,1.96651442443388
3,87,4087,-0.807506335239672,1.89871241413559
3,88,4088,-0.829477932526782,2.18723021818896
3,89,4089,-1.76767602746507,2.14152891492428
3,90,4090,-1.87195469039474,1.58310357768875
3,91,4091,-1.58600084768123,2.18102857961144
3,92,4092,-1.63841631112135,1.94466069715015
3,93,4093,-1.54258288605648,2.44158993479042
3,94,4094,-2.17394048192103,3.10032781633428
3,95,4095,-2.00754174528347,2.03477159617682
3,96,4096,-2.40745862834034,1.89661373950311
3,97,4097,-2.37871083550592,1.93166171484142
3,98,4098,-2.21657402724421,1.98262418208776
3,99,4099,-2.08631360268249,2.16976584767074
3,100,4100,-1.77185466557239,1.17670807020122
3,101,4101,-1.4084677722526,0.904717732817766
3,102,4102,-0.91994029158104,0.597536956794999
3,103,4103,-0.850952985482985,0.52244162776809
3,104,4104,-0.88061854462345,0.493586282866212
3,105,4105,-0.931512268534453,0.687535964015808
3,106,4106,-0.248767766217473,0.30609841850982
3,107,4107,-0.595704743572588,0.29860100130001
3,108,4108,-0.344213744263147,0.252161538728789
3,109,4109,-1.07812318612301,1.11037832929216
3,110,4110,-1.09254839829838,0.824878318747834
3,111,4111,-0.726776349067628,0.865830465657828
3,112,4112,-1.70586675951031,1.17712362088277
3,113,4113,-2.64865501579417,1.79902734035629
3,114,4114,-2.31140967914224,1.99916022768056
3,115,4115,-1.97595632860455,1.25081952808353
3,116,4116,-1.49294144252813,1.75869869999064
3,117,4117,-1.35992634817281,1.51824409393216
3,118,4118,-1.13636990418543,2.41539182037413
3,119,4119,-1.11629616466875,1.46543125103138
3,120,4120,-1.32741612052763,1.27101659735051
3,121,4121,-1.54031241964934,1.50055940622347
3,122,4122,-1.94573669476905,1.38486533671343
3,123,4123,-2.43391929221591,1.83574254304095
3,124,4124,-2.38532048450103,2.95496435185732
3,125,4125,-2.2335232811995,2.27038583500505
3,126,4126,-2.2894740992165,1.92862026615434
3,127,4127,-1.67747806654649,1.7342172636344
3,128,4128,-2.62307742735407,1.92506829049926
3,129,4129,-1.48380155335687,1.38485302903867
3,130,4130,-1.16662030732054,1.87570599129714
3,131,4131,-0.950660109950103,1.59540734331535
3,132,4132,-0.665456735436432,1.50684820679253
3,133,4133,-2.30869164017128,1.62109644979253
3,134,4134,-2.53030190772782,1.97069292555007
3,135,4135,-2.43373709278082,2.80606058208697
3,136,4136,-1.84845312257435,2.42770640975171
3,137,4137,-1.27815671505401,1.38508896893608
3,138,4138,-1.72032188610984,1.25224516833001
3,139,4139,-2.62037111625014,1.23532101339199
3,140,4140,-1.83409452715244,1.58532007222941
3,141,4141,-3.45009858080121,2.76337875044125
3,142,4142,-2.98316754499814,2.18407876394485
3,143,4143,-3.00403423600844,2.03748983458647
3,144,4144,-2.38775495746023,2.27617803181036
3,145,4145,-1.04722352510816,1.54257126747221
3,146,4146,-1.16883968922845,1.66551532166699
3,147,4147,-1.9901938558942,2.13611632523971
3,148,4148,-1.96077387651049,2.4817746247164
3,149,4149,-1.34507890535114,1.63082256144421
3,150,4150,-0.900457409293189,1.36084876147308
3,151,4151,-1.10754172329385,1.91300605802408
3,152,4152,-0.39598447102718,2.95234771855559
3,153,4153,-2.57623758306739,1.72243615663278
3,154,4154,-2.9614975718464,1.845244863554
3,155,4155,-2.28941637155387,1.36519654651074
3,156,4156,-1.31371120374208,1.65550772667901
3,157,4157,-0.609889410050608,2.55197748073606
3,158,4158,-0.585128430229295,1.46304239492375
3,159,4159,-1.20552628131363,2.13858237047992
3,160,4160,-0.401464341583942,1.47824418613288
3,161,4161,-0.528738827965852,1.46285428058734
3,162,4162,-2.15126197010962,1.2225880473681
3,163,4163,-1.66759564065176,1.12933283638052
3,164,4164,-2.39800629688055,1.35610418807221
3,165,4165,-1.85823617371694,1.08669139315043
3,166,4166,-2.09432551111254,1.15327097183255
3,167,4167,-1.99670295986992,1.78704399913785
3,168,4168,-1.82314072176048,1.68173632170207
3,169,4169,-2.58781874027808,1.72942152470264
3,170,4170,-2.02532820484884,1.51336337386832
3,171,4171,-2.92537438630439,2.23995480340167
3,172,4172,-3.07051753870134,2.3438390351935
3,173,4173,-3.53851552650794,2.26867982047375
3,174,4174,-3.07898578916138,1.66695200108569
3,175,4175,-2.21676129696892,1.85424175626621
3,176,4176,-0.756080556485897,2.13294421709289
3,177,4177,-1.55062430359178,1.92141580617395
3,178,4178,-1.5034140771803,1.90836850431071
3,179,4179,-1.27863717308826,2.46547301187402
3,180,4180,-1.97202561243717,2.45307887468572
3,181,4181,-1.94153168952972,2.55865345304537
3,182,4182,-1.72729467942778,2.31062695362874
3,183,4183,-1.77818724841375,2.20305451830797
3,184,4184,-1.64867012170296,2.08652101381276
3,185,4185,-1.59791816306549,1.78516082527101
3,186,4186,-1.4717871843499,1.77526227309652
3,187,4187,-1.75861667726011,1.81235667552325
3,188,4188,-2.00381487310877,1.15196812323906
3,189,4189,-2.32921648642889,1.84107331621969
3,190,4190,-2.80292303794365,1.69115444395391
3,191,4191,-2.72061546903221,1.65387435029939
3,192,4192,-2.86911295122981,1.45291334051072
3,193,4193,-2.97802671722314,1.44879252414386
3,194,4194,-2.33598780029363,2.43760632797874
3,195,4195,-1.56290443024928,1.73238581342025
3,196,4196,-1.48519121662482,2.34411283885302
3,197,4197,-2.2078569494493,2.67902093942872
3,198,4198,-1.77134851699114,1.53583074565554
3,199,4199,-1.98495748815875,1.92357683279399
3,200,4200,-1.71323057864967,2.02293506860527
3,201,4201,-1.73358961382036,1.93852828181058
3,202,4202,-2.52765599019251,1.62126199403539
3,203,4203,-2.35688499361368,1.48809081956806
3,204,4204,-2.16188038249086,1.33263143111144
3,205,4205,-2.61196713885574,1.84087134859175
3,206,4206,-1.38589283532068,1.6741492830256
3,207,4207,-0.894718621874458,1.63633898408248
3,208,4208,-2.76807432875877,3.19350555940857
3,209,4209,-2.8623469444494,2.93845097325771
3,210,4210,-2.5121090315456,1.64758371773045
3,211,4211,-2.12075874867999,1.56767221221892
3,212,4212,-1.56448355234763,1.26411246942167
3,213,4213,-2.11240498597972,1.67861489204987
3,214,4214,-2.08423085571714,1.65601986542128
3,215,4215,-1.84372627487045,1.4505373061518
3,216,4216,-2.04848559140426,1.68457329950098
3,217,4217,-1.24948055456067,1.72658593260349
3,218,4218,-2.44443073962728,3.34789829745889
3,219,4219,-1.84183276884449,2.66411700433472
3,220,4220,-1.59697270434162,2.55767998371195
3,221,4221,-1.53816100234868,2.40430592851522
3,222,4222,-1.85678663934636,2.45095172764829
3,223,4223,-2.20804102063552,3.38265248543449
3,224,4224,-1.20997678805542,1.55277846509802
3,225,4225,-0.813846990376508,1.20208178061621
3,226,4226,-2.05298983479301,1.55337166432268
3,227,4227,-1.93933335253235,1.60526168021149
3,228,4228,-2.02406117638095,2.21080212471049
3,229,4229,-2.54117799168987,2.18259058047812
3,230,4230,-2.04682509181078,2.07820813602265
3,231,4231,-1.66826739001346,2.68627825883167
3,232,4232,-0.897894690459277,1.48174432207856
3,233,4233,-1.94968714095016,1.99948341402936
3,234,4234,-0.239899227284939,1.03244226844571
3,235,4235,-1.15467549724452,2.04946235989742
3,236,4236,-2.54608048032111,1.79162637017355
3,237,4237,-2.16150021476922,1.54718043468201
3,238,4238,-2.48253923230721,2.63293771909659
3,239,4239,-2.33181894870167,1.04776916916503
3,240,4240,-1.7107099816875,0.813353751978313
3,241,4241,-2.58111292009107,1.79232025169022
3,242,4242,-1.75238757800358,1.64725090454172
3,243,4243,-2.57594426280905,1.88213467366039
3,244,4244,-2.29543906135982,1.63635460855756
3,245,4245,-2.14858841268022,1.28062567156584
3,246,4246,-1.40630056004524,1.05251065479334
3,247,4247,-1.73012129232785,1.84956880905462
3,248,4248,-1.49080448191901,1.76983216595299
3,249,4249,-1.35870009495696,2.08768906586521
3,250,4250,-1.51624180790014,2.21634020702879
3,251,4251,-2.1250843347468,2.81304235429099
3,252,4252,-1.38730347087704,2.1150506033391
3,253,4253,-1.55193208307743,2.31483932647913
3,254,4254,-1.23867017204553,1.67704865680078
3,255,4255,-1.4715008830597,1.90219550981527
3,256,4256,-1.12786945882781,1.16889472352329
3,257,4257,-2.04703075219261,1.57455734216779
3,258,4258,-2.12988654969283,1.32215078191396
3,259,4259,-2.33916294118142,2.14306636791537
3,260,4260,-1.69705555779756,2.32031596466862
3,261,4261,-1.5467332339653,1.12203488704714
3,262,4262,-1.46886057471824,0.964385138547317
3,263,4263,-0.225608925040867,1.25325867135368
3,264,4264,-2.17091817061579,1.14586958130856
3,265,4265,-2.61253832366669,1.32066798678017
3,266,4266,-2.9175831662321,1.50814691823372
3,267,4267,-2.36053862473406,1.08697713195897
3,268,4268,-1.87287996254545,1.60275001125277
3,269,4269,-1.85711231410022,1.59438366930409
3,270,4270,-2.78560167359014,1.5222858425632
3,271,4271,-1.85448156950113,1.75438756239927
3,272,4272,-3.27279174522499,1.92236429859871
3,273,4273,-2.32977963958813,1.76977243256257
3,274,4274,-3.41476816652171,1.73206880819593
3,275,4275,-1.99128169342506,1.46635118964796
3,276,4276,-2.55739417003214,1.59048148842029
3,277,4277,-2.39608582814219,1.63620484993675
3,278,4278,-1.80722367754064,1.63651230184327
3,279,4279,-1.73033465046184,1.67890854422762
3,280,4280,-2.57969818444209,2.60840908973969
3,281,4281,-1.56176753890178,1.54263777124812
3,282,4282,-1.99268445284644,1.90342088654039
3,283,4283,-0.763564063409003,1.63729472105563
3,284,4284,-1.29425210461126,1.15482843273901
3,285,4285,-1.30415651748535,1.63591428843318
3,286,4286,-1.37371652108365,1.56191396768642
3,287,4287,-1.61330871726441,1.51122436390115
3,288,4288,-1.19081481975744,1.42748656426144
3,289,4289,-0.209572548990393,1.2928565335436
3,290,4290,-0.575718529797684,2.17300224427645
3,291,4291,-3.29012830302382,2.00955270855565
3,292,4292,-1.80622224028382,2.02796446397964
3,293,4293,-2.35840458478545,2.0961422990606
3,294,4294,-1.07147779941362,2.52180777852294
3,295,4295,-1.5560024568617,1.44035185307385
3,296,4296,-1.65151336213519,2.18538657985938
3,297,4297,-1.11277040506723,1.71456648985478
3,298,4298,-1.3367845254588,1.78464675422933
3,299,4299,-1.37715363663703,1.5121226658351
3,300,4300,-1.34703185501068,1.57671563960842
3,301,4301,-1.53764571086057,1.99259638843211
3,302,4302,-2.61431867720556,2.35491461137695
3,303,4303,-2.76844018466717,2.6282816037664
3,304,4304,-2.51734737931822,2.09697621720166
3,305,4305,-2.45143850782167,1.74216831787678
3,306,4306,-1.97413522750353,2.16030799914656
3,307,4307,-1.95811438876422,1.90449378419712
3,308,4308,-2.91140830707688,1.82648781161653
3,309,4309,-2.39475684346458,1.86281517458982
3,310,4310,-1.99384301048287,1.68230109901463
3,311,4311,-1.80375395812379,1.83704621713483
3,312,4312,-1.72228696452666,2.6417864489867
3,313,4313,-1.40445185521092,1.86151378504779
3,314,4314,-1.40518050995557,1.87240691665492
3,315,4315,-1.85787661331812,2.36522389083284
3,316,4316,-1.91548251815142,2.18320707950572
3,317,4317,-1.10834313630803,1.24055410892931
3,318,4318,-1.5981662617699,2.25831455209103
3,319,4319,-1.14515101682911,2.14628240466211
3,320,4320,-1.21935620207633,2.16155768204672
3,321,4321,-1.14555602503649,1.44084884932002
3,322,4322,-1.35904836812016,1.8003406372093
3,323,4323,-1.52259107776183,1.65013421488267
3,324,4324,-1.34679541518963,2.20163546421685
3,325,4325,-2.25516871011239,2.36553831766058
3,326,4326,-2.34180761368033,2.16907013378557
3,327,4327,-2.23695223466173,2.57596896825452
3,328,4328,-2.48546449634025,1.92166560179042
3,329,4329,-2.55293887908,1.67652473548538
3,330,4330,-0.965495514237768,2.70336060132881
3,331,4331,-1.20055680794158,2.94137520964231
3,332,4332,-1.53914824661799,1.95120792519666
3,333,4333,-1.37694058430544,1.62181157520408
3,334,4334,-1.26305037371655,1.79229412662074
3,335,4335,-2.37552510297155,2.90042584784661
3,336,4336,-2.63927221379816,3.10392197945403
3,337,4337,-2.1322511611298,2.569442661015
3,338,4338,-2.2333149388924,2.60360577702313
3,339,4339,-3.78246613359499,2.7330168567586
3,340,4340,-3.38927235605063,2.59392464250806
3,341,4341,-3.11005885527531,2.1441300380626
3,342,4342,-1.78316606234778,1.5344746343082
3,343,4343,-2.28229871196412,2.07676216183644
3,344,4344,-1.61559156683188,1.62578908598037
3,345,4345,-2.22832171745236,2.35423100980827
3,346,4346,-2.14283386514331,2.21701193529269
3,347,4347,-2.01760751672405,1.71974515388852
3,348,4348,-1.8104369013773,2.56850792990645
3,349,4349,-2.03188272801688,2.59892639955301
3,350,4350,-2.79244400898515,1.09965065960419
3,351,4351,-1.19700731807079,4.19531045059874
3,352,4352,-1.89857959614861,2.19396400854369
3,353,4353,-1.74599947511446,3.0737781436374
3,354,4354,-1.5685199489732,1.36671324895633
3,355,4355,-2.65846050297302,1.97981709195114
3,356,4356,-1.22182138302444,0.952234317749251
3,357,4357,-1.31944242035508,1.09311301489689
3,358,4358,-0.978606432080398,2.26937466649936
3,359,4359,-1.30277262683745,2.05443246903063
3,360,4360,-0.798422246690834,2.58195646984423
3,361,4361,-1.09738442304004,1.64700898141423
3,362,4362,-0.977752750153164,2.46865106690401
3,363,4363,-1.04393015574115,2.68866237211074
3,364,4364,-1.05600025638257,2.70337164958483
3,365,4365,-1.07145016700876,2.30162549460806
3,366,4366,-1.01599083265625,2.713742881596
3,367,4367,-1.14601658858516,2.72972607486438
3,368,4368,-2.71541939065134,1.67862172279345
3,369,4369,-2.28510403020883,1.67910104279848
3,370,4370,-1.49485764650151,2.43127074807408
3,371,4371,-1.36262652555857,2.76019252866667
3,372,4372,-1.43459634529897,2.59841165944166
3,373,4373,-1.64252160770495,2.24620148417339
3,374,4374,-1.85226532511409,1.72880755642706
3,375,4375,-1.95305047470073,1.45365192811245
3,376,4376,-2.0774866528239,1.38576985244275
3,377,4377,-1.417803524272,1.11030511994633
3,378,4378,-0.908744066551381,0.858500263896634
3,379,4379,-0.978180426853023,0.793882725205722
3,380,4380,-1.46319028963885,1.73594547315661
3,381,4381,-2.33855743568149,1.90832733871004
3,382,4382,-1.93104418462515,1.51772455426947
3,383,4383,-1.85003424944206,1.3978526291238
3,384,4384,-2.85341135436072,1.99924506711588
3,385,4385,-2.53828187454741,1.6163193415373
3,386,4386,-1.81666160343006,1.16346922401629
3,387,4387,-1.76759640475329,1.50336545365498
3,388,4388,-1.23240989169451,1.63204962591599
3,389,4389,-1.00990033761252,1.08443594284809
3,390,4390,-1.88094456185534,2.63260485286632
3,391,4391,-2.68538204412956,1.41066175008486
3,392,4392,-1.20869560448047,3.17703154425128
3,393,4393,-0.364258373917677,0.87453267296436
3,394,4394,-1.98901874717229,2.53126830747998
3,395,4395,-1.77490032209403,1.37542508151584
3,396,4396,-2.25563484553828,1.26809265799753
3,397,4397,-3.3992012677405,2.03080240216315
3,398,4398,-3.02277345131664,2.04492017278315
3,399,4399,-2.42331032198133,1.79907582327127
3,400,4400,-2.40244042754823,1.30487734584771
3,401,4401,-1.88151539714131,1.76458288074442
3,402,4402,-1.32302477605152,0.699631881944418
3,403,4403,-2.51239278300242,1.80674111294245
3,404,4404,-2.33194310959292,1.11736234085114
3,405,4405,-2.62381265499755,1.19757212803822
3,406,4406,-2.04914466278432,1.62335570750357
3,407,4407,-2.33763860297884,1.46985060703848
3,408,4408,-1.96409729489941,1.65320312914091
3,409,4409,-2.51872462598373,2.57148768140436
3,410,4410,-2.9568520013164,2.01632390040373
3,411,4411,-2.76540521378216,2.03913652970036
3,412,4412,-3.32949379689348,2.29321150503646
3,413,4413,-0.921395689604403,0.77647934813947
3,414,4414,-1.88192242755444,1.5253420607627
3,415,4415,-2.58033545595521,2.17680123443789
3,416,4416,-2.37127473608249,2.02804153030383
3,417,4417,-2.68810318910119,2.31965065327951
3,418,4418,-2.20479939240878,1.87133279045086
3,419,4419,-2.20000568322353,1.93153702778886
3,420,4420,-2.07002762619248,1.77492247000841
3,421,4421,-1.38822344910018,2.46592397132842
3,422,4422,-1.98379234164771,2.0931048222003
3,423,4423,-1.49894998639632,1.73809448066975
3,424,4424,-1.79594246778194,1.88734215183697
3,425,4425,-2.0553773864925,1.84078708715669
3,426,4426,-0.586033351357997,1.61425464032122
3,427,4427,-1.69098716421884,2.7404775139694
3,428,4428,-1.40866803869025,2.15166965247782
3,429,4429,-2.59324824776278,2.71325489341623
3,430,4430,-2.63938154181438,2.34709188230119
3,431,4431,-2.52300367180974,2.17159270258473
3,432,4432,-1.85555140542601,1.4167289888185
3,433,4433,-2.02338758064284,1.34135219879239
3,434,4434,-0.776355896595844,1.27914743142431
3,435,4435,-0.771820847991085,1.60465197371217
3,436,4436,-1.97566508093121,2.21335014400956
3,437,4437,-1.95193904468757,2.03944151317324
3,438,4438,-2.21992419948348,2.1201129763831
3,439,4439,-2.02454693098785,1.39803418997619
3,440,4440,-2.13080891033376,1.58715604287799
3,441,4441,-2.44153585621555,1.73573277985516
3,442,4442,-2.49128478551252,1.78279087022598
3,443,4443,-2.2281586758774,1.9171425344704
3,444,4444,-2.27157136351451,1.99936394256739
3,445,4445,-2.85919721839635,1.63223646097712
3,446,4446,-2.44967716197046,1.58292350282564
3,447,4447,-2.27939530731693,1.34357972511563
3,448,4448,-2.38147641973819,1.88345246578339
3,449,4449,-2.36998640664402,2.09474617839905
3,450,4450,-1.0404112541009,2.38695774992819
3,451,4451,-0.928873156904064,2.05761696746555
3,452,4452,-1.54128677852025,1.37242836205893
3,453,4453,-1.58820177567169,1.79332831245311
3,454,4454,-2.39713025280682,2.4801888378845
3,455,4455,-1.75764239078187,1.69788717489811
3,456,4456,-1.71104723599097,2.55169944675483
3,457,4457,-2.00178439780125,2.25163906879217
3,458,4458,-1.27108259534284,2.72394112540916
3,459,4459,-1.44866813324915,2.40972626040357
3,460,4460,-0.918204960458497,2.6239036588327
3,461,4461,-1.48040068456885,1.82082817577166
3,462,4462,-1.68068437734478,1.49468746253948
3,463,4463,-1.34320969377637,1.3821720040221
3,464,4464,-1.44290151219441,1.514154769438
3,465,4465,-1.8009429602959,1.44819116592707
3,466,4466,-1.86013825093165,1.84517143943414
3,467,4467,-1.52728910706899,1.97549438387601
3,468,4468,-1.80242232160826,2.75826887386491
3,469,4469,-1.2818826599473,2.54674100652202
3,470,4470,-1.48407693903863,2.49769174596066
3,471,4471,-1.18069179338614,2.18232578929013
3,472,4472,-0.95969987152342,2.18458539446196
3,473,4473,-1.56975056682345,2.61262536134748
3,474,4474,-1.22518890214663,2.13600405311535
3,475,4475,-1.10478323888227,1.67609634200174
3,476,4476,-3.41125237580254,2.46592982633325
3,477,4477,-1.70313895290348,1.94776548247425
3,478,4478,-2.01581457954275,3.02559536777702
3,479,4479,-3.50672276195851,2.53381481997729
3,480,4480,-1.26864452154763,3.10115091559411
3,481,4481,-1.19988098903252,3.03933245708093
3,482,4482,-1.52008589687167,2.55381301494779
3,483,4483,-1.6233268664804,2.28395590813444
3,484,4484,-1.55303473403546,2.45271598509683
3,485,4485,-2.30781649676076,2.60307657464872
3,486,4486,-2.11377298704894,2.52065442282739
3,487,4487,-1.24063130452055,1.12179758309022
3,488,4488,-1.16522245417684,0.90588263949448
3,489,4489,-2.74224615945726,2.45500304183916
3,490,4490,-1.66853185143434,1.11654648962572
3,491,4491,-1.62987703710597,1.31142366277497
3,492,4492,-1.72316571872915,1.4165892846544
3,493,4493,-2.37505683413319,1.62099117140863
3,494,4494,-2.17629945325412,1.86311477645036
3,495,4495,-2.27985504217276,1.81104490977987
3,496,4496,-2.15600056670763,1.33107854288809
3,497,4497,-2.27385823496632,1.39429265276291
3,498,4498,-1.11284999025007,2.22987410689309
3,499,4499,-0.519656841654095,1.70637874751284
3,500,4500,-1.15235558930005,2.50573057899537
3,501,4501,-0.467485039324821,1.34675200214566
3,502,4502,-0.831755309825965,2.01514287224026
3,503,4503,-2.25901960114693,2.10250320222332
3,504,4504,-2.37957552195046,2.16194310755604
3,505,4505,-1.84606719554775,1.7030350661718
3,506,4506,-1.88726600580721,3.19383883863067
3,507,4507,-1.81794879466534,3.21661225004102
3,508,4508,-1.85465484603106,2.77608593266395
3,509,4509,-1.85047142217768,2.13459674500666
3,510,4510,-2.2947619452373,1.69685960541611
3,511,4511,-1.88061298394667,1.6605951777269
3,512,4512,-1.23406201733995,1.09684904102099
3,513,4513,-1.82496088303864,0.796989521835948
3,514,4514,-2.06951809136813,0.916301204406453
3,515,4515,-0.528689920689177,1.20037073209757
3,516,4516,-0.596104425872001,1.15891278872839
3,517,4517,-0.91598070780023,0.532026288808917
3,518,4518,-2.12443793045173,1.3746641705628
3,519,4519,-1.95814638031929,1.05354884072707
3,520,4520,-3.3165413076653,1.96279301073393
3,521,4521,-1.84202243557878,0.946163735873522
3,522,4522,-1.92788460354601,1.1016950482381
3,523,4523,-3.90686581821208,2.35440477848052
3,524,4524,-3.70947447030556,2.31428899713153
3,525,4525,-3.28133102682927,3.16213829383229
3,526,4526,-1.88388785213927,1.76260953765617
3,527,4527,-2.15034416431214,1.93724822582927
3,528,4528,-1.244173853758,1.5406770163276
3,529,4529,-1.25645625485714,2.43376763365972
3,530,4530,-1.64597767194784,1.76448622975706
3,531,4531,-1.86914922940526,1.88227513777519
3,532,4532,-1.42400153647828,1.40931427993455
3,533,4533,-1.74461238219088,1.64172976245499
3,534,4534,-1.895714889212,2.49603149235344
3,535,4535,-1.69997857689281,1.65392121782368
3,536,4536,-1.31079588196248,1.29930596272348
3,537,4537,-1.08460910917509,1.0870575073752
3,538,4538,-1.72447986495363,1.58557457325817
3,539,4539,-1.61214246866313,1.33757517464519
3,540,4540,-1.65777622070053,1.34627198115967
3,541,4541,-1.53671568131233,1.52532800039955
3,542,4542,-2.00257807206894,1.37371238050976
3,543,4543,-1.91445206897802,2.02799925990517
3,544,4544,-1.51742989281353,1.48139655537423
3,545,4545,-1.55599470333776,1.60476902048272
3,546,4546,-1.73867575537847,1.32593364273179
3,547,4547,-1.93986869870863,2.15615646587591
3,548,4548,-1.56567394317214,3.20750223162166
3,549,4549,-1.18946537620914,1.21066817451132
3,550,4550,-1.4042286579719,1.49008030753863
3,551,4551,-1.71852501069137,2.12198779409071
3,552,4552,-1.88310432483527,1.56116039900257
3,553,4553,-2.34752811867004,1.59636326991613
3,554,4554,-1.48801368745429,3.18930700014605
3,555,4555,-1.79359578255298,4.63638643886868
3,556,4556,-0.767672258698762,4.7206713384158
3,557,4557,-0.837980246982633,4.35012715092796
3,558,4558,-1.00083546052629,4.189094657448
3,559,4559,-1.04845012466031,3.57389776150323
3,560,4560,-0.87022718238643,2.52115533534806
3,561,4561,-1.47390277386286,2.74782254422114
3,562,4562,-0.280953584514747,2.58657607163044
3,563,4563,-1.95798359685742,2.21856895428141
3,564,4564,-1.54643808385108,1.37510517594054
3,565,4565,-1.80118623395475,1.3978205322299
3,566,4566,-1.5579856190739,2.37709053695184
3,567,4567,-1.61828289027087,2.00268288569409
3,568,4568,-1.80499814233414,2.03004651365667
3,569,4569,-1.86395741545216,2.22181962259951
3,570,4570,-1.4995996847276,1.97136700128166
3,571,4571,-1.63209787158433,2.6781287736256
3,572,4572,-1.64884899658944,2.49964124815148
3,573,4573,-1.73876829425421,1.93917749861982
3,574,4574,-1.64616628739043,1.60154189499274
3,575,4575,-2.49853144341566,1.89352255761794
3,576,4576,-1.53266623406681,0.978452428444094
3,577,4577,-1.52584715443984,1.34789664818433
3,578,4578,-1.49434250350023,1.64851388207853
3,579,4579,-1.25629589761736,1.79153859276911
3,580,4580,-1.57133822133189,1.37520413082511
3,581,4581,-1.44537930352133,2.02354833350301
3,582,4582,-1.21353700303261,1.67995368970452
3,583,4583,-1.4870030955433,1.42384735901814
3,584,4584,-1.60905126854475,1.56028218470048
3,585,4585,-1.91694898341547,1.936444150463
3,586,4586,-1.82083775509628,1.83811544670957
3,587,4587,-1.40094777850148,1.8659458329778
3,588,4588,-2.17948701724264,2.46551966666542
3,589,4589,-2.05117848501364,1.37006909866979
3,590,4590,-2.09727009208052,1.57963612314908
3,591,4591,-2.70750987696113,2.21812791383082
3,592,4592,-1.39138707003016,1.2170566361178
3,593,4593,-0.886397588596583,0.746802006446444
3,594,4594,-0.560542795109457,0.580879204189897
3,595,4595,-0.918583040250069,0.803650962988863
3,596,4596,-2.67308985938392,1.24620089591605
3,597,4597,-1.66942660893996,1.34688717499351
3,598,4598,-1.97965952462962,1.62759748460164
3,599,4599,-2.12794391665861,1.83832555880059
3,600,4600,-2.34065698911138,2.24647715217471
3,601,4601,-1.66996722255805,2.93206417532155
3,602,4602,-1.47213999691251,2.0016497092615
3,603,4603,-1.83571444128459,1.99757561324184
3,604,4604,-2.33661317551264,1.97895264956026
3,605,4605,-2.95779015407122,2.25695788587317
3,606,4606,-3.12855941318779,1.65077146706296
3,607,4607,-2.73983857149531,1.54383616403027
3,608,4608,-2.6843390545449,1.98773741115765
3,609,4609,-2.41655475103318,2.35937350495471
3,610,4610,-1.11827353050022,2.09397147397249
3,611,4611,-1.49991949281803,2.13030550657818
3,612,4612,-1.89001583543747,1.61388394224448
3,613,4613,-1.95577759237554,1.68526507775244
3,614,4614,-1.98141141732359,1.72008279984298
3,615,4615,-0.818953606951765,2.27962237406411
3,616,4616,-0.760296412721624,2.4627618891243
3,617,4617,-0.990618916841431,2.59189280719997
3,618,4618,-1.09846000749871,3.03922500467484
3,619,4619,-1.05260592584114,3.18285293781276
3,620,4620,-1.97410723158545,3.02599426887408
3,621,4621,-2.23560827649235,3.11433848290519
3,622,4622,-2.74956947318949,2.48050289537644
3,623,4623,-1.12493736884446,1.4597575283489
3,624,4624,-1.64928798462034,1.8648725251302
3,625,4625,-1.54239355679592,1.69794969646421
3,626,4626,-1.55042197177744,1.65944048982928
3,627,4627,-1.59153673862722,1.6007599342824
3,628,4628,-1.12351858989816,1.05178508786934
3,629,4629,-2.19496259397055,1.55141677004605
3,630,4630,-2.37452636059368,2.04816886383445
3,631,4631,-1.26339282923455,1.99330802118002
3,632,4632,-1.69975033361992,2.05854107785386
3,633,4633,-1.64600178493079,1.71426250456522
3,634,4634,-2.35298120185562,2.0743031418432
3,635,4635,-2.12140042026043,1.36473274590127
3,636,4636,-1.85853677046189,1.52254869786696
3,637,4637,-1.50722717926181,0.84365138977706
3,638,4638,-2.38782608823348,1.19175487509543
3,639,4639,-2.52039531525843,1.55085085864964
3,640,4640,-2.04572898418093,1.41485554267207
3,641,4641,-2.04537052764652,1.36732145212094
3,642,4642,-2.28682495998968,1.48482385913851
3,643,4643,-2.30911375680587,1.62963072298194
3,644,4644,-1.87323491341315,1.94392456464114
3,645,4645,-2.00675325284417,1.20485455589096
3,646,4646,-2.35251949519512,1.21714886210827
3,647,4647,-1.75941437812334,1.86337413376357
3,648,4648,-1.78556899323137,1.4844058996214
3,649,4649,-1.8437254838664,1.55961423416524
3,650,4650,-2.57960455765386,2.04037774730282
3,651,4651,-2.03892150008608,1.65603908191197
3,652,4652,-1.65581129546563,1.27640507942081
3,653,4653,-3.11565287996705,2.42990130855733
3,654,4654,-2.91547976670172,2.52810480773335
3,655,4655,-1.61288595693379,2.4510063010731
3,656,4656,-0.78849449432469,1.89099330779144
3,657,4657,-1.55103580243377,2.12799654899926
3,658,4658,-2.11081422038547,2.14674746093122
3,659,4659,-1.60300095304835,1.52034801960467
3,660,4660,-1.66879549722106,1.71179501776902
3,661,4661,-3.18091662786179,2.20466603604379
3,662,4662,-1.72196937274001,1.89209610036672
3,663,4663,-1.90842548230552,2.09344341788246
3,664,4664,-2.45377502319436,2.28660386737713
3,665,4665,-1.72069361795435,1.47674400996664
3,666,4666,-2.27930939939343,2.00242708361471
3,667,4667,-1.85940393990181,1.42235353556379
3,668,4668,-1.77259449989637,1.75067963304171
3,669,4669,-1.70437271451924,1.77014168617693
3,670,4670,-1.9380808083781,1.85875498148486
3,671,4671,-1.61360245950314,1.71069067148173
3,672,4672,-2.25148550527635,1.79099692434139
3,673,4673,-2.16033783729637,1.70178672570047
3,674,4674,-2.16725753479045,1.9516600607368
3,675,4675,-1.20654709171893,2.36380045923199
3,676,4676,-1.3057987847767,1.37351671078781
3,677,4677,-2.34760647417519,1.75218001203657
3,678,4678,-1.47016467434142,1.46635622373703
3,679,4679,-2.14222331223505,2.31061691599935
3,680,4680,-1.34249951519459,0.945423769237108
3,681,4681,-2.39510537694495,1.99214399398441
3,682,4682,-2.60297711382445,2.36945280251286
3,683,4683,-2.05911000094736,1.80944477156241
3,684,4684,-1.81997660394408,1.70670700349373
3,685,4685,-1.58008363639041,1.96997811540661
3,686,4686,-1.84204829162218,3.06325265709297
3,687,4687,-2.23444000921237,2.76725019123339
3,688,4688,-2.18914684542542,2.88595271086019
3,689,4689,-1.75901477178651,1.49064814529129
3,690,4690,-1.14955697434228,2.5337443915666
3,691,4691,-1.19254487931611,2.51795075067801
3,692,4692,-1.83077291508649,2.14023539712059
3,693,4693,-1.67155001892409,2.06550145863207
3,694,4694,-1.97253302246674,1.75159850104052
3,695,4695,-2.78158128421758,2.21591740205539
3,696,4696,-2.59310829805026,1.7485550480039
3,697,4697,-0.764565457808396,1.6374969195817
3,698,4698,-0.855209100139663,1.733433481083
3,699,4699,-1.62906169050737,1.6613627247438
3,700,4700,-2.38120460574306,2.42355101191933
3,701,4701,-1.52744443217061,2.72671964390969
3,702,4702,-1.47858418630372,3.68661972373106
3,703,4703,-1.8823848262028,2.91552620663842
3,704,4704,-2.13084702536248,3.09937858580688
3,705,4705,-1.47213672448559,2.41479392962285
3,706,4706,-1.47154366285626,2.27983283410497
3,707,4707,-1.24832481529256,2.30167797004463
3,708,4708,-1.31251953753733,1.92911102312644
3,709,4709,-1.60599704686491,1.40996185265234
3,710,4710,-2.17780347110358,2.04134589253008
3,711,4711,-2.16071251428815,1.32278397281672
3,712,4712,-2.06407696582016,1.80108413027666
3,713,4713,-1.72975443509639,1.96561688577326
3,714,4714,-1.54451258948708,1.93143591704584
3,715,4715,-1.51335140144458,2.06570391645895
3,716,4716,-1.52715328970818,1.6356062599901
3,717,4717,-1.65895370063298,2.11382408641003
3,718,4718,-1.08128943548245,1.91752272134664
3,719,4719,-1.69579760841575,2.96505168941076
3,720,4720,-1.43808018798972,3.95070472615202
3,721,4721,-0.84059462698564,3.04706067595844
3,722,4722,-1.05693152595936,2.15587589084259
3,723,4723,-1.50191657543561,2.0627817919646
3,724,4724,-0.622185104777131,1.52600234097576
3,725,4725,-0.811356728049263,3.69377524328966
3,726,4726,-0.542130323653556,3.17963349279971
3,727,4727,-0.236136034373058,2.12199293613617
3,728,4728,-0.944835405369009,4.2145913574684
3,729,4729,-1.33750008479217,2.23564721646059
3,730,4730,-1.34775473118364,2.44359548206652
3,731,4731,-1.13485263237845,2.20096258685822
3,732,4732,-0.438207014625376,2.15155734493596
3,733,4733,-1.54728875942265,3.52941253383975
3,734,4734,-0.711103133303701,2.14847154556026
3,735,4735,-2.95847113592221,2.02065351715303
3,736,4736,-2.98529042938277,1.62951278367042
3,737,4737,-1.48801287361665,1.24276388602496
3,738,4738,-1.30055411761914,1.18320152067528
3,739,4739,-2.29729174010631,1.98439565748625
3,740,4740,-2.14523160946571,1.47832797787948
3,741,4741,-1.2489794477563,1.1041572744437
3,742,4742,-2.01665429352152,1.41014361786203
3,743,4743,-1.71705801470988,1.21779445894411
3,744,4744,-1.29038817568165,0.876633670884061
3,745,4745,-0.949250404401754,1.05797444569092
3,746,4746,-1.95651509985038,1.57375198001516
3,747,4747,-1.6573788471003,1.93566610759742
3,748,4748,-1.65604347758899,1.18141636748853
3,749,4749,-3.42176687127269,2.26516210070368
3,750,4750,-2.46815758390823,1.81289885129902
3,751,4751,-3.386244221192,2.55556217772937
3,752,4752,-1.50270711415643,1.2458350489645
3,753,4753,-2.06523510388628,1.426294386534
3,754,4754,-1.36030318808423,1.78661742876745
3,755,4755,-0.695203078762369,1.66383678806658
3,756,4756,-1.32842521793372,1.95588427463503
3,757,4757,-1.2774509559601,1.7016266839299
3,758,4758,-1.71574438949347,2.19235956898722
3,759,4759,-1.5309904976405,1.99504711383118
3,760,4760,-1.16627621150937,1.68695922724501
3,761,4761,-1.63640807891596,1.8400020491288
3,762,4762,-0.54410280595482,1.31152740548418
3,763,4763,-2.31673339857402,2.13577439045741
3,764,4764,-1.78550758070613,3.25002497974114
3,765,4765,-1.82585487187327,2.82867770441524
3,766,4766,-1.76306031328941,2.44788216847053
3,767,4767,-1.75079154275479,2.10087511758951
3,768,4768,-1.61802104102975,4.61613502479832
3,769,4769,-2.29300661334949,2.92882384438018
3,770,4770,-1.9378123668258,2.17179666162919
3,771,4771,-2.3616094244549,2.22276571533291
3,772,4772,-1.63627493562551,2.30273951701013
3,773,4773,-1.72787531442421,1.37555615667788
3,774,4774,-1.48702622071773,1.54142384566462
3,775,4775,-1.14264089181764,1.90159666599807
3,776,4776,-1.16196860688892,1.93142859498906
3,777,4777,-1.36820329997073,1.73517155166196
3,778,4778,-1.29646583819509,2.21266497651772
3,779,4779,-1.46270758346024,1.32892904128922
3,780,4780,-1.25487862570262,1.192724843472
3,781,4781,-1.67903908258843,1.28025484690573
3,782,4782,-1.24751676821571,1.40038927289249
3,783,4783,-2.21936272061271,2.0797319489017
3,784,4784,-1.90960879152696,1.10012751936847
3,785,4785,-2.26472187088026,1.67798234930614
3,786,4786,-1.53682024675294,1.41877344696098
3,787,4787,-1.4923639359866,1.41754107670262
3,788,4788,-1.43613468520767,2.17786928583587
3,789,4789,-2.24607927954214,1.87015325403979
3,790,4790,-2.21017605118554,1.66962500079264
3,791,4791,-1.40300414222014,1.12534764600344
3,792,4792,-2.10259118450257,1.75527483080077
3,793,4793,-1.14896609388343,0.919368342968929
3,794,4794,-1.15649197381816,1.02540007906755
3,795,4795,-1.82138339273779,1.57669249169627
3,796,4796,-3.15256045830918,2.92036641773382
3,797,4797,-2.55572410397701,3.87021691944934
3,798,4798,-1.32528733323738,1.57347607651818
3,799,4799,-1.51565455210291,1.39582930762525
3,800,4800,-1.74229001784616,1.48150144058387
3,801,4801,-2.0232634635049,1.61971367486692
3,802,4802,-1.95288140635187,1.60078793031405
3,803,4803,-1.7529782261787,2.13107494171231
3,804,4804,-1.27737235701837,1.86985300274426
3,805,4805,-1.47698499904784,1.88262508120758
3,806,4806,-1.54926930713162,1.76151845863228
3,807,4807,-1.52529019316592,1.66333642734963
3,808,4808,-2.08912903687119,1.61375761279755
3,809,4809,-2.12131342815624,1.62109255460348
3,810,4810,-1.4405802243609,1.81934875369781
3,811,4811,-2.82703553812502,1.55819286947913
3,812,4812,-1.68614549398627,1.5445263619621
3,813,4813,-1.66114398444335,1.54866857913343
3,814,4814,-2.99159117988711,2.34040731930095
3,815,4815,-0.524320642384381,0.929772809118846
3,816,4816,-1.61552047207303,1.3978437874388
3,817,4817,-1.48460200036471,1.29074069260798
3,818,4818,-1.21278423651536,1.73668920741544
3,819,4819,-2.05215411761339,3.10551301365107
3,820,4820,-1.35236726360538,2.02507974665132
3,821,4821,-2.21367333951849,1.43584794542321
3,822,4822,-2.14888030723799,1.2108380891523
3,823,4823,-1.94800971430379,1.18846324474863
3,824,4824,-2.14283038823035,1.30938107661048
3,825,4825,-2.18111234384925,1.64140181070699
3,826,4826,-2.77347373844205,2.0488811333358
3,827,4827,-2.4149151544912,1.66080302863623
3,828,4828,-2.40287707579976,1.74329121450837
3,829,4829,-2.41814592531301,1.8049889796954
3,830,4830,-2.14835111350633,1.87149675860959
3,831,4831,-1.99040885567486,1.64163756693884
3,832,4832,-2.24449127892542,1.48245986939763
3,833,4833,-2.38688166244268,1.5573975810037
3,834,4834,-1.86525688136115,1.09997472846717
3,835,4835,-2.40468547186876,1.29847131200025
3,836,4836,-2.29096674894202,1.85159688381982
3,837,4837,-1.68473023244689,2.2115852494518
3,838,4838,-1.59655621079254,2.03243997324163
3,839,4839,-1.75364114220169,2.15455366988201
3,840,4840,-1.84740830034985,1.82358982437726
3,841,4841,-1.9820419231924,1.52579890212924
3,842,4842,-1.64561360570371,2.36392469597595
3,843,4843,-1.77424450668215,1.51886928593379
3,844,4844,-1.07958363700036,1.05161056526641
3,845,4845,-1.57899834358123,1.32449144888651
3,846,4846,-1.51445078324685,1.15510845603441
3,847,4847,-1.69503706711008,0.83358872357811
3,848,4848,-2.31877324916373,2.01201629364645
3,849,4849,-1.58000040721346,1.45462091907823
3,850,4850,-1.99533905342703,1.71716993001089
3,851,4851,-1.99677609397127,1.65616650968657
3,852,4852,-1.73141530036591,1.76818469207873
3,853,4853,-1.75224846332262,2.53653168033567
3,854,4854,-1.7939098913157,2.03867897977964
3,855,4855,-2.07810493072171,1.72290492980304
3,856,4856,-1.57098939282217,1.73582754266305
3,857,4857,-2.76624328828121,2.29491285946419
3,858,4858,-2.69155460697006,3.62714165384844
3,859,4859,-4.30739187412861,3.80784585080828
3,860,4860,-4.53049881935134,3.80093589828052
3,861,4861,-3.73019239449358,2.93443110949627
3,862,4862,-2.74490754681849,1.87961454662142
3,863,4863,-2.91633094662909,1.90091215328543
3,864,4864,-2.67023529994344,2.55884393544247
3,865,4865,-2.89757140937981,2.46289311578097
3,866,4866,-1.25286787225608,1.47227117585706
3,867,4867,-1.30889686270956,2.90576607764186
3,868,4868,-1.22416286894639,1.84538857497046
3,869,4869,-1.19953583685918,2.69014500816828
3,870,4870,-1.36937268940091,1.32814819058761
3,871,4871,-1.41066730442167,1.35716605825941
3,872,4872,-1.86640514988991,2.66117941504267
3,873,4873,-2.34248843930865,2.87066170769256
3,874,4874,-1.50787028700692,1.98839293571396
3,875,4875,-3.44847757316712,2.55534285174144
3,876,4876,-0.401635426708518,1.9361981042117
3,877,4877,-0.740111607458411,1.27129642510913
3,878,4878,-2.08076386992253,2.0963452647919
3,879,4879,-2.20694202402997,1.2144118138763
3,880,4880,-2.94374999165658,1.90865132846851
3,881,4881,-1.44791885430096,1.42381814128156
3,882,4882,-1.13757412981311,1.22551383714907
3,883,4883,-1.69239222343002,1.86669582725599
3,884,4884,-1.65425700552811,1.65654301617385
3,885,4885,-1.66830338860668,1.57518479192656
3,886,4886,-1.59035737596749,1.79024730196576
3,887,4887,-2.30548072851421,2.56424777113901
3,888,4888,-2.2452940653481,2.60912246736084
3,889,4889,-2.18289710955012,3.17991215088438
3,890,4890,-1.98216937474935,1.35316600424931
3,891,4891,-2.10714900599078,1.32097787126212
3,892,4892,-1.78175926594732,2.14269992482822
3,893,4893,-1.80687906851966,2.34710360877091
3,894,4894,-1.49425731763391,2.32212348193598
3,895,4895,-1.40733693233728,3.18626758262382
3,896,4896,-2.22389159220331,3.67634217353326
3,897,4897,-1.34383428848782,2.06392241731385
3,898,4898,-1.30947566292842,2.14380860086708
3,899,4899,-2.34822760219725,2.23607729180269
3,900,4900,-1.95544043346739,2.00580185232927
3,901,4901,-2.01353378527358,2.41423854241821
3,902,4902,-2.33251611574679,1.83774965903872
3,903,4903,-1.16754473152437,1.05324826479537
3,904,4904,-1.64319286142858,1.45110766816545
3,905,4905,-2.07936836522259,1.50708447029949
3,906,4906,-2.008380034605,1.31217444414258
3,907,4907,-2.2141503407327,1.7295423731822
3,908,4908,-1.84889444629625,1.90204354816204
3,909,4909,-1.19445908673584,1.55983461338641
3,910,4910,-2.40829636522925,1.7222617722222
3,911,4911,-2.40291927826571,1.78304626074269
3,912,4912,-1.99495468763238,2.00446449085877
3,913,4913,-1.94542087191204,2.0353729170115
3,914,4914,-1.19117181408363,1.78152532496221
3,915,4915,-1.89917540473634,2.28836166388331
3,916,4916,-1.5545686985634,1.44680451936513
3,917,4917,-1.09684807802697,1.34657380576995
3,918,4918,-1.26972294122789,2.14585333185722
3,919,4919,-1.74723039955051,2.46885919402089
3,920,4920,-1.19236823874948,1.2814541771978
3,921,4921,-1.33103137386628,1.62504215774463
3,922,4922,-1.52817357442467,1.91295725578593
3,923,4923,-2.054933356037,1.69915387951614
3,924,4924,-1.74117039604253,2.32718052629244
3,925,4925,-1.20339226085367,1.19028110880126
3,926,4926,-1.73409449445269,1.50630433032079
3,927,4927,-1.99997020050389,1.60745680131396
3,928,4928,-0.782095718841726,0.92152252001241
3,929,4929,-2.05882721281188,1.45905601701665
3,930,4930,-2.23390358753297,1.57560506314868
3,931,4931,-2.2568914539482,1.58240576659113
3,932,4932,-3.04526492753539,2.70347552438356
3,933,4933,-2.15721769375114,1.30446006054726
3,934,4934,-2.5286892146555,2.35234506914747
3,935,4935,-1.4483932134831,1.92379988293462
3,936,4936,-2.24741529635932,2.77447718908484
3,937,4937,-2.25163950882978,2.57189429211467
3,938,4938,-2.16645727409633,3.00696196286869
3,939,4939,-2.10669317716624,2.20384391705918
3,940,4940,-1.82252154763108,2.1021671555247
3,941,4941,-1.83787719111486,1.92503488593722
3,942,4942,-1.03485668330201,1.78013501119268
3,943,4943,-1.3025869285564,1.98534537470782
3,944,4944,-1.261359144864,1.61436171868226
3,945,4945,-1.58139606675335,4.7922072122602
3,946,4946,-1.64724811468292,4.63876803055451
3,947,4947,-1.32107723172404,2.94657766533652
3,948,4948,-2.16305965956128,3.42658177981852
3,949,4949,-2.45096919104015,4.10306820447009
3,950,4950,-2.87079191006294,4.02339072317138
3,951,4951,-2.13178969013988,1.99459299671857
3,952,4952,-2.07401926612338,1.95974052382382
3,953,4953,-1.67364911825135,2.03795974545705
3,954,4954,-0.589127132304388,1.91111201174393
3,955,4955,-1.41497216367043,1.54923186209258
3,956,4956,-1.14876984141237,2.21272717557444
3,957,4957,-0.751407565282744,1.51630937899566
3,958,4958,-0.93292898910134,1.92309981144942
3,959,4959,-1.71220223485079,2.05968808995837
3,960,4960,-1.36406191185209,3.0526315970865
3,961,4961,-1.75817103731324,2.56671660268202
3,962,4962,-0.931388305410504,2.35910974474088
3,963,4963,-2.87909887339428,1.31669637306642
3,964,4964,-1.47035803773354,1.88863141656316
3,965,4965,-1.23782209515034,1.34510668434069
3,966,4966,-1.22964259816156,1.24202866022224
3,967,4967,-1.12440186780884,2.04520978459922
3,968,4968,-1.01598606326245,2.02704552107446
3,969,4969,-1.39720041191301,1.89946812869762
3,970,4970,-1.75324977448562,1.8280969782003
3,971,4971,-2.7565243767317,1.65485751745219
3,972,4972,-2.7538905351521,1.66396289612489
3,973,4973,-2.37842342608312,1.30786655640426
3,974,4974,-1.90016992785771,2.16042633018753
3,975,4975,-1.68271211918366,1.94808558844456
3,976,4976,-1.17439408619024,1.90960199328254
3,977,4977,-0.658446704653535,1.80886537258053
3,978,4978,-1.44751865821403,2.4045549234604
3,979,4979,-1.48096083509513,2.22289419964668
3,980,4980,-0.878428453554804,2.19884661395226
3,981,4981,-0.86801359911248,2.29011651568375
3,982,4982,-1.04040421724846,2.57269639221562
3,983,4983,-2.21128869722601,2.02034827129976
3,984,4984,-2.13685359225194,2.10098997889276
3,985,4985,-1.57034719717027,2.66608110446205
3,986,4986,-0.90765966943261,1.7763684591578
3,987,4987,-1.29416591601468,2.32606761951914
3,988,4988,-0.795186527749544,2.07836305089251
3,989,4989,-1.08165979251115,1.64324476138795
3,990,4990,-2.55321667357777,2.81841161058943
3,991,4991,-1.0183470819884,1.30070909080062
3,992,4992,-1.2540474640278,1.39895386915181
3,993,4993,-2.85156819001443,3.3523439370515
3,994,4994,-1.9356251529012,1.15167499218792
3,995,4995,-2.14481459096874,1.97329734855615
3,996,4996,-1.28642874938223,1.2725023303787
3,997,4997,-2.41077113849062,2.95664841958265
3,998,4998,-1.28166452369158,2.59437820429951
3,999,4999,-1.47799982379273,2.35187469185743
3,1000,5000,-1.27189622636998,1.79066845004296
3,1001,5001,-1.42113645670127,1.42901379871809
3,1002,5002,-1.18211173758937,1.8164788963019
3,1003,5003,-1.82299470779914,1.74475471041456
3,1004,5004,-1.56784039921688,1.8659404769494
3,1005,5005,-3.44815518281569,2.04109295031115
3,1006,5006,-1.93543619648048,1.33843714702826
3,1007,5007,-2.49808978061993,2.49001253614941
3,1008,5008,-2.16183025737901,2.83485594183061
3,1009,5009,-1.20074886024622,1.09743560005865
3,1010,5010,-2.4991161322789,1.57795456435508
3,1011,5011,-1.35184686193551,1.32308406395947
3,1012,5012,-1.79649364114304,1.36672954064554
3,1013,5013,-1.62606940452272,1.2889331778906
3,1014,5014,-4.00134670130658,2.92044284480051
3,1015,5015,-3.46061374985561,2.54869259122214
3,1016,5016,-2.47873550641374,2.23505406415804
3,1017,5017,-2.61120217361083,2.08236453177071
3,1018,5018,-1.0775436481342,1.27030951070098
3,1019,5019,-1.65544873088409,1.73537589773004
3,1020,5020,-1.97382412757713,1.70897475592457
3,1021,5021,-2.00363641070409,1.61038843456249
3,1022,5022,-2.03125650022735,1.88641617589997
3,1023,5023,-2.65047151932988,1.88937439669687
3,1024,5024,-2.20849774775021,1.83128009669541
3,1025,5025,-1.72679952124904,1.46404092741082
3,1026,5026,-1.55661058715026,1.10661173687736
3,1027,5027,-1.51828757026986,1.15691301983498
3,1028,5028,-2.30896624123792,1.33125142688577
3,1029,5029,-1.62769954426063,1.51061398307908
3,1030,5030,-1.16861606236868,0.90643008006894
3,1031,5031,-1.74251796575412,1.78175382141082
3,1032,5032,-2.27463070522552,1.70844416144907
3,1033,5033,-2.14527099472831,2.11604094297915
3,1034,5034,-2.59934852031533,2.09067347319584
3,1035,5035,-2.81193368761788,1.93672784418693
3,1036,5036,-1.58454600453402,1.34555142978
3,1037,5037,-1.2975333037842,2.07860565657
3,1038,5038,-0.790032567662322,1.0658201143701
3,1039,5039,-1.07734632879665,1.37703223904832
3,1040,5040,-2.11240035278081,2.10541755915102
3,1041,5041,-1.36584849278407,1.86802328467368
3,1042,5042,-1.88650876935617,1.73643991955745
3,1043,5043,-2.02854851162687,1.56425255259584
3,1044,5044,-1.53171276993845,1.15379819841629
3,1045,5045,-1.36856960750207,1.43616196660835
3,1046,5046,-1.91264657193575,1.69283347391977
3,1047,5047,-2.39121806024666,2.25712811596892
3,1048,5048,-1.20067738757287,1.33940100393036
3,1049,5049,-1.77304928207732,1.0057137582311
3,1050,5050,-2.29887887265405,1.23972376242845
3,1051,5051,-1.13843299534577,1.02274333758634
3,1052,5052,-3.34120367730206,2.34212591874237
3,1053,5053,-3.13603602718941,2.22477499757118
3,1054,5054,-3.1585945076008,2.46587906635084
3,1055,5055,-1.85921002644588,2.21717511993309
3,1056,5056,-2.45205103123316,1.57113206664726
3,1057,5057,-1.95383395983185,1.35701181212509
3,1058,5058,-1.81254394400026,1.26666296846711
3,1059,5059,-2.64628829742262,2.22084268691421
3,1060,5060,-1.8820363645413,2.34144716293635
3,1061,5061,-1.56704235120285,1.53821954914934
3,1062,5062,-1.99205369758597,1.61609125126816
3,1063,5063,-1.68414119623014,1.33695451765185
3,1064,5064,-1.13614892297299,2.07392946519092
3,1065,5065,-1.90181426193601,1.58193104853822
3,1066,5066,-2.25589417125403,2.76424445144057
3,1067,5067,-2.4683025478349,2.5894285348249
3,1068,5068,-2.49095654657194,2.53256954431546
3,1069,5069,-2.38525880229797,2.63354283959114
3,1070,5070,-2.49340933730166,2.03760809478383
3,1071,5071,-2.2163348004583,1.76816900912288
3,1072,5072,-2.33998190048094,2.44898206496483
3,1073,5073,-2.37360744272943,2.46859231587514
3,1074,5074,-2.01304158054295,1.8305322638162
3,1075,5075,-2.07420933090023,1.8809874246007
3,1076,5076,-1.97700724384312,1.70155765933194
3,1077,5077,-2.33665319025838,1.60311347486934
3,1078,5078,-1.97899232485273,1.87185112210959
3,1079,5079,-1.83796550278536,1.60944594996612
3,1080,5080,-2.24526343720109,1.8439500845768
3,1081,5081,-2.22191903008377,1.91000842496685
3,1082,5082,-2.75696165992124,2.18833702583344
3,1083,5083,-2.5760073772859,1.80671520885569
3,1084,5084,-1.8630031927287,1.61551402908652
3,1085,5085,-0.661402441863434,2.15345315295047
3,1086,5086,-0.157956637002791,3.42204986388144
3,1087,5087,-0.817217634553062,2.68870509372329
3,1088,5088,-2.14334190826664,2.63839027493818
3,1089,5089,-2.34620267230038,2.51937551860357
3,1090,5090,-2.48882233173855,2.14793280004796
3,1091,5091,-2.53328963757836,2.20976814157473
3,1092,5092,-2.6690046211628,1.53062777730788
3,1093,5093,-1.62352126124764,1.41124719859935
3,1094,5094,-2.73787600035696,2.58971519030455
3,1095,5095,-1.70230850475764,2.4081515124847
3,1096,5096,-1.67454967752405,2.12163517407773
3,1097,5097,-1.46397407007192,2.28220958228698
3,1098,5098,-1.33299526355258,2.92900188673491
3,1099,5099,-1.01814172909087,2.10257868077553
3,1100,5100,-2.01052459503906,2.8346397296913
3,1101,5101,-2.1948283380109,2.60526771787481
3,1102,5102,-2.31898220364335,2.64932788572719
3,1103,5103,-2.08832080727376,3.24486945357157
3,1104,5104,-1.55946993154835,2.44717349942458
3,1105,5105,-2.01961088487402,2.96081886343374
3,1106,5106,-1.10111474857274,2.26601680732812
3,1107,5107,-1.10915517395015,2.26512451718195
3,1108,5108,-1.12015803455256,2.5421442319337
3,1109,5109,-2.04172438576692,2.57647477153629
3,1110,5110,-2.04053298070818,2.1495131413651
3,1111,5111,-1.96375699192401,2.18770314789
3,1112,5112,-2.15789914881579,2.32799009742712
3,1113,5113,-2.06641394079828,2.28023917423923
3,1114,5114,-2.28823700702468,2.21363563585178
3,1115,5115,-1.90257420208379,1.66337367619569
3,1116,5116,-1.68388220511108,1.39117322166384
3,1117,5117,-1.7531239093662,1.5292247543342
3,1118,5118,-0.810301943434252,1.16087603338042
3,1119,5119,-1.35566756004267,1.33080607274233
3,1120,5120,-1.11512836063816,1.1526619965745
3,1121,5121,-1.81800137015084,2.57206960280703
3,1122,5122,-1.16660804346935,1.76913657927732
3,1123,5123,-1.25875247991322,1.97303754632052
3,1124,5124,-1.42357364126613,2.79635043907453
3,1125,5125,-1.35243151808913,2.32884398262057
3,1126,5126,-1.87598027466623,2.96205581378413
3,1127,5127,-1.34349008962245,2.70073778629497
3,1128,5128,-1.41619236230074,1.85493286257382
3,1129,5129,-2.01478909753598,2.03470000865708
3,1130,5130,-0.690212395516247,0.893601753920719
3,1131,5131,-1.22222187165776,1.08392981038901
3,1132,5132,-1.1331037774453,0.683627210835294
3,1133,5133,-0.976981758607927,0.654527151204768
3,1134,5134,-0.980297653034351,0.749107064956543
3,1135,5135,-0.966555060639911,0.872385669819507
3,1136,5136,-2.2812161190209,2.43119300433733
3,1137,5137,-1.48360774395313,1.33802865240546
3,1138,5138,-2.31334062903864,2.66772513380359
3,1139,5139,-1.65089359516487,2.31166688110891
3,1140,5140,-2.34171010563845,2.20643703205474
3,1141,5141,-1.77011455576089,1.5823843668424
3,1142,5142,-1.45500336244792,2.09750112052235
3,1143,5143,-1.17191610048229,2.49817317213351
3,1144,5144,-1.21302018548948,1.79638144080216
3,1145,5145,-2.45755683782494,2.16660967554745
3,1146,5146,-2.49220283186116,2.08345406930022
3,1147,5147,-2.1760045512178,1.77661126620947
3,1148,5148,-1.83570568072317,1.17214349768947
3,1149,5149,-3.60579336566051,1.5475624469361
3,1150,5150,-2.95699613009972,1.71906664624911
3,1151,5151,-2.19965288368509,1.25492400550367
3,1152,5152,-1.36307793179238,0.716962034926436
3,1153,5153,-1.65563460526036,1.13262714223796
3,1154,5154,-3.28448425206926,2.51261927125345
3,1155,5155,-3.53922691198291,2.51998853930024
3,1156,5156,-3.93639280212693,2.65973407227873
3,1157,5157,-3.07194788479893,2.22274220279558
3,1158,5158,-3.25107557505646,2.02502875756765
3,1159,5159,-2.76266679674779,1.82189517314375
3,1160,5160,-1.43771877289877,1.87958169248373
3,1161,5161,-2.46027465895771,3.985914250188
3,1162,5162,-1.70925498424865,3.13606074959822
3,1163,5163,-1.77984867602853,2.19023955499291
3,1164,5164,-2.01132307189752,2.41535813463335
3,1165,5165,-1.26393553134569,2.16761337178732
3,1166,5166,-1.10896879492584,2.73978066659092
3,1167,5167,-1.55006251671168,3.53890227500744
3,1168,5168,-1.49219259739475,2.87787082233021
3,1169,5169,-1.47264791667417,3.26999143324085
3,1170,5170,-1.13345470132622,0.880183548596013
3,1171,5171,-3.35436152160422,2.50421531363305
3,1172,5172,-2.12329683519164,1.14995948628108
3,1173,5173,-3.22070353961569,2.43810351470757
3,1174,5174,-2.95451118433981,2.53989298030302
3,1175,5175,-2.46509445295821,3.11879790918419
3,1176,5176,-2.93282758083144,2.58414988197359
3,1177,5177,-2.25565003453846,2.0310271377605
3,1178,5178,-2.33084469646728,1.89557277566016
3,1179,5179,-2.04872758820845,2.11863392546909
3,1180,5180,-2.03624035937376,1.59925772782706
3,1181,5181,-2.56462612756493,1.67824968727013
3,1182,5182,-2.20657994494374,1.32086948029688
3,1183,5183,-1.75384634093238,1.26307122713699
3,1184,5184,-2.04829620361183,2.0115274590193
3,1185,5185,-1.98151080087002,1.97192339280089
3,1186,5186,-2.94439184118465,2.66481735114058
3,1187,5187,-3.09607150885827,2.09804143836221
3,1188,5188,-1.64560028223674,1.79093238245358
3,1189,5189,-1.75365717720182,1.65330769158807
3,1190,5190,-2.77569781680516,2.11365381352039
3,1191,5191,-2.07604779676677,1.78581737933286
3,1192,5192,-2.23338908035634,1.8403956801739
3,1193,5193,-1.18936251356161,1.94778499909643
3,1194,5194,-1.41510933249045,2.27308068308713
3,1195,5195,-1.33321532185209,2.14467096651082
3,1196,5196,-1.13234962089899,1.67304145480167
3,1197,5197,-1.00656235870694,1.68282956709053
3,1198,5198,-2.40684467671396,2.17978376659644
3,1199,5199,-1.97585310105765,1.53803805511211
3,1200,5200,-2.12149199411355,1.68994673557926
3,1201,5201,-1.6909659124661,2.50192605262252
3,1202,5202,-1.74697105576775,2.76296725706542
3,1203,5203,-1.86890673708602,2.55503962925318
3,1204,5204,-2.4957123903639,1.49159870853011
3,1205,5205,-1.16599440823477,1.56351999896616
3,1206,5206,-0.840671269348416,1.24291007437696
3,1207,5207,-2.22007799885122,2.36080073356953
3,1208,5208,-2.88533450643593,2.40555961538713
3,1209,5209,-2.8956389806413,1.87072302292696
3,1210,5210,-2.37546938139409,2.17861619545931
3,1211,5211,-1.77771891362998,1.86540248272298
3,1212,5212,-2.92960022467874,2.80193020254872
3,1213,5213,-0.244486467849192,2.39965203797263
3,1214,5214,-1.52575217814408,2.35582925501884
3,1215,5215,-1.87980899214408,2.32410562564913
3,1216,5216,-1.54542186150986,2.25683960635416
3,1217,5217,-1.39842495406616,2.12099313640951
3,1218,5218,-1.70324030720043,1.77943624780863
3,1219,5219,-1.60998154901368,1.3643658553924
3,1220,5220,-1.59567840698898,1.66865225757383
3,1221,5221,-1.23136145055131,1.92190463962302
3,1222,5222,-1.15369708411036,1.93822032135683
3,1223,5223,-1.94075867866413,2.15332477498075
3,1224,5224,-0.814537873922097,2.39223127844842
3,1225,5225,-0.716645228760592,2.55382798578865
3,1226,5226,-0.62849679624433,3.05536095504148
3,1227,5227,-0.37346474279479,2.15362218255956
3,1228,5228,-1.27487862296534,2.50042104541926
3,1229,5229,-1.64406069642675,2.60164649196092
3,1230,5230,-1.67065706416502,1.55195224722725
3,1231,5231,-2.27104215855069,1.77536690574698
3,1232,5232,-3.30280269889421,2.29126329305804
3,1233,5233,-2.85997129128769,2.61598298111278
3,1234,5234,-1.19949559777117,1.51636383843305
3,1235,5235,-1.88331259875473,1.41474354772248
3,1236,5236,-1.46120901431502,1.1856563813034
3,1237,5237,-1.754089348012,1.35937852657119
3,1238,5238,-1.84562791550017,1.89006974433506
3,1239,5239,-1.50329075121927,1.04081373748169
3,1240,5240,-1.73966067421575,1.41223500390674
3,1241,5241,-1.90740838075223,1.72210258190155
3,1242,5242,-1.10839348378968,1.06250711122315
3,1243,5243,-1.43452888164236,1.48987071978586
3,1244,5244,-2.10186822488779,1.77685283453074
3,1245,5245,-1.05513300337287,1.23276381046691
3,1246,5246,-2.0309216698752,1.49773969528848
3,1247,5247,-1.80037290333592,1.93347734055184
3,1248,5248,-2.51449918484139,2.19545394923251
3,1249,5249,-2.26835429129376,1.74592307228324
3,1250,5250,-2.6237129010328,2.31341628227675
3,1251,5251,-1.60494846394855,3.32687118222676
3,1252,5252,-1.33925560526526,2.10048353277746
3,1253,5253,-0.939526478454336,2.06108349157993
3,1254,5254,-1.72942497481824,2.44269935742099
3,1255,5255,-1.08498174512432,1.90286318725716
3,1256,5256,-1.12749401451246,2.33181834289979
3,1257,5257,-1.2981724842038,2.38495415176279
3,1258,5258,-1.35697645854982,2.62551594166477
3,1259,5259,-1.67669758669593,1.29197853855572
3,1260,5260,-1.17153217573435,2.14709874410537
3,1261,5261,-1.0007213904805,2.79834076770126
3,1262,5262,-3.6231467202635,1.51703564015148
3,1263,5263,-3.82521706853512,1.7583504219962
3,1264,5264,-3.24273329727583,1.64283393676817
3,1265,5265,-2.65191234635723,1.64697354726167
3,1266,5266,-1.85003587940509,1.88244502323988
3,1267,5267,-2.63429504266034,2.045440129899
3,1268,5268,-2.42901995101224,1.85457894153895
3,1269,5269,-2.11412231829105,1.32046530457834
3,1270,5270,-1.99630694259236,1.3098232299862
3,1271,5271,-2.18775096438919,1.53750395050924
3,1272,5272,-3.35393091280897,2.70381369037379
3,1273,5273,-2.91521279391066,2.04481795330564
3,1274,5274,-2.6089842592482,1.6817568640529
3,1275,5275,-1.56591052653311,1.90883601384907
3,1276,5276,-1.30472621109764,1.32017856970199
3,1277,5277,-1.38168232607858,1.3262759125383
3,1278,5278,-1.84819554878798,1.06444583426251
3,1279,5279,-2.12455149987639,1.75906144691946
3,1280,5280,-1.45175783871909,2.04557519045956
3,1281,5281,-1.25827147251307,1.77320773851496
3,1282,5282,-1.26153351019633,1.43084254490511
3,1283,5283,-1.50880305752247,2.49736493142782
3,1284,5284,-0.97795205356061,3.33129258822836
3,1285,5285,-1.36890300502021,2.89933859448817
3,1286,5286,-1.25796754307793,2.89660079608494
3,1287,5287,-2.70989712085862,2.95968946147705
3,1288,5288,-2.49100940357549,2.19561191188907
3,1289,5289,-1.96207409728717,1.92332927544229
3,1290,5290,-2.03634446798659,2.36196459210471
3,1291,5291,-2.27564929240921,2.19121046647628
3,1292,5292,-1.85404337998133,1.29821380707181
3,1293,5293,-1.81301439812069,1.29336447890708
3,1294,5294,-1.92493483408576,0.962076246129576
3,1295,5295,-2.32344528475575,1.10182076998573
3,1296,5296,-2.32788391183067,1.07380763803387
3,1297,5297,-3.19828173950718,2.06303867131263
3,1298,5298,-3.1210745145303,1.89313564249989
3,1299,5299,-3.18069363124859,1.94858393962674
3,1300,5300,-2.66568529268257,2.29210788978054
3,1301,5301,-2.49855065800006,1.87504503030892
3,1302,5302,-1.44628198886438,1.90414058831667
3,1303,5303,-1.49012151148768,2.55517738147437
3,1304,5304,-0.771106792050783,1.82725903038972
3,1305,5305,-2.08981768184375,2.54109315660413
3,1306,5306,-1.67701583501636,1.06791806236057
3,1307,5307,-2.23916484149576,2.29749766921224
3,1308,5308,-1.69680279145661,2.33173947479359
3,1309,5309,-2.04720266786297,1.16406536887289
3,1310,5310,-1.54240687880496,1.65957410458851
3,1311,5311,-2.2524105443859,1.9463613320208
3,1312,5312,-1.33570682009541,2.6774117794576
3,1313,5313,-1.13897528776512,1.71094290881425
3,1314,5314,-1.14482815821431,1.76764115039371
3,1315,5315,-1.53946218291993,3.31478479716567
3,1316,5316,-0.938280050742147,2.80552682620682
3,1317,5317,-1.37635635821722,3.25009696785078
3,1318,5318,-1.92693120502055,2.17387802313775
3,1319,5319,-1.68529264677113,1.91045384898801
3,1320,5320,-0.929419902773398,2.39363040939499
3,1321,5321,-0.772742876948842,2.4983303104651
3,1322,5322,-2.03471007285823,0.835279239687105
3,1323,5323,0.0552294584010724,2.54521631768349
3,1324,5324,-0.428077386076246,3.28975086482574
3,1325,5325,-1.53392574472293,1.53853253742154
3,1326,5326,-2.09385772291728,1.32377676455199
3,1327,5327,-2.27965925268031,0.972160095352629
3,1328,5328,-2.54016264362917,1.08722887874635
3,1329,5329,-2.41300756039941,1.33808224927142
3,1330,5330,-1.78732636208032,1.77263865066911
3,1331,5331,-1.60728262341118,1.33280983930107
3,1332,5332,-2.55649386761691,2.07860504464995
3,1333,5333,-1.03909120903398,1.65900224690536
3,1334,5334,-1.77674939272488,1.90516287753012
3,1335,5335,-1.84403254529933,2.28390053177912
3,1336,5336,-1.61861763506883,1.69130544535199
3,1337,5337,-1.6252821860636,0.851634222878619
3,1338,5338,-1.49905251448016,0.90047062446843
3,1339,5339,-1.67896996188498,2.02058933454979
3,1340,5340,-2.20762782344886,1.1459517006122
3,1341,5341,-1.26736221962401,1.48809712128874
3,1342,5342,-1.98305553363357,1.71094839628553
3,1343,5343,-2.00480685736405,1.25303056570656
3,1344,5344,-1.12309504712661,1.32021376816524
3,1345,5345,-1.96448674504367,1.80798490806411
3,1346,5346,-1.48808562484706,1.46001059354375
3,1347,5347,-2.38529138582579,2.00664442426006
3,1348,5348,-2.10222493448249,1.92442967030627
3,1349,5349,-1.56372544098723,1.53589702429095
3,1350,5350,-1.27895672020126,2.25458297506889
3,1351,5351,-1.36464570267454,1.32201290130285
3,1352,5352,-1.17236417801506,2.42829720703666
3,1353,5353,-0.578228581524787,1.61753287689765
3,1354,5354,-1.10894565027426,2.05197408665188
3,1355,5355,-2.91639543820074,1.98345001022684
3,1356,5356,-2.76768275438091,1.5666550612533
3,1357,5357,-2.14160243232822,1.66724751806897
3,1358,5358,-1.96471852218907,2.33289815339676
3,1359,5359,-1.52635622064939,1.50968321174766
3,1360,5360,-2.06617699930621,2.01327160732381
3,1361,5361,-2.18869342503714,1.93321402555918
3,1362,5362,-1.86940368680843,1.45625329488057
3,1363,5363,-1.76378051410396,1.23734199169267
3,1364,5364,-2.57839996070395,2.65085729706198
3,1365,5365,-2.15106530349822,1.71676090191562
3,1366,5366,-1.30150645120267,1.29763949450181
3,1367,5367,-2.60241120046544,1.8971255616123
3,1368,5368,-2.51180404615982,2.00355903609932
3,1369,5369,-2.1487478133003,1.18512961643563
3,1370,5370,-2.02732404716063,1.11584387207
3,1371,5371,-1.59680977127528,2.06718841882646
3,1372,5372,-0.843769778734048,2.15650663123364
3,1373,5373,-0.715987871160202,1.91000669411206
3,1374,5374,-1.0912504588962,1.59634087627307
3,1375,5375,-0.615968771433657,1.55243357311364
3,1376,5376,-1.29918808874831,2.68589699160201
3,1377,5377,-1.24257984076747,2.79686188575078
3,1378,5378,-0.937248116342331,2.77166240764516
3,1379,5379,-0.437599573213964,2.97255536321221
3,1380,5380,0.121612912749221,2.47128245495328
3,1381,5381,-1.80152546454116,1.85606564997978
3,1382,5382,-1.96006985308703,1.54260401227369
3,1383,5383,-1.72983435519664,1.11434045827613
3,1384,5384,-2.01302822367471,1.30669754223282
3,1385,5385,-2.24330992986454,1.56624483347573
3,1386,5386,-2.26794374908361,1.82912745070448
3,1387,5387,-1.61747717458104,1.55036790211611
3,1388,5388,-0.650207808670531,1.86876700548883
3,1389,5389,-0.480050740335667,1.57476998087843
3,1390,5390,-0.669257828916229,2.11649041767423
3,1391,5391,-0.372780075731217,2.08669589737816
3,1392,5392,-0.241681464139005,3.14184443181372
3,1393,5393,-1.2558482170162,1.77090718963252
3,1394,5394,-1.45062763086776,1.62103806308478
3,1395,5395,-1.8732543485852,1.50870194115944
3,1396,5396,-1.85936901426307,2.09446036099186
3,1397,5397,-3.15286792897933,2.25360763326499
3,1398,5398,-1.68259525460086,1.66670665598657
3,1399,5399,-1.76907269663776,2.14866013133892
3,1400,5400,-1.98270199821358,2.13111617750647
3,1401,5401,-2.37031742366,2.7715809553326
3,1402,5402,-1.87744122263948,2.05929224177981
3,1403,5403,-2.01928987076016,3.49357586979984
3,1404,5404,-2.27203165899,1.80728638599492
3,1405,5405,-1.95728323151393,1.65810811197722
3,1406,5406,-2.19836863196606,1.79300340351308
3,1407,5407,-2.53901431063022,2.04135027688143
3,1408,5408,-2.04373903602763,2.02168713681874
3,1409,5409,-1.61189013646087,2.77684381631123
3,1410,5410,-1.87399444324671,3.5104732234213
3,1411,5411,-1.84155694218056,2.34637995959755
3,1412,5412,-2.26535291327107,3.95803451141034
3,1413,5413,-2.15742612950334,3.45415666310584
3,1414,5414,-1.56451430409453,1.62125390502109
3,1415,5415,-1.72695799570473,2.75639034838213
3,1416,5416,-3.3111607269731,2.25498083232027
3,1417,5417,-2.43977267013117,2.16748478274412
3,1418,5418,-2.23705362807328,2.21190954850019
3,1419,5419,-2.19641534196369,2.19073002225802
3,1420,5420,-2.57132203060577,2.48674124320766
3,1421,5421,-1.98360232023605,1.41878958136324
3,1422,5422,-2.32923721588191,2.61630146252264
3,1423,5423,-2.31741753001667,2.58005233082332
3,1424,5424,-2.26974362915993,1.69929293118658
3,1425,5425,-2.20456008995305,1.503932132505
3,1426,5426,-2.09311329392564,1.67054407105648
3,1427,5427,-1.83949056390284,1.5104716638856
3,1428,5428,-1.87506873696816,1.43996931365796
3,1429,5429,-2.37712622674029,1.72022800078611
3,1430,5430,-0.363549997175896,1.50957532486097
3,1431,5431,-1.54500357351912,1.69467348840109
3,1432,5432,-1.32175031308584,2.53515676857328
3,1433,5433,-1.13594295424976,2.23537888606688
3,1434,5434,-1.21425305436732,2.4179835865477
3,1435,5435,-0.907754050980414,2.17423768054219
3,1436,5436,-0.718786802725531,1.99794528574423
3,1437,5437,-1.11598146997191,1.97422657109328
3,1438,5438,-1.35361306999946,2.39475800630394
3,1439,5439,-0.754396783932343,1.98179208790501
3,1440,5440,-1.1837981970496,2.4321472465589
3,1441,5441,-1.3823245516293,2.07489617194088
3,1442,5442,-1.79845991009245,2.48648087365322
3,1443,5443,-2.89841446288808,2.20068483606936
3,1444,5444,-1.72329198343688,1.4958848297453
3,1445,5445,-1.36052684094434,1.85267240826491
3,1446,5446,-1.58712725493373,2.10936422909428
3,1447,5447,-1.44161568606757,1.76333653527895
3,1448,5448,-2.21625915650895,2.25537486615579
3,1449,5449,-1.99962151068847,1.86775347229774
3,1450,5450,-2.14504597319762,1.72509533363185
3,1451,5451,-2.15972494013899,1.75682417371028
3,1452,5452,-2.35522989475552,2.62246285366439
3,1453,5453,-2.69884197398935,2.95613343247011
3,1454,5454,-1.50283279282614,3.68098508512599
3,1455,5455,-1.82630298924772,2.31197848419291
3,1456,5456,-1.47078713758506,2.68685884453121
3,1457,5457,-2.35629079648877,1.89255439102409
3,1458,5458,-2.3652401034524,1.89911088656368
3,1459,5459,-3.00315513306602,2.04524354785043
3,1460,5460,-2.22908977200149,1.00956316868218
3,1461,5461,-3.37165823010209,1.3233420126178
3,1462,5462,-0.990655497325525,1.78647785015278
3,1463,5463,-1.00637842115082,2.53233675964314
3,1464,5464,-1.22734320485651,2.95956434515878
3,1465,5465,-2.13734482149072,2.46372603041704
3,1466,5466,-1.78402541104655,1.91087724032803
3,1467,5467,-2.28441117959971,1.82606676095981
3,1468,5468,-1.9811238610768,2.37811720708892
3,1469,5469,-2.06437533175071,2.07189853352685
3,1470,5470,-1.97152613221156,2.04042750546863
3,1471,5471,-1.69076286187493,2.2618402613201
3,1472,5472,-2.25661365826042,2.04351969015879
3,1473,5473,-1.85229968492581,1.70697642837169
3,1474,5474,-1.85851965178932,2.16712547932078
3,1475,5475,-1.86072478373016,2.09081451282293
3,1476,5476,-1.61623956557045,1.69106664144512
3,1477,5477,-1.00260992813165,1.67943481985715
3,1478,5478,-0.983906438433694,1.65971902589897
3,1479,5479,-1.51296318863982,1.83012252931858
3,1480,5480,-2.04047434126779,1.63749522692963
3,1481,5481,-1.84352298043488,1.92910202999174
3,1482,5482,-2.31864037609206,1.79810800204078
3,1483,5483,-1.1428201397695,1.19582252322673
3,1484,5484,-1.76861808820731,1.4657865371771
3,1485,5485,-2.81637983406295,2.91257188119307
3,1486,5486,-2.3317508655055,2.63913017162852
3,1487,5487,-2.16931631135729,2.67375119201699
3,1488,5488,-1.35321069982148,5.12179766010472
3,1489,5489,-1.35821049401046,1.7626884088308
3,1490,5490,-1.45671860802791,2.33654680466591
3,1491,5491,-1.42896747202436,2.14516068907674
3,1492,5492,-1.24832354442712,2.11513116146775
3,1493,5493,-1.71049681847899,2.48042733441395
3,1494,5494,-0.891856305098362,1.68707271649367
3,1495,5495,-1.05874598358902,1.59916325542197
3,1496,5496,-1.1677726759047,1.68634928202325
3,1497,5497,-1.31223077197401,1.06363104124306
3,1498,5498,-1.81902090008964,1.73095843352605
3,1499,5499,-0.263184032597958,1.5678011233632
3,1500,5500,-3.41150832640096,1.7092136943581
3,1501,5501,-3.32007111667063,1.75943036738618
3,1502,5502,-2.17523684503263,1.24426712174598
3,1503,5503,-2.53698561718586,1.3505435654501
3,1504,5504,-2.34066273708571,1.72171137354769
3,1505,5505,-1.43027971738811,1.85808761520957
3,1506,5506,-1.45263779811356,2.07099242400727
3,1507,5507,-1.92770762944756,2.17502308980954
3,1508,5508,-1.3580740342853,1.5597391168189
3,1509,5509,-1.22493428802316,1.28357241780451
3,1510,5510,-1.75432445116961,0.950464462776679
3,1511,5511,-1.63947881346262,1.01299055249665
3,1512,5512,-1.90568899204376,1.67311369626621
3,1513,5513,-1.79997300753671,0.899034527648443
3,1514,5514,-1.95765097686805,1.42839199545754
3,1515,5515,-2.56285497159807,1.56267700011397
3,1516,5516,-1.87346451721627,1.93984230205691
3,1517,5517,-2.21056710736677,1.90976848011433
3,1518,5518,-1.36664586195928,1.05237389248429
3,1519,5519,-2.93534436781293,2.01190264751853
3,1520,5520,-2.01329852114615,1.81944122469929
3,1521,5521,-2.95767965359473,2.09859475366179
3,1522,5522,-2.80177158589838,2.04939369100863
3,1523,5523,-2.97212138245162,2.07875523404582
3,1524,5524,-2.81314109826423,2.33364419515987
3,1525,5525,-3.94403957329929,2.11201325273127
3,1526,5526,-2.88995669739174,1.64914178111113
3,1527,5527,-1.03075011629268,1.27126492641519
3,1528,5528,-1.4072490187597,0.87569147760545
3,1529,5529,-1.72800318682004,1.37261020831339
3,1530,5530,-1.80697432295586,1.50550880789232
3,1531,5531,-1.32347267347454,1.29034242774102
3,1532,5532,-2.43274794369959,1.87480343430176
3,1533,5533,-2.34522965894595,1.80007800675794
3,1534,5534,-2.72586467475689,1.83306185409271
3,1535,5535,-1.71382661087127,2.40470308027997
3,1536,5536,-2.87048227090961,2.24733114300047
3,1537,5537,-1.70748013648287,2.41708754423398
3,1538,5538,-2.54202062415593,2.21584424942852
3,1539,5539,-1.94709664185438,1.73826393295897
3,1540,5540,-2.32856453735028,1.88880768029879
3,1541,5541,-2.29964565717738,1.8561723137551
3,1542,5542,-2.16058207827558,1.76553305101142
3,1543,5543,-0.985746098928911,1.81788095914965
3,1544,5544,-2.03795628135663,2.92242425386988
3,1545,5545,-1.86881306394541,2.32566922053421
3,1546,5546,-1.8618114137957,2.77408541310626
3,1547,5547,-2.1649788378854,2.14306761200042
3,1548,5548,-1.81917487537004,1.59265138739893
3,1549,5549,-2.21264473762366,2.10395443238484
3,1550,5550,-2.02008342950106,2.30623344764669
3,1551,5551,-1.41419460017295,1.36534339118877
3,1552,5552,-2.08089132565068,1.30384119203629
3,1553,5553,-1.27034341678064,1.1241650923873
3,1554,5554,-1.89509677941371,2.01104520206382
3,1555,5555,-2.13683325859405,1.38283058130385
3,1556,5556,-1.90306222013549,1.73954642124933
3,1557,5557,-1.4273768137302,1.28270888156355
3,1558,5558,-2.03130774306308,1.71237910004394
3,1559,5559,-0.919795597882504,0.994563373962782
3,1560,5560,-1.19700871964223,1.29907982853995
3,1561,5561,-1.23244091293,1.31383198079355
3,1562,5562,-1.2516718105305,1.37206116014098
3,1563,5563,-1.20186182846471,1.31105690026254
3,1564,5564,-2.17711510859524,2.13137670685036
3,1565,5565,-2.50803287037418,2.13567718191426
3,1566,5566,-3.08452043207466,2.27069097657779
3,1567,5567,-3.16644570706229,2.46459920140741
3,1568,5568,-3.04552091826018,2.27046567732751
3,1569,5569,-2.12469371080715,1.95946506668846
3,1570,5570,-1.79656381188632,1.50098235407309
3,1571,5571,-1.5479385215348,2.09153977094487
3,1572,5572,-1.62051854559301,1.581247167158
3,1573,5573,-0.894385132700982,1.01823057211021
3,1574,5574,-1.92052020108874,2.02227601492843
3,1575,5575,-1.53199163640343,2.05284870779003
3,1576,5576,-4.08699948379138,2.24169380529917
3,1577,5577,-3.09214836706204,1.37603740822101
3,1578,5578,-3.40893461893587,1.63865688893708
3,1579,5579,-1.98001607790414,1.31894324515765
3,1580,5580,-2.72483466282098,1.73755255203639
3,1581,5581,-2.14847004869832,1.57800858425398
3,1582,5582,-2.87150067732709,1.47765804299931
3,1583,5583,-2.147917445812,1.87168607472108
3,1584,5584,-2.39536631506753,2.72662878559868
3,1585,5585,-1.82045534495917,2.37326301671258
3,1586,5586,-2.50029934775811,2.41438165151384
3,1587,5587,-1.43133286798993,1.9519625852569
3,1588,5588,-2.25525863187929,2.46396480106269
3,1589,5589,-1.66214936652329,1.7079456693161
3,1590,5590,-1.71893384217,1.63497756375372
3,1591,5591,-1.43910726571699,1.03269587915933
3,1592,5592,-2.27250972504995,2.11470349236468
3,1593,5593,-2.32907852899252,1.85237031126733
3,1594,5594,-1.11243320646662,1.8769978772264
3,1595,5595,-1.79595081576637,2.51202329238963
3,1596,5596,-1.64173585272421,1.9506536859687
3,1597,5597,-1.75592470820973,1.49971024539924
3,1598,5598,-1.97000671237593,1.91076328378179
3,1599,5599,-1.65373656314957,1.6087024783024
3,1600,5600,-1.66661648859747,2.21150551205761
3,1601,5601,-1.61690017337722,1.53439349863671
3,1602,5602,-2.45338629898426,1.77333647517755
3,1603,5603,-2.32575964875645,1.85558793152154
3,1604,5604,-2.63242550598745,1.97537473321164
3,1605,5605,-3.02710041081966,2.11115172116187
3,1606,5606,-3.5221631443927,2.53113668397697
3,1607,5607,-3.22435058652621,2.35796344103553
3,1608,5608,-1.88408034603071,1.20665903982607
3,1609,5609,-2.09848633612001,1.33501827377219
3,1610,5610,-1.44938399196228,1.31986964264222
3,1611,5611,-1.44389662813515,1.71825298726952
3,1612,5612,-2.17932613628603,2.00510102094289
3,1613,5613,-2.33818427681728,2.14719213530161
3,1614,5614,-1.8299204489117,1.51056388779516
3,1615,5615,-2.03920902188833,2.28437155251236
3,1616,5616,-1.87570773776383,2.14857905375066
3,1617,5617,-2.12904223393052,2.72960462963376
3,1618,5618,-1.24847084400408,1.70977589051147
3,1619,5619,-0.915435026063767,1.33365478295275
3,1620,5620,-1.7844624044335,2.83683234873116
3,1621,5621,-1.56134982501594,2.41295907756758
3,1622,5622,-1.7241027841087,1.27190861139238
3,1623,5623,-2.58598839121367,2.55424453805405
3,1624,5624,-1.85374189092509,2.98215893429371
3,1625,5625,-2.27763536841105,2.87603440851939
3,1626,5626,-1.5154683608208,1.68311236106043
3,1627,5627,-1.55178482020649,1.81821609473287
3,1628,5628,-2.09208893004947,2.39023908901337
3,1629,5629,-2.96689712081559,3.44121885478285
3,1630,5630,-2.48968728819646,3.29633100499933
3,1631,5631,-1.80175599044493,3.36099692204788
3,1632,5632,-2.15830019786995,3.35098361011521
3,1633,5633,-2.33210618760556,3.94733279826452
3,1634,5634,-1.98433284374994,1.87611077731933
3,1635,5635,-2.40274649893028,2.06250825623203
3,1636,5636,-2.50602181995131,2.16750100188277
3,1637,5637,-1.68534196803877,2.07310844699548
3,1638,5638,-1.97229333633989,1.97354921539045
3,1639,5639,-2.13012192322961,1.70335893917317
3,1640,5640,-2.33225932291852,1.7706688279246
3,1641,5641,-3.0130729516688,2.59432006235794
3,1642,5642,-1.53234577178336,1.19365636057563
3,1643,5643,-1.71664969635049,1.21947897445245
3,1644,5644,-2.06981931212936,1.37481292715323
3,1645,5645,-2.64213958723462,1.9376832304069
3,1646,5646,-2.46798012724702,1.935108260392
3,1647,5647,-1.61612818588861,1.49916871980221
3,1648,5648,-2.28557367882435,3.88342115088088
3,1649,5649,-3.07023713292083,2.98157202818744
3,1650,5650,-3.46096186510436,4.80308051824606
3,1651,5651,-3.94827327741203,2.0606790939305
3,1652,5652,-3.9496923040741,3.14944125466483
3,1653,5653,-1.57685560962767,1.51061434613655
3,1654,5654,-1.61516406655245,1.67744081500272
3,1655,5655,-2.12160816576829,2.58215439061697
3,1656,5656,-2.71183654223865,2.02796578381136
3,1657,5657,-2.30772340095332,1.93331183615509
3,1658,5658,-1.58018244739968,1.16994563810326
3,1659,5659,-2.129121805198,1.34263089810374
3,1660,5660,-2.9832276037853,1.65903078496781
3,1661,5661,-2.72841132829045,1.52001559444078
3,1662,5662,-1.57726243577469,0.798721087912984
3,1663,5663,-1.47131375290766,0.942625468981143
3,1664,5664,-1.42069666154436,0.944948285966533
3,1665,5665,-0.982485605787522,0.734117904421327
3,1666,5666,-1.64082661127779,1.96830792034678
3,1667,5667,-0.677741507568643,1.63621320087969
3,1668,5668,-0.961544025479298,1.101916777103
3,1669,5669,-1.13237924778615,1.41960429220141
3,1670,5670,-1.57473872529083,2.28658940866907
3,1671,5671,-1.45922657611868,2.19877307085462
3,1672,5672,-1.84474305794027,1.55770555019592
3,1673,5673,-3.1704186772901,2.20171442704465
3,1674,5674,-1.96148324952473,1.99550301187322
3,1675,5675,-2.42172481043028,1.85430241819975
3,1676,5676,-2.4992093605087,2.15154143366582
3,1677,5677,-2.30658769732597,2.06705624971996
3,1678,5678,-2.61463025608042,2.37990791637763
3,1679,5679,-3.34990330119451,2.92936127488905
3,1680,5680,-2.50819340686332,2.13162656523034
3,1681,5681,-1.41359702938404,1.10358063195784
3,1682,5682,-2.14390728521757,2.16690144474191
3,1683,5683,-2.1660509355529,2.9037957918619
3,1684,5684,-2.09929906241649,2.30593056228623
3,1685,5685,-0.980050783498721,1.46004776204386
3,1686,5686,-2.19115155762117,2.0434123001543
3,1687,5687,-1.02990753181106,1.15790666061588
3,1688,5688,-2.67116248871843,2.27515413749224
3,1689,5689,-1.92395801490328,2.01325734464084
3,1690,5690,-1.69716498057013,2.13732364275965
3,1691,5691,-1.49703058514659,1.84751331290709
3,1692,5692,-1.33714471644551,1.49147668901342
3,1693,5693,-1.32889216007075,1.55999157624996
3,1694,5694,-2.38236285631532,1.84586754196253
3,1695,5695,-2.16664489367766,2.39113662237213
3,1696,5696,-2.2834770416014,2.50621036052186
3,1697,5697,-2.5298897545871,2.64850751357806
3,1698,5698,-2.51281754983598,2.58373398021849
3,1699,5699,-2.75869273571457,3.65521952225353
3,1700,5700,-0.555817629031719,1.40387083780421
3,1701,5701,-2.39442010934147,1.5566442870645
3,1702,5702,-2.90347787231436,1.66072119757723
3,1703,5703,-3.30482825916894,2.41536638746489
3,1704,5704,-3.2831047610628,2.4745456594171
3,1705,5705,-3.49093014290855,2.84551486868823
3,1706,5706,-3.09064407794971,3.06585106667211
3,1707,5707,-2.16740102358531,1.47854059939443
3,1708,5708,-2.61532619868295,2.49760359516276
3,1709,5709,-1.95741997405573,1.40677840962002
3,1710,5710,-1.93442264707244,1.44353230467495
3,1711,5711,-2.18005669017485,1.67999808526136
3,1712,5712,-1.85299461109693,1.08510288433679
3,1713,5713,-1.51587778576778,0.759734701128117
3,1714,5714,-2.1364923863586,0.904750814314433
3,1715,5715,-0.668316597296091,0.985164154723078
3,1716,5716,-0.684946427625174,0.951121693288733
3,1717,5717,-1.50261757155907,1.36976821278509
3,1718,5718,-1.86328683820089,1.09208797777339
3,1719,5719,-2.27467081719385,1.46513904009262
3,1720,5720,-1.37001848878015,1.77799345502047
3,1721,5721,-1.43868009370261,1.7165826207882
3,1722,5722,-1.50005180482874,1.79848875476525
3,1723,5723,-1.12409053015699,1.49026028809727
3,1724,5724,-1.45319241851871,1.29566127313
3,1725,5725,-1.72858165335479,0.990950411448924
3,1726,5726,-2.36109891708078,1.62757079333603
3,1727,5727,-2.34550104229605,1.80738680961398
3,1728,5728,-2.41479873072116,2.44033443166449
3,1729,5729,-2.54318514752298,1.65965502313729
3,1730,5730,-2.61705223552525,1.77229476267068
3,1731,5731,-1.70637593314625,1.97296419988449
3,1732,5732,-1.92691788508943,2.30483483753656
3,1733,5733,-1.85329204056286,1.99669479354039
3,1734,5734,-1.57823979960768,1.65270494393222
3,1735,5735,-1.09718187561458,1.49431977357093
3,1736,5736,-1.4785820028936,1.38015358749944
3,1737,5737,-1.52113918812723,1.343289492361
3,1738,5738,-1.51147102710691,2.30822811133398
3,1739,5739,-1.97313101216347,1.31148547402067
3,1740,5740,-2.36536116439064,1.89793447119403
3,1741,5741,-2.58283992674463,2.18458068724713
3,1742,5742,-2.34472198894503,1.99467411947258
3,1743,5743,-3.11058207611685,3.20355427667651
3,1744,5744,-1.40968538600565,1.87716165921335
3,1745,5745,-2.83759683543505,1.38899894858929
3,1746,5746,-3.52105735035341,2.4644783080552
3,1747,5747,-2.64403816784522,1.76257367791154
3,1748,5748,-3.26176797178207,2.24277501392773
3,1749,5749,-0.672837189848085,3.23606699215062
3,1750,5750,-2.85331860351811,2.3450854562359
3,1751,5751,-0.594701921482087,1.75932444380905
3,1752,5752,-0.579170307032439,1.35573795571842
3,1753,5753,-2.16175034457657,4.84921495109485
3,1754,5754,-2.68840035106025,2.46204197631617
3,1755,5755,-2.76081420092922,2.68009986167152
3,1756,5756,-2.68892491083906,1.78441724735701
3,1757,5757,-2.38588679049648,3.53581703550104
3,1758,5758,-1.57756478367731,1.42720392021226
3,1759,5759,-2.42281266194222,2.88366915244638
3,1760,5760,-2.12651395256123,2.13554484048721
3,1761,5761,-2.04905291672428,2.43807599628579
3,1762,5762,-1.62736784275701,1.39572868319183
3,1763,5763,-2.0968977910789,2.61833657628392
3,1764,5764,-2.02490973643782,2.2169248346296
3,1765,5765,-2.31886565146032,2.10785041909891
3,1766,5766,-1.01417978121901,1.57440547777939
3,1767,5767,-1.41866872699621,2.46327462264544
3,1768,5768,-1.34075224294641,2.5997571366759
3,1769,5769,-1.08279856018779,1.06820858121799
3,1770,5770,-1.70006283750868,2.16575531736812
3,1771,5771,-1.40746163321634,1.68498457334911
3,1772,5772,-1.32265138601175,1.49959081713737
3,1773,5773,-2.19008073225328,1.36131064483726
3,1774,5774,-1.94826171137726,1.03469238777885
3,1775,5775,-1.41990930055949,4.61740381113331
3,1776,5776,-1.15711694502913,1.43620508629689
3,1777,5777,-2.28047059712107,1.83525861173584
3,1778,5778,-2.66978678363786,2.11368000242329
3,1779,5779,-2.40769995223693,1.97224244497474
3,1780,5780,-2.34197293247002,1.92126737189927
3,1781,5781,-3.05823254059279,1.83479819492409
3,1782,5782,-1.62945065142537,1.08415525715505
3,1783,5783,-1.6258689772904,1.46548691895857
3,1784,5784,-1.32235962970376,1.51383176356762
3,1785,5785,-1.16676338898098,1.33584479877836
3,1786,5786,-1.29924656905368,1.28653960881466
3,1787,5787,-1.07100731563291,2.53526933223018
3,1788,5788,-2.81377819221858,1.53938180442269
3,1789,5789,-2.07303567585434,1.2162914520298
3,1790,5790,-2.65921903065859,1.39022753788937
3,1791,5791,-1.93504602262536,1.53138067947208
3,1792,5792,-1.41934134895595,1.73026579701874
3,1793,5793,-3.39583763255985,2.60415781327264
3,1794,5794,-3.42084212517924,3.15265195650432
3,1795,5795,-1.82453402105203,1.50073617645014
3,1796,5796,-2.72470533033106,1.91141254047793
3,1797,5797,-2.21994938755771,1.49652258131395
3,1798,5798,-1.44669546073816,3.45484774056234
3,1799,5799,-1.80635819092453,3.56621245840558
3,1800,5800,-1.72384864632161,2.72536165723047
3,1801,5801,-2.00984126651622,1.88754884776068
3,1802,5802,-2.67456230549338,1.90446136035671
3,1803,5803,-2.2612454362695,1.72763753036649
3,1804,5804,-1.95244106108072,2.46106300425546
3,1805,5805,-1.93075527751674,2.61577320161184
3,1806,5806,-1.90627183622387,2.68198355159405
3,1807,5807,-2.66671561959746,2.54690674573425
3,1808,5808,-2.11602616374265,2.07990314011936
3,1809,5809,-1.95874074361076,3.10984304221882
3,1810,5810,-2.49437171107406,2.27016524501077
3,1811,5811,-0.785639163662846,2.6678709288671
3,1812,5812,-0.759235247015272,1.8148534474791
3,1813,5813,-1.23546279203853,2.11162561682959
3,1814,5814,-1.3076900935441,1.96321067143848
3,1815,5815,-1.63334590499863,1.56279641132856
3,1816,5816,-1.91747515064008,1.64869573695921
3,1817,5817,-1.52056809212597,1.2942914648163
3,1818,5818,-2.28853056188415,2.03957226249397
3,1819,5819,-1.57482704138325,0.978692407746025
3,1820,5820,-2.01533236962073,1.84084113849079
3,1821,5821,-1.46210105897345,1.75952674210305
3,1822,5822,-0.94977803783956,2.50294458568315
3,1823,5823,-1.08867602220947,2.62855147471434
3,1824,5824,-1.17924921112893,2.30974200284553
3,1825,5825,-1.40656946574474,1.69577759122421
3,1826,5826,-1.47110014719112,1.4327104727329
3,1827,5827,-1.39361638432167,1.19393273391474
3,1828,5828,-1.65687267261865,1.28997666502393
3,1829,5829,-2.16006126529798,1.97524426401964
3,1830,5830,-1.51565948638986,1.21946488576687
3,1831,5831,-1.89785296088743,1.81785769854967
3,1832,5832,-1.58044913822287,1.92275071380387
3,1833,5833,-2.08183294969528,1.85449466513171
3,1834,5834,-1.82697116525103,2.10859247928658
3,1835,5835,-1.90193503217887,1.55705374377214
3,1836,5836,-1.96524742734372,1.63853515035563
3,1837,5837,-2.10069423669373,1.85458180157466
3,1838,5838,-2.29196292915044,2.08866551720864
3,1839,5839,-2.7979819408598,2.15098200085588
3,1840,5840,-2.32229711693334,1.39918389597261
3,1841,5841,-1.8283152684829,1.17286735698881
3,1842,5842,-2.6355007416279,1.76915797072041
3,1843,5843,-2.98765610027929,2.26351161109989
3,1844,5844,-0.153119307581876,2.1604906360161
3,1845,5845,0.0599440566167239,2.04992159149007
3,1846,5846,-0.770750343039911,2.15725544626652
3,1847,5847,-1.0615291025536,1.22119446448508
3,1848,5848,-1.56212718419628,1.03695095526648
3,1849,5849,-1.83637326411579,1.18075443990058
3,1850,5850,-2.09842748719936,1.55005185094868
3,1851,5851,-2.72974292847582,1.92906074629171
3,1852,5852,-0.879124535046962,1.18257593106183
3,1853,5853,-1.6331876661476,1.60956678770886
3,1854,5854,-2.00963869396349,2.13798996733817
3,1855,5855,-1.25094997285674,1.47542373463339
3,1856,5856,-1.30247145507849,1.81781322358288
3,1857,5857,-1.21134517170723,1.8369026785169
3,1858,5858,-2.14678726837783,2.24314205015871
3,1859,5859,-1.62756592255807,1.25392641689529
3,1860,5860,-1.24969604105919,1.46856953353637
3,1861,5861,-1.96853510814018,2.28951026154569
3,1862,5862,-2.00351405023889,1.86844083010653
3,1863,5863,-2.50658474599676,1.54397292581389
3,1864,5864,-1.80921885849867,1.19412501734724
3,1865,5865,-2.89364812382337,2.69510213920345
3,1866,5866,-3.22555843666566,2.78580288058657
3,1867,5867,-1.09185420038106,1.77825389784514
3,1868,5868,-0.804525757168948,1.06111668924298
3,1869,5869,-1.32745754497937,1.59486307689309
3,1870,5870,-1.2313429090946,1.55453781414386
3,1871,5871,-1.43557947611852,1.98569567929891
3,1872,5872,-1.69362636244277,1.7151944366188
3,1873,5873,-1.51284313558005,2.15031256925473
3,1874,5874,-2.12636976630059,2.16182865941137
3,1875,5875,-1.68992476693424,2.05341610379666
3,1876,5876,-1.76288856110572,2.90494650259392
3,1877,5877,-1.28229385443843,2.76710773794256
3,1878,5878,-1.20558004538365,1.86719199408774
3,1879,5879,-1.33505476354541,2.3109481717954
3,1880,5880,-1.22277864224648,2.01759997567943
3,1881,5881,-1.4213325154364,2.38468287046893
3,1882,5882,-2.09708457355221,2.54268342154704
3,1883,5883,-1.88935418088805,2.12220745810456
3,1884,5884,-2.8889671275947,1.93320442725582
3,1885,5885,-2.55632027067423,1.92211856670119
3,1886,5886,-2.41461386402305,1.90062385599458
3,1887,5887,-1.82221257251162,2.10618578694313
3,1888,5888,-2.05188433212531,1.92749664755272
3,1889,5889,-2.2313884573948,1.63225801559083
3,1890,5890,-2.14055076269682,1.5607047844433
3,1891,5891,-1.20431213464874,1.65169538400676
3,1892,5892,-1.71834810012595,1.64230792802641
3,1893,5893,-1.28378938363225,1.88121966859207
3,1894,5894,-1.64371424740074,2.46381808840318
3,1895,5895,-1.28172749915991,2.45447356322663
3,1896,5896,-1.39069251167797,2.48884118513279
3,1897,5897,-2.02636050334218,2.63908102732816
3,1898,5898,-1.73868299069809,2.51222644320543
3,1899,5899,-1.43184723721411,2.20804259879315
3,1900,5900,-1.49876780373092,2.16960670075589
3,1901,5901,-1.95457222548909,2.48622990836073
3,1902,5902,-2.13721845896393,2.92508533713598
3,1903,5903,-2.18691830215112,3.83224136135516
3,1904,5904,-1.91863760809667,2.98896438499556
3,1905,5905,-1.39398576169919,2.42456261471321
3,1906,5906,-1.28138009747836,2.32740197605116
3,1907,5907,-0.755570121943771,2.57957930437298
3,1908,5908,0.0392385263561299,1.85287022791698
3,1909,5909,0.58149452393668,3.485409381905
3,1910,5910,0.774094757954678,3.35365780717771
3,1911,5911,1.14461276906541,2.09334163934961
3,1912,5912,1.45280420899823,2.4123297048668
3,1913,5913,1.17775589779154,2.43444975870472
3,1914,5914,-0.954596826446619,1.49751621168659
3,1915,5915,-1.13712008682427,0.894235770188007
3,1916,5916,-0.612770568575099,2.06819131496067
3,1917,5917,-0.560578931978892,2.06234248374472
3,1918,5918,-0.60160459093478,1.6264608597229
3,1919,5919,-2.02971639771487,1.74270211632841
3,1920,5920,-1.95595007566585,2.17466472263059
3,1921,5921,-1.82285632078099,2.4941245998073
3,1922,5922,-1.68003138923222,1.35552052305896
3,1923,5923,-1.51773404470866,1.29933222639612
3,1924,5924,-2.3887572613863,1.74605409154553
3,1925,5925,-1.65816271583056,1.60535546318292
3,1926,5926,-2.50034724482317,1.93002175660075
3,1927,5927,-0.892698204704098,0.847636953616228
3,1928,5928,-0.830049345367851,0.803242749569902
3,1929,5929,-1.35207816348124,1.80861094354547
3,1930,5930,-2.33403524309543,2.05139544702959
3,1931,5931,-3.32388798349204,2.89039136165001
3,1932,5932,-3.4452849428301,2.38551133197931
3,1933,5933,-4.1663312112577,2.75930785127012
3,1934,5934,-3.81529121072571,2.66876698563049
3,1935,5935,-3.93567069082341,2.56898846967024
3,1936,5936,-3.75502068443397,3.28643506925628
3,1937,5937,-3.32819414517928,2.36045763504853
3,1938,5938,-2.11694963106584,1.46691295144423
3,1939,5939,-2.42237534713976,1.45836837924788
3,1940,5940,-2.47789310663271,1.68966914215996
3,1941,5941,-1.22243684452982,1.30750946076941
3,1942,5942,-2.56844956049554,1.69547033673254
3,1943,5943,-1.17148095447681,2.09265333746043
3,1944,5944,-1.96752535249273,1.51595398045693
3,1945,5945,-1.44929905914024,1.29379765254889
3,1946,5946,-1.61670802246097,1.86959465143493
3,1947,5947,-2.54004464629815,2.31069818006316
3,1948,5948,-2.01954979558154,2.31257140310875
3,1949,5949,-1.77340272064223,1.52481910282044
3,1950,5950,-1.84902993092982,1.74985520108542
3,1951,5951,-1.92932563355447,1.89630810430448
3,1952,5952,-1.0270710244683,1.21737847552111
3,1953,5953,-1.54107856325287,1.68874823256653
3,1954,5954,-1.06841666036331,1.5829772514199
3,1955,5955,-2.18870184388355,1.82923684918462
3,1956,5956,-1.26373419208333,1.21285021334402
3,1957,5957,-3.28191482302076,1.67111613649787
3,1958,5958,-2.85937243882173,1.49384750929555
3,1959,5959,-2.76988046030995,1.3937357734515
3,1960,5960,-2.39603667182939,1.55966887643854
3,1961,5961,-1.56103198561963,1.66446166427923
3,1962,5962,-2.43266671828413,1.80587715695921
3,1963,5963,-1.71513908423116,1.03598463288483
3,1964,5964,-2.5051623011037,1.46662579910144
3,1965,5965,-2.01313445571336,1.29901483081255
3,1966,5966,-1.90723380493529,1.59644535033632
3,1967,5967,-2.767665122596,1.66542571148111
3,1968,5968,-2.32826951575289,1.54237755942995
3,1969,5969,-3.05012712735834,2.06822711477738
3,1970,5970,-3.0594656665545,2.35792289971874
3,1971,5971,-1.969600443784,1.16965156239121
3,1972,5972,-2.13732139718488,1.20748012807597
3,1973,5973,-1.6330834137079,1.44205053732817
3,1974,5974,-1.43375252846074,1.09875774556968
3,1975,5975,-2.41013781926348,2.59207218756905
3,1976,5976,-1.5981028571513,1.99991266194148
3,1977,5977,-2.58638815442438,1.89120319985585
3,1978,5978,-2.10389601014777,1.74214016161891
3,1979,5979,-2.03174811371797,1.62578029097839
3,1980,5980,-1.84143311505141,1.96707271034728
3,1981,5981,-1.79563263360917,2.12249387026834
3,1982,5982,-2.16790713513899,2.64044039333281
3,1983,5983,-2.24138650016097,2.44124988421551
3,1984,5984,-1.49779170080857,1.68281297126551
3,1985,5985,-1.15021244323929,1.53116531113393
3,1986,5986,-0.884545212990452,0.938050644451169
3,1987,5987,-1.67885920302176,1.58169360362981
3,1988,5988,-1.02333933622689,1.59588785496707
3,1989,5989,-0.890479175236488,1.83944990814154
3,1990,5990,-1.46270108044755,2.61188605992403
3,1991,5991,-1.58100600369965,2.64333318595626
3,1992,5992,-0.625234468899887,1.874854269642
3,1993,5993,-0.470400515845696,1.86206141923326
3,1994,5994,-1.4493447767455,3.67442255369668
3,1995,5995,-0.688099225300479,1.90399807399335
3,1996,5996,-0.358170989644366,1.75234787642605
3,1997,5997,-1.52266990423511,2.97585640896623
3,1998,5998,-1.35551204462761,3.659478775522
3,1999,5999,-1.64997606832741,1.94057397107143
3,2000,6000,-1.79301596700924,1.90481006317823
4,1,6001,-1.43157190085888,1.82947489076797
4,2,6002,-2.8891144228738,2.58848794033167
4,3,6003,-2.8486849720221,2.71466810325045
4,4,6004,-2.4938370577026,2.03228174879804
4,5,6005,-2.73146441578984,2.02884146548816
4,6,6006,-1.28269515740146,1.59605081719406
4,7,6007,-2.15355614045336,2.42791823637519
4,8,6008,-1.49854095406044,1.78541769202507
4,9,6009,-2.89944361682536,1.93434028632258
4,10,6010,-2.28942892809058,1.70174608591273
4,11,6011,-2.30145750356646,1.86577049829717
4,12,6012,-2.0607726815553,2.07906393533602
4,13,6013,-1.73633082067016,1.81171289378345
4,14,6014,-1.43879194579543,1.97192540789596
4,15,6015,-1.00760045389573,1.44072351247149
4,16,6016,-1.93879259467367,3.13753682523995
4,17,6017,-2.17531935089443,2.24558683923368
4,18,6018,-1.56336153779584,2.26589483570973
4,19,6019,-1.5343750621517,2.28810993953405
4,20,6020,-2.1465078990754,2.55469872559193
4,21,6021,-2.22073414242666,2.62768098227764
4,22,6022,-2.08456159437063,2.00910615497038
4,23,6023,-1.88193209522356,2.41776717079804
4,24,6024,-1.8603466382057,3.0065722434045
4,25,6025,-2.66413912893844,2.04577142027344
4,26,6026,-1.0169655705152,2.39364309571789
4,27,6027,-1.95845451851113,1.57409026271345
4,28,6028,-2.38467243512639,1.60103172113433
4,29,6029,-2.1759357777607,1.57147720318451
4,30,6030,-3.99439652981481,2.76710018681133
4,31,6031,-4.02822080666234,2.81885884938128
4,32,6032,-3.05150241890401,2.47632254867406
4,33,6033,-2.75685777876982,1.48521980510258
4,34,6034,-2.64371207122663,1.63793230591308
4,35,6035,-2.5864971996829,1.84079578129214
4,36,6036,-2.62341700659852,2.23888739206884
4,37,6037,-2.36230722710685,2.83855724246178
4,38,6038,-1.77676019016409,3.65860087601951
4,39,6039,-2.17948539747441,1.00583520392509
4,40,6040,-2.23130217410201,1.49404287935849
4,41,6041,-1.75489358441301,1.58779740716431
4,42,6042,-2.93254447469443,3.5476511190521
4,43,6043,-2.80971538129011,1.8850939032862
4,44,6044,-1.77961908709275,1.34223574902497
4,45,6045,-1.9816349425102,1.2495583649213
4,46,6046,-1.902269673701,1.59740596731677
4,47,6047,-2.91920859402219,2.48209622701906
4,48,6048,-1.17498562123739,2.08002897575612
4,49,6049,-1.51638079226468,2.14274241200168
4,50,6050,-3.43373551685543,2.48103374938944
4,51,6051,-3.36121454400144,1.96478645510635
4,52,6052,-2.37029183862949,1.77266047853478
4,53,6053,-1.98717847773513,1.81378353470348
4,54,6054,-2.39839993169877,1.41651784518235
4,55,6055,-1.51914674032689,0.983139247044298
4,56,6056,-2.33181016784683,1.94162708172737
4,57,6057,-2.32064705794277,1.54095056805032
4,58,6058,-1.9819973501404,2.65126555132625
4,59,6059,-2.83227388272368,2.44306295092779
4,60,6060,-3.25978393713057,2.04401687055247
4,61,6061,-2.88269830455302,1.50959385431949
4,62,6062,-2.88772844501161,1.52308422690059
4,63,6063,-3.80461230278317,1.84451120166606
4,64,6064,-3.76097750548516,1.69077015582374
4,65,6065,-2.25718290114982,1.25348449887726
4,66,6066,-1.92552309783465,1.65547969502025
4,67,6067,-1.75708364289592,2.51646786147166
4,68,6068,-1.41679628475525,1.26170867212312
4,69,6069,-0.962974808937714,1.12431774721175
4,70,6070,-1.34342602196984,0.930044176728293
4,71,6071,-1.04769761358987,0.795582711001457
4,72,6072,-1.5687464402818,1.41102986900476
4,73,6073,-1.79594256450329,1.69470336685557
4,74,6074,-2.33726667041669,2.5270599663529
4,75,6075,-1.63643336261067,3.22558741406765
4,76,6076,-1.5642050946364,3.501703718389
4,77,6077,0.657564605018139,3.08544266170365
4,78,6078,-0.187689837098173,2.97648328244721
4,79,6079,-0.281741754767237,2.59878275987806
4,80,6080,-0.653942728520541,2.5720044320707
4,81,6081,-0.864783723354974,2.91693241093695
4,82,6082,-1.02728823076559,2.10087319231813
4,83,6083,-0.195007784992217,2.02480217556072
4,84,6084,-0.873630485129892,2.62603744634829
4,85,6085,-1.09626684968537,1.49208978796241
4,86,6086,-1.20770851616974,3.49891100973025
4,87,6087,-0.540398012930302,2.27289202124063
4,88,6088,-0.280185381206226,2.58170345254596
4,89,6089,-0.986230261655099,2.88858315882127
4,90,6090,-0.0998194133239979,2.46252756627037
4,91,6091,-0.416745881105988,3.29307983040207
4,92,6092,-1.7578774261808,2.23355752936865
4,93,6093,-1.79128049843481,2.13024629843284
4,94,6094,-1.65616856849726,1.88088200290259
4,95,6095,-0.730113839525233,1.45162021803614
4,96,6096,-2.01825481395705,1.19959895637617
4,97,6097,-2.42534301191248,1.41435619008905
4,98,6098,-3.53347483495118,2.5906541020023
4,99,6099,-3.61270299935573,2.65758510109159
4,100,6100,-2.94874602009114,2.58574090781122
4,101,6101,-2.9355194645762,2.48968518409284
4,102,6102,-2.83772822306933,2.33052779960597
4,103,6103,-2.69457708660261,1.90233912530943
4,104,6104,-3.99028231241355,2.49930218395727
4,105,6105,-3.33060639157251,1.8258315846264
4,106,6106,-3.29203026953648,1.82796249605226
4,107,6107,-2.28565864931565,1.72411416482915
4,108,6108,-2.95144210400366,1.65917871573894
4,109,6109,-2.49171538790835,1.57792231138523
4,110,6110,-2.19577883241061,1.58107218280006
4,111,6111,-2.2568283965152,1.35298746867051
4,112,6112,-1.09514210141691,2.18122446534571
4,113,6113,-1.0448635872078,1.79340846200645
4,114,6114,-2.07080069473823,2.04813564978633
4,115,6115,-1.71388425441444,2.06802750294086
4,116,6116,-1.56363721697375,1.91299082357913
4,117,6117,-3.13074771146366,1.96619132896777
4,118,6118,-3.00823884902541,2.0290433672712
4,119,6119,-3.04622746730495,2.23495442118567
4,120,6120,-2.07678925080361,1.51420857281787
4,121,6121,-3.07518275358352,1.90904471249844
4,122,6122,-1.25074082796622,1.42687082633594
4,123,6123,-2.60366764593639,1.44365288240197
4,124,6124,-2.68335855498336,1.45169882712683
4,125,6125,-2.55772996259507,1.44784808173902
4,126,6126,-2.46664340286418,1.29410023600654
4,127,6127,-2.27641930943942,1.17030674273205
4,128,6128,-2.68608819286395,1.42950965834785
4,129,6129,-1.69759184755295,1.7878108233825
4,130,6130,-1.78753549438623,1.74333925171778
4,131,6131,-1.59188066699372,1.57990015138255
4,132,6132,-2.03789878168074,1.55752505594498
4,133,6133,-0.820469746092447,0.997974633422603
4,134,6134,-1.15281904415577,1.22612752689744
4,135,6135,-1.20311817902367,0.75708650156978
4,136,6136,-1.26252808237814,0.733481534817871
4,137,6137,-1.13959928318082,0.70909537588046
4,138,6138,-0.871524476104365,0.599390116710201
4,139,6139,-1.85184258876755,2.56124078506217
4,140,6140,-1.64614965123844,1.49662310155036
4,141,6141,-0.76525360531192,2.45664210589021
4,142,6142,-2.57444319429124,1.99837398553365
4,143,6143,-1.74140797047906,1.80728561741895
4,144,6144,-2.44137424555609,1.23261195092373
4,145,6145,-3.34308467106829,1.90915222041707
4,146,6146,-3.82843514459636,1.98288769065201
4,147,6147,-3.38166211229358,1.78671977532008
4,148,6148,-3.10417722354681,2.61159514188252
4,149,6149,-1.15321524614646,1.57708807938972
4,150,6150,-1.0299586136022,1.49429647075341
4,151,6151,-3.0015181916405,1.72012670017069
4,152,6152,-1.33363530901732,0.85067270675351
4,153,6153,-3.70570650875719,1.87565648118498
4,154,6154,-0.633777502026639,0.550582383691269
4,155,6155,-1.72204791287323,1.53641368069521
4,156,6156,-1.34217910785118,1.5244304616207
4,157,6157,-1.02780305709148,1.3936429569853
4,158,6158,-3.06992615786606,2.22885671013931
4,159,6159,-3.37585443364693,2.3894318048636
4,160,6160,-2.0039418658835,1.70567024773316
4,161,6161,-2.58152293501746,2.16650153878097
4,162,6162,-1.73509516921512,2.01542143462088
4,163,6163,-1.65578355713623,1.80703341482868
4,164,6164,-1.65462790817041,1.72944369494246
4,165,6165,-2.28191650760364,2.24773298491581
4,166,6166,-2.53795622429782,2.26427298343213
4,167,6167,-0.402395544289655,2.38543615611279
4,168,6168,-0.108165538140021,4.57128337516263
4,169,6169,-0.928053460136214,3.92516247228215
4,170,6170,-1.68747617975208,4.25452477941472
4,171,6171,-2.48422766402198,4.80264210045833
4,172,6172,-2.4463836430444,3.9246593445039
4,173,6173,-2.6687070752374,3.42751773418897
4,174,6174,-2.53309927775486,2.78967326120195
4,175,6175,-2.87064668856098,2.29708923091342
4,176,6176,-2.89051001016428,2.17700313099784
4,177,6177,-1.86906715165676,1.25634062742926
4,178,6178,-2.28171640212702,3.38429203856372
4,179,6179,-2.92325002298436,3.20861396266932
4,180,6180,-2.58348402080931,1.89253964327371
4,181,6181,-2.03296714610257,1.90002557134266
4,182,6182,-1.84964851166003,1.94449866019369
4,183,6183,-1.85645540141857,1.28546560993096
4,184,6184,-1.30486276074736,2.72312253323594
4,185,6185,-1.66964982239046,1.43274507484313
4,186,6186,-2.30500835968277,2.34636208078396
4,187,6187,-1.99372473169968,1.72603959475575
4,188,6188,-2.15934776948684,1.69806894355818
4,189,6189,-1.66205770523713,1.59052691916268
4,190,6190,-0.962188771363242,1.36980932620388
4,191,6191,-0.88214198578692,1.34015008294029
4,192,6192,-2.4140197311061,2.14379293653393
4,193,6193,-2.71655130159736,1.58682094791792
4,194,6194,-2.6653566949335,1.76049531584497
4,195,6195,-2.17358270142002,1.55428533972986
4,196,6196,-1.95420902793489,1.5889061468395
4,197,6197,-3.5692724851661,2.22881204845212
4,198,6198,-2.43617535279203,2.20510730768806
4,199,6199,-2.58335384771408,1.55918395500869
4,200,6200,-2.49278250582109,1.57862021582405
4,201,6201,-1.63450449991722,2.28655980562704
4,202,6202,-1.46781430857371,2.25877681230744
4,203,6203,-1.71050398477511,3.01830397918963
4,204,6204,-1.77463195739695,1.71524913993004
4,205,6205,-2.35123578660848,2.33958838627386
4,206,6206,-1.57907645033445,1.16936743752216
4,207,6207,-2.00330533650138,1.54573698285617
4,208,6208,-2.2220188775641,1.58695807781997
4,209,6209,-1.49546610479693,1.4613206344657
4,210,6210,-1.13491075871144,1.03467240196533
4,211,6211,-2.18689029068787,2.12540881359429
4,212,6212,-2.03451071007522,1.51162370985993
4,213,6213,-2.29786881134064,1.66123782072505
4,214,6214,-1.28210666055265,1.40130222058568
4,215,6215,-1.53459637959538,1.87143752796461
4,216,6216,-1.43344260295648,1.49745032693379
4,217,6217,-0.919085037513808,1.3477336010221
4,218,6218,-2.78208595489335,1.84480064327773
4,219,6219,-1.7515851065193,2.0665676085327
4,220,6220,-1.79050231331056,1.89808934277187
4,221,6221,-1.64816073742449,1.22367402688551
4,222,6222,-1.09763578198758,1.46012343384985
4,223,6223,-1.69466931002644,1.70462394781488
4,224,6224,-1.5163880583099,1.75900551487239
4,225,6225,-1.98571558629965,2.01693526135383
4,226,6226,-2.22169927500048,2.10149065157439
4,227,6227,-1.10848961280093,1.13511504750759
4,228,6228,-0.835485926290461,1.06990481237235
4,229,6229,-1.30884758328294,2.3073856267672
4,230,6230,-1.8277387231985,1.58676530568537
4,231,6231,-1.14641933577501,2.53536842933647
4,232,6232,-1.13007333107845,2.49255151026295
4,233,6233,-1.7624139764559,2.36284268411359
4,234,6234,-1.37635074711979,1.78041380749279
4,235,6235,-2.12184370683033,2.07753700766405
4,236,6236,-1.88453720910946,1.75885562097343
4,237,6237,-1.76836385476843,1.79878562240765
4,238,6238,-2.56209958242633,1.74472581990351
4,239,6239,-2.3014056973742,1.43055009399097
4,240,6240,-1.97742063505186,2.60987268953358
4,241,6241,-2.06043165941345,2.67070007201895
4,242,6242,-1.07430537532409,2.10877886549272
4,243,6243,-2.20827170670396,2.40870489584081
4,244,6244,-2.26652298662425,2.51639490645656
4,245,6245,-2.18484278934353,2.4220382711376
4,246,6246,-1.94111737660124,2.58084277249146
4,247,6247,-1.37881854818843,1.19055870319043
4,248,6248,-0.924939704152101,1.60317564802717
4,249,6249,-1.51560507761749,1.80322176718908
4,250,6250,-2.19928361216998,2.25625119533098
4,251,6251,-1.29705322458898,2.16234078374979
4,252,6252,-0.979344861074962,2.19197594332361
4,253,6253,-1.01326349297631,1.99373696424991
4,254,6254,-1.16024504777478,1.72188982206648
4,255,6255,-1.35250420894209,1.47450157981837
4,256,6256,-1.01460796704709,0.895484148009002
4,257,6257,-2.07756243868302,1.14366275508187
4,258,6258,-1.43047880033345,1.29372533185952
4,259,6259,-1.68002790315563,1.35540382822244
4,260,6260,-1.72288760093182,1.56806214174445
4,261,6261,-0.531286256130946,1.92930699318434
4,262,6262,-0.557604049005891,2.63460132424844
4,263,6263,-1.08570837198748,1.47440444082825
4,264,6264,-0.977128555995253,1.85090308065169
4,265,6265,-1.22006869390464,2.00338539646262
4,266,6266,-0.696035099094111,3.65605536245806
4,267,6267,-0.678281738807669,3.20564759290701
4,268,6268,-0.933569813613554,3.09795443336755
4,269,6269,-3.11541631920921,2.08687472189389
4,270,6270,-1.82230187437846,2.05824823733262
4,271,6271,-1.46997713301942,2.97938545011396
4,272,6272,-1.09980113135727,2.56404957434727
4,273,6273,-2.30915939410428,2.06773404029443
4,274,6274,-2.21058512152491,3.39551541871674
4,275,6275,-1.45124002449086,1.31170954950464
4,276,6276,-1.38386834850778,1.69808237287791
4,277,6277,-2.50356807083021,1.67674404027903
4,278,6278,-2.07353679619823,2.28338843393576
4,279,6279,-2.30748748918078,1.93651446857614
4,280,6280,-2.27146157546377,1.79641565147684
4,281,6281,-2.16652160740129,1.58767084255403
4,282,6282,-2.1406387729192,1.61536236115328
4,283,6283,-1.67586778404384,1.85551737545292
4,284,6284,-2.03934185136484,3.32494104987078
4,285,6285,-1.62743611808283,2.12845177908845
4,286,6286,-2.20818930826305,2.6472586714788
4,287,6287,-1.57710982053347,1.90091399754656
4,288,6288,-2.62074758319733,2.19018257404529
4,289,6289,-2.14265159992576,1.47992755725451
4,290,6290,-3.5525057372909,2.15686692824955
4,291,6291,-2.86557807579117,1.59247373194255
4,292,6292,-0.344942473725916,2.12620751400118
4,293,6293,-0.561574160247275,3.31359809824214
4,294,6294,-0.778509352642782,3.65748880978013
4,295,6295,-1.07638523606463,2.74436601420946
4,296,6296,-1.11425577011045,2.96397836137056
4,297,6297,-1.06950490570004,1.84220851032974
4,298,6298,-1.22058264807928,1.64492516736659
4,299,6299,-1.60410484781992,2.11344024736809
4,300,6300,-1.67971945417,1.65678857642751
4,301,6301,-1.52719619673669,1.69435023370414
4,302,6302,-1.78677526486048,1.53362554056739
4,303,6303,-2.55210015332383,1.87695264136133
4,304,6304,-1.88145463764683,1.37510086066235
4,305,6305,-2.31814756004122,1.77520368971349
4,306,6306,-1.81344605631007,1.11454464226201
4,307,6307,-2.96679724714734,2.93322934954053
4,308,6308,-3.24471185087769,2.87117200500655
4,309,6309,-3.15261810056687,2.90404022990504
4,310,6310,-2.83103089305276,1.99603772086954
4,311,6311,-2.03200278609802,1.3785010180015
4,312,6312,-1.5592715802269,1.57926904387243
4,313,6313,-1.07052122648789,1.37898664508964
4,314,6314,-1.50982695645137,1.94436420055348
4,315,6315,-2.45140270036362,2.67992162123369
4,316,6316,-2.21082159353168,1.9729893476477
4,317,6317,-2.63055840292711,2.12377881980166
4,318,6318,-2.01601268997066,1.96294863160892
4,319,6319,-2.45230169170395,2.82817584345202
4,320,6320,-1.8248120443646,2.38127070504153
4,321,6321,-1.57726232148228,1.84396818723308
4,322,6322,-1.22940727443157,1.24204511677534
4,323,6323,-0.90227498175367,1.40461598893147
4,324,6324,-2.28467268401658,2.01312901836908
4,325,6325,-1.45090499370269,2.45252726479927
4,326,6326,-0.774666496901917,0.930856695274084
4,327,6327,-1.18882310985301,0.978620821747991
4,328,6328,-1.69161513624805,1.21126465671449
4,329,6329,-1.79515582616317,1.54620309121376
4,330,6330,-1.88478420159347,1.50628472505443
4,331,6331,-1.99469998671104,1.63150401199321
4,332,6332,-2.38717468572211,1.26335894129412
4,333,6333,-2.88116120413839,2.10602610753958
4,334,6334,-3.23229724210691,2.7578492849538
4,335,6335,-2.49711383900019,2.13858875303699
4,336,6336,-2.5000345329442,4.00462695721633
4,337,6337,-2.28574233510335,2.28760799822322
4,338,6338,-1.68070719912448,1.2320712086597
4,339,6339,-2.35061733517662,1.69497029391765
4,340,6340,-2.9463279751452,2.358493915371
4,341,6341,-2.58986816583799,2.30753047772553
4,342,6342,-2.77428584908634,3.3197674382537
4,343,6343,-3.21683568498634,2.62651846665967
4,344,6344,-3.29802747352635,1.57949114842866
4,345,6345,-0.575541980120345,1.49530704952246
4,346,6346,-3.0051415979482,1.68644191912378
4,347,6347,-3.50300535263417,3.01497794245375
4,348,6348,-1.21687469274279,2.07120078638338
4,349,6349,-0.55016029775793,3.49436935587465
4,350,6350,-0.332145176932919,2.49514110509948
4,351,6351,-0.939181235032223,2.46740832736079
4,352,6352,-1.09084882929178,2.08317001244392
4,353,6353,-1.62386645050295,1.55958224980376
4,354,6354,-2.12678850847104,2.0684739165116
4,355,6355,-1.54300027549965,1.5052945339625
4,356,6356,-1.5276777621069,1.51065311343477
4,357,6357,-1.56428035460301,1.47311146941881
4,358,6358,-2.08260059577437,1.91283608004339
4,359,6359,-1.57472150401446,1.47704045097812
4,360,6360,-1.84411478351432,1.45548246810339
4,361,6361,-2.08889913696212,1.77299430502054
4,362,6362,-2.08663655842265,1.7478106783143
4,363,6363,-2.22655503188991,1.88888118560487
4,364,6364,-1.04823722680798,1.40972452529561
4,365,6365,-0.945145653197084,1.14710701681465
4,366,6366,-2.1179281158422,2.10606247662745
4,367,6367,-1.63040403272358,1.23249587708692
4,368,6368,-1.15948985573716,0.978971810981245
4,369,6369,-2.16823467186337,1.85362523670927
4,370,6370,-1.93937318449283,1.67963296674361
4,371,6371,-2.00595382038426,1.7380627510034
4,372,6372,-3.19428570084329,2.5996587873821
4,373,6373,-2.3459210220935,1.74555674954545
4,374,6374,-2.42942951278168,1.5734624619121
4,375,6375,-2.94718992569946,2.35470255776181
4,376,6376,-3.37944630479989,2.38671605869654
4,377,6377,-4.08133051081662,2.75310984162171
4,378,6378,-1.99175256628215,1.42046421180958
4,379,6379,-2.80205148663363,1.86071978487453
4,380,6380,-1.54542987092035,1.46551900423474
4,381,6381,-1.88038649882978,1.43440307982022
4,382,6382,-1.87563316530174,1.41980962493078
4,383,6383,-1.68781187772293,1.5363436704118
4,384,6384,-2.93244534610391,3.29531778297178
4,385,6385,-2.4948433289774,2.34400998686879
4,386,6386,-1.44303057386157,1.87109069289723
4,387,6387,-1.87594515933687,1.54280781590539
4,388,6388,-2.84391556258065,1.75501371341768
4,389,6389,-2.45372743508903,1.73662671970387
4,390,6390,-2.5309674661004,1.83022634479432
4,391,6391,-1.74865863423384,1.87011166051041
4,392,6392,-0.385980168428928,1.78276551069233
4,393,6393,-1.89456887069972,3.18166528680126
4,394,6394,-2.4159715419556,0.9399959864207
4,395,6395,-3.31833624860447,2.5472447575967
4,396,6396,-3.15167982640131,2.46666536005916
4,397,6397,-2.76420102854654,2.52597387935283
4,398,6398,-1.91142677783358,1.74229268421168
4,399,6399,-2.86118276401151,2.34330448155655
4,400,6400,-3.14635173921432,2.35124521926396
4,401,6401,-2.17649376075298,1.40184680632163
4,402,6402,-1.81999373004376,1.68102807615784
4,403,6403,-1.47037504767695,1.54078730969021
4,404,6404,-0.705258438547193,2.00464107099211
4,405,6405,-1.62346478021098,1.72862356443034
4,406,6406,-1.97060143229329,2.72564790988012
4,407,6407,-1.46399708193134,2.07532399435553
4,408,6408,-0.794032155310526,1.6938897431068
4,409,6409,-0.80768788128664,1.6144123859126
4,410,6410,-0.801684120321941,1.66239774272602
4,411,6411,-1.02772090492146,1.15992576274406
4,412,6412,-1.14342053363823,0.95375437016911
4,413,6413,-1.51877776689491,1.66082287709597
4,414,6414,-1.46335678427779,1.24377151533796
4,415,6415,-1.38950217623064,1.10285478310788
4,416,6416,-1.93754539718047,1.36222338532801
4,417,6417,-2.10701929716819,1.29067328877323
4,418,6418,-1.7197651650567,1.57431539324516
4,419,6419,-1.41191794369768,0.851505957949696
4,420,6420,-1.85455364274062,1.26669544642874
4,421,6421,-2.14692119185269,1.37520638847448
4,422,6422,-2.60356626069636,1.01245190717418
4,423,6423,-0.325515532839447,1.18874885113302
4,424,6424,-0.632130846593726,2.39547884333174
4,425,6425,-0.415368106314307,2.02239321316526
4,426,6426,-2.66256517398527,1.48522442599261
4,427,6427,-1.22523086921091,1.47349118504885
4,428,6428,-3.1874338807926,1.94816642714215
4,429,6429,-2.54824035517642,1.50607051073814
4,430,6430,-2.26649085956814,2.75741051480993
4,431,6431,-2.18629613516814,2.46643411415243
4,432,6432,-1.78281984898931,2.18742495074711
4,433,6433,-2.36140105296785,2.20772241123459
4,434,6434,-0.550589700505329,1.97148380223632
4,435,6435,-2.50635989578438,1.6003644708176
4,436,6436,-0.933664383925061,1.29474428065219
4,437,6437,-1.68284510838409,1.32516831163816
4,438,6438,-1.85736146828748,1.63626121093494
4,439,6439,-1.91038482836282,1.61667767203101
4,440,6440,-2.50649875238956,1.58678011853611
4,441,6441,-1.7515929910497,1.38841594150784
4,442,6442,-1.88914196905852,2.36917734528537
4,443,6443,-1.28651335993471,1.15174737434781
4,444,6444,-1.47550654153273,1.08410413202268
4,445,6445,-1.99113195248538,1.69156239677766
4,446,6446,-2.03048674775056,1.67948871132433
4,447,6447,-1.89681879267096,1.74378649422965
4,448,6448,-1.32735900104539,1.49616634498833
4,449,6449,-1.82271470911486,1.57056258801053
4,450,6450,-1.64177918493306,1.97509852203451
4,451,6451,-1.26637157688404,1.56060404472813
4,452,6452,-1.70209557156773,1.70906750779696
4,453,6453,-2.67714613727622,1.92821836988758
4,454,6454,-2.58015882377326,2.23361185163591
4,455,6455,-1.49571099346903,2.08606508483304
4,456,6456,-1.45039779590223,1.74585053136696
4,457,6457,-1.43728095390051,1.98898893127602
4,458,6458,-1.5212459699911,1.74985364776806
4,459,6459,-1.8860562876377,1.49265358350846
4,460,6460,-2.65372504323273,1.91675809191753
4,461,6461,-0.953225738833531,1.59138609731142
4,462,6462,-2.07003161299604,3.1795890350843
4,463,6463,-2.08998800498591,3.81344065992531
4,464,6464,-2.24166048560357,3.15926156196943
4,465,6465,-1.52252456957988,2.89376162923582
4,466,6466,-1.23268581773874,2.28560391616751
4,467,6467,-1.55311027827305,1.70138933871062
4,468,6468,-1.63130581561528,1.5829419765668
4,469,6469,-1.6883587725823,1.75907040695748
4,470,6470,-1.55262566515614,2.06388002396335
4,471,6471,-0.753441354238863,1.18285199238038
4,472,6472,-1.03526784510709,1.19655161165421
4,473,6473,-4.0016403551598,2.45812806549141
4,474,6474,-3.85843375467948,2.42182951052529
4,475,6475,-3.05342328872265,2.42629655768464
4,476,6476,-2.84008143432571,2.33964459328913
4,477,6477,-1.64879669358688,1.95773466297776
4,478,6478,-1.91171026564694,1.86516472035124
4,479,6479,-1.84919469457246,2.06076941089308
4,480,6480,-1.42929402565714,2.39838980866879
4,481,6481,-1.31101619322257,2.39221154067218
4,482,6482,-1.50177702796165,2.35088412422976
4,483,6483,-1.45977532119015,3.11573162396233
4,484,6484,-1.50852017690692,3.1652714260942
4,485,6485,-1.72839515474706,2.63284147623117
4,486,6486,-2.68659769575681,2.67944468314394
4,487,6487,-2.64240659643326,2.18899889901135
4,488,6488,-2.24809144196591,3.26989840526135
4,489,6489,-2.66043219786478,3.41447569210116
4,490,6490,-1.63508267706733,3.34264852906186
4,491,6491,-1.70995992841318,1.64932301619083
4,492,6492,-2.94692002077053,3.30541684239018
4,493,6493,-3.22395457074376,4.39973504726541
4,494,6494,-3.09128801381032,3.59238695749398
4,495,6495,-2.5003101227478,2.03805959394953
4,496,6496,-3.66166755320388,2.88106067785066
4,497,6497,-4.01341611449857,3.1313519321307
4,498,6498,-3.97647889831875,2.93592062861541
4,499,6499,-1.65778905867136,1.3191239524801
4,500,6500,-2.15343902091158,2.34187934108084
4,501,6501,-1.78610956813947,2.65155060082124
4,502,6502,-1.76590068510436,1.89124790933537
4,503,6503,-1.72639540655921,1.6217366995329
4,504,6504,-2.26361796172355,1.47166780968161
4,505,6505,-1.88127435789198,1.85079719513342
4,506,6506,-2.04076980616638,1.85221554040507
4,507,6507,-1.91511311805608,1.81219422608456
4,508,6508,-1.90814178390361,1.53346470252063
4,509,6509,-2.82367652712317,2.20324968900895
4,510,6510,-0.357895554742079,2.09904659993398
4,511,6511,-1.00159024292305,2.1882520746648
4,512,6512,-0.882460181077551,2.4535295276474
4,513,6513,-1.06511198442174,3.21838940799673
4,514,6514,-0.396246374051972,2.40819376977065
4,515,6515,-0.404462359500504,2.21227864449933
4,516,6516,-1.05213155139589,2.06935508811166
4,517,6517,-0.522189267623241,2.68273828098374
4,518,6518,-2.81815044687619,2.94654739499697
4,519,6519,-1.98455366522983,2.32590397528188
4,520,6520,-1.76353914677066,2.54207531470933
4,521,6521,-1.3686525231012,2.1187534972118
4,522,6522,-2.30186159293166,1.64477924387754
4,523,6523,-2.13376347730008,1.99892284081081
4,524,6524,-2.52974711355317,2.36066333477308
4,525,6525,-2.81229599584965,1.70202637435006
4,526,6526,-1.21108609999616,1.41387032424207
4,527,6527,-1.21614179868994,1.40732353485015
4,528,6528,-2.43915781824722,2.7184689997106
4,529,6529,-1.00336000485511,1.3713830530323
4,530,6530,-2.01043752854002,2.02952291637556
4,531,6531,-2.76067696566718,1.93864966266588
4,532,6532,-3.1573390403112,2.87182075950274
4,533,6533,-2.31030837771077,2.10013401185166
4,534,6534,-3.11960730174272,2.40762202667089
4,535,6535,-1.89254926661116,1.41997898736473
4,536,6536,-2.40712354781186,2.20214024735042
4,537,6537,-2.38011800253304,2.17161813810568
4,538,6538,-2.28256835283948,1.5564288346083
4,539,6539,-1.66739537057088,1.99722997580083
4,540,6540,-1.71725284130291,2.12426351585032
4,541,6541,-1.96235187498077,2.59219997774678
4,542,6542,-1.4166190115296,1.90370172192252
4,543,6543,-2.48208083696954,2.23861307645976
4,544,6544,-2.67560490846203,1.57427042343558
4,545,6545,-1.81536046309476,1.15180114760634
4,546,6546,-1.83853281486803,0.82557100391795
4,547,6547,-1.84828781761952,1.65294366805384
4,548,6548,-2.46846104230013,2.06890982057625
4,549,6549,-1.44273373773978,0.939152319063043
4,550,6550,-1.3408492560518,2.12540940947141
4,551,6551,-0.747889744742058,0.730441467032802
4,552,6552,-0.97093436498031,2.88429881704657
4,553,6553,-1.69291486101321,3.00776517405181
4,554,6554,-0.766825662836986,2.30935854094785
4,555,6555,-0.962744636158105,3.31980488014227
4,556,6556,-0.394314861610158,2.70569411737781
4,557,6557,-2.74216973840073,1.74440263386353
4,558,6558,-0.744231112912058,0.446106028424501
4,559,6559,-0.663924164126798,0.451205314452906
4,560,6560,-2.21341999736797,1.79150987859486
4,561,6561,-3.23661942769089,1.96767401018466
4,562,6562,-2.9575039034015,1.63588240465985
4,563,6563,-2.85824276778743,1.74193355408962
4,564,6564,-2.32902669950718,1.99249305108236
4,565,6565,-1.80549440443761,1.72710708970978
4,566,6566,-1.79383527106039,1.75493566941153
4,567,6567,-2.78001647602168,2.10456073164907
4,568,6568,-2.03226242311277,1.41357961030149
4,569,6569,-2.40492738977046,1.6481927235253
4,570,6570,-2.1079604109731,1.18661175515139
4,571,6571,-2.59367370144077,1.10803301476674
4,572,6572,-1.99831145926415,1.03214667846359
4,573,6573,-2.80817132373634,1.90780700823673
4,574,6574,-1.72495874326625,1.00284429928266
4,575,6575,-2.74008218080154,1.46928742978168
4,576,6576,-0.911877746581717,0.801010278696953
4,577,6577,-1.54545021345473,1.15689465037723
4,578,6578,-1.51572958546151,1.8204283510992
4,579,6579,-2.28337880919648,1.90440577903714
4,580,6580,-1.28029946249222,2.31421943333967
4,581,6581,-2.54143866256478,3.58236402020815
4,582,6582,-2.05198503616083,1.80686393157211
4,583,6583,-2.16072424103948,2.66890718122457
4,584,6584,-2.77696763157018,3.0113108268525
4,585,6585,-1.63816412029607,3.44805542621001
4,586,6586,-2.08278917523002,2.47869164958426
4,587,6587,-1.58273355238557,1.27691272890927
4,588,6588,-2.24256507058127,2.58649834457894
4,589,6589,-1.69989503850839,2.37928155647163
4,590,6590,-1.88897902337743,2.86137647268543
4,591,6591,-2.02776893493413,2.00045465085623
4,592,6592,-2.36951911319546,2.0216762191968
4,593,6593,-1.00537009381948,1.5776615556611
4,594,6594,-1.09070019599787,1.62321480462448
4,595,6595,-0.786587211312414,1.0410966090079
4,596,6596,-0.386454844516686,1.12379515268753
4,597,6597,-1.16250254836239,2.01763836147142
4,598,6598,-1.38813922249712,1.70890278155166
4,599,6599,-1.01701096855043,2.07330052792765
4,600,6600,-0.928828769380525,1.73806135608648
4,601,6601,-1.4604509427296,2.77676591698415
4,602,6602,-0.678199323653518,1.46888972619307
4,603,6603,-0.851699237843397,2.56562366196223
4,604,6604,-0.871451133687093,1.37601767461945
4,605,6605,-1.86416021852777,1.93969813113418
4,606,6606,-1.29664876084074,1.80292957450663
4,607,6607,-1.07356732395857,2.1138650575758
4,608,6608,-1.38835840119655,3.24055365930242
4,609,6609,-0.554924703261165,3.42387453718666
4,610,6610,-1.19416321377908,3.36466681004315
4,611,6611,-1.20961479612606,2.4532051041497
4,612,6612,-1.1442003937213,2.76831028666905
4,613,6613,-1.85954099391943,2.28264830323591
4,614,6614,-2.1589385919042,1.44799069996161
4,615,6615,-1.77546214321186,1.73177938248672
4,616,6616,-1.96733389992375,2.19110563499277
4,617,6617,-2.46247618657665,2.80223008579146
4,618,6618,-2.46287694747532,2.16226790639846
4,619,6619,-2.65410480551694,2.2056232255079
4,620,6620,-2.25636675257268,1.6836414013692
4,621,6621,-2.68205326971449,2.09055373106371
4,622,6622,0.546809625616402,3.89028563937717
4,623,6623,-0.113207990766044,2.2695188170022
4,624,6624,-1.82609322474063,2.85391945290172
4,625,6625,-1.36948427120061,2.33213833542936
4,626,6626,-2.44235138803626,2.57740168123418
4,627,6627,-1.47154968798024,1.72747655951003
4,628,6628,-2.3453947054751,3.18428155572892
4,629,6629,-2.99536124740958,1.40164413847784
4,630,6630,-3.52597930158034,1.95330016715733
4,631,6631,-3.50387631441512,1.94439473938342
4,632,6632,-3.77334606953483,1.94132563945568
4,633,6633,-3.33356820164211,1.79940543860024
4,634,6634,-3.51891155174863,2.14980540388029
4,635,6635,-2.81017551895603,1.9916928425205
4,636,6636,-2.25544063830527,1.85445690847091
4,637,6637,-2.13976160162357,2.03386709632372
4,638,6638,-2.49747027838644,1.63728454137758
4,639,6639,-1.74257432353371,1.45086863474395
4,640,6640,-2.25587354743044,1.56286704280572
4,641,6641,-3.45520288808723,1.76152411357308
4,642,6642,-1.72737343662456,1.82746556187405
4,643,6643,-1.81554938884814,1.598314313415
4,644,6644,-2.12240308900244,1.76595621446034
4,645,6645,-1.42345459284296,1.23938691086338
4,646,6646,-1.64395727249534,1.38172034885442
4,647,6647,-1.10960976354542,1.23351939137739
4,648,6648,-0.979095241878838,1.39201050964762
4,649,6649,0.500325571404986,3.98853007345388
4,650,6650,0.434411412871107,2.55308353141705
4,651,6651,-1.60758434629052,1.82304990567206
4,652,6652,-1.90417731345251,1.53496547102157
4,653,6653,-2.00233588044717,1.92927393223155
4,654,6654,-1.38955360161727,1.19963617625677
4,655,6655,-0.92684122908401,1.38112623432059
4,656,6656,-1.44831190750632,1.34959503229904
4,657,6657,-1.20509407562853,0.684795532831581
4,658,6658,-2.17696412900937,1.43669990526643
4,659,6659,-0.655939691752518,1.88869861407312
4,660,6660,-0.671247729108493,1.49939102203709
4,661,6661,-0.842283705141739,1.23745519744895
4,662,6662,-1.16347986638454,2.88964135041494
4,663,6663,-1.06736222690945,2.22701176431603
4,664,6664,-1.27223215591522,1.81886302089519
4,665,6665,-1.76303735260582,2.00830951128834
4,666,6666,-1.31151914861111,1.5419146063491
4,667,6667,-1.29877432776672,1.5421509126461
4,668,6668,-0.902020955548723,1.82935749687417
4,669,6669,-2.21102420878665,2.59679922801593
4,670,6670,-1.64651328693388,1.27882677212593
4,671,6671,-1.5723295209416,1.55824716475845
4,672,6672,-1.53756817983305,1.42519447949157
4,673,6673,-1.19789317096025,1.25271051644963
4,674,6674,-1.41004006926236,1.37191899471793
4,675,6675,-2.35185238935658,1.74888512200661
4,676,6676,-2.52819684288614,2.23461682912002
4,677,6677,-3.54171548404373,3.23846017634742
4,678,6678,-3.03959865133253,3.04459701810007
4,679,6679,-2.34097382296241,3.2516066054134
4,680,6680,-1.89451713413153,3.16830890562824
4,681,6681,-1.00585412126374,2.65633159084804
4,682,6682,-0.928243840265947,2.60581551439821
4,683,6683,-1.616011709351,2.01576564215027
4,684,6684,-1.28487478708543,1.48900698231186
4,685,6685,-1.77269259387831,1.6424211608971
4,686,6686,-0.782668380207953,1.34197119449717
4,687,6687,-1.04109504805671,1.40423911509766
4,688,6688,-1.22997827255526,2.6273663443316
4,689,6689,-1.05207057740338,2.22727817228592
4,690,6690,-2.14571073429107,2.69627373180961
4,691,6691,-2.78113119944644,2.24652205567495
4,692,6692,-3.20085930577774,2.08980034322688
4,693,6693,-2.52158860024258,2.0504294540722
4,694,6694,-2.70737771519878,2.68427483739124
4,695,6695,-2.63235110173727,3.24907022351848
4,696,6696,-2.5448846190194,2.41702220434591
4,697,6697,-2.97494994722639,2.35369101179369
4,698,6698,-2.57137751114327,3.49478711685768
4,699,6699,-1.93461219483433,3.45087801493488
4,700,6700,-1.44049741386387,1.97785349438211
4,701,6701,-1.49533004118362,2.13807646365254
4,702,6702,-1.74508534343964,2.11494784296954
4,703,6703,-1.80004306279649,1.76521577725003
4,704,6704,-2.06562207169136,1.49884606749505
4,705,6705,-1.86290090745832,1.56128680437456
4,706,6706,-0.890579397991286,1.43699047997809
4,707,6707,-0.547906353533141,2.42134689297638
4,708,6708,-0.505847364602953,2.64052090636764
4,709,6709,-1.23076814156854,1.65296888272715
4,710,6710,-0.926291207901377,2.39316444544441
4,711,6711,-0.9656868701729,2.64365413531272
4,712,6712,-0.631971875507779,3.38582202680457
4,713,6713,-1.00691403145066,2.75591813188967
4,714,6714,-1.7090646712022,2.00162841956527
4,715,6715,-2.161651218497,2.6908126020628
4,716,6716,-2.34433949541279,3.19513647000835
4,717,6717,-1.29351639534561,1.28831348718143
4,718,6718,-2.53833107357457,2.11673136199677
4,719,6719,-1.94536240741831,1.79302544618568
4,720,6720,-1.65183502234542,2.11206947492843
4,721,6721,-0.394395017919388,2.37061541983145
4,722,6722,-1.31287762650475,2.51024687456994
4,723,6723,-0.00761504290758612,2.88295716128547
4,724,6724,-0.04759173392745,2.76679002825959
4,725,6725,-1.92880876880266,1.54315411332516
4,726,6726,-1.19832214705337,2.03941330207857
4,727,6727,-2.68095831201383,2.21198204484691
4,728,6728,-2.10111486506496,2.5153341894962
4,729,6729,-2.73966259032241,2.3683811560968
4,730,6730,-1.84037140228069,2.12691041126996
4,731,6731,-1.95485483406272,2.66697026792991
4,732,6732,-2.23552060048537,3.23275042163277
4,733,6733,-2.3180900615615,3.31572467905313
4,734,6734,-2.27908865885546,2.80853457093596
4,735,6735,-1.84764200821021,1.18996201225574
4,736,6736,-0.721824162978479,1.70438762295746
4,737,6737,-0.94261914931825,1.5536716551829
4,738,6738,-0.954589382491114,1.81786554744789
4,739,6739,-1.67906801243722,2.26458853398285
4,740,6740,-1.79253507050934,1.99768870427314
4,741,6741,-1.12500798297252,1.51616287250611
4,742,6742,-1.20864713546207,2.02595179167518
4,743,6743,-1.2757857748663,1.67572292019728
4,744,6744,-0.993461288553101,3.22215142997506
4,745,6745,-0.698421168420114,1.93542544362721
4,746,6746,-0.483487024028028,1.81780077912989
4,747,6747,-0.438235740989281,1.82621426731813
4,748,6748,-0.843920582765799,3.93531918482538
4,749,6749,-0.645884103490649,3.060731127774
4,750,6750,-0.831268679442824,2.73634315317782
4,751,6751,-1.18192718211401,1.75390050550735
4,752,6752,-0.699960128774857,1.96694775557988
4,753,6753,-2.61460262830449,1.90888078769954
4,754,6754,-1.97362775284795,2.18934305242672
4,755,6755,-1.9096437004241,2.88336662054321
4,756,6756,-1.64589546930205,1.85651527882124
4,757,6757,-3.35347469883266,2.65492827374368
4,758,6758,-3.09578581070307,2.88544788841595
4,759,6759,-1.63960613924907,2.77193456378848
4,760,6760,-0.927380627730569,1.24250550634603
4,761,6761,-1.13064143425273,1.43006629154146
4,762,6762,-1.16803404629317,1.55055952421239
4,763,6763,-1.11287989389267,1.52926478930342
4,764,6764,-1.25196182149439,2.15377529539578
4,765,6765,-1.04879719808986,2.14376284926122
4,766,6766,-0.646617920948526,3.11758001526003
4,767,6767,-0.393436047605478,2.92722447798659
4,768,6768,-0.726179073272037,1.30844278092893
4,769,6769,-2.24202596329402,1.45922570227147
4,770,6770,-1.55900830515831,1.17754246334431
4,771,6771,-1.35432154973802,1.29061478916649
4,772,6772,-1.47329691921008,1.51797578000812
4,773,6773,-1.04788892085953,1.18819623756137
4,774,6774,-1.43332494771639,1.34579803395407
4,775,6775,-1.09096639635908,0.869641041172473
4,776,6776,-1.89522991254626,1.31385925337392
4,777,6777,-2.99936848571022,1.68862855749287
4,778,6778,-2.20047075979995,1.28187494415464
4,779,6779,-2.4934447572446,1.75837027603921
4,780,6780,-1.99531330737744,2.57572101273381
4,781,6781,-1.48497293519029,1.25460367963834
4,782,6782,-1.7070305397834,1.47707717506578
4,783,6783,-2.59222093424082,1.75100838892216
4,784,6784,-2.2581473278778,1.43615257228824
4,785,6785,-2.11121220272437,1.4878675426867
4,786,6786,-1.77784495483984,2.78562135421952
4,787,6787,-1.63251213735366,1.69933693106285
4,788,6788,-2.04996619653802,2.93275715304202
4,789,6789,-2.22871690353837,3.20329622517502
4,790,6790,-1.85098363508309,1.82878229571509
4,791,6791,-1.76593355663022,2.90085654220118
4,792,6792,-1.45914410080407,2.81697244610824
4,793,6793,-2.12745588797497,2.68680675838345
4,794,6794,-1.77899244869094,2.31851621950941
4,795,6795,-1.12110881140784,1.63449855555795
4,796,6796,-1.67766368863905,0.991560659730525
4,797,6797,-1.64970373136708,3.40543177564397
4,798,6798,-2.0431771368941,3.05520465988211
4,799,6799,-2.58541659588775,3.61865110161848
4,800,6800,-1.84586349075633,2.46874883459722
4,801,6801,-1.88028946964181,2.7936858579105
4,802,6802,-1.6782886989406,2.53584186357416
4,803,6803,-1.48041310815923,2.33540819057991
4,804,6804,-1.5327372055279,2.40670237653529
4,805,6805,-2.33690449412953,3.16693550843292
4,806,6806,-2.22216576318766,2.99181360239362
4,807,6807,-1.93495311004732,2.85653997401828
4,808,6808,-1.32562322927773,2.43497331473221
4,809,6809,-1.74529499831456,2.51265621452286
4,810,6810,-1.21315881175339,2.12979877634499
4,811,6811,-1.04509711475042,2.56413298891632
4,812,6812,-1.19306634304156,2.50387028235315
4,813,6813,-2.705994520712,2.20535729834281
4,814,6814,-2.55625709014317,2.39980499002138
4,815,6815,-2.15651606410506,1.59514101053538
4,816,6816,-1.86932114119291,2.02537546854045
4,817,6817,-1.6436810435644,1.44970901204265
4,818,6818,-1.14044451373097,1.93517091722264
4,819,6819,-1.144927940406,1.42046370690077
4,820,6820,-0.832038836007585,1.65114956836843
4,821,6821,-1.40687092486931,1.97541665123524
4,822,6822,-1.29295660788773,1.74202268528862
4,823,6823,-0.95195124433069,2.98052307586916
4,824,6824,-0.982434924928921,1.78165344458176
4,825,6825,-0.467240910845942,2.2378739366911
4,826,6826,-1.53348484913948,2.01339182978468
4,827,6827,-1.56937149466164,2.41666103069816
4,828,6828,-2.49036079161271,3.52438084303979
4,829,6829,-2.64818039494684,3.31042879221387
4,830,6830,-1.99957937648267,2.36840097085223
4,831,6831,-1.88286842036003,1.87548442835045
4,832,6832,-2.15869168134515,1.83281080746336
4,833,6833,-2.18876046011873,2.1942105081522
4,834,6834,-2.84055243596744,2.13258558771897
4,835,6835,-2.95998484878921,3.18936720647789
4,836,6836,-2.77446231845646,2.19964458777127
4,837,6837,-4.01337287740536,2.39320015156031
4,838,6838,-3.13369782658603,2.40167262086954
4,839,6839,-1.99560653190488,1.83889547290939
4,840,6840,-2.92834698458337,2.33840799864539
4,841,6841,-3.41849877594081,2.7726582585187
4,842,6842,-2.99386183011371,2.87777895002253
4,843,6843,-1.83240891246467,1.84352915714928
4,844,6844,-1.99667243302048,1.94247827680437
4,845,6845,-2.09452712537915,1.91670074055246
4,846,6846,-2.12142351355224,1.64580640849862
4,847,6847,-1.98706080563248,2.02818256371491
4,848,6848,-2.00254233829645,1.87165608845699
4,849,6849,-1.502394808632,1.23046941266805
4,850,6850,-1.71338372331178,1.46763772220953
4,851,6851,-2.01105876107397,1.66898970594906
4,852,6852,-1.71741872335975,1.89997099498459
4,853,6853,-1.92882141987556,2.22719708569459
4,854,6854,-0.923038726361928,2.11435598213629
4,855,6855,-2.32924513468813,1.92050672006467
4,856,6856,-0.0515999279110945,1.62969195367419
4,857,6857,-2.02449136767345,2.03815231586527
4,858,6858,-1.76513762630575,1.57307206645066
4,859,6859,-1.68445885584764,1.72494796813112
4,860,6860,-1.6588639350061,1.51676746902698
4,861,6861,-1.35020544936069,1.62717294766597
4,862,6862,-2.0137589343665,1.89485833000664
4,863,6863,-2.8393524167731,1.30272722399201
4,864,6864,-2.821421823596,1.31101998405484
4,865,6865,-2.74091497451793,2.93705926533844
4,866,6866,-2.38834954804033,2.210313702565
4,867,6867,-1.6286099233783,1.43138455964491
4,868,6868,-2.40538618794857,1.715824934127
4,869,6869,-0.917427613311035,1.67760212397869
4,870,6870,-1.38046098469358,2.96276996659264
4,871,6871,-1.71840576592962,3.16904867560942
4,872,6872,-1.08308910542108,1.67872477397459
4,873,6873,-2.09726679682407,2.63529698474099
4,874,6874,-1.34957008145407,1.5158854164019
4,875,6875,-1.78148076410861,1.68748699768944
4,876,6876,-1.9266659871132,1.81635477438311
4,877,6877,-1.90258243839961,1.85689530675395
4,878,6878,-1.82171546133181,2.84154884735936
4,879,6879,-1.22743993749927,1.54608973645212
4,880,6880,-0.506545749420081,2.8522527259358
4,881,6881,-0.939601135090419,1.86344071146073
4,882,6882,-0.188704289422378,1.40010907157519
4,883,6883,0.13940686667083,1.76048455739365
4,884,6884,-1.02901728946682,2.51769672794472
4,885,6885,-0.240691122524451,3.09838711096913
4,886,6886,-0.523473495929894,2.94766660826482
4,887,6887,0.0165905871054195,2.98322879869075
4,888,6888,-0.845347113139051,3.02750587954498
4,889,6889,-0.950462093748106,2.75826492871607
4,890,6890,-1.02148349305788,2.48137956516414
4,891,6891,-1.69945310278759,3.16644575495207
4,892,6892,-1.3944256565675,2.56470520113765
4,893,6893,-1.61608997132905,2.73658495289745
4,894,6894,-0.894537966694371,2.08791038940596
4,895,6895,-1.4357032978383,1.74777330485906
4,896,6896,-1.1981277653262,1.62055425479071
4,897,6897,-1.72679884276811,1.94613542643284
4,898,6898,-0.939433453481426,1.7241099019442
4,899,6899,-1.2485138969326,2.10154698088511
4,900,6900,-2.43140938587726,1.69878623872612
4,901,6901,-1.87011674647057,1.55360303347873
4,902,6902,-1.62469525988813,2.54357399557027
4,903,6903,-1.8253387042803,2.46620243098908
4,904,6904,-1.47395022329965,2.0642910994327
4,905,6905,-1.17161009195358,1.67170412468618
4,906,6906,-2.71389019284762,2.32834007026393
4,907,6907,-0.973272169216617,0.749193393934552
4,908,6908,-3.08121094689413,1.58057456960744
4,909,6909,-3.06953290469507,1.6467001298935
4,910,6910,-1.06775888975263,0.970162781745764
4,911,6911,-2.3381435293064,1.64360305045048
4,912,6912,-1.91893816237962,1.50404416973815
4,913,6913,-1.54006158804776,1.60978518226759
4,914,6914,-2.02612279706657,1.36128173207994
4,915,6915,-0.790054860834899,1.28898041635151
4,916,6916,-0.794929643529932,1.76934324077444
4,917,6917,-0.50244560499006,1.55743825538086
4,918,6918,-0.798536355578779,2.04929959955046
4,919,6919,-1.68561581301802,2.85192541804937
4,920,6920,-1.18268971545794,1.60254998078255
4,921,6921,-1.01309456143421,1.45312585326763
4,922,6922,-1.5575709775299,1.98720006429999
4,923,6923,-1.16603262502291,1.55725730066877
4,924,6924,-2.24519485690152,1.72584176481323
4,925,6925,-2.31341931479124,1.75909021923113
4,926,6926,-2.55438916221527,1.59048987473696
4,927,6927,-3.16739235649471,1.7243944448718
4,928,6928,-3.54419773511105,2.1216197934416
4,929,6929,-2.28577530659983,1.48363600530514
4,930,6930,-2.62732807939206,2.02320642165081
4,931,6931,-2.40367837305127,2.46327216344453
4,932,6932,-2.61108949835578,1.58485368662182
4,933,6933,-2.56400180116597,1.33696517463668
4,934,6934,-2.59781501784193,1.53429965915876
4,935,6935,-1.82186152968623,2.09560195246048
4,936,6936,-1.40934884083165,0.804695830267034
4,937,6937,-1.31167876420881,1.32876538664634
4,938,6938,-2.85872739365087,2.19303158558265
4,939,6939,-2.45193739316199,1.56485733642013
4,940,6940,-3.02420967916156,1.93554485554018
4,941,6941,-2.12189950625875,1.45894383507634
4,942,6942,-3.03585747771287,1.90929973441273
4,943,6943,-2.69093562748206,1.48952409760519
4,944,6944,-2.12408696968021,1.39238159932267
4,945,6945,-2.7399984314972,1.97569468685995
4,946,6946,-2.7328445323862,1.56040993716818
4,947,6947,-2.73348033069448,1.78626357505639
4,948,6948,-2.64694536270251,1.69376655861172
4,949,6949,-2.25612368463188,1.7927017485324
4,950,6950,-2.44814277084529,1.51946530729971
4,951,6951,-2.92728476396405,2.00183393337508
4,952,6952,-2.53400710402065,2.25557434466853
4,953,6953,-3.53256865557334,1.80525259504929
4,954,6954,-2.39999427274166,1.71507939770624
4,955,6955,-2.24705153974964,1.59280244626504
4,956,6956,-2.73135855756415,1.98540468189472
4,957,6957,-1.49651942265168,2.22766104947992
4,958,6958,-1.8903509953684,2.34785718734044
4,959,6959,-1.69130035641264,2.36609533447431
4,960,6960,-2.86703948332057,1.68845227595643
4,961,6961,-1.04859924798964,1.20323684093091
4,962,6962,-1.52070349057418,1.31042610040073
4,963,6963,-2.14759338266396,1.76465702293139
4,964,6964,-1.78172419902219,1.4045303481201
4,965,6965,-1.07487446349096,1.24295750504342
4,966,6966,-3.27590649186641,1.45841896436911
4,967,6967,-2.89010234795165,2.19792146174117
4,968,6968,-3.50009818856443,1.79459216003575
4,969,6969,-2.03205162951562,1.70945306285527
4,970,6970,-2.80431413171951,2.55228551517094
4,971,6971,-1.95283940178814,1.67458099936325
4,972,6972,-1.94647876166355,1.5087107625052
4,973,6973,-1.33593380823681,1.11268395556746
4,974,6974,-2.45835606485055,1.28019652288577
4,975,6975,-1.06422289466423,1.22256801794511
4,976,6976,-1.05140140909172,2.01405837945586
4,977,6977,-0.254339826928853,2.002435373067
4,978,6978,-0.767829597581453,3.07049520404308
4,979,6979,-0.966959882645342,2.34898286223413
4,980,6980,-0.797520868425716,3.05015348094232
4,981,6981,-0.373665185544175,2.08486498901508
4,982,6982,-0.809218901958361,2.15400075318619
4,983,6983,-1.51282618005663,2.039008647479
4,984,6984,-1.7400936226147,3.01787098054566
4,985,6985,-1.60722780216277,1.53438904872545
4,986,6986,-1.3701038242065,1.28340232578336
4,987,6987,-1.73031300031315,2.26923360267916
4,988,6988,-0.578764768339948,1.76102547150784
4,989,6989,-2.18692438445323,1.67036217694052
4,990,6990,-1.90639933295226,2.00051435885293
4,991,6991,-1.76426373334549,2.36953858757667
4,992,6992,-1.74060309165951,2.39500296680938
4,993,6993,-2.11805531225858,2.18845065616046
4,994,6994,-1.80026219624344,2.52488693162786
4,995,6995,-1.66708766462794,2.61169121975943
4,996,6996,-1.76317234523444,1.83515902133021
4,997,6997,-1.10620022657207,1.34327518405181
4,998,6998,-2.73739999898801,1.60461069137818
4,999,6999,-2.56510287574225,1.81337713281751
4,1000,7000,-2.17538522534263,1.28899837002997
4,1001,7001,-2.36668867142067,1.82926580019913
4,1002,7002,-1.08651624478246,2.72126716650455
4,1003,7003,-1.24589072972517,1.94607532779357
4,1004,7004,-1.27464719719637,2.25025200550066
4,1005,7005,-1.29538708583112,2.42058140212988
4,1006,7006,-2.64151915146011,1.93525490531666
4,1007,7007,-2.15668943538238,2.07799677681272
4,1008,7008,-1.92152245087419,2.01632328479093
4,1009,7009,-1.91494864496481,1.84881368316056
4,1010,7010,-1.77849481263317,1.72103447215334
4,1011,7011,-1.39675638077528,2.10011512474093
4,1012,7012,-1.197841943538,2.69311074965965
4,1013,7013,-1.54232718327323,2.10645041397793
4,1014,7014,-1.27626879535586,1.25478702186316
4,1015,7015,-2.81700377936939,2.47410903505532
4,1016,7016,-1.49445768209894,1.6104243221951
4,1017,7017,-1.22380714840189,1.22181832202099
4,1018,7018,-1.83737999204766,1.63746555579317
4,1019,7019,-1.98647371518203,1.58062583903267
4,1020,7020,-2.51466724494644,1.29746328708588
4,1021,7021,-2.07994568428925,1.74640590748152
4,1022,7022,-3.39342226464998,2.4865470392741
4,1023,7023,-1.40307053659881,1.77408459050371
4,1024,7024,-1.21971273821499,1.30986170707258
4,1025,7025,-1.66995792635969,1.66516703774847
4,1026,7026,-3.08198519277297,1.81808728342065
4,1027,7027,-3.06331822289494,1.61757707479081
4,1028,7028,-2.28244653642397,1.83339404319267
4,1029,7029,-2.60114027671626,1.5179144433257
4,1030,7030,-1.52419436213664,1.49817623738267
4,1031,7031,-2.48192174207105,1.46368787570075
4,1032,7032,-2.69786036495358,2.02086113173885
4,1033,7033,-1.97511042863892,1.47921368984969
4,1034,7034,-2.06982499102933,1.4419259898149
4,1035,7035,-2.21679219242743,1.97703808291803
4,1036,7036,-2.35337046887037,1.9989367419796
4,1037,7037,-1.79708508266606,2.22525882253504
4,1038,7038,-2.14774232560566,2.06838702542739
4,1039,7039,-2.24489835566553,2.42106551618034
4,1040,7040,-2.70805064169412,2.08740316316691
4,1041,7041,-2.63974764261358,1.63878716383005
4,1042,7042,-2.81028308290007,1.92323539729931
4,1043,7043,-1.91426437801259,1.59449866019501
4,1044,7044,-2.04897764457127,1.63170339775461
4,1045,7045,-2.26763500315699,1.33141944259578
4,1046,7046,-2.28585717641391,1.31018458027463
4,1047,7047,-1.57704032393365,1.71491693757939
4,1048,7048,-1.97010187314923,1.53718576586181
4,1049,7049,-1.58272339296567,1.19781105469314
4,1050,7050,-1.96345558625316,1.64115717493965
4,1051,7051,-1.1125662058493,1.00470594285396
4,1052,7052,-1.38457425380528,1.11456601970695
4,1053,7053,-2.042366953296,1.76939482465019
4,1054,7054,-2.05258540923718,2.16689843952535
4,1055,7055,-1.30411309154038,2.00088214316257
4,1056,7056,-1.81258834353852,1.65596997710009
4,1057,7057,-1.3927471658312,1.63960030999632
4,1058,7058,-1.75099839789446,2.10319724778428
4,1059,7059,-1.7029902374685,1.98940200965977
4,1060,7060,-1.94925455745315,2.3421231970111
4,1061,7061,-1.88600207476029,2.55865795894992
4,1062,7062,-1.60240693343494,1.90364826290755
4,1063,7063,-1.71892472967102,2.45284692544218
4,1064,7064,-1.5250225649342,1.39875558544687
4,1065,7065,-1.48125380633804,1.39883675778247
4,1066,7066,-1.87412944540563,1.70285718006235
4,1067,7067,-1.80795015386178,1.70529240095719
4,1068,7068,-1.8627677116346,1.75411500218893
4,1069,7069,-1.5332641674473,1.96929072718303
4,1070,7070,-1.53452005558406,2.14223557666151
4,1071,7071,-1.76686329946573,1.95523272070154
4,1072,7072,-1.66095011992002,1.60314847643998
4,1073,7073,-0.840529239671674,0.939538445269107
4,1074,7074,-1.94149611975861,1.34116582187568
4,1075,7075,-2.20443175851775,2.01621046571628
4,1076,7076,-1.65223641010411,2.03754950121273
4,1077,7077,-1.17858869931812,1.67098131282623
4,1078,7078,-0.194403003518289,2.61219322951764
4,1079,7079,-1.24573665206975,3.32001027757397
4,1080,7080,-1.24148100553894,3.4263130568015
4,1081,7081,-2.15950206296842,2.87804618287486
4,1082,7082,-2.13656252130941,1.77851157777592
4,1083,7083,-1.87058688206555,2.35930832555412
4,1084,7084,-1.42254688393107,2.65660817374987
4,1085,7085,-1.59906778553278,2.47944570015977
4,1086,7086,-1.25345505632888,1.70932306577283
4,1087,7087,-1.77687874295658,1.63396936729498
4,1088,7088,-1.63199993365888,1.24980226305887
4,1089,7089,-1.66642246242967,1.20041809293514
4,1090,7090,-1.56044323935818,1.21398376654356
4,1091,7091,-2.19400740791154,1.45104565896385
4,1092,7092,-2.78777333557421,1.47612956152229
4,1093,7093,-1.68009248834626,2.15612013099296
4,1094,7094,-0.636043218983806,1.01855066106112
4,1095,7095,-1.22430794068396,1.16852906764294
4,1096,7096,-1.07689865181608,0.845278031541091
4,1097,7097,-1.93854264583974,1.43308311035288
4,1098,7098,-1.82405696983365,1.42303891578439
4,1099,7099,-1.68770640524749,1.77799685470752
4,1100,7100,-2.32396662777616,2.82220973222538
4,1101,7101,-2.31465249945631,1.99705317164355
4,1102,7102,-2.03483429061133,1.70287707112248
4,1103,7103,-1.23043194212054,1.41749554025631
4,1104,7104,-1.45398780010621,1.70320865545844
4,1105,7105,-1.96757299087764,2.02625634042427
4,1106,7106,-1.64260840855876,2.15565927830658
4,1107,7107,-2.15929878910128,3.64270227934587
4,1108,7108,-1.20305682806746,1.23456106947658
4,1109,7109,-0.879749856507569,1.50530731500449
4,1110,7110,-1.56805450940923,2.07013211797184
4,1111,7111,-1.65183124871017,1.76429027440682
4,1112,7112,-2.36668977078726,1.73074228001666
4,1113,7113,-1.45253476481432,1.73712531293792
4,1114,7114,-1.11024826504,2.12134917757714
4,1115,7115,-1.04740905538442,2.01354598277718
4,1116,7116,-2.20789427797321,2.68985054398968
4,1117,7117,-1.45949787737636,1.66700895317802
4,1118,7118,-2.19056850095547,2.23301364804624
4,1119,7119,-1.33795039400815,1.57534918371002
4,1120,7120,-1.52106260527037,1.83074400205486
4,1121,7121,-0.990100168863642,1.41877843816487
4,1122,7122,-1.42436199487008,2.18720035104285
4,1123,7123,-1.8759866383348,2.27004862590257
4,1124,7124,-1.77357033666158,1.64640719306364
4,1125,7125,-2.30244112417728,1.43410609302967
4,1126,7126,-1.78898986651092,1.86832136177202
4,1127,7127,-1.58493109292362,2.3568389410831
4,1128,7128,-2.4956512200701,1.60773737109285
4,1129,7129,-2.84970264125931,1.68150440042966
4,1130,7130,-2.42688356343343,1.55325506759976
4,1131,7131,-1.36584359466302,1.53253390702614
4,1132,7132,-2.5017595556883,1.61057754388349
4,1133,7133,-3.07816280645001,1.74874907993669
4,1134,7134,-1.87447684273742,1.90359130652846
4,1135,7135,-1.44309357458636,1.24160032528994
4,1136,7136,-2.0857992607447,1.36791266343059
4,1137,7137,-1.96824898014294,1.42325957471073
4,1138,7138,-2.1813959792224,1.77116298897632
4,1139,7139,-3.2439258746604,1.68722076234759
4,1140,7140,-2.39774121304218,1.66364179624379
4,1141,7141,-0.99668110436264,1.38011251337918
4,1142,7142,-2.26367000119338,1.20854183478383
4,1143,7143,-2.22688745837432,1.2012142840644
4,1144,7144,-2.11012330481525,1.12654237443713
4,1145,7145,-1.80967535798443,1.22520069635274
4,1146,7146,-1.91743982536441,1.42119575862766
4,1147,7147,-1.69561918516289,2.76622124337753
4,1148,7148,-1.58352710159378,2.46770233186271
4,1149,7149,-1.63241938274894,2.27977830442006
4,1150,7150,-1.18291195518646,1.49449537174729
4,1151,7151,-1.3840769367786,1.84317485314741
4,1152,7152,-2.01788086850517,1.85459424815677
4,1153,7153,-1.2835590503506,1.49557110047334
4,1154,7154,-2.07846622254639,1.68393697905197
4,1155,7155,-2.0583894763369,1.88140491745447
4,1156,7156,-2.32319866351561,2.53843987885942
4,1157,7157,-2.5370999303385,2.91518991746014
4,1158,7158,-3.18625845608081,3.17646533054979
4,1159,7159,-1.74942937116294,4.32298862152555
4,1160,7160,-1.17265548229334,3.23505266831035
4,1161,7161,-2.20543224866881,2.31727301097148
4,1162,7162,-1.46262921705078,1.52419234156396
4,1163,7163,-1.76816468339872,2.25386619071455
4,1164,7164,-0.644745841786902,1.70862418815922
4,1165,7165,-1.7972862117198,1.45610342063387
4,1166,7166,-2.03865235562427,1.55957728643421
4,1167,7167,-1.92715223491215,2.18250131005229
4,1168,7168,-2.12942094223219,2.24229897766443
4,1169,7169,-2.95736392806974,3.49743247205798
4,1170,7170,-1.49826632194014,1.75199530086629
4,1171,7171,-1.4560755070454,2.77389132207677
4,1172,7172,-1.69649080151084,1.92969569970979
4,1173,7173,-2.1017875159287,2.57720394474352
4,1174,7174,-1.15504888294713,1.96894577574487
4,1175,7175,-1.01930521545602,2.55831294024372
4,1176,7176,-1.03619348867102,2.73642372468822
4,1177,7177,-1.01770241292932,2.14726204695532
4,1178,7178,-0.846513037662142,2.10707724932559
4,1179,7179,-0.470348874827634,1.72446016680761
4,1180,7180,-1.43471789576943,2.34509968190989
4,1181,7181,-2.02894100525793,2.10849992268638
4,1182,7182,-1.8226269324063,1.79554426510827
4,1183,7183,-1.78212486569233,1.69895744826268
4,1184,7184,-2.32337975620577,2.02246547896553
4,1185,7185,-1.79611757812309,1.68606311269596
4,1186,7186,-1.40377988286286,2.07885344956666
4,1187,7187,-1.61323539166662,2.60411351503177
4,1188,7188,-2.20209502756476,2.1813227122543
4,1189,7189,-3.05867458905644,2.86501689028069
4,1190,7190,-2.48202219340194,2.24796980811253
4,1191,7191,-2.0336389052353,1.57345553368635
4,1192,7192,-1.88060166845579,1.92766111535105
4,1193,7193,-2.0516645382808,1.47774974452141
4,1194,7194,-2.63969389280477,1.48096414098092
4,1195,7195,-1.55970923888854,1.09992791076441
4,1196,7196,-2.02400735513582,1.63633076731001
4,1197,7197,-1.58141422663955,1.26410287846346
4,1198,7198,-1.46548468493311,1.02989567257158
4,1199,7199,-1.56064507358103,1.0675647816734
4,1200,7200,-1.36887334398642,0.972303910996966
4,1201,7201,-2.53887371068709,1.46786099790098
4,1202,7202,-2.27682020181845,1.6763403772632
4,1203,7203,-1.78804290597842,1.39345045546173
4,1204,7204,-2.74142358285727,0.972622502634704
4,1205,7205,-2.90064851408937,1.03105660032727
4,1206,7206,-2.90792911560979,1.20437193629508
4,1207,7207,-2.71491720114234,1.51061216263628
4,1208,7208,-2.97419861196409,1.44053422153372
4,1209,7209,-1.84158387881513,3.03091698464658
4,1210,7210,-1.11597694479353,1.77817151311284
4,1211,7211,-2.21890558103631,2.27382951460238
4,1212,7212,-1.10738333120756,1.08085014876966
4,1213,7213,-1.27158940544415,1.28254567944815
4,1214,7214,-1.34531305453834,1.28182580896358
4,1215,7215,-1.67004282729472,1.4321588758219
4,1216,7216,-1.87222127458544,1.23051274964066
4,1217,7217,-1.98597113851508,1.18953895793225
4,1218,7218,-2.24046093146191,1.85233474031394
4,1219,7219,-2.26708633481341,1.40555612527926
4,1220,7220,-1.98849893138976,1.60384478965346
4,1221,7221,-1.60095307528051,1.06835701700597
4,1222,7222,-1.22174328315751,1.06970631003549
4,1223,7223,-1.50044064986478,1.04152919268706
4,1224,7224,-2.19458749562435,2.27493636320805
4,1225,7225,-2.08785955728621,2.1954716975172
4,1226,7226,-1.19308263318655,1.40812609606047
4,1227,7227,-1.63771212878493,2.08198038840656
4,1228,7228,-1.92797325032903,2.47215739909526
4,1229,7229,-2.06955819755816,1.95103071682196
4,1230,7230,-1.35132845550726,1.96027904684417
4,1231,7231,-1.29086883652944,2.08933289064743
4,1232,7232,-2.49582885530701,1.27030687387336
4,1233,7233,-1.82852550539541,1.19925334995404
4,1234,7234,-0.732235606399432,1.50779776811337
4,1235,7235,-1.45968630647221,1.41325527885534
4,1236,7236,-1.53480799614667,1.34883276328212
4,1237,7237,-1.11592019498374,2.82282660181044
4,1238,7238,-1.16476963798277,2.68932525047356
4,1239,7239,-2.87666147845456,2.27676228413504
4,1240,7240,-1.92299432337391,1.44381894363821
4,1241,7241,-1.90319263777189,1.8875313590024
4,1242,7242,-2.17639909740112,1.72891332381546
4,1243,7243,-2.14629372331539,1.91863488254716
4,1244,7244,-2.85382058944822,2.76242022175045
4,1245,7245,-3.02325038871301,2.4501465350912
4,1246,7246,-3.13891271723798,2.7369907960455
4,1247,7247,-3.08127810464784,3.0655748102152
4,1248,7248,-2.95294991083874,3.13160693788863
4,1249,7249,-2.36036165618875,2.41183613639708
4,1250,7250,-1.51744911304103,1.59475794663545
4,1251,7251,-1.8355121405361,1.55133773884526
4,1252,7252,-1.73970094626181,1.38937677379827
4,1253,7253,-1.18585234301623,1.03780506306654
4,1254,7254,-2.30957581073497,2.2174917182022
4,1255,7255,-2.19413586717344,1.66948686753068
4,1256,7256,-0.8595429604034,2.00393886759494
4,1257,7257,-0.644004553339225,2.17745466707533
4,1258,7258,-1.032760350741,2.54034737402493
4,1259,7259,-0.849401965747995,1.92326013101044
4,1260,7260,-0.547062821041166,3.35570203895845
4,1261,7261,-0.841731442904187,2.68011557994733
4,1262,7262,-1.23784144935639,2.24269730189353
4,1263,7263,-0.184555050676157,3.02088888014963
4,1264,7264,-0.426620755157096,2.75745528737134
4,1265,7265,-1.05327705691553,1.94032082016509
4,1266,7266,-1.88908734346914,1.85430844319878
4,1267,7267,-1.16650477132368,2.26752673340694
4,1268,7268,-1.19483562632086,2.38543278530254
4,1269,7269,-1.16577270696847,1.80512453783398
4,1270,7270,-2.46038195982492,1.33823750214943
4,1271,7271,-1.68009659012151,3.72314121364522
4,1272,7272,-2.07039526840049,2.63613424088032
4,1273,7273,-1.4311148559069,2.59960794042443
4,1274,7274,-2.76993417555795,1.94889128488721
4,1275,7275,-0.985597687485032,1.81845411733023
4,1276,7276,-0.799647139109731,1.46902333124808
4,1277,7277,-0.819718111210425,1.49351367490496
4,1278,7278,-1.50206574590729,2.07709966988813
4,1279,7279,-1.83553183730761,2.23727720602928
4,1280,7280,-2.36339775102678,2.01687202126333
4,1281,7281,-1.27205701014903,1.60081472093769
4,1282,7282,-2.48819903327162,2.30975365384307
4,1283,7283,-1.39172107120555,1.33458019952172
4,1284,7284,-1.88037115523601,2.83186933139254
4,1285,7285,-2.29013076569254,2.26310056869246
4,1286,7286,-1.70103198785912,1.85395118384391
4,1287,7287,-1.84346429152571,2.90862447984435
4,1288,7288,-1.66004802929842,2.47941499212076
4,1289,7289,-1.47750607859776,2.01323968059852
4,1290,7290,-1.84194291967967,1.58409832761223
4,1291,7291,-1.55967929632903,1.32834619064157
4,1292,7292,-1.01741501261433,0.922411099409098
4,1293,7293,-1.72963194805135,2.38267220385937
4,1294,7294,-1.83501399270957,2.1318832908998
4,1295,7295,-1.17427841723044,1.64247186471676
4,1296,7296,-1.39471965861285,1.91705071041596
4,1297,7297,-2.8489785817401,1.74939449104496
4,1298,7298,-0.829429819134302,1.20988578772249
4,1299,7299,-1.06107089714238,1.26030065998263
4,1300,7300,-1.75427254976538,1.36450578512366
4,1301,7301,-1.57158221090102,1.78610897884372
4,1302,7302,-1.66123828750208,1.06510388442752
4,1303,7303,-0.687994850127497,0.794295922703609
4,1304,7304,-1.72135044848879,1.30159586012111
4,1305,7305,-1.39065833804548,2.10084478310675
4,1306,7306,-0.969761459817971,1.53293885120898
4,1307,7307,-2.53904798462999,4.02468920248514
4,1308,7308,-2.62359904115327,3.66847241733078
4,1309,7309,-0.485920141806385,2.61873763825368
4,1310,7310,-1.66415102070651,3.01345632944219
4,1311,7311,-1.66536382292832,1.98897436420086
4,1312,7312,-2.01289255557149,3.16108945901783
4,1313,7313,-2.34467816626937,2.19620898319442
4,1314,7314,-2.48592195062296,2.28908841320709
4,1315,7315,-2.47613721993836,1.94160681791961
4,1316,7316,-1.58131339311227,1.4565140227702
4,1317,7317,-3.71450528012423,2.19193286634774
4,1318,7318,-3.49154106318032,1.83844196666632
4,1319,7319,-3.30542714607975,2.14232267380058
4,1320,7320,-2.16282424252642,1.76973029424527
4,1321,7321,-2.39482687058556,2.49458277253381
4,1322,7322,-2.66499542158652,1.88382734457109
4,1323,7323,-2.38402129420931,2.12392162268066
4,1324,7324,-4.36516246627466,3.31106061507723
4,1325,7325,-1.94312866840595,1.58711571700321
4,1326,7326,-2.21890728063772,1.908525099926
4,1327,7327,-1.20879184738039,1.40524694923405
4,1328,7328,-1.82790209292047,2.38226936669007
4,1329,7329,-1.56686731534545,2.0171028115109
4,1330,7330,-2.11973002656941,2.63383976155297
4,1331,7331,-2.57400967018324,1.6859095600022
4,1332,7332,-2.59075858433341,2.0489053762491
4,1333,7333,-2.86049703581043,2.16322182254744
4,1334,7334,-3.81522271349471,2.03723883725884
4,1335,7335,-3.68768255408369,2.64437768106704
4,1336,7336,-1.86204282730176,2.32842005715283
4,1337,7337,-1.8297954989739,2.20663881905262
4,1338,7338,-2.41291429980638,2.2030305561316
4,1339,7339,-1.94236779246878,1.21930440638148
4,1340,7340,-2.04571915849489,2.16037332771608
4,1341,7341,-1.30415452220318,1.45766488301915
4,1342,7342,-2.21926928735882,1.70844063977507
4,1343,7343,-1.01489998540853,1.76001662586485
4,1344,7344,-1.10206411757625,1.18750922075506
4,1345,7345,-1.86981831524341,1.1708090251908
4,1346,7346,-1.62886506010922,1.69562000632799
4,1347,7347,-1.58967624687663,1.60019839542758
4,1348,7348,-1.16945920430792,2.48181534508034
4,1349,7349,-1.38858316311402,2.72891691213084
4,1350,7350,-0.842849360500053,1.91720246821643
4,1351,7351,-1.73507268349708,2.74958370319691
4,1352,7352,-2.00284555436676,2.02702500141487
4,1353,7353,-2.68602153626556,2.11794066477764
4,1354,7354,-1.86923074145265,2.37567791434749
4,1355,7355,-1.09244956274768,1.85432887237195
4,1356,7356,-0.778861167554053,1.88086309335074
4,1357,7357,-0.46286761845354,2.14764236528379
4,1358,7358,-1.41817982641967,2.57107403245626
4,1359,7359,-0.555061374558778,0.813046672006623
4,1360,7360,-0.691883363362288,0.586554430694478
4,1361,7361,-1.3761128953237,1.06058788372502
4,1362,7362,-2.72430563573342,2.29304768850193
4,1363,7363,-2.2129892673174,1.45305878681462
4,1364,7364,-1.36861466239366,2.07350086739659
4,1365,7365,-0.679351075878274,2.51640204600764
4,1366,7366,-0.753381890242372,2.18231912234407
4,1367,7367,-1.21637283505738,2.68904648428675
4,1368,7368,-1.07461930224687,2.83277902014715
4,1369,7369,-2.64353621113978,1.74107962320029
4,1370,7370,-2.53671022943035,1.65195444240846
4,1371,7371,-3.30295972750231,2.03716661090782
4,1372,7372,-1.42416340947697,1.06036709147204
4,1373,7373,-2.30971066905367,2.06442954498717
4,1374,7374,-1.51636796696271,2.19427484710559
4,1375,7375,-1.46292070938706,2.48906080105069
4,1376,7376,-1.7852496604316,2.06037982563538
4,1377,7377,-2.35102469587617,2.52270425924053
4,1378,7378,-1.77500044726808,1.52911793336585
4,1379,7379,-1.70556426368614,1.26869137954338
4,1380,7380,-1.69116582024579,1.7112377881457
4,1381,7381,-1.23820710029191,1.96627677099634
4,1382,7382,-1.46102826539388,1.86604220710218
4,1383,7383,-1.27986944606833,1.26732907301609
4,1384,7384,-1.05440947724593,0.739613638434102
4,1385,7385,-1.66448470114526,2.3675361053131
4,1386,7386,-1.50280691703006,2.50136234326741
4,1387,7387,-1.72067984354261,2.51173641099531
4,1388,7388,-0.322152048068951,1.12222601333231
4,1389,7389,-1.16834355020573,2.02871637574718
4,1390,7390,-1.3904935300133,1.61519084547586
4,1391,7391,-1.62421103630828,2.28920571224119
4,1392,7392,-2.60537982732891,3.98822983246129
4,1393,7393,-1.77411020362552,1.32421490457309
4,1394,7394,-1.80129487197513,1.31063170382085
4,1395,7395,-2.31689471607044,1.5266533773829
4,1396,7396,-2.39555193491492,1.60891773935365
4,1397,7397,-2.48384305351097,2.14092385708681
4,1398,7398,-1.67853811897557,2.49531446130052
4,1399,7399,-1.81296622531894,1.56799512055223
4,1400,7400,-1.59415734718958,1.43393451471817
4,1401,7401,-1.96043727004777,1.80418832645352
4,1402,7402,-1.77857737909848,1.86122437294588
4,1403,7403,-1.72469985047035,1.56746578479902
4,1404,7404,-2.12884634760101,3.0106379396126
4,1405,7405,-2.65330198656222,2.59999429289918
4,1406,7406,-3.84075273496217,2.95844361069577
4,1407,7407,-2.92717800531405,2.25638124030062
4,1408,7408,-1.54125082142521,1.77938499821774
4,1409,7409,-0.706872820573258,2.55469356300801
4,1410,7410,-1.80775403696745,2.38618245185533
4,1411,7411,-1.63900382193529,2.39174843361748
4,1412,7412,-1.43859131879131,2.20785701378022
4,1413,7413,-0.971784254568026,4.12638260206791
4,1414,7414,-1.25670253218936,4.25161801153654
4,1415,7415,-1.42972672031428,2.38059543130241
4,1416,7416,-0.868037164412821,2.41211543979392
4,1417,7417,-1.52228202478227,3.21202499183303
4,1418,7418,-1.50357784539101,3.26978727868251
4,1419,7419,-1.27161548917933,1.88765980218265
4,1420,7420,-0.985867304805415,2.00451350856145
4,1421,7421,-1.62501290095632,1.76742380075885
4,1422,7422,-2.75379191642929,2.06266686041459
4,1423,7423,-2.88062313593671,2.11421609673373
4,1424,7424,-3.10481299103384,2.55433725922252
4,1425,7425,-3.01650473114862,2.16062112590666
4,1426,7426,-3.23550538421767,2.09204155322637
4,1427,7427,-2.11536353889581,2.29088576063688
4,1428,7428,-2.17731470604343,1.3468141301389
4,1429,7429,-2.37886717372382,2.19581626538138
4,1430,7430,-2.1019984952578,1.49501195045217
4,1431,7431,-1.56007729588781,1.64159436701354
4,1432,7432,-2.25809478112888,1.96958370685997
4,1433,7433,-1.92965556562712,1.56754526967116
4,1434,7434,-1.75396880360015,1.49560862550961
4,1435,7435,-0.974818536388762,0.987843900509499
4,1436,7436,-1.8489688804103,1.46638521102715
4,1437,7437,-1.90926356000348,2.1618267094354
4,1438,7438,-1.57255751823603,1.08562886508
4,1439,7439,-1.85992670714299,1.43250941710786
4,1440,7440,-1.87385085804464,1.52739517980775
4,1441,7441,-2.85569713560158,1.95579571684672
4,1442,7442,-1.55664065594693,1.29366558142342
4,1443,7443,-2.48284831402808,4.51725576472863
4,1444,7444,-1.60933944075702,1.42548353301963
4,1445,7445,-2.44950159813914,1.2574623538966
4,1446,7446,-2.45053932811153,1.57864445867777
4,1447,7447,-2.87790854241777,2.1942329071125
4,1448,7448,-2.23808123161593,2.03776131743679
4,1449,7449,-3.10986531044454,2.78878615811549
4,1450,7450,-2.28128492955052,1.72568187442282
4,1451,7451,-2.71260506362427,2.34413790417348
4,1452,7452,-2.70621116136216,1.90034213672289
4,1453,7453,-1.83466214647931,2.75394913660462
4,1454,7454,-1.88725221014703,2.04898962885806
4,1455,7455,-2.89153600817461,2.99246328036985
4,1456,7456,-2.40048849854301,2.39146505260217
4,1457,7457,-2.75725164348489,2.0522706717304
4,1458,7458,-2.62546147268076,2.3286341434535
4,1459,7459,-1.90923900641913,1.36548190771834
4,1460,7460,-2.24322203986071,2.23460727008188
4,1461,7461,-1.94873072584316,1.65477442121041
4,1462,7462,-3.12933193388257,2.16716942111035
4,1463,7463,-2.80659884216765,2.00006513258619
4,1464,7464,-2.89094830822418,2.22874319062971
4,1465,7465,-0.938694763998204,0.823067619885885
4,1466,7466,-0.522915525539605,1.90689030082022
4,1467,7467,-1.36879686736008,1.95770426806662
4,1468,7468,-1.15254170230906,3.81482034137811
4,1469,7469,-0.970170098101585,3.4098749366994
4,1470,7470,-1.6140383543117,2.65112584769048
4,1471,7471,-1.59470013022941,2.73606796012217
4,1472,7472,-1.76734332372005,2.59680211944018
4,1473,7473,-1.55986966180426,3.77220058430207
4,1474,7474,-2.26067705832435,1.36235564189571
4,1475,7475,-2.86650972149826,1.2911295558476
4,1476,7476,-2.11182598858222,1.35593357516902
4,1477,7477,-2.77997294961246,1.52541782848602
4,1478,7478,-2.59339589635689,1.70282220680338
4,1479,7479,-2.57969090615869,1.41041954659274
4,1480,7480,-3.31470535184811,2.20263134631308
4,1481,7481,-3.17314658675772,2.21180125295739
4,1482,7482,-1.83011231572241,1.2408359086025
4,1483,7483,-1.85726580935403,1.78860889760324
4,1484,7484,-1.98727907604831,1.82559785620536
4,1485,7485,-2.0449959867854,1.85052788617918
4,1486,7486,-2.64881636510601,3.01796368323387
4,1487,7487,-2.38672430756253,2.660560914354
4,1488,7488,-1.6582509509547,2.18672228241991
4,1489,7489,-2.55079433181766,3.11305631536989
4,1490,7490,-2.08565485600924,1.80316020701275
4,1491,7491,-2.08982936436258,2.34766979551334
4,1492,7492,-1.59717882391903,1.52758255727234
4,1493,7493,-1.38961910630264,1.21868329921212
4,1494,7494,-1.58093905192238,1.27350842355958
4,1495,7495,-1.64555014430229,1.41100057909203
4,1496,7496,-1.69266845563709,1.73483808701426
4,1497,7497,-2.79965520381469,2.47256181632956
4,1498,7498,-1.99894392368096,1.85891596959921
4,1499,7499,-1.7738499051473,1.65255291701616
4,1500,7500,-1.58095364305738,1.51160520506217
4,1501,7501,-1.69677682514876,1.62614007114304
4,1502,7502,-1.93135080772745,1.8020439068425
4,1503,7503,-0.884273522766784,1.10799063259219
4,1504,7504,-1.59163906807258,1.99557938739554
4,1505,7505,-2.15780335796599,1.97297724233411
4,1506,7506,-1.49774724239195,1.67908248161202
4,1507,7507,-1.30912183141468,1.27076405105087
4,1508,7508,-1.12478933220185,1.15111811665494
4,1509,7509,-1.52654502723472,1.48981367575425
4,1510,7510,-1.46679007349383,0.815058229565835
4,1511,7511,-1.23233360267421,1.39505999558627
4,1512,7512,-1.39926539447342,1.24374599816459
4,1513,7513,-2.24150473895353,3.11896694328152
4,1514,7514,-1.84070394737157,2.55028673379838
4,1515,7515,-1.78163466067799,2.77590861575026
4,1516,7516,-1.80238284256708,2.76108340699685
4,1517,7517,-1.06809707148733,3.24115574668131
4,1518,7518,-1.67432089320952,3.18139120656757
4,1519,7519,-2.13986691613852,1.78048638748686
4,1520,7520,-2.13996211214555,1.95515784117988
4,1521,7521,-1.29183082414352,1.79743470247358
4,1522,7522,-0.731740786374698,2.2416739627282
4,1523,7523,-0.628381938737081,2.02226106015801
4,1524,7524,-0.683784469216157,2.77797553774932
4,1525,7525,-0.938612613003535,2.23197619016265
4,1526,7526,-2.1776898059272,2.77282485154271
4,1527,7527,-1.9716334221632,2.25478980155789
4,1528,7528,-1.4761707614509,1.08277577448299
4,1529,7529,-1.27364665004585,1.1211027041611
4,1530,7530,-2.53952848166091,2.21017090706753
4,1531,7531,-1.54853434301164,1.43926548310843
4,1532,7532,-2.28436033826759,1.67988252902268
4,1533,7533,-1.44462333522113,1.21202591932382
4,1534,7534,-1.63076107072014,1.38185099935145
4,1535,7535,-1.90836599246326,2.45229405636291
4,1536,7536,-2.80932494277222,1.49662881624573
4,1537,7537,-2.20283254913215,1.77403609236999
4,1538,7538,-3.67026696902306,1.64265432694221
4,1539,7539,-3.21907503618562,1.60130782183051
4,1540,7540,-3.23938990475887,1.57221128417306
4,1541,7541,-3.22484372285652,1.71397164498234
4,1542,7542,-3.44120155183792,1.7662094951283
4,1543,7543,-3.60742628573209,2.59953571391075
4,1544,7544,-3.55024063556958,2.46200523744797
4,1545,7545,-1.92857510928597,1.59314116450496
4,1546,7546,-1.64597161259328,1.77646032100253
4,1547,7547,-1.95615498715986,2.60690884854082
4,1548,7548,-1.81217987097584,1.20753698183499
4,1549,7549,-3.43635208420581,2.24705385687696
4,1550,7550,-2.45368462421934,1.0472967908148
4,1551,7551,-1.8408776610805,1.43775522535426
4,1552,7552,-2.33767552214251,3.18761252699227
4,1553,7553,-2.14632471564598,2.58084711824945
4,1554,7554,-1.93152379402602,2.43997268119969
4,1555,7555,-1.46834735605293,1.552548952127
4,1556,7556,-2.08631694363743,1.6201817812561
4,1557,7557,-2.24829027073639,1.48978065754841
4,1558,7558,-1.29873706095145,2.23310829844556
4,1559,7559,-1.4708685064891,3.12860900369438
4,1560,7560,-1.94894864211336,2.06114278242858
4,1561,7561,-2.4300471404705,1.8111033610957
4,1562,7562,-1.45085058118365,1.99623020106296
4,1563,7563,-0.884159047942328,2.49240314907627
4,1564,7564,-1.76352773532435,2.11252202419142
4,1565,7565,-1.3481387930469,1.88203435202721
4,1566,7566,-1.30928738829565,2.09089486112949
4,1567,7567,-2.55239954273746,1.94161110526313
4,1568,7568,-2.45531563946556,1.72429698919432
4,1569,7569,-2.90858789882797,1.93235707725467
4,1570,7570,-2.50436892022036,1.78866451336353
4,1571,7571,-2.92682021568999,1.73578961761126
4,1572,7572,-2.35942303729372,1.32943089197333
4,1573,7573,-1.73408024888345,1.09601465672947
4,1574,7574,-2.71317578996833,2.09101324777594
4,1575,7575,-2.49956333589847,2.16287794408338
4,1576,7576,-1.60489662876059,1.60380216085021
4,1577,7577,-2.38221251113854,2.22437833587962
4,1578,7578,-2.27289119225145,1.80846306686387
4,1579,7579,-2.3031886024252,2.57010396087837
4,1580,7580,-2.19841104935013,2.47118977486756
4,1581,7581,-2.93539604254788,3.00758483711307
4,1582,7582,-3.37417330006504,3.62869642996964
4,1583,7583,-1.37392269658127,2.33858169892882
4,1584,7584,-1.24828554231213,1.38886382066579
4,1585,7585,-2.62280566454999,1.82233988716359
4,1586,7586,-0.929592269006203,1.26336532410739
4,1587,7587,-1.56316647661022,1.3506002782023
4,1588,7588,-1.63907807742951,2.32236508276817
4,1589,7589,-1.82811584399739,2.08798346003293
4,1590,7590,-1.49261417389162,1.52458203453041
4,1591,7591,-1.12963221010457,1.51542977380283
4,1592,7592,-1.24789947601163,1.22288139042031
4,1593,7593,-1.79711773331173,1.52889296478219
4,1594,7594,-1.05195116990872,1.16354561799365
4,1595,7595,-1.82474766377284,1.7559819616944
4,1596,7596,-1.17515264480757,2.07756612713794
4,1597,7597,-1.11041694984766,1.85016391676898
4,1598,7598,-2.66940654777977,1.59978902378305
4,1599,7599,-2.48917313753403,1.88676043205326
4,1600,7600,-3.33141696542904,1.8226861775967
4,1601,7601,-2.84456078857366,1.89203363169012
4,1602,7602,-3.76671537369296,3.02745028787459
4,1603,7603,-2.71175158750365,2.10433650151035
4,1604,7604,-3.06526028819963,2.01749300157143
4,1605,7605,-2.09358677470094,1.42409710447032
4,1606,7606,-2.10173362577918,1.195165499642
4,1607,7607,-1.88630702970146,2.05365128263242
4,1608,7608,-1.4831347387446,1.00357655396004
4,1609,7609,-2.3930504452309,1.1611026420933
4,1610,7610,-1.3986043673935,1.67366243636182
4,1611,7611,-1.44055431946983,1.63566561651365
4,1612,7612,-1.23131365500176,1.31225798779335
4,1613,7613,-1.43124779525213,1.36060888456877
4,1614,7614,-1.47609782842467,1.47125995370468
4,1615,7615,-1.80524007497503,1.19282134151188
4,1616,7616,-2.65462437847621,1.87735110377933
4,1617,7617,-2.9428330526794,2.14536522610409
4,1618,7618,-2.93997378325901,1.76597752841642
4,1619,7619,-2.12429107966912,1.0727581559151
4,1620,7620,-2.19593300226201,1.98209421312687
4,1621,7621,-2.2545983712114,2.26965388894167
4,1622,7622,-1.6494500540948,1.67534889102174
4,1623,7623,-1.51712299213692,1.71546524948115
4,1624,7624,-1.94123188752119,1.99530204369518
4,1625,7625,-1.15519436152026,1.16046251133369
4,1626,7626,-1.41614168031169,1.39679307182758
4,1627,7627,-1.62007550963902,1.82299517887435
4,1628,7628,-2.77294541130978,2.30293175637334
4,1629,7629,-1.33996883987086,1.09832371560834
4,1630,7630,-2.12025095677582,1.1779682502506
4,1631,7631,-1.66215682759303,1.16985240865951
4,1632,7632,-1.10589826090997,1.31448482700044
4,1633,7633,-0.112115675655879,3.55983846848033
4,1634,7634,-0.271045818350633,3.11779833024136
4,1635,7635,-0.266301017614314,3.42225963517435
4,1636,7636,-0.457329744567616,2.64063550522575
4,1637,7637,-1.20227959466312,3.29766363632692
4,1638,7638,-1.05088348490814,2.10690268439633
4,1639,7639,-1.57459585996045,2.09266213602396
4,1640,7640,-1.69855420200414,2.27301065957543
4,1641,7641,-1.20542875204065,2.06246384275332
4,1642,7642,-1.92675716899559,1.9485301483091
4,1643,7643,-1.49523176772226,2.3657322463267
4,1644,7644,-1.41174083588176,2.93318500668863
4,1645,7645,-1.54273482656878,2.1582837585555
4,1646,7646,-1.37945255682033,2.10413206801442
4,1647,7647,-1.36257271459214,1.83822656766271
4,1648,7648,-1.69166037345697,1.89198580034748
4,1649,7649,-1.615606833373,2.05931830813423
4,1650,7650,-1.5539120685476,1.27336453663275
4,1651,7651,-2.31935272019299,1.62972193831497
4,1652,7652,-1.01230307758155,0.97569018759035
4,1653,7653,-1.29123765382775,0.984732612022039
4,1654,7654,-1.48000277950805,1.24374605138439
4,1655,7655,-1.22857240345254,1.40808231469448
4,1656,7656,-2.80760014933191,2.18917701558515
4,1657,7657,-0.748705563658092,0.68124037869855
4,1658,7658,-1.76925731085295,1.24396295203438
4,1659,7659,-2.58236173296661,2.25812171247938
4,1660,7660,-2.11286294078408,1.70061115692427
4,1661,7661,-1.5178644380225,1.32743665138358
4,1662,7662,-1.34299644996742,1.6668470444841
4,1663,7663,-1.89451665226645,2.1785425751233
4,1664,7664,-2.20480165710152,1.89448051834473
4,1665,7665,-2.41107937492055,1.98428075093834
4,1666,7666,-2.48114815284296,2.96619374843893
4,1667,7667,-2.34771722833707,3.13024333866582
4,1668,7668,-2.00157895010454,2.75450778855864
4,1669,7669,-2.07024541261779,1.53680368092436
4,1670,7670,-1.11322328261595,1.13342396265028
4,1671,7671,-2.2408229131369,1.41354104104078
4,1672,7672,-0.978450397099193,1.20535108882064
4,1673,7673,-1.08898396965717,0.959066863075176
4,1674,7674,-1.31819203591792,1.065936655293
4,1675,7675,-1.74237559089628,1.20615918185389
4,1676,7676,-2.44383053525285,2.35739801094273
4,1677,7677,-2.65549331351613,2.2002526949746
4,1678,7678,-2.50271612620374,1.31498624731913
4,1679,7679,-2.42648181407061,2.72998951972377
4,1680,7680,-2.18386701486541,2.17708882120404
4,1681,7681,-2.38840173678208,2.02345933897567
4,1682,7682,-2.07333094014268,1.75239029501792
4,1683,7683,-2.30656094343247,1.84781675781499
4,1684,7684,-2.33541420274952,1.84254828446435
4,1685,7685,-1.73963185301317,1.68622639326389
4,1686,7686,-2.49137618153145,1.9853926518485
4,1687,7687,-1.90882294814148,1.22753376948629
4,1688,7688,-2.12240044951899,1.61394605702391
4,1689,7689,-1.23062889174944,1.14142344638068
4,1690,7690,-1.22213085639508,1.18806319546815
4,1691,7691,-2.02179883923483,1.8900417461969
4,1692,7692,-2.7567303066514,1.51764075692825
4,1693,7693,-2.60625428995932,1.67562356430806
4,1694,7694,-1.60359006473375,2.94094156315151
4,1695,7695,-1.48146931805865,2.55938919141339
4,1696,7696,-1.46173312822091,2.55016144963292
4,1697,7697,-1.47688231218617,2.17450073524888
4,1698,7698,-1.90346670118548,2.6665123736853
4,1699,7699,-2.33613641136558,1.96723486448199
4,1700,7700,-1.3952952775492,1.51721103480172
4,1701,7701,-1.80009253952851,2.27024930998256
4,1702,7702,-1.42269942057591,2.33172027151918
4,1703,7703,-2.66509736011366,2.2195852372741
4,1704,7704,-3.25934056673907,2.55495706430807
4,1705,7705,-3.0710042891678,2.58038824893488
4,1706,7706,-2.53831674792767,1.73949226762479
4,1707,7707,-2.13546763751744,1.84414305159502
4,1708,7708,-0.926835915093245,2.08774695270346
4,1709,7709,-1.47373369410303,3.71643368157976
4,1710,7710,-1.32179789523071,4.56934334549279
4,1711,7711,-0.804934150610101,2.79897421759041
4,1712,7712,-0.828023506328874,2.89128945720921
4,1713,7713,-1.99898094186245,0.810498976325663
4,1714,7714,-2.38221828541703,2.11914670681185
4,1715,7715,-2.05653522985792,1.44121794020762
4,1716,7716,-2.26145693067064,1.99768250102868
4,1717,7717,-2.60917896528713,2.56748282291416
4,1718,7718,-2.88525493053272,1.56679862881007
4,1719,7719,-2.03755632511895,1.05968034162718
4,1720,7720,-0.89783157106759,1.73467060780014
4,1721,7721,-0.98875935670057,1.26256770378627
4,1722,7722,-1.66287177092672,2.04834911341338
4,1723,7723,-1.28608371743847,1.63141725815355
4,1724,7724,-1.2192676589484,1.04055861368963
4,1725,7725,-1.40789552214808,1.19407906751529
4,1726,7726,-2.57455996725018,2.36768381517103
4,1727,7727,-2.34249286892462,2.33526761914226
4,1728,7728,-2.4536222434681,1.75815954996437
4,1729,7729,-2.49524823639244,1.2464741743801
4,1730,7730,-2.35761024378142,1.1313144568694
4,1731,7731,-2.98211238467562,1.84275542524925
4,1732,7732,-1.0247559006316,1.74398288341761
4,1733,7733,-0.262999311855875,2.19014858952598
4,1734,7734,-0.369412645466146,2.17781618669549
4,1735,7735,-0.281389052552939,2.88080352590179
4,1736,7736,-0.914429496562021,1.94941544412101
4,1737,7737,-1.3497203377387,1.1059076622478
4,1738,7738,-1.52487158255545,1.20028512975023
4,1739,7739,-1.64486751965121,2.29144413883879
4,1740,7740,-1.68385673681013,2.18035408418501
4,1741,7741,-2.19829940602018,2.11276366030749
4,1742,7742,-2.84798732830911,2.19023447273784
4,1743,7743,-1.80131384210462,1.34485459620532
4,1744,7744,-2.31863196132719,3.44513615921933
4,1745,7745,-0.965232035940792,1.69749601399345
4,1746,7746,-0.995757674243366,2.27913955152035
4,1747,7747,-1.07902232349725,2.22983891654288
4,1748,7748,-0.862262909416609,2.22772707694335
4,1749,7749,-0.532942100974077,1.86405477477674
4,1750,7750,-1.06683718253394,1.99806948151208
4,1751,7751,-1.43669072706131,2.48430321886902
4,1752,7752,-2.07281306783203,1.4803382297445
4,1753,7753,-2.35153904495219,1.69184449392043
4,1754,7754,-1.89702984613922,2.05983659744595
4,1755,7755,-2.14293087640156,1.82017029655798
4,1756,7756,-2.12559438598679,1.75012272283889
4,1757,7757,-1.58516756516338,1.6869911787248
4,1758,7758,-1.90760151721745,1.33103048328846
4,1759,7759,-2.52839962570137,1.68233877144754
4,1760,7760,-1.92065520763476,1.2598580993658
4,1761,7761,-2.04548075831677,1.29161365428156
4,1762,7762,-2.35122104564103,1.40328715474923
4,1763,7763,-2.30056482605337,1.6879274000428
4,1764,7764,-2.53452523252389,1.54576999585398
4,1765,7765,-1.28660880356039,1.35069426041638
4,1766,7766,-1.57258209594946,1.59750957155888
4,1767,7767,-2.32701644188107,2.32494478430942
4,1768,7768,-1.5355746113815,0.818101184014735
4,1769,7769,-1.96037547018303,1.84080787484242
4,1770,7770,-2.46792732822824,1.80897759724592
4,1771,7771,-2.16729406828309,1.18135511788831
4,1772,7772,-0.440974619112436,2.57976007684464
4,1773,7773,-0.504185339205206,2.3204061727673
4,1774,7774,-0.748610272232986,2.02977641204114
4,1775,7775,-0.212077551415426,1.82008570570728
4,1776,7776,-0.783452759909619,2.27145591037316
4,1777,7777,-0.893656585616478,2.25206981823707
4,1778,7778,-1.44243863576162,3.031391987641
4,1779,7779,-1.21753467591682,2.66610635770967
4,1780,7780,-1.13366497194998,2.74651920521727
4,1781,7781,-0.919631316433631,1.78054581476887
4,1782,7782,-0.671886975102524,1.92027899280007
4,1783,7783,-0.248434865577916,2.76451798988792
4,1784,7784,-0.430146402158003,2.39674180025317
4,1785,7785,-1.03058826837523,2.66499752082419
4,1786,7786,-0.727258861346811,1.45410780154625
4,1787,7787,-2.42208352679058,2.60606525235212
4,1788,7788,-2.34459092069418,2.89277597628942
4,1789,7789,-2.0991746269533,1.28911453536205
4,1790,7790,-2.57279683366574,2.1406413304621
4,1791,7791,-2.20046945594982,1.77246059720826
4,1792,7792,-2.46980816806414,1.40935545923148
4,1793,7793,-2.68924053272,2.25919624056542
4,1794,7794,-2.83575851061722,1.84682317868432
4,1795,7795,-2.88715706288431,3.27451894323423
4,1796,7796,-2.33771148866478,3.44567935267052
4,1797,7797,-2.20367542491029,2.83950523451534
4,1798,7798,-1.62242140554914,2.65038825588093
4,1799,7799,-2.26042661441419,2.69017900491448
4,1800,7800,-2.49017430063695,3.0784528407109
4,1801,7801,-2.3958279466842,2.25703123305835
4,1802,7802,-2.39207868310323,2.38968597701381
4,1803,7803,-2.02046046617116,1.94015011556582
4,1804,7804,-2.73090833510649,2.74979454381837
4,1805,7805,-2.00818005361592,1.55702946776605
4,1806,7806,-2.3233926882587,1.77741435448165
4,1807,7807,-1.47042121773187,1.37333329558163
4,1808,7808,-2.38894772207012,1.86090259638359
4,1809,7809,-2.13127140407399,1.86894318145981
4,1810,7810,-2.02847503808868,2.2574378998749
4,1811,7811,-0.554181140066931,2.01603970742658
4,1812,7812,-1.39005301342035,2.52765973126451
4,1813,7813,-1.38739137730858,2.26003171004161
4,1814,7814,-2.45916156424055,2.89796646047347
4,1815,7815,-1.90962914266371,1.93163475618243
4,1816,7816,-2.05083360309412,1.70638984222194
4,1817,7817,-1.49160195137352,1.51214344845655
4,1818,7818,-2.73286001482471,1.80507762247643
4,1819,7819,-3.0261644476588,1.98070741583543
4,1820,7820,-2.30644606426408,1.72819318445875
4,1821,7821,-2.4093388083956,1.38167074957949
4,1822,7822,-1.36757840654423,1.51731592870379
4,1823,7823,-0.537310520816951,1.01500456377469
4,1824,7824,-1.55334443154579,2.52635828511438
4,1825,7825,-2.5598045316068,2.66831920654777
4,1826,7826,-1.98519068202425,2.62966594204649
4,1827,7827,-1.47715020146292,1.21103643901333
4,1828,7828,-1.3560057014967,1.19074654240095
4,1829,7829,-1.53774754495286,1.74909856818215
4,1830,7830,-1.34930667118929,1.54410446513968
4,1831,7831,-1.18795931102655,2.02953038837097
4,1832,7832,-1.44111983992709,1.29848962786304
4,1833,7833,-0.744331479291713,0.923376962244199
4,1834,7834,-1.28652893744594,1.12666659382628
4,1835,7835,-2.58411015098997,1.88892305303323
4,1836,7836,-1.66814803233632,1.71536017086115
4,1837,7837,-1.31197618926592,1.13352263568234
4,1838,7838,-1.32136856693633,0.971788119838318
4,1839,7839,-1.74245846559644,1.09963002738469
4,1840,7840,-1.66219444120481,1.82600113992063
4,1841,7841,-2.48037006329225,1.64535830673554
4,1842,7842,-2.7323112520092,1.87460519349913
4,1843,7843,-0.766249369385282,2.12859563871224
4,1844,7844,-1.45818737788303,1.69194340352584
4,1845,7845,-1.26620235206143,1.53183370921253
4,1846,7846,-1.56985877858963,1.76239328083787
4,1847,7847,-1.55083283727292,1.34877962324288
4,1848,7848,-1.38355928607429,1.18235799698085
4,1849,7849,-1.45376335591967,2.15077541860713
4,1850,7850,-1.75004501778623,1.7239452507786
4,1851,7851,-2.28396834236747,1.44129114820112
4,1852,7852,-1.77038321762986,2.19080354610894
4,1853,7853,-2.32107627991452,2.63786542539517
4,1854,7854,-2.20885117054174,1.91422358140588
4,1855,7855,-1.8611545573519,1.81278727392301
4,1856,7856,-1.58513220760398,1.68944140214932
4,1857,7857,-2.07143794884945,1.10465843545369
4,1858,7858,-1.69890878639173,0.833557157327869
4,1859,7859,-1.68751867311663,0.654412523020617
4,1860,7860,-1.60456159640185,0.585993398540214
4,1861,7861,-3.22613018279372,1.16075506216395
4,1862,7862,-1.3149459020754,3.16929237710792
4,1863,7863,-0.428119281676373,2.14642911118912
4,1864,7864,-1.66691261694703,1.94586939568341
4,1865,7865,-1.25831025120298,1.85999096297364
4,1866,7866,-1.41642077428091,2.29623891440047
4,1867,7867,-1.69147362142749,2.49768133051319
4,1868,7868,-1.37495146507015,1.86739557801115
4,1869,7869,-1.55324372374959,1.92952644553965
4,1870,7870,-1.90288516935033,2.23409740414501
4,1871,7871,-2.04023047598113,2.15377468150117
4,1872,7872,-1.89451641964551,3.21798935247847
4,1873,7873,-1.06005981592352,1.30283437681507
4,1874,7874,-0.908716210798706,1.1620963467051
4,1875,7875,-1.39292564497924,1.17833588660837
4,1876,7876,-1.48876437170111,1.4313780111649
4,1877,7877,-1.61761859129446,1.96156535755888
4,1878,7878,-2.37984643303207,2.53314880343566
4,1879,7879,-2.32034013392398,2.57325142678846
4,1880,7880,-2.05588628653879,1.91811044295072
4,1881,7881,-2.61320479425532,2.98046611777077
4,1882,7882,-1.78378273615208,1.9083823994608
4,1883,7883,-1.98423388803813,2.20721742542673
4,1884,7884,-2.0063527775176,1.24353557476297
4,1885,7885,-1.96106810650774,1.38399156640706
4,1886,7886,-1.8988732011019,2.30066826671133
4,1887,7887,-1.45635893308827,1.8345247189851
4,1888,7888,-1.35569297551241,1.5037646741162
4,1889,7889,-2.61733434825138,1.68867312023743
4,1890,7890,-3.41431787132853,2.55263157899196
4,1891,7891,-2.78227127402866,2.33115399709332
4,1892,7892,-1.91140607296979,2.86813106233472
4,1893,7893,-2.05650314112377,2.36249492265526
4,1894,7894,-1.11895572816252,2.52432406452194
4,1895,7895,-1.43068286374551,1.78737526369482
4,1896,7896,-2.7616405059311,1.872038388273
4,1897,7897,-2.62908418494631,1.79228949438982
4,1898,7898,-3.22477737571949,2.22779445838592
4,1899,7899,-2.91850019663568,1.68931620265566
4,1900,7900,-2.98472818548282,1.84721697682402
4,1901,7901,-1.78575951561698,1.0051935894417
4,1902,7902,-1.18071040747032,1.84146478257907
4,1903,7903,-1.30992581118982,1.90812281064023
4,1904,7904,-0.723286641815044,1.92407306859871
4,1905,7905,-1.20257381371003,0.943629920136182
4,1906,7906,-0.83455177361393,2.8726347683701
4,1907,7907,-0.899716295926337,2.80944328006573
4,1908,7908,-0.842686862199039,3.09973794149479
4,1909,7909,-0.977056565168807,1.97897839583683
4,1910,7910,-3.10286460208174,2.97926920471343
4,1911,7911,-3.24278462134329,2.31951656741873
4,1912,7912,-2.60687400324509,1.83134622716246
4,1913,7913,-3.32954727294642,2.057547297416
4,1914,7914,-3.57851379974819,3.58747544541208
4,1915,7915,-1.75305898598698,1.51285469236752
4,1916,7916,-2.18590863873217,2.13445051531679
4,1917,7917,-2.43042859669708,2.07106660711394
4,1918,7918,-2.22105066073033,2.18625226406057
4,1919,7919,-3.04585622953867,3.1672744391117
4,1920,7920,-1.76211781235726,2.46325319593237
4,1921,7921,-1.14665734653278,2.22320197500402
4,1922,7922,-1.32231882987685,1.6724057266407
4,1923,7923,-1.51928597068359,1.539489987346
4,1924,7924,-1.81619179134488,1.60411263325145
4,1925,7925,-1.47910141433323,2.00655426743422
4,1926,7926,-2.36963399749606,2.49581222390218
4,1927,7927,-1.55070809876329,1.77201903090573
4,1928,7928,-2.19627001432022,1.79339099980623
4,1929,7929,-1.95491568497648,1.72379620713192
4,1930,7930,-2.78523897763803,1.93662746986345
4,1931,7931,-3.01408347763922,2.27957876599727
4,1932,7932,-2.99997304586546,2.23919123314666
4,1933,7933,-3.6725200084641,2.03640053808536
4,1934,7934,-3.70307158880873,1.78223910439013
4,1935,7935,-1.78133424235664,2.36481148361054
4,1936,7936,-1.13774239117929,1.16847786993955
4,1937,7937,-1.74316353170127,1.45415292365284
4,1938,7938,-2.36444542895119,2.21618217011912
4,1939,7939,-2.22803776296017,2.10560102975881
4,1940,7940,-3.27216445973497,2.29778909252964
4,1941,7941,-2.10803180653464,1.41269987694362
4,1942,7942,-1.91548953533661,1.52713981171617
4,1943,7943,-2.00129646878709,1.30272581568006
4,1944,7944,-2.07729139353122,1.76229231331198
4,1945,7945,-2.31577816679224,2.05208131058456
4,1946,7946,-2.78929342769442,1.68215206524496
4,1947,7947,-2.51616057137999,1.25731634487582
4,1948,7948,-2.87217780779112,1.45161074334974
4,1949,7949,-2.75097601277496,1.47744963424946
4,1950,7950,-2.09481111239482,1.25042164297943
4,1951,7951,-1.66073295823418,1.26443188811722
4,1952,7952,-1.62999998653638,1.48726335774553
4,1953,7953,-1.39523526168808,1.28561681620266
4,1954,7954,-2.23720916905388,1.72228285491457
4,1955,7955,-2.22859384272858,1.38683436635155
4,1956,7956,-2.17258930179276,1.32728925729434
4,1957,7957,-2.10214419673624,1.66834330527221
4,1958,7958,-1.83290719960106,1.47924998444703
4,1959,7959,-1.57862356479161,1.35814828915903
4,1960,7960,-1.11169252368356,1.25213655011627
4,1961,7961,-1.0916427770813,1.23185349664641
4,1962,7962,-1.43693566027874,0.980728458497058
4,1963,7963,-2.06559975557181,1.3543824384935
4,1964,7964,-3.0818107229501,1.95036836591696
4,1965,7965,-3.80369419891037,3.26340903783511
4,1966,7966,-3.85944292375525,2.74875347385685
4,1967,7967,-1.29731661937675,2.75242927355724
4,1968,7968,-1.13826949020667,1.91498877371342
4,1969,7969,-0.919072365799095,2.14671375751136
4,1970,7970,-1.52271030795414,2.67328162378
4,1971,7971,-2.06718621219172,2.64359992404137
4,1972,7972,-2.73919320273,2.70614695837152
4,1973,7973,-1.93289088206089,2.35684369451887
4,1974,7974,-1.27443588512126,0.838829226932687
4,1975,7975,-2.13348379105462,1.06143520865138
4,1976,7976,-1.5811947493096,1.19492057388051
4,1977,7977,-2.13646968953403,2.29890584549629
4,1978,7978,-2.13465131767679,2.37241928508453
4,1979,7979,-1.77545145788136,2.15563955738067
4,1980,7980,-1.59452448863222,1.51581379499456
4,1981,7981,-1.40460471891664,1.93356128255232
4,1982,7982,-1.49314166774589,2.8389519559346
4,1983,7983,-1.76913755274799,2.62538406067294
4,1984,7984,-3.24905258083098,2.92046723401395
4,1985,7985,-3.81105053415447,3.15894096478814
4,1986,7986,-3.05524596601566,3.0462226122429
4,1987,7987,-3.92115447304657,4.71561827084894
4,1988,7988,-3.92115447304657,4.71561827084894
4,1989,7989,-3.52333104131215,4.67228993470364
4,1990,7990,-3.2668948816277,3.5328355607736
4,1991,7991,-3.58448419542095,2.50503032187966
4,1992,7992,-2.24304196783751,2.19316052142605
4,1993,7993,-2.81833077872009,1.98018088970494
4,1994,7994,-1.88821544569426,2.17628883305112
4,1995,7995,-2.04698302801758,2.2156511172306
4,1996,7996,-1.59055118831006,1.82742909039958
4,1997,7997,-1.95143727023867,1.83405909268772
4,1998,7998,-1.72418706225461,2.00324252084858
4,1999,7999,-0.974778581141269,1.67670702717026
4,2000,8000,-2.80230757168347,2.58885759649898
