".chain",".iteration",".draw","b_Intercept","sd_author_year__Intercept"
1,1,1,-0.960086824353807,1.86033879500663
1,2,2,-1.20476417881926,1.78838335248324
1,3,3,-2.13323831761891,1.27806462935316
1,4,4,-1.34418550736389,1.52975147559485
1,5,5,-1.42517323510992,1.78089803924937
1,6,6,-2.10998621482044,1.24566373523612
1,7,7,-1.91821383023308,1.26309379231067
1,8,8,-1.2397546008259,1.82947969377171
1,9,9,-1.2373453031539,1.007517244059
1,10,10,-1.22800559107528,0.965138065163673
1,11,11,-1.40354215885359,1.58257962976994
1,12,12,-2.19307279514457,1.18807039256973
1,13,13,-2.6632788391212,2.1052396700685
1,14,14,-2.47780111015042,2.01807969882194
1,15,15,-1.45086714430717,2.07308394224319
1,16,16,-1.34825491591404,2.17384976236838
1,17,17,-0.936893966058376,1.78358857743427
1,18,18,-0.967662034151908,1.63823308049716
1,19,19,-0.664770492022872,2.40970577230325
1,20,20,-0.455786149923963,1.30085038042984
1,21,21,-0.56452121963623,1.26957168449014
1,22,22,-1.06356106187884,1.39994225487627
1,23,23,-0.969672531144512,1.38678904390032
1,24,24,-1.77468784774459,1.36601683624543
1,25,25,-1.32283582498539,1.67769049284155
1,26,26,-2.11010987820559,2.42911105145475
1,27,27,-2.17789236243323,2.7268707086776
1,28,28,-2.17170944497567,2.78247849855174
1,29,29,-1.70439974318564,1.2215712010037
1,30,30,-0.90577558548541,1.38986751788302
1,31,31,-0.945541933809139,2.38474290955744
1,32,32,-0.602493160781126,2.87158833650376
1,33,33,-0.435482695047568,1.86464177670508
1,34,34,-1.04144096413985,0.902548144786296
1,35,35,-0.47085307421679,2.55344443830504
1,36,36,-1.49151262305654,1.05419371492838
1,37,37,-0.741791019034146,1.0649546776432
1,38,38,-0.921178029962563,0.992808502492822
1,39,39,-2.00120909597496,1.76414000229743
1,40,40,-1.92655093666905,1.41993412116239
1,41,41,-2.10964021183893,1.52049881920354
1,42,42,-1.93744073008055,1.2693867857134
1,43,43,-2.03081741396185,1.46372978651252
1,44,44,-1.87968268820013,1.78579691126291
1,45,45,-1.90598186682617,1.60009051011679
1,46,46,-1.50036444855371,1.77559668681292
1,47,47,-2.11833245417364,1.21358194887978
1,48,48,-2.45704597589581,1.6504301973635
1,49,49,-1.54990973001747,1.69650105717331
1,50,50,-2.58812565701791,2.8809315328611
1,51,51,-2.29395739006198,2.82599460820419
1,52,52,-2.21822390697987,2.90132983972594
1,53,53,-2.40071843796391,2.56156204001546
1,54,54,-1.18396528804207,1.33707851363887
1,55,55,-0.831504848879926,1.22017595560469
1,56,56,-1.58743608783938,1.49707141088266
1,57,57,-1.34208300335928,1.53600044521895
1,58,58,-1.49247578024735,1.11470033583992
1,59,59,-2.22996423980572,2.73646492289145
1,60,60,-2.28069511557854,1.83831278499166
1,61,61,-2.3806852617469,3.08840816983549
1,62,62,-1.42239022171207,1.83467735040783
1,63,63,-1.61154240889881,1.81187335924157
1,64,64,-1.65595129281896,2.28082875613595
1,65,65,-1.62631453303139,1.21732350314944
1,66,66,-2.43588626985654,1.09079350282487
1,67,67,-2.58483546340961,1.94504733369277
1,68,68,-2.44318014748883,1.88900560651501
1,69,69,-3.02919241598592,1.6774009848995
1,70,70,-2.15482456009382,1.75167232607306
1,71,71,-2.07940860462525,2.15174129744392
1,72,72,-0.54548727966675,2.62932677348748
1,73,73,-1.26496656048758,2.50137906027418
1,74,74,-1.26285585232959,1.34269637091327
1,75,75,-1.98304181137744,1.72133773560605
1,76,76,-1.6448399807851,1.61880597371726
1,77,77,-1.54105101775467,1.82945371292808
1,78,78,-1.82508445851856,2.32331522411837
1,79,79,-1.63467176693294,1.99774292401164
1,80,80,-1.58772689746955,1.43513714042038
1,81,81,-1.99257260411653,2.00752416070206
1,82,82,-1.7319925485023,1.52716926767515
1,83,83,-1.86108500250589,1.50399318841079
1,84,84,-1.65665344666502,1.21493742992716
1,85,85,-1.64294429787368,1.04726597019988
1,86,86,-1.21252858741141,0.835843695975425
1,87,87,-1.5130098949205,1.72615370667383
1,88,88,-1.03019568546429,1.84892219148349
1,89,89,-1.09823194467371,2.05027103695947
1,90,90,-1.05968775360612,1.8152680939083
1,91,91,-1.35249830032531,1.50977715460393
1,92,92,-1.75510740490826,1.052408016919
1,93,93,-1.68606909346358,1.0561245690859
1,94,94,-2.53411771592963,2.81848117093846
1,95,95,-0.629573570883113,1.91089013425251
1,96,96,-0.825674623559526,2.06034858796997
1,97,97,-1.11097687346193,2.94295302966635
1,98,98,-0.859109939223294,1.6509313334132
1,99,99,-1.112300690276,1.79507157970898
1,100,100,-0.9234498561212,1.69267103678998
1,101,101,-1.19159868625387,1.9784587588125
1,102,102,-2.15281052743173,1.84239035693361
1,103,103,-2.18418476284466,1.55367780677817
1,104,104,-1.95731319943713,2.16771569852526
1,105,105,-1.8187269159148,1.10238700020107
1,106,106,-1.7694904390215,1.3205095279251
1,107,107,-2.06470990520112,1.45090105814537
1,108,108,-1.64571536229043,1.45432949601208
1,109,109,-1.57968623937326,1.41527333387879
1,110,110,-1.81071350290252,1.83377191608425
1,111,111,-1.55235469202947,2.14070986408646
1,112,112,-1.60838139418626,1.06764496975059
1,113,113,-0.529891823200945,1.01840482953851
1,114,114,-0.604685413683974,1.55257370520398
1,115,115,-2.42795389279521,1.78173294727335
1,116,116,-1.88517678430639,1.44082114995878
1,117,117,-1.59704698716001,1.52798387820049
1,118,118,-1.68221923460571,1.36977287140122
1,119,119,-1.79843179855617,1.33114826145686
1,120,120,-1.29665834692862,1.16309956746078
1,121,121,-1.50173416136388,1.67821943021856
1,122,122,-0.722255729163357,0.865392994752034
1,123,123,-0.937106431400663,1.02255418462951
1,124,124,-1.73782245052639,2.74519255231926
1,125,125,-1.51861817442923,2.5022753026763
1,126,126,-1.24002853904181,1.82185689054387
1,127,127,-2.05758678649408,1.64816624952925
1,128,128,-3.4128526770221,2.16405059648302
1,129,129,-2.14340512654924,1.816038023595
1,130,130,-2.17295355861897,1.23910888282157
1,131,131,-1.53492321418582,1.05861754798809
1,132,132,-2.09635614687814,1.39691609615217
1,133,133,-1.80586835945445,1.41762115632029
1,134,134,-1.35153028878282,1.15470504892727
1,135,135,-2.20062803007226,2.3381100824551
1,136,136,-3.28697334887966,2.21267787373737
1,137,137,-1.84315148223408,1.74418272372467
1,138,138,-0.132446322916045,1.9656996749395
1,139,139,0.290107152334695,3.28598170677188
1,140,140,0.683166351867159,3.58415447862171
1,141,141,0.389589010453825,3.16765262870908
1,142,142,0.422407101653406,3.31586980101377
1,143,143,0.256538135447618,3.02290733939805
1,144,144,-0.269744828138568,3.3049821770401
1,145,145,-1.78178698856537,1.64836301332776
1,146,146,-2.76912962484086,1.51502420568105
1,147,147,-1.84215024587001,1.5201568989623
1,148,148,-1.39969426394156,0.899599214211553
1,149,149,-2.30343864861037,2.33517285747517
1,150,150,-2.58265412472374,2.53695303755695
1,151,151,-1.95894664837216,2.04988135170238
1,152,152,-1.85149858018091,2.6199898399774
1,153,153,-1.35702920978601,1.07978529274878
1,154,154,-1.96740550814435,1.86026544926313
1,155,155,-1.60310333708653,1.84609716908285
1,156,156,-2.09149891516167,2.4771110345867
1,157,157,-1.72406763709914,1.86014902980606
1,158,158,-1.21707027516478,2.59238051409055
1,159,159,-1.87679641446071,2.15158391267108
1,160,160,-1.8371476278792,3.26111397159015
1,161,161,-2.11762283775344,1.15609904804951
1,162,162,-2.29853566873392,1.03296971431845
1,163,163,-2.80363208200193,1.33693367964282
1,164,164,-2.88083655337679,1.44912079127628
1,165,165,-3.23409391914471,1.36070965500404
1,166,166,-1.68884227547966,1.12204760400862
1,167,167,-1.79217081810883,1.3134985111276
1,168,168,-1.67923256927634,1.69153905072721
1,169,169,-1.5330045165226,1.5816580391212
1,170,170,-1.5933006903488,1.50773945173186
1,171,171,-1.14318557128997,0.894394566701714
1,172,172,-2.15214939818563,2.66917263345128
1,173,173,-2.34307272192053,2.80268854295962
1,174,174,-2.88474153625753,2.79216623697587
1,175,175,-1.24051765792239,1.37709437209288
1,176,176,-1.47513252751795,1.6358596302932
1,177,177,-1.05079080048511,2.34197092159551
1,178,178,-0.829377720117948,1.90158225502028
1,179,179,-1.51781649563741,0.945087824334218
1,180,180,-1.44525018833937,1.3257729198647
1,181,181,-1.47870158061555,1.75665183803326
1,182,182,-1.7641934629296,2.86967466033211
1,183,183,-1.83436808384573,2.57938743346845
1,184,184,-1.58377521890224,0.985856551830296
1,185,185,-2.22051096675302,2.0176268366471
1,186,186,-2.18774827735129,1.77905851987453
1,187,187,-1.61585432498627,1.29591229058781
1,188,188,-1.45048489102144,1.79822907108114
1,189,189,-0.606474521232621,1.73357825372125
1,190,190,-1.0165531210283,0.770198762653999
1,191,191,-2.58464036845711,2.37546369877374
1,192,192,-2.3329147154639,2.00991276965063
1,193,193,-1.7673238684052,1.88831570053912
1,194,194,-0.813971360321128,1.50110192656433
1,195,195,-1.14363939494862,1.12741898335251
1,196,196,-1.91649813472621,1.75309515461493
1,197,197,-2.07475832275498,1.63060255636473
1,198,198,-1.20965366001332,1.37749334037791
1,199,199,-1.38858600517302,1.40212337750437
1,200,200,-1.07418202154162,1.7711066413912
1,201,201,-0.612459156350831,1.39008491018988
1,202,202,-0.709278845714091,1.26955605130477
1,203,203,-1.14545258583473,1.44335941600364
1,204,204,-1.1778821723238,1.68146398713903
1,205,205,-1.48450246811114,1.89162478213138
1,206,206,-1.1286569494827,2.96866864322915
1,207,207,-1.46932459325735,3.01146194249925
1,208,208,-1.44161396804454,2.24786131927741
1,209,209,-1.34174542901902,1.18280725360957
1,210,210,-1.67814769888706,2.14202464374823
1,211,211,-2.16962110702893,2.06557302380069
1,212,212,-1.98635649073955,2.39175082857995
1,213,213,-1.26206301996979,2.71686586035652
1,214,214,-2.25163433407315,2.01953911627622
1,215,215,-2.05549517912802,2.28216560761652
1,216,216,-2.38530789349128,1.91581806746247
1,217,217,-1.7020608870009,2.16064128558271
1,218,218,-1.35589091668726,1.93298233678371
1,219,219,-1.46348247794231,1.85750399533535
1,220,220,-0.732077554990645,1.31263163470387
1,221,221,-0.805175240000812,1.23686986999902
1,222,222,-1.53037461597958,1.64614879681675
1,223,223,-1.33665081623379,1.89001128865005
1,224,224,-1.88906683100564,2.26185538448796
1,225,225,-1.27562229890481,1.5489498333997
1,226,226,-1.42545734635278,2.25498336798466
1,227,227,-1.78115627951146,1.60419251220606
1,228,228,-1.78199367033761,1.96868703797731
1,229,229,-1.3386166836507,1.59568435266651
1,230,230,-1.11870696458956,1.6810221473182
1,231,231,-1.03507426676431,1.67421543966071
1,232,232,-1.2665020814169,1.79071380879186
1,233,233,-1.41001197699725,1.35798098957703
1,234,234,-0.98947435684285,1.43724833065023
1,235,235,-1.12760170546034,1.88701142894505
1,236,236,-1.2225112313251,1.49262250998593
1,237,237,-1.35478064512025,1.24673527298027
1,238,238,-1.30571299231129,1.14290691579706
1,239,239,-1.69171028833645,1.73331736583684
1,240,240,-0.58274864955217,2.19278981202921
1,241,241,-1.38266830268777,2.84512542607053
1,242,242,-1.67051622023158,1.55020658868533
1,243,243,-1.84146986683432,2.09470283905947
1,244,244,-2.44217388180619,1.73957823488276
1,245,245,-2.34191600822329,2.54412260784589
1,246,246,-2.2049395779136,2.52705006151896
1,247,247,-1.70582639625366,0.941575229094361
1,248,248,-1.99829258288726,1.05220785239986
1,249,249,-1.19951309619162,1.07393271522219
1,250,250,-1.37416982606899,1.55119452397215
1,251,251,-0.835503745470468,0.977935685817065
1,252,252,-2.00103221762593,2.2813915762166
1,253,253,-0.910274623429883,1.57441210997606
1,254,254,-1.68510265597813,2.20276735051299
1,255,255,-1.10014938548394,1.16702702948621
1,256,256,-2.23268645210616,1.72455048294807
1,257,257,-0.894179213887725,1.04334033527078
1,258,258,-1.54107521227877,1.27739035815093
1,259,259,-2.10742419613657,1.76362244898595
1,260,260,-2.20047812617005,1.76818053979424
1,261,261,-2.54229120485379,1.90564369674787
1,262,262,-2.94812653893035,1.5213769530167
1,263,263,-1.24731328224588,1.73108022243349
1,264,264,-1.1205943764083,1.36919173626477
1,265,265,-1.20817567773832,1.28394030165992
1,266,266,-1.112208965812,1.72136381605204
1,267,267,-0.829283500975136,1.53474756288229
1,268,268,-0.568852628821514,2.05807711476355
1,269,269,-1.14203956613754,1.98769237246173
1,270,270,-2.03875855166118,1.69922017718297
1,271,271,-2.10904300054177,1.83893490830115
1,272,272,-2.24623747071849,1.78563150679739
1,273,273,-1.34338374104534,0.817390582475911
1,274,274,-2.01187123372936,1.12036258663635
1,275,275,-1.53884356077618,0.999242608757319
1,276,276,-1.82820863228792,1.5656637150401
1,277,277,-1.5901463644596,1.14139759484409
1,278,278,-1.31868780654055,1.10571048259988
1,279,279,-1.02810436417691,1.2572891627861
1,280,280,-1.5759911581657,1.55115375531009
1,281,281,-1.72677820879805,1.37728730000867
1,282,282,-1.92631590568396,1.51821382902352
1,283,283,-2.45771018432359,2.3972998744529
1,284,284,-2.0562463942232,1.83849767598926
1,285,285,-1.92688809430832,1.28853898304151
1,286,286,-2.68349500354389,1.60969849325846
1,287,287,-1.60874556929285,0.941449967273466
1,288,288,-2.02602121816651,1.6135484247217
1,289,289,-2.14909522415442,1.70611408046057
1,290,290,-2.34213926857764,2.54398472245858
1,291,291,-1.61793671391815,1.23569126801838
1,292,292,-1.21970778794946,1.35404864376966
1,293,293,-1.00769129276756,1.47350124408717
1,294,294,-0.673648807927524,0.891870978958501
1,295,295,-1.04216755056629,1.75527181240672
1,296,296,-0.497319493316379,3.13962441423403
1,297,297,-0.0882773416833215,2.73763096421772
1,298,298,-0.769654005506157,3.24749910620051
1,299,299,-0.690352676797721,2.10182813290624
1,300,300,-0.608728104338442,2.45875176132134
1,301,301,-1.37283406267766,2.29446140994713
1,302,302,-0.595233662571366,2.96699452529319
1,303,303,-1.19559895788009,2.69688974465697
1,304,304,-0.853061934792148,1.83890435402931
1,305,305,-1.06783203420692,1.92605113023728
1,306,306,-1.0192521103463,1.93794185479721
1,307,307,-0.933976153581712,1.17063893774516
1,308,308,-1.38146408668634,1.63596833318597
1,309,309,-1.64024826414126,2.1103215730248
1,310,310,-2.50939073610066,1.56548513887713
1,311,311,-2.79015033003069,1.80716515794927
1,312,312,-2.9000871089416,1.97034914261183
1,313,313,-1.75613435749326,1.39066680500601
1,314,314,-1.76221474728331,1.61476103770921
1,315,315,-1.38074883721203,1.44430950137358
1,316,316,-1.86710781350838,1.26806269781431
1,317,317,-1.64021988427441,1.81474682632368
1,318,318,-2.06144644446621,1.32211229978984
1,319,319,-1.25150573657969,2.20092880037989
1,320,320,-1.35129850055996,2.12791853828479
1,321,321,-2.7560504816608,1.46573029788063
1,322,322,-2.82194563408853,1.38404306153492
1,323,323,-1.93069693524898,1.62847295482885
1,324,324,-2.739614617128,1.93414475700644
1,325,325,-2.59437601218441,1.73137439123984
1,326,326,-2.38722133626783,1.65608118562426
1,327,327,-2.2349358891171,1.47737154091134
1,328,328,-2.14913444286762,1.35507263403664
1,329,329,-1.9781585804609,1.20212894911427
1,330,330,-1.31926261276058,1.19967811281841
1,331,331,-1.85171440476485,2.63261491891369
1,332,332,-2.047420013385,1.50465751530702
1,333,333,-1.31556585702821,1.77509976506557
1,334,334,-1.97907106482803,1.93460806140356
1,335,335,-1.68831544160853,1.74922873606605
1,336,336,-2.04964914984447,1.52306480737916
1,337,337,-1.77218607640535,1.58429822116836
1,338,338,-2.42778223212639,1.84906777366719
1,339,339,-2.13223419247243,1.68159537446641
1,340,340,-2.39915253877805,1.98855467235921
1,341,341,-1.57026878219624,1.96935846874554
1,342,342,-1.56674491228536,2.17221036659137
1,343,343,-1.23565097081354,1.60670295570853
1,344,344,-2.02787171079478,2.69389253341005
1,345,345,-1.97268294731629,2.3700083813826
1,346,346,-1.99083644392288,2.49248478131657
1,347,347,-1.4373956535138,1.15454397343977
1,348,348,-0.548831338561442,0.764628252703716
1,349,349,-2.2673011193799,1.83888475487178
1,350,350,-2.2414711945392,1.84845934281699
1,351,351,-1.68086954935359,1.48104630496574
1,352,352,-1.2432635081777,1.9840360493127
1,353,353,-1.38065463894332,1.87318256762414
1,354,354,-1.72994358211348,1.70480239985875
1,355,355,-1.97996616703986,1.63046461930417
1,356,356,-3.02896523127048,2.03916516694061
1,357,357,-1.8334109185004,1.44444555034676
1,358,358,-1.83656907641246,1.42503830195016
1,359,359,-1.68842342557688,1.17187507595023
1,360,360,-2.65281651519384,1.85379825889631
1,361,361,-2.40558226203079,1.50161260606888
1,362,362,-2.38289974465048,1.49567664153886
1,363,363,-2.35067343841079,1.43748778555814
1,364,364,-2.33340337136431,1.88845025187924
1,365,365,-2.01039917764754,1.29494675069673
1,366,366,-2.05433634664502,1.28141176839029
1,367,367,-2.51785598559167,1.60776175150049
1,368,368,-1.91414670203133,1.34167945512992
1,369,369,-1.45723871046793,2.42313604466857
1,370,370,-1.51242935409873,1.83111097432562
1,371,371,-1.18910793812623,1.25486100991944
1,372,372,-1.6319192203369,1.31247705912761
1,373,373,-1.49040618139072,1.23286208031334
1,374,374,-1.49246676582648,1.44031582830648
1,375,375,-1.96868388877104,2.00452423489652
1,376,376,-1.35734383134586,1.1555872962605
1,377,377,-1.49410524280607,1.21378794300289
1,378,378,-1.75422070879724,2.09545537989741
1,379,379,-1.92968067372377,2.30949475838234
1,380,380,-2.30543677538809,1.70576589217289
1,381,381,-2.52030178563804,2.26750192668357
1,382,382,-2.47690722618231,1.96327187507025
1,383,383,-2.67829302119866,1.97997365241743
1,384,384,-1.69293909257894,1.4434206000597
1,385,385,-1.5481856020935,1.20307360003815
1,386,386,-2.66764269386403,1.73024772624451
1,387,387,-2.25020100842476,1.71590742577123
1,388,388,-1.90687025742027,1.62650341223139
1,389,389,-1.38454300098664,1.51146214488373
1,390,390,-1.32808683711267,1.44593870292329
1,391,391,-1.20679560530177,1.24645546358499
1,392,392,-1.64043221963272,0.926448759404212
1,393,393,-1.51128236851635,1.74072366664725
1,394,394,-1.00090778140632,1.58386621520085
1,395,395,-0.817483284041067,1.56568906467074
1,396,396,-0.886575541590266,1.45454238494527
1,397,397,-0.456720261920501,1.46721692097325
1,398,398,-0.664728413407936,1.93209783807688
1,399,399,-1.12250170606127,2.49646990088964
1,400,400,-1.57090769296182,1.30280675159355
1,401,401,-1.43724286748382,0.966311560677306
1,402,402,-1.41245927776396,0.9732020809042
1,403,403,-1.58749077503157,1.60849913412828
1,404,404,-2.0646857482408,1.40800098082834
1,405,405,-1.67576273353684,1.37621554109395
1,406,406,-3.50947709691141,2.03892251894232
1,407,407,-3.10966036000978,1.78277393038644
1,408,408,-2.54902235368801,1.19327123139623
1,409,409,-1.83773256606878,1.47686089668604
1,410,410,-2.11873481384343,1.26238649592784
1,411,411,-2.8058028679192,3.00536778560567
1,412,412,-1.19631250955951,1.80354913996458
1,413,413,-1.79085542999704,1.88995134542761
1,414,414,-1.59410847150499,1.52246912140083
1,415,415,-1.40204545011922,1.68339740482447
1,416,416,-1.81222242100356,2.21415193469008
1,417,417,-1.25396888771572,1.65067172256441
1,418,418,-1.66945094820126,2.6123738358642
1,419,419,-1.76366109931441,2.67852856767062
1,420,420,-1.91426374213859,2.67442014092021
1,421,421,-0.834154694567202,1.35980044099023
1,422,422,-1.4158275164155,1.89096284870821
1,423,423,-1.26511839122315,1.66748831370218
1,424,424,-1.40284658317623,1.29523158464009
1,425,425,-1.64750696962591,2.29557973905638
1,426,426,-2.54868258655158,2.92357122828102
1,427,427,-2.18255227883426,2.603093298908
1,428,428,-0.902965245598179,1.24217528915392
1,429,429,-0.73716371689175,1.47658727453277
1,430,430,-0.0271949767821198,2.69763264906441
1,431,431,-2.17068995343444,1.20819376797289
1,432,432,-2.28245998855621,2.28752287306225
1,433,433,-1.25243340738104,1.20935514948759
1,434,434,-1.00489491832981,0.968924286496399
1,435,435,-1.56519483625758,0.93356317512533
1,436,436,-1.28777881281942,1.30390642029627
1,437,437,-0.226210213751202,1.90316651954733
1,438,438,0.0156667397356828,2.15612826727225
1,439,439,-0.416952604821725,2.54999457121269
1,440,440,-1.05284110174823,1.69540517618649
1,441,441,-1.64387101874227,2.33014100317536
1,442,442,-1.07469271177584,2.1584145114428
1,443,443,-0.859550854258511,1.83389058157894
1,444,444,-0.51720651375877,1.76917632867154
1,445,445,-0.850020790193642,2.16829731507862
1,446,446,-1.86997610790552,1.84190084410495
1,447,447,-0.568276490550965,2.57199652300357
1,448,448,-1.26707642827661,1.8135656592029
1,449,449,-1.27751883374862,1.85777046266338
1,450,450,-1.4575082960904,1.97082760211102
1,451,451,-1.16974988957865,2.3782474567163
1,452,452,-1.30074803097429,2.52168270421669
1,453,453,-1.45787307191138,2.13291207272967
1,454,454,-1.14972174694937,1.82612310404285
1,455,455,-1.81163174403469,2.14415008329794
1,456,456,-1.51097092407208,1.63571683538044
1,457,457,-1.84772716420518,1.89307169663596
1,458,458,-1.69826348362982,1.78398506222949
1,459,459,-1.70494027143953,1.94195599131194
1,460,460,-1.13689872819656,1.50631299953393
1,461,461,-2.11035271674323,1.9259691771173
1,462,462,-1.62309413218143,1.90640250912618
1,463,463,-1.7495936009499,1.1842056075554
1,464,464,-1.78492767466434,1.47560495001067
1,465,465,-0.951918848584316,1.91614337788412
1,466,466,-0.792531453241482,1.97488365869757
1,467,467,-0.926112422205898,1.9432840328357
1,468,468,-1.10684076694656,1.67758490604066
1,469,469,-1.26916896824714,1.25177687441307
1,470,470,-1.82220176539063,1.38823155585328
1,471,471,-2.39172916109089,1.66469259846497
1,472,472,-1.10027202491833,0.838356886088298
1,473,473,-0.895530270240205,0.748502571469539
1,474,474,-2.00881168489856,2.39275242578082
1,475,475,-1.9988191252324,0.926510685056989
1,476,476,-1.43950017064164,1.48636787304598
1,477,477,-2.21534787398551,1.26294965727002
1,478,478,-2.03181176271191,1.11480860556256
1,479,479,-1.38627407388269,0.79824368673276
1,480,480,-1.7679169192044,2.0033825380042
1,481,481,-1.76934718221654,1.79862067117218
1,482,482,-1.88810189785143,2.40660127205409
1,483,483,-1.85437994283867,2.09828407795915
1,484,484,-1.69298541809731,1.81576995021251
1,485,485,-1.55462558234932,1.84004993789935
1,486,486,-1.75875682962002,1.93235862875439
1,487,487,-2.52745581064362,1.63724378596805
1,488,488,-2.08388328521801,1.51700769697438
1,489,489,-2.39656470226402,2.15838456250065
1,490,490,-2.24825602908615,2.09001338372747
1,491,491,-1.58338924286599,1.01016749488187
1,492,492,-2.69925849669549,1.44148528502148
1,493,493,-1.57552728850087,1.61222692276269
1,494,494,-2.66193754634761,1.69290646456325
1,495,495,-2.63289197290598,2.05981504465163
1,496,496,-2.48515349458745,1.46912316407213
1,497,497,-1.24288266234041,2.08574596952678
1,498,498,-1.63870426605481,0.916209449711324
1,499,499,-1.58070136924814,0.778605863579096
1,500,500,-1.86969825289938,1.65994667391276
1,501,501,-2.03050410166021,1.48285744868041
1,502,502,-2.42419756294162,2.20395732814744
1,503,503,-1.11735785342056,1.80585328633068
1,504,504,-1.17392545433747,1.20954593400912
1,505,505,-1.50403110880831,2.2350335447865
1,506,506,-2.03701342369607,3.28642697086698
1,507,507,-1.98662266508002,3.93224666407513
1,508,508,-1.38360423932692,3.84704863584881
1,509,509,-1.0981528792242,1.94083078917151
1,510,510,-1.89069981550552,1.13855571564867
1,511,511,-2.02573514081191,1.72104816148357
1,512,512,-1.4751869220361,0.964266615240132
1,513,513,-1.6388721544502,0.947429934027967
1,514,514,-3.28797128668683,1.88606116735683
1,515,515,-1.33335587998831,1.12441892429942
1,516,516,-1.67183387207844,1.37038513389399
1,517,517,-2.2955680206648,1.27330145065644
1,518,518,-2.25791478329404,1.93250333079371
1,519,519,-2.02607019509652,1.66635396746344
1,520,520,-2.22782839970363,1.62482535964345
1,521,521,-1.30240044664942,1.16823029282665
1,522,522,-2.038149586751,1.64533158527227
1,523,523,-1.73655880161141,1.60115743784741
1,524,524,-1.7520763774134,2.01796479034458
1,525,525,-1.7671306794867,1.18153405364199
1,526,526,-1.68930305550082,1.04209485666477
1,527,527,-3.22588324811965,1.49830937333309
1,528,528,-0.93399142085009,1.38116122208695
1,529,529,-1.07074702925515,1.71426957088496
1,530,530,-1.01221717942879,1.64585366213868
1,531,531,-1.0173364565414,1.62954597150866
1,532,532,-1.13132757798467,1.64013502197836
1,533,533,-1.77207435969225,1.02203461106931
1,534,534,-1.23308276339456,0.627223415798985
1,535,535,-1.35990133060963,0.718018516806433
1,536,536,-1.57195696732366,1.24555635812376
1,537,537,-2.51194645375764,2.11355267160839
1,538,538,-1.85787774208581,1.23151125306496
1,539,539,-2.01509838584651,2.27538415461941
1,540,540,-1.99188982934377,1.59452828416451
1,541,541,-1.97416931730256,1.45241859309496
1,542,542,-2.2488845070043,1.53757410050165
1,543,543,-1.1444027669877,1.55210820289719
1,544,544,-1.46537823796606,2.746202487257
1,545,545,-0.615387538350781,2.52601166243619
1,546,546,-1.23871965666652,2.49407105388175
1,547,547,-1.01698899260915,2.78944399395904
1,548,548,-1.44526359850552,1.97154006167016
1,549,549,-0.912168249880527,1.80299484023344
1,550,550,-1.18092138797754,2.22104528004415
1,551,551,-1.20850888030089,2.21788272033396
1,552,552,-2.22720343464675,2.6113241489981
1,553,553,-2.30827586771615,3.02307509880206
1,554,554,-2.2638582740962,1.53691277941306
1,555,555,-1.78090221867617,2.36969142257806
1,556,556,-1.94854290010506,1.44515222242187
1,557,557,-1.97844324061629,1.6812070578691
1,558,558,-1.79516985871669,1.76057664637438
1,559,559,-1.9675586282769,2.52470358639216
1,560,560,-0.499439890409789,1.79864502700402
1,561,561,-0.569296527924539,2.2702370600674
1,562,562,-1.08908555300653,3.03875282557109
1,563,563,-0.809843013902249,2.20363618240151
1,564,564,-2.51150252700854,1.51374985650721
1,565,565,-2.39816918402833,1.50130734495855
1,566,566,-1.73473843701356,1.794684496233
1,567,567,-2.13458998016919,1.56833077087086
1,568,568,-1.10197437898844,1.39628773813244
1,569,569,-1.43916918864795,1.388704389479
1,570,570,-0.917184115484465,0.997549025246115
1,571,571,-0.994663718135931,0.962657846657778
1,572,572,-2.29005159489513,1.58847308754508
1,573,573,-2.14430376685034,2.07969837021366
1,574,574,-2.96025162194488,2.16714201947436
1,575,575,-3.68792639105852,3.1780068945123
1,576,576,-2.2195912700666,1.78066818690587
1,577,577,-2.0933993937391,1.70620052694463
1,578,578,-2.6937777970912,2.03699996305481
1,579,579,-2.34301594044269,1.47968135081437
1,580,580,-2.26196653490081,1.45722925587241
1,581,581,-1.50080614810316,1.63059517154842
1,582,582,-2.69781030589942,2.9788263464521
1,583,583,-1.47533542366301,0.949676274667492
1,584,584,-1.17688721971683,1.25540952837695
1,585,585,-2.12784767155302,1.47851840189825
1,586,586,-1.30529189174634,1.13926301461781
1,587,587,-1.61959055351465,1.23985924986771
1,588,588,-1.76731170597818,1.51192909017609
1,589,589,-1.73073913148257,1.36422961666087
1,590,590,-2.61457739993414,1.7936795637476
1,591,591,-2.17794725247137,1.51923560381855
1,592,592,-1.93479791567275,1.20967322568786
1,593,593,-2.32892176266276,1.11169480357775
1,594,594,-1.95899646108237,0.966086766565626
1,595,595,-1.5983220947796,1.62743721927323
1,596,596,-1.71009960561488,1.68585221998267
1,597,597,-1.31827444696827,1.75055389659192
1,598,598,-1.64262864563798,2.0484277211416
1,599,599,-0.494263184861962,2.69456023610515
1,600,600,-0.849252869729907,2.27202976284181
1,601,601,-1.64927046343925,2.42449734542117
1,602,602,-1.20023420073034,1.73945787990888
1,603,603,-2.22847850465106,2.3077051676646
1,604,604,-1.77575240694564,3.0918799602478
1,605,605,-2.15096705795461,1.60914837113722
1,606,606,-2.65876312429197,2.00557313970704
1,607,607,-1.85153742915273,1.75975505933968
1,608,608,-2.84066357963703,2.22827650255159
1,609,609,-2.95681058780252,2.20366902416383
1,610,610,-2.74518376690832,1.99492367497851
1,611,611,-2.38617797295881,1.89258201998356
1,612,612,-2.77579385610375,1.7753350717529
1,613,613,-2.80160684379798,1.83754514905577
1,614,614,-2.90175496666231,1.64705970906579
1,615,615,-2.554395553545,1.41764169485482
1,616,616,-2.2918200368133,1.43270096019022
1,617,617,-1.53633413446266,2.56178399817037
1,618,618,-0.439154433153236,2.5750432510969
1,619,619,-0.663225200346388,1.63599295365154
1,620,620,-1.02932448517252,2.41773632677697
1,621,621,-0.959160540836455,1.77352469545151
1,622,622,-0.977660111744675,1.47210138049252
1,623,623,-1.29104551443798,1.71964206431199
1,624,624,-0.886432447898513,2.79833103519375
1,625,625,-0.956777152887954,3.03868312982673
1,626,626,-0.551583653219625,2.97935399515112
1,627,627,-0.23981682602524,1.53587970685537
1,628,628,0.186412894991246,2.41333096096972
1,629,629,-0.418804968885191,1.67426655002604
1,630,630,-1.16626528897996,2.02092687660455
1,631,631,-1.94794870718292,2.27690646344422
1,632,632,-2.07705134176433,1.78838313635173
1,633,633,-1.34630144262054,1.53621729679189
1,634,634,-2.13492727229211,1.52230385818829
1,635,635,-0.848760128355075,1.38081810455768
1,636,636,-0.582587966521092,1.35756914232827
1,637,637,-0.255838881868026,3.19792636260093
1,638,638,-1.6807457115687,1.66460314462274
1,639,639,-1.54699092859058,1.83004133911189
1,640,640,-2.13208596233124,2.48636774140513
1,641,641,-1.61562978688576,2.47215673281834
1,642,642,-1.52289976942562,1.5572640320775
1,643,643,-1.02215337037798,0.941270262690275
1,644,644,-1.48435055651483,1.41878364591123
1,645,645,-1.41963319942171,1.46347781542038
1,646,646,-2.04850975706435,2.00044372882168
1,647,647,-1.9672926121219,1.7639014450301
1,648,648,-2.21898408860984,1.19763777550386
1,649,649,-1.56515227259248,1.01870264972288
1,650,650,-1.45018875249293,1.77200030178231
1,651,651,-1.90482379323124,1.80965326048553
1,652,652,-2.03324735795235,1.49927458736074
1,653,653,-2.01206766802203,1.62099544172268
1,654,654,-2.81531939577953,2.82967283799334
1,655,655,-2.32177285980058,1.92961450635726
1,656,656,-2.25130837912136,1.74606845520393
1,657,657,-1.73698185435365,2.09006882745486
1,658,658,-1.5325406698117,1.57518941916429
1,659,659,-1.2224868137048,1.61728549601167
1,660,660,-1.18582423032703,1.96868955113328
1,661,661,-0.903593861912275,2.31803407891715
1,662,662,-3.13619719305901,2.11425995183944
1,663,663,-2.38443431989754,2.17424357147116
1,664,664,-3.0735970483006,2.2507733052117
1,665,665,-2.53821254907213,2.06677451871267
1,666,666,-2.66411136264227,2.17090121505926
1,667,667,-2.88603252594117,2.01260939086394
1,668,668,-1.79853596909421,1.14590147388477
1,669,669,-2.01252021904733,1.04916454222045
1,670,670,-1.69295462878171,1.45971832617851
1,671,671,-2.31510692838757,1.4406186683081
1,672,672,-1.55966344870219,1.43215738512971
1,673,673,-1.41693089043064,1.34556993391368
1,674,674,-1.83508067530315,2.11368013387042
1,675,675,-1.67069146542849,1.25620189868462
1,676,676,-3.08263618611583,3.75949824063442
1,677,677,-2.86359561263755,3.24706955102563
1,678,678,-2.90293500754014,3.79404345491298
1,679,679,-2.44152694795279,2.61226933489477
1,680,680,-1.92254256030925,1.74794163589435
1,681,681,-2.58756329907386,2.01978751153185
1,682,682,-2.16658255559135,1.92356233012656
1,683,683,-1.9040703101405,1.82976979652535
1,684,684,-1.64131687775879,2.20486712096675
1,685,685,-2.24963745719868,1.48886155764712
1,686,686,-1.51368975565398,1.35895583720563
1,687,687,-1.66441767769893,2.05000386017373
1,688,688,-1.36295823024618,1.1690056552447
1,689,689,-1.7815231529109,2.58828861958951
1,690,690,-1.8964060412174,2.30018949718669
1,691,691,-1.06501176875936,1.94581305611893
1,692,692,-2.35583063190613,2.01336758266698
1,693,693,-2.40456317615798,1.70933852260002
1,694,694,-1.8738703893669,1.12227964189666
1,695,695,-0.934332162875374,1.96494485112851
1,696,696,-1.38588935133032,1.94274268486531
1,697,697,-1.11990503888237,1.53485779064111
1,698,698,-1.33043769206414,1.68463673518739
1,699,699,-1.93627089526738,1.93644207669601
1,700,700,-1.66853471567213,1.50952662284657
1,701,701,-1.39390774259978,2.28302781576146
1,702,702,-1.63900297757634,1.62679828317172
1,703,703,-1.42581820511847,1.53840409303193
1,704,704,-1.04022233123297,1.89973584367179
1,705,705,-1.6943548817117,2.39523321343508
1,706,706,-1.46480631203319,2.82524436088194
1,707,707,-1.56803851174859,2.15709999497262
1,708,708,-1.36704689098307,1.94476561356622
1,709,709,-2.12963933375754,1.22523125098216
1,710,710,-2.15972181058356,1.27378568545993
1,711,711,-1.37626248873566,1.37553676777005
1,712,712,-1.56007399091902,1.46368801914449
1,713,713,-1.31853758312222,1.5976223787667
1,714,714,-0.979746944242,1.15524275817629
1,715,715,-1.48162693935901,2.13235998679197
1,716,716,-1.73761019086223,1.25878246657012
1,717,717,-1.99393615489202,1.37515249999848
1,718,718,-2.17555837526604,2.30194771666614
1,719,719,-1.87550840907276,2.3114497249419
1,720,720,-2.13811056356876,1.84507578756627
1,721,721,-3.01488428661064,2.69337764585049
1,722,722,-2.98835028618983,2.76898354187134
1,723,723,-2.45903173483791,1.88201961765481
1,724,724,-1.95262645980974,1.96661527284824
1,725,725,-2.23518748400338,2.24367616161957
1,726,726,-2.26170988456238,2.15247521536169
1,727,727,-2.15459196778626,2.96851270770056
1,728,728,-1.75778465015308,2.69995021816705
1,729,729,-3.09651426742516,1.83162936327891
1,730,730,-2.5571433939328,1.52259854458723
1,731,731,-1.13856855391174,1.16409643612421
1,732,732,-1.4427075154417,1.3948133644631
1,733,733,-1.70228818122999,1.28673536016601
1,734,734,-1.7914885663605,1.14140919436198
1,735,735,-1.65923024555135,1.16194779114199
1,736,736,-2.16116193501863,2.07606875290763
1,737,737,-1.59211377984099,1.38817637903346
1,738,738,-1.59855229702799,1.7905827994644
1,739,739,-1.91563339387388,1.92718091610603
1,740,740,-1.73511143846551,1.1783031869686
1,741,741,-1.28852662094018,1.56141325044849
1,742,742,-1.8914089794908,1.38918626776909
1,743,743,-1.17541628789678,1.63399411001964
1,744,744,-1.00873080177646,1.26093712019366
1,745,745,-1.59578153870596,2.42076839553739
1,746,746,-1.62124661897482,2.84901015848668
1,747,747,-1.47764571888807,2.85833843265572
1,748,748,-1.36189735552303,2.34085032969351
1,749,749,-1.6829566840155,2.53806341150914
1,750,750,-1.60956892968386,2.17773843944897
1,751,751,-1.79641736489,2.30249394702312
1,752,752,-1.04588710188226,1.77045602277042
1,753,753,-1.45850673291326,2.45519542969873
1,754,754,-1.54114438947809,1.47280497055186
1,755,755,-1.78549834772096,1.93352370153738
1,756,756,-1.76521718621409,1.36055121829264
1,757,757,-1.47990194595819,1.34697776034107
1,758,758,-2.06661040365067,1.43096192330393
1,759,759,-2.39593356438722,2.18460748564896
1,760,760,-2.27663528609017,1.20256591409981
1,761,761,-2.82167310769007,1.3994367031085
1,762,762,-2.17326928483559,1.41910053378774
1,763,763,-2.57300375243139,1.92992745700776
1,764,764,-2.11196343289072,2.52143809163882
1,765,765,-1.58382922482791,2.05349515242295
1,766,766,-1.81876378562015,2.28660521211097
1,767,767,-1.53655448346508,2.51265527994974
1,768,768,-1.71371334375553,2.23953618128858
1,769,769,-1.36964622415868,1.65317685586039
1,770,770,-1.86897357279532,2.09423277190247
1,771,771,-2.03874758231848,2.13819124955313
1,772,772,-1.70449854436636,2.34836937494363
1,773,773,-1.77034056652507,2.01778188655459
1,774,774,-1.84945797667748,1.63735868954147
1,775,775,-2.14235871789325,1.07350290569504
1,776,776,-2.56436863396228,1.30201039814173
1,777,777,-2.47563567736434,1.33218828384846
1,778,778,-2.02770856912678,1.55081673877652
1,779,779,-0.995063246810653,2.66037574463265
1,780,780,-0.257138865308964,2.0306172676814
1,781,781,-1.10037418031584,3.51751536763332
1,782,782,0.0580874149214537,2.98585121046606
1,783,783,-1.79321340066045,1.42990982236704
1,784,784,-2.04713301204858,1.89560710931972
1,785,785,-1.3616787439325,1.42121996443909
1,786,786,-1.52335739454957,1.36097000704367
1,787,787,-1.66357288369259,1.1388731492895
1,788,788,-1.73058572749625,1.28501852162055
1,789,789,-2.22154574201812,1.9874844154567
1,790,790,-2.51660749568951,2.40851432048188
1,791,791,-2.0580489073404,2.32646499574638
1,792,792,-1.90968214483711,1.02490985821424
1,793,793,-2.46856283310674,1.8540377506214
1,794,794,-0.987628048959488,1.20781020496522
1,795,795,-1.21721841365289,1.49678787361677
1,796,796,-1.01855210056799,1.41884586268767
1,797,797,-0.712965985635252,3.0867119296229
1,798,798,-0.514212689746384,2.27822579193387
1,799,799,-1.07582841777826,2.99500998741778
1,800,800,-1.27819389746581,1.50149148541866
1,801,801,-1.6130867017623,0.940942927312022
1,802,802,-2.28460390513956,1.35588522262639
1,803,803,-2.30599896221778,1.14644394167719
1,804,804,-1.77305012997282,1.09254181770482
1,805,805,-1.61503700166391,0.86967506708744
1,806,806,-1.60542728556408,1.52209200220567
1,807,807,-1.14768767582739,1.63589710447195
1,808,808,-1.53305166958073,2.06974653063733
1,809,809,-1.26222071264092,1.98111513560946
1,810,810,-1.73073350457447,2.37115016103484
1,811,811,-1.53272370581386,2.26224632095078
1,812,812,-2.41896972502264,3.48882272309467
1,813,813,-1.41217815883301,1.77653534673622
1,814,814,-1.64657176687588,1.17208363588983
1,815,815,-1.63426542352765,1.09772761300041
1,816,816,-2.43271173742256,1.61543985866879
1,817,817,-1.75237053224116,1.628035004902
1,818,818,-1.94358600222578,1.59267496855297
1,819,819,-1.86540825176846,1.54779637373743
1,820,820,-1.35297711184469,1.65764195131957
1,821,821,-1.58594202761425,1.03845747161014
1,822,822,-2.40409275768141,1.65042882713496
1,823,823,-1.85921144902031,1.11001889593339
1,824,824,-1.33599506086923,0.902698577118323
1,825,825,-2.6574860278998,1.61304227466326
1,826,826,-2.19184737867338,1.48604892191178
1,827,827,-3.66197286107688,1.8493997467381
1,828,828,-3.05223904754175,1.70415403729947
1,829,829,-3.29373096886867,1.57654573817487
1,830,830,0.206297280636046,2.08259512892836
1,831,831,-0.339125283423048,1.91366436295023
1,832,832,-1.13195968898324,0.978227158688502
1,833,833,-1.23794478436141,1.13126355478557
1,834,834,-2.13239952108428,1.14477216511391
1,835,835,-1.45300922233051,1.02121049089186
1,836,836,-1.32769141478235,1.15919410211859
1,837,837,-1.37324389368388,1.28327727770539
1,838,838,-1.34201162086459,1.04107164921147
1,839,839,-0.975157198950515,2.09470155959957
1,840,840,-0.603562423566235,1.70717288212311
1,841,841,-0.783263011905355,1.44160057327213
1,842,842,-1.21339866363405,1.42366054006653
1,843,843,-1.47045469867516,3.25787447428062
1,844,844,-2.16571071012532,2.42859190836036
1,845,845,-1.77796309588463,1.34757129057639
1,846,846,-1.50587395236959,2.82887516213039
1,847,847,-2.00339452843054,1.88746370681694
1,848,848,-0.46463973097609,2.22800944190766
1,849,849,-1.7935754661023,2.3370800829926
1,850,850,-1.69243700688821,1.54872970978103
1,851,851,-2.06899118045461,1.85149388675646
1,852,852,-1.3940095838957,1.35654515432313
1,853,853,-1.67440285063206,1.62781860533149
1,854,854,-3.65473446951225,2.82401590090814
1,855,855,-3.23388044174596,2.42087009439709
1,856,856,-2.83623677941457,2.00324198936793
1,857,857,-2.04481925364448,1.744486361853
1,858,858,-2.74386432972163,2.06476429221956
1,859,859,-1.75149746669451,1.56505828733307
1,860,860,-2.71687947854493,1.40915887625851
1,861,861,-1.71174102551581,0.821984695739065
1,862,862,-1.73761507667548,0.883204113159176
1,863,863,-1.97445504867073,1.55193467247487
1,864,864,-1.83600836372884,1.24618536873155
1,865,865,-2.13334079517995,1.32331927185432
1,866,866,-2.56278692814852,1.63116206948189
1,867,867,-1.93325692051272,1.17908559531302
1,868,868,-1.91305134466515,1.02759609620516
1,869,869,-2.22089349904397,2.09989705089558
1,870,870,-1.11479723886156,0.82182351212123
1,871,871,-2.54883438918851,1.63209091800814
1,872,872,-1.98657364304414,1.43646039759383
1,873,873,-2.6605532460749,2.41533743207605
1,874,874,-2.36098282056708,2.11146589641617
1,875,875,-3.36775819768382,3.21849838852035
1,876,876,-2.86607578181838,2.27379545239792
1,877,877,-2.22952063247018,2.01010507382711
1,878,878,-2.40408457474805,1.85639509085202
1,879,879,-2.18461201877505,1.82991727980972
1,880,880,-2.48939256295853,1.66701404997951
1,881,881,-1.28005253253965,1.72229824093596
1,882,882,-1.18530041051784,1.08376969888122
1,883,883,-1.1900768045281,1.12465210248944
1,884,884,-2.39653074376464,2.46177060384202
1,885,885,-3.075922218847,2.26260014305093
1,886,886,-2.2131776557003,1.72074121324334
1,887,887,-1.71223975689302,1.71875639483503
1,888,888,-1.6234136630388,1.85029683949871
1,889,889,-1.21265885424482,1.38587188755801
1,890,890,-0.759316136782495,1.79617023455725
1,891,891,-1.23920419657229,2.04079918916796
1,892,892,-1.11628517128119,2.48147663432918
1,893,893,-1.06174148911189,1.47699756180154
1,894,894,-0.540720112399655,1.27346622309575
1,895,895,-0.682968055049583,1.40198106252089
1,896,896,-2.17474959708515,2.04925408001214
1,897,897,-0.882177218516727,1.1678743922267
1,898,898,-1.12698699101946,1.29786005910557
1,899,899,-0.952887316221435,1.0586117394532
1,900,900,-0.949786767120905,0.997865996830147
1,901,901,-0.873055661339104,1.83332350269227
1,902,902,-1.51972843305501,1.08067788891784
1,903,903,-1.35869664237023,2.10381390578852
1,904,904,-2.3146483702964,1.65996276814848
1,905,905,-1.67004580482795,1.28299329973907
1,906,906,-2.62207895113759,1.51307309452229
1,907,907,-2.38633436493832,1.71207207108369
1,908,908,-1.68180008468435,1.4993295938312
1,909,909,-1.74990632691823,2.23689613497186
1,910,910,-2.34578764764351,3.64328211309783
1,911,911,-1.38065168500184,2.94617991438726
1,912,912,-1.26242633748701,2.8791732000068
1,913,913,-1.00815610020499,1.93001483388936
1,914,914,-0.816704396598409,1.1342404471849
1,915,915,-0.890217811586722,1.75511415575234
1,916,916,-1.17141274111927,1.76891641855226
1,917,917,-1.87435907733438,1.95841313670539
1,918,918,-2.39463839567829,1.92254223903252
1,919,919,-1.58555569391808,1.3095782979604
1,920,920,-1.89230776725286,1.0367308527139
1,921,921,-3.21467146602956,2.2284112473904
1,922,922,-3.44240696440881,2.60427675810175
1,923,923,-3.25022004937325,2.47543396466914
1,924,924,-3.01583304006166,2.24826228418472
1,925,925,-0.444404968694599,2.1528612528005
1,926,926,-0.930926242743988,1.62735548209225
1,927,927,-1.21671261540668,2.00278858760026
1,928,928,-1.07806794982081,1.5270116133889
1,929,929,-1.00623795789447,1.3213014504403
1,930,930,-1.40946460222339,2.08483839798342
1,931,931,-1.05647475731486,1.07882859841621
1,932,932,-1.66830736366797,1.57255442951936
1,933,933,-1.07898317303056,2.34531982954566
1,934,934,-1.2402296624386,1.49687750017588
1,935,935,-1.75943870672095,1.13141957179832
1,936,936,-1.28829876523416,1.25970195211488
1,937,937,-1.21833579691495,1.22398516676434
1,938,938,-1.98901951522069,2.15510265752918
1,939,939,-0.68741778783134,1.54670632353288
1,940,940,-1.1274365524441,1.52638762011442
1,941,941,-0.617758549095624,1.70577021715577
1,942,942,-0.38753880195623,1.59931956565513
1,943,943,-0.646759557679832,1.30114868937447
1,944,944,-0.571746908672506,2.22597722943558
1,945,945,-1.16694175888371,2.02020791935306
1,946,946,-1.31480688354372,1.6012037634529
1,947,947,-1.58822721270321,1.49658891122094
1,948,948,-2.09507535642619,1.75795009995801
1,949,949,-1.12089537268923,1.16299797237574
1,950,950,-2.60332636604831,1.64000695197443
1,951,951,-1.54559226295157,1.57714113390597
1,952,952,-2.28357408801686,1.57387152491851
1,953,953,-2.19707243198644,1.71805640861058
1,954,954,-1.39017266483332,1.4500433794513
1,955,955,-1.74354136004934,1.5742063942515
1,956,956,-2.1410200827346,1.81427561630964
1,957,957,-1.2033763520271,1.13838360730989
1,958,958,-1.50795606202284,0.958846115257241
1,959,959,-1.8020838377871,1.88418500190148
1,960,960,-2.35516794547506,1.262631212156
1,961,961,-1.75948826772158,1.77960494818663
1,962,962,-2.40974130041454,2.12970343067448
1,963,963,-2.0576852952107,2.23788696165464
1,964,964,-1.70979026072642,2.43856185935916
1,965,965,-1.70414242554425,2.32532735675043
1,966,966,-2.80069102699644,1.56596696596093
1,967,967,-0.483311977224617,2.03153812993783
1,968,968,-1.68683331782666,1.99843306443953
1,969,969,-1.42682576183085,1.85991989769517
1,970,970,-2.04080874249895,2.00038445111621
1,971,971,-2.47521442373048,2.39824910811619
1,972,972,-3.01660606330974,2.54334263629863
1,973,973,-2.83565579274437,2.31589275105822
1,974,974,-3.15232745714548,1.94786659056477
1,975,975,-2.73495738749713,2.10178233796661
1,976,976,-2.75172748889747,2.29170405374541
1,977,977,-1.17869917737944,1.70048706494423
1,978,978,-2.50195953158002,1.33382149101643
1,979,979,-1.48341742394848,1.2951518176527
1,980,980,-1.35268822104319,1.63199507508928
1,981,981,-1.16486504122248,1.59895102744842
1,982,982,-0.792107292546348,3.32922943164763
1,983,983,-0.842953603545178,1.48621607201003
1,984,984,-1.61932652250693,1.60624021639549
1,985,985,-1.23491489591559,2.7014854316637
1,986,986,-1.28067574967535,1.05260370307242
1,987,987,-1.0256605817349,1.24139975275127
1,988,988,-1.89364234085898,1.11182828728324
1,989,989,-1.37480502888349,1.03614380727571
1,990,990,-1.89008989918213,1.29116583021574
1,991,991,-2.19895351652019,1.88704502905614
1,992,992,-1.24129218509638,1.77098408489389
1,993,993,-1.52865337347097,1.83032314195458
1,994,994,-1.0235659380561,1.6887999895161
1,995,995,-1.22665899027213,2.25546938062776
1,996,996,-0.926261152788234,2.30141010936479
1,997,997,-0.852653500159598,2.20233401383152
1,998,998,-1.16369890413205,1.39070290364971
1,999,999,-1.14641487666466,1.37403975297315
1,1000,1000,-1.36585272263873,1.93302355991693
1,1001,1001,-1.01529900094544,1.65857733182445
1,1002,1002,-1.63216708215978,1.45028866530887
1,1003,1003,-1.3668743660838,1.13585430070237
1,1004,1004,-2.14601024480943,2.61821195321695
1,1005,1005,-2.82362749626684,1.578320186654
1,1006,1006,-3.66669296936061,2.9970449618227
1,1007,1007,-2.18005645006116,2.07356205514782
1,1008,1008,-1.68400937946694,1.64446127565698
1,1009,1009,-1.55971197227358,1.54254083308104
1,1010,1010,-1.55582824722064,0.986973093150151
1,1011,1011,-1.33840015444968,1.02075808967403
1,1012,1012,-1.76887112510627,1.71724462470462
1,1013,1013,-2.36467290946585,1.93239968464629
1,1014,1014,-2.30735486704997,2.34417982303662
1,1015,1015,-2.13439978391329,2.15035986952198
1,1016,1016,-2.55440067206818,3.13784215963115
1,1017,1017,-2.27497161493248,1.9232807811246
1,1018,1018,-2.36617897666199,2.03714742758679
1,1019,1019,-1.90767903633464,2.21656076897022
1,1020,1020,-2.68587238104681,2.15283593922342
1,1021,1021,-2.52258736352635,2.37362382707281
1,1022,1022,-2.60940847882263,2.17580908317868
1,1023,1023,-2.8218114428149,2.36917341311039
1,1024,1024,-2.60577810536682,2.31276097343262
1,1025,1025,-2.2788855124201,2.4622763465731
1,1026,1026,-1.78635186456194,2.65731985014658
1,1027,1027,-1.45020565798996,2.19096189778757
1,1028,1028,-1.40257443115647,2.17357701152823
1,1029,1029,-1.52212827861937,2.45825590630056
1,1030,1030,-1.28862724072722,2.35944650753908
1,1031,1031,-1.52944975146572,2.67847447322822
1,1032,1032,-1.47382697226052,3.03669422494555
1,1033,1033,-1.44917023785626,3.28458865604896
1,1034,1034,-1.37141048229705,2.76809697954442
1,1035,1035,-1.16127312766573,2.75571862751252
1,1036,1036,-1.05937175855837,3.1916069943506
1,1037,1037,-0.978051656119427,2.33394338235448
1,1038,1038,-2.14269955735598,1.99834533878303
1,1039,1039,-2.02148313913847,1.87449419533074
1,1040,1040,-2.03781249524486,1.95061840331782
1,1041,1041,-1.4612591871012,1.21425455005734
1,1042,1042,-1.67903825193519,1.23434731206541
1,1043,1043,-1.3058521513529,1.15622766365042
1,1044,1044,-1.44352744297697,1.44002724508318
1,1045,1045,-1.00592889769084,2.30382243338831
1,1046,1046,-1.94465198047253,2.2411401421396
1,1047,1047,-0.702003777869816,1.88938884899545
1,1048,1048,-1.20289047675635,1.84503614171699
1,1049,1049,-1.26711057364358,1.37764160782502
1,1050,1050,-1.21620190647224,1.45889892215672
1,1051,1051,-1.57163987400235,1.19938924678614
1,1052,1052,-0.459891759607499,1.61021591015979
1,1053,1053,-1.15046881175225,1.42513349169414
1,1054,1054,-1.62289008100431,1.60513478943117
1,1055,1055,-1.57658743305687,1.96590542306887
1,1056,1056,-1.83857870224228,0.74826005954246
1,1057,1057,-1.59148028283019,0.807120060442441
1,1058,1058,-2.02708504994347,1.11880504249864
1,1059,1059,-1.61017778919509,1.33314985797502
1,1060,1060,-0.887975881944338,1.01078404031198
1,1061,1061,-1.83907251442527,1.24670464260515
1,1062,1062,-0.949485115646936,0.947312109873479
1,1063,1063,-1.49384738682043,1.62206984811517
1,1064,1064,-1.66239241056737,1.26224646943156
1,1065,1065,-1.85597716685876,1.63122285115357
1,1066,1066,-1.69249147668787,1.46537153917854
1,1067,1067,-1.60148040191011,1.43195535633717
1,1068,1068,-1.49642761446843,1.22048943722801
1,1069,1069,-1.32138991354414,0.954973739905495
1,1070,1070,-0.433330882813483,1.7779101634628
1,1071,1071,-1.63008354577529,1.48088299610176
1,1072,1072,-2.41462257898645,2.41651428389595
1,1073,1073,-2.40160479816598,2.55316661437376
1,1074,1074,-2.2991101851646,2.331520778711
1,1075,1075,-1.90733343761485,1.86938998029368
1,1076,1076,-2.04489892506237,2.03607152268273
1,1077,1077,-2.35696979119549,2.44588969803378
1,1078,1078,-1.58997206533872,1.50510149753278
1,1079,1079,-0.905104303334193,1.70583808886101
1,1080,1080,-1.01727014504388,1.58267101419388
1,1081,1081,-1.01772553401471,2.59027915734776
1,1082,1082,-0.308270435620227,1.67590704653211
1,1083,1083,-1.00757117365266,1.933611715751
1,1084,1084,-0.363090099913027,2.09871632290667
1,1085,1085,-0.99534036944271,1.84504988736987
1,1086,1086,-0.911393677315555,1.47978393548248
1,1087,1087,-1.09580606217464,1.55919775014754
1,1088,1088,-1.28967529792208,1.44575567732335
1,1089,1089,-1.15842234167358,1.93707392259639
1,1090,1090,-0.913307337883111,0.988903930883408
1,1091,1091,-1.65807004878431,1.26902977565097
1,1092,1092,-1.48109261446925,0.944480102319517
1,1093,1093,-2.18248431281751,1.75145156915022
1,1094,1094,-2.25193775382115,1.81609873193015
1,1095,1095,-2.16543664032992,1.6245809793117
1,1096,1096,-2.05295799882287,2.07977578526826
1,1097,1097,-1.59153366962905,1.64556811790013
1,1098,1098,-2.66299116492443,2.1513656054706
1,1099,1099,-1.42993322521241,2.28088673395857
1,1100,1100,-1.26042898781227,1.75591943801619
1,1101,1101,-1.297735471699,2.15701868652395
1,1102,1102,-1.13351052204864,1.61828544647681
1,1103,1103,-0.906985689538167,0.974676638283787
1,1104,1104,-1.19450904506412,1.04464402419135
1,1105,1105,-1.11111624209945,0.858048406722296
1,1106,1106,-1.60164725198982,1.54647101664237
1,1107,1107,-1.36966243910029,1.56028340360746
1,1108,1108,-1.79417140835247,2.49512461165049
1,1109,1109,-1.22275051750747,2.68786087678356
1,1110,1110,-2.26821413846004,2.02490510150182
1,1111,1111,-1.40228734484579,1.4157974233769
1,1112,1112,-2.25016906909513,1.58159735772567
1,1113,1113,-1.77524620763325,1.22273183005337
1,1114,1114,-2.01323209462183,1.72088585569526
1,1115,1115,-1.60410132937746,1.3385622820523
1,1116,1116,-1.72007646470624,2.05987659746851
1,1117,1117,-1.35176019304268,1.90571531315877
1,1118,1118,-1.62205878143588,2.72024938289859
1,1119,1119,-1.87984146205186,2.27858563489072
1,1120,1120,-1.61814120256553,2.13418249649235
1,1121,1121,-1.77727466721475,2.88872593749326
1,1122,1122,-1.7107657032601,1.49767306829361
1,1123,1123,-0.802240133518868,1.9198935369065
1,1124,1124,-0.446712566371858,1.86903029636698
1,1125,1125,-0.175632598133046,2.1874376106421
1,1126,1126,-0.519429922703691,3.17224589725569
1,1127,1127,-1.08162085716657,1.31508151646621
1,1128,1128,-2.04076685951341,2.28682759208734
1,1129,1129,-1.50273030187203,1.97352234701862
1,1130,1130,-0.6476964689313,1.77236442363671
1,1131,1131,-1.26782727966733,2.37428846082628
1,1132,1132,-1.30210881495048,1.32209348023283
1,1133,1133,-0.883539377119881,1.12084267655736
1,1134,1134,-0.823100269344512,1.57003049793673
1,1135,1135,-1.06972928632037,1.18707452219642
1,1136,1136,-1.42472997600998,1.15671228499481
1,1137,1137,-1.1934771983724,1.57148231263831
1,1138,1138,-1.39228071143292,1.166835910149
1,1139,1139,-2.59879179795698,2.42645569001247
1,1140,1140,-2.87189829298454,2.26940362264198
1,1141,1141,-2.40831566378728,2.2059697857584
1,1142,1142,-2.21976310967012,1.75612961283599
1,1143,1143,-1.4283541263888,1.35748312249486
1,1144,1144,-1.39159266699785,1.5847091477656
1,1145,1145,-1.09445912167558,1.62103612769197
1,1146,1146,-1.30187382978226,1.67543569348957
1,1147,1147,-0.830446524770322,1.12282770951071
1,1148,1148,-1.61649797603269,1.76840504532334
1,1149,1149,-1.34276088620827,1.41497363831336
1,1150,1150,-0.930688744290225,1.37235221891272
1,1151,1151,-1.84038610416437,2.26141954584625
1,1152,1152,-0.623469467714333,2.03797926440454
1,1153,1153,-1.8174880195291,3.03508686344569
1,1154,1154,-0.709570225420683,1.31392874058891
1,1155,1155,-1.35241827617751,2.2821192831599
1,1156,1156,-1.42422652681707,2.26563672010707
1,1157,1157,-1.53219164147588,2.20909724853313
1,1158,1158,-0.99438669344356,1.44440700955876
1,1159,1159,-2.01964750583098,2.09011735838504
1,1160,1160,-2.10310740502659,2.30828779735369
1,1161,1161,-1.71084677198489,2.45180764515896
1,1162,1162,-1.45185361549277,2.72548514145284
1,1163,1163,-1.41907508931008,2.40741930903925
1,1164,1164,-0.731513593663657,0.994541113249049
1,1165,1165,-2.35082035952589,1.6617442374978
1,1166,1166,-1.80373636107193,1.6230271706838
1,1167,1167,-1.977544703457,2.60641665003345
1,1168,1168,-1.86902050291348,2.56856981290923
1,1169,1169,-0.901703819605818,1.50798973550669
1,1170,1170,-1.80997436358533,1.98834789488315
1,1171,1171,-1.65886680233786,1.83117510499083
1,1172,1172,-1.75529429087786,2.0664571465259
1,1173,1173,-1.79296444461014,1.51274641941095
1,1174,1174,-1.62926756471879,1.25220457973502
1,1175,1175,-1.04846044015872,1.81424161061751
1,1176,1176,-2.44393374658996,1.20113723502688
1,1177,1177,-2.61082220430228,1.22243409582964
1,1178,1178,-2.51163161404597,1.04093595729985
1,1179,1179,-2.46960292184595,2.34597093055604
1,1180,1180,-2.80543707491242,2.14928102899592
1,1181,1181,-2.82489820697666,1.72112597895474
1,1182,1182,-1.25948376731439,2.40894903973213
1,1183,1183,-0.95427328053486,2.02293356616214
1,1184,1184,-0.835488058964362,2.20005840009131
1,1185,1185,-2.06638896306019,1.70910242375055
1,1186,1186,-1.8285825476677,1.40131563357744
1,1187,1187,-1.91858775167241,1.72901160758331
1,1188,1188,-2.67684565604277,1.76204639651136
1,1189,1189,-2.39426965854808,1.54109084640457
1,1190,1190,-2.44160009762384,1.57631068651125
1,1191,1191,-1.16867289505629,1.73362378947203
1,1192,1192,-0.662439368457369,1.9772357112017
1,1193,1193,-0.800381839929228,2.49553451902216
1,1194,1194,-0.655007159446583,2.43554485943963
1,1195,1195,-1.17052150975813,1.5257008194526
1,1196,1196,-2.67712057071577,2.36115328293331
1,1197,1197,-2.20567383059814,1.82080401580715
1,1198,1198,-1.64602700551727,2.22724684765545
1,1199,1199,-2.86519229383355,1.96725593222325
1,1200,1200,-2.06079775016801,1.36338981328594
1,1201,1201,-2.04758279604131,1.53109196775207
1,1202,1202,-3.21397825783463,2.32411556854343
1,1203,1203,-2.41204463130652,1.29798658360924
1,1204,1204,-2.44394813916567,1.53163014315175
1,1205,1205,-1.86572306803797,1.67913832954424
1,1206,1206,-2.98338091678931,1.89199625770506
1,1207,1207,-1.9238106579015,1.30560919374233
1,1208,1208,-2.39660151625327,1.36375817311317
1,1209,1209,-0.784945140772916,1.22732994189418
1,1210,1210,-0.405357662229222,1.0528493315706
1,1211,1211,-0.445868277731779,1.29904506034155
1,1212,1212,-0.670646596768348,1.14714747312207
1,1213,1213,-1.34610266340779,2.22420355704253
1,1214,1214,-1.25189138622828,1.88289614934097
1,1215,1215,-1.60836446195663,1.33249258618771
1,1216,1216,-1.41263379693631,1.18159573433089
1,1217,1217,-1.35629333881203,1.21767873634532
1,1218,1218,-1.33241046305979,2.3306923347351
1,1219,1219,-0.70802067988001,0.990741712594599
1,1220,1220,-1.40164531382896,1.55201703638151
1,1221,1221,-1.74995712900718,2.19880355706229
1,1222,1222,-1.3585925420092,1.13610325950145
1,1223,1223,-2.68902436410422,2.30094156381664
1,1224,1224,-2.4392563003341,2.12037952910707
1,1225,1225,-1.42122080214215,2.10700190269588
1,1226,1226,-1.00837779557356,2.35945728408437
1,1227,1227,-0.608457151661387,1.50131819876518
1,1228,1228,-0.887612403986804,2.13710118985566
1,1229,1229,-2.14518440155205,2.34945494228891
1,1230,1230,-2.83732400952255,1.60989988074928
1,1231,1231,-2.17418888942045,1.39599583888659
1,1232,1232,-1.69476519145474,1.85014966117574
1,1233,1233,-1.84303947772336,2.50595538737032
1,1234,1234,-1.77034924958993,2.60687306011239
1,1235,1235,-1.85775525083742,2.16139240982359
1,1236,1236,-2.71920355514415,1.95205246591307
1,1237,1237,-2.00252834798637,1.84930919946081
1,1238,1238,-2.4410892974003,1.66471253115297
1,1239,1239,-1.18951837679437,1.06501340827176
1,1240,1240,-0.891267947768409,2.05439505844622
1,1241,1241,-1.18109907709538,1.92875368011926
1,1242,1242,-1.00124977168975,2.35249441075931
1,1243,1243,-1.42724415996737,1.2151738454924
1,1244,1244,-1.09803045107795,1.34132545530709
1,1245,1245,-0.943676989950802,1.25814644379806
1,1246,1246,-1.32211871912799,1.03295675873142
1,1247,1247,-1.73600787812869,0.900868620122355
1,1248,1248,-2.33486011246709,1.45529100366856
1,1249,1249,-1.88077900623375,2.19593520277054
1,1250,1250,-1.43962799555696,1.43723446010827
1,1251,1251,-2.45279286465447,2.3493762169514
1,1252,1252,-2.60370308053698,0.990884440786905
1,1253,1253,-1.6740629089828,1.15035435558282
1,1254,1254,-2.35150524582431,2.74494995257745
1,1255,1255,-1.20235767856396,2.38368363421016
1,1256,1256,-1.52066081900338,2.44275330263249
1,1257,1257,-1.5600104263319,2.59488916314538
1,1258,1258,-1.44293634873178,1.53725847440896
1,1259,1259,-1.04860412745777,1.70896555069194
1,1260,1260,-0.866210547077927,1.68370128380973
1,1261,1261,0.148778103115609,2.20804456932606
1,1262,1262,-0.559907891614869,2.00029187683559
1,1263,1263,-0.92563955040684,1.50856397748279
1,1264,1264,-0.675330852892566,1.30580848867343
1,1265,1265,-2.03421006194961,2.7830731639491
1,1266,1266,-1.41774777213133,2.07092740477994
1,1267,1267,-1.95172740262322,1.29584009886142
1,1268,1268,-1.28790502955334,1.76770384729389
1,1269,1269,-1.23214540368295,1.53905455452507
1,1270,1270,-1.24647699354017,1.7213467658471
1,1271,1271,-2.07176002397567,2.13701647849721
1,1272,1272,-2.7439776339522,2.32197415838736
1,1273,1273,-2.62530541561616,3.0177914771867
1,1274,1274,-3.69914103131836,2.40624332047631
1,1275,1275,-3.02319691775849,2.02760096793186
1,1276,1276,-2.99988835257557,2.13267192736635
1,1277,1277,-3.12391626840002,2.26984342964608
1,1278,1278,-2.20403503108803,1.73459204462628
1,1279,1279,-2.20383020274006,1.54861120629309
1,1280,1280,-2.02115479117401,1.68477850754019
1,1281,1281,-1.53665423355177,1.72144196485807
1,1282,1282,-1.14694670020779,1.53388045576706
1,1283,1283,-1.00969146304054,1.44638762560787
1,1284,1284,-0.899720799663581,1.3875466832229
1,1285,1285,-1.43050641549716,1.07779774882191
1,1286,1286,-1.95632583190506,2.15622015954902
1,1287,1287,-1.68858740024718,1.96250963601678
1,1288,1288,-1.95363151158335,1.22257136199686
1,1289,1289,-1.596160618796,1.42727483216257
1,1290,1290,-1.54537205465967,1.24836480024275
1,1291,1291,-1.81739990656597,1.48372717251329
1,1292,1292,-1.88556766752633,2.87420352095169
1,1293,1293,-0.887800720920323,2.41025272414452
1,1294,1294,-0.954145426648098,2.34374264526632
1,1295,1295,-0.564562415658901,1.7550507829257
1,1296,1296,-0.978540444970518,2.29444791771274
1,1297,1297,-1.77526985195987,1.48580442415592
1,1298,1298,-1.4211572922402,1.12232119900807
1,1299,1299,-1.95434258269003,1.67487399530919
1,1300,1300,-1.88405642284473,1.63820740223243
1,1301,1301,-2.45246041325959,1.67023803234168
1,1302,1302,-2.54910271199548,1.4165409388093
1,1303,1303,-2.57731611543246,1.78653254891821
1,1304,1304,-2.15330712549111,1.85358437500087
1,1305,1305,-2.03933728800708,1.65404972628629
1,1306,1306,-2.48722507835155,1.58919158297451
1,1307,1307,-2.00528263173802,1.44085295376508
1,1308,1308,-2.44300714813059,2.11934707717822
1,1309,1309,-2.43219962916157,2.350377077489
1,1310,1310,-2.19694325028423,1.99319907279477
1,1311,1311,-2.72103302196351,2.8770290175924
1,1312,1312,-3.01621777052099,2.48178808477936
1,1313,1313,-3.08517694020573,2.60446775574812
1,1314,1314,-1.87819535207875,1.54120312822621
1,1315,1315,-2.95308115510949,2.32480204828014
1,1316,1316,-2.72139298278198,2.42920071753146
1,1317,1317,-1.78180840093907,1.71869525575446
1,1318,1318,-2.22553736191444,1.44635178022534
1,1319,1319,-1.36832761881175,1.34388824124273
1,1320,1320,-1.87016955014776,2.22395089077993
1,1321,1321,-1.63208951584286,1.82771284443994
1,1322,1322,-1.60666899441477,1.74005207841978
1,1323,1323,-1.61060698860038,1.84960604867538
1,1324,1324,-1.53048963044668,1.80703005653229
1,1325,1325,-0.49382934086635,2.27839566256118
1,1326,1326,-0.859071256492112,1.90499963585916
1,1327,1327,-1.41665585466155,1.78563500681554
1,1328,1328,-1.64737718539029,1.46995577031136
1,1329,1329,-1.70540369055642,1.54965386419696
1,1330,1330,-0.854946764215166,2.26492831361295
1,1331,1331,-1.22290889752053,1.6877976560849
1,1332,1332,-1.45767130826244,2.00390295233239
1,1333,1333,-1.84573114511013,1.72558880817356
1,1334,1334,-2.28695996811739,1.71137012586467
1,1335,1335,-0.86076146723627,1.44594903148003
1,1336,1336,-1.15129345959058,1.31565195203269
1,1337,1337,-1.57327087492996,1.35325777144462
1,1338,1338,-1.3796721608011,1.36690071079504
1,1339,1339,-1.21325390395369,1.51001350385271
1,1340,1340,-1.80502527824479,1.90331504691263
1,1341,1341,-0.635810131856332,1.96299173159449
1,1342,1342,-0.810929382393418,2.26066706206319
1,1343,1343,-0.0986655824913653,2.35498395001399
1,1344,1344,-0.95157711373804,1.98194264462257
1,1345,1345,-0.517742870031903,3.39986149331908
1,1346,1346,-0.858490667098517,3.07423169886417
1,1347,1347,-0.938346929623501,3.15420525440769
1,1348,1348,-1.05296037917261,1.79671423505643
1,1349,1349,-1.44793566107068,1.51259670198761
1,1350,1350,-1.93217558924742,1.2680401349948
1,1351,1351,-1.62721171099288,1.45124441931098
1,1352,1352,-1.38208310700942,1.92021186270368
1,1353,1353,-1.68026198845613,2.30657022258961
1,1354,1354,-1.14149859849812,1.52139748620721
1,1355,1355,-1.08830248441768,1.5451653866287
1,1356,1356,-1.40024920318335,1.88620229249384
1,1357,1357,-1.41317331965305,1.72736004810681
1,1358,1358,-0.99076259499561,1.83502547424386
1,1359,1359,-1.79990739995441,2.39835385065559
1,1360,1360,-1.90191312560547,1.75166113466314
1,1361,1361,-1.64932993621219,2.09152692770517
1,1362,1362,-2.57241777438546,1.26222151780015
1,1363,1363,-1.57191120354348,1.8058830364982
1,1364,1364,-3.04862531908533,2.34233093373622
1,1365,1365,-2.6808658840663,2.11356143854787
1,1366,1366,-3.43847478252635,2.46141352396092
1,1367,1367,-3.48079399074337,2.47507887428437
1,1368,1368,-3.98195239194684,3.27465993665374
1,1369,1369,-2.47023410981928,2.62225539780516
1,1370,1370,-2.47134789291621,2.53908368617073
1,1371,1371,-2.44334171369746,2.65546482576746
1,1372,1372,-2.79037539040779,2.26553385896523
1,1373,1373,-3.09544345214677,2.35291286094587
1,1374,1374,-2.30967356695787,2.40847411911354
1,1375,1375,-2.04921927354789,1.63762917518582
1,1376,1376,-1.06453412452369,1.01931534120701
1,1377,1377,-1.57369518141703,1.01459210742955
1,1378,1378,-1.69216969052472,1.0147802322687
1,1379,1379,-1.89061988213993,2.12660880268578
1,1380,1380,-2.50384408244083,1.59611974825909
1,1381,1381,-1.78351995797042,1.32013570710792
1,1382,1382,-1.59644036672683,3.2722222973865
1,1383,1383,-1.69356083737477,2.03433565802772
1,1384,1384,-1.22309131159037,1.2639639882116
1,1385,1385,-1.17393300564348,1.3101733012474
1,1386,1386,-1.8558016303881,2.39453050299165
1,1387,1387,-1.64793617485655,2.24672126749582
1,1388,1388,-1.47993008444154,2.2285717328685
1,1389,1389,-1.73834817153072,2.53730817039128
1,1390,1390,-1.10648903348763,0.767160911289035
1,1391,1391,-1.44172892544257,0.93770692847736
1,1392,1392,-1.8678429353173,1.57061365567684
1,1393,1393,-1.38253819774096,1.19956689485389
1,1394,1394,-1.47824396775597,1.41428702380932
1,1395,1395,-1.46494830699445,2.15211670456821
1,1396,1396,-1.94781336407401,2.17428140580156
1,1397,1397,-1.55886641045648,1.79656326773212
1,1398,1398,-1.50673486528544,1.57857561115453
1,1399,1399,-1.86707060465642,1.89600847439469
1,1400,1400,-1.21498947953086,2.18908190217269
1,1401,1401,-0.697874933417713,3.96423132083415
1,1402,1402,-1.04377765496899,3.24620246948359
1,1403,1403,-1.14974178592666,2.36012125601679
1,1404,1404,-1.54158685040091,1.68288162419277
1,1405,1405,-1.41791330944246,2.07834301983101
1,1406,1406,-1.62690667280768,1.62049727588389
1,1407,1407,-1.03640748275542,1.3879959483981
1,1408,1408,-1.59562769859824,1.30763886496855
1,1409,1409,-2.54480508682642,1.96592120618846
1,1410,1410,-1.29259184555823,1.36644752212589
1,1411,1411,-1.59472040303608,1.45594954422756
1,1412,1412,-1.03713946272015,0.886401618531375
1,1413,1413,-1.52820123713161,1.41906104658723
1,1414,1414,-1.63247701242385,1.51405212151661
1,1415,1415,-1.88760297796832,1.88266848038837
1,1416,1416,-0.928229947126491,1.43381326423257
1,1417,1417,-0.719857853590409,0.978743811433465
1,1418,1418,-1.97232672263497,1.15576589861996
1,1419,1419,-1.81377699610665,1.79117598487627
1,1420,1420,-2.1576656600137,1.6901880238329
1,1421,1421,-2.29643326745938,1.57595378995415
1,1422,1422,-1.89406019033882,0.984356652703938
1,1423,1423,-1.9165283433307,1.15076203956338
1,1424,1424,-1.8200148893583,1.56950223764939
1,1425,1425,-2.21480175185273,1.81471852026584
1,1426,1426,-1.98277302624214,1.87013667275469
1,1427,1427,-1.60996853522196,2.08317250003267
1,1428,1428,-1.67808676057036,2.28342091200896
1,1429,1429,-1.98205354600699,2.2629630176901
1,1430,1430,-1.38807078568813,1.62443192323333
1,1431,1431,-1.3539431102965,1.61423653676406
1,1432,1432,-1.87142320655504,2.28408411036292
1,1433,1433,-2.38773656815262,1.83034013260808
1,1434,1434,-1.79586779967439,1.80925047331129
1,1435,1435,-2.25725539286606,2.01438032131291
1,1436,1436,-3.2536609432978,3.15082364754891
1,1437,1437,-3.06217438228679,3.06092755508504
1,1438,1438,-2.61873110947483,3.21839118956374
1,1439,1439,-2.78442580087096,3.14815388723999
1,1440,1440,-2.52913589792731,2.47421981255589
1,1441,1441,-1.57909325979783,2.03757495666425
1,1442,1442,-1.21283904951932,2.21051340824895
1,1443,1443,-1.28155959196191,1.60977016061061
1,1444,1444,-2.3049927885072,2.22141440767907
1,1445,1445,-1.93068359374012,1.20458990506171
1,1446,1446,-1.02339567887817,1.4950154457794
1,1447,1447,-1.6908803651992,1.13588726827903
1,1448,1448,-0.992740634588605,2.42116653710664
1,1449,1449,-0.927754560207468,0.832738547929645
1,1450,1450,-1.15656679082842,0.902705250779855
1,1451,1451,-1.62793436520916,0.949347681018983
1,1452,1452,-1.41285069710778,0.871912420493867
1,1453,1453,-1.32352676679117,0.836773320138106
1,1454,1454,-2.24856625620986,1.53757675109253
1,1455,1455,-2.65584488391037,1.32974977204679
1,1456,1456,-2.60510086273029,1.26690769484252
1,1457,1457,-1.15010718850917,1.32805908574641
1,1458,1458,-0.771624223993625,1.0090295160623
1,1459,1459,-1.58568542838445,1.23352001267101
1,1460,1460,-1.69358948481041,1.56026870219647
1,1461,1461,-1.85704496811889,2.12057294291185
1,1462,1462,-2.0344923632908,1.92917523769691
1,1463,1463,-0.777520444151923,2.10158462619898
1,1464,1464,-1.90369094288077,1.76890157069526
1,1465,1465,-1.76836826592265,1.10853267671988
1,1466,1466,-1.71045473573562,1.27640300489682
1,1467,1467,-2.04083110044216,1.86896905573537
1,1468,1468,-0.973869339538247,1.05519465753053
1,1469,1469,-1.41891056932851,1.2911537703533
1,1470,1470,-1.02932627756178,1.08937265195929
1,1471,1471,-0.833075697082307,1.20447655703897
1,1472,1472,-1.34707096050004,1.59782823343462
1,1473,1473,-1.14698154116865,1.23464727151487
1,1474,1474,-1.13449036066762,1.95275100758359
1,1475,1475,-1.66752184936502,2.64784164364796
1,1476,1476,-1.51945541728737,2.31378160394777
1,1477,1477,-1.63979494304595,2.24133123021065
1,1478,1478,-1.44417825178467,1.72153610204568
1,1479,1479,-1.93046579142469,2.13598558517831
1,1480,1480,-2.24560661902073,1.72056480880641
1,1481,1481,-3.08276895523967,1.92225028861021
1,1482,1482,-2.8468291855667,2.61450803690013
1,1483,1483,-3.03818292689481,2.50166971465473
1,1484,1484,-2.08568581206428,2.32732143854533
1,1485,1485,-1.67972867744715,1.9173633976514
1,1486,1486,-1.12574735019935,1.60510696380393
1,1487,1487,-1.66271958445143,2.42380108605654
1,1488,1488,-1.92590860367229,1.97371409527577
1,1489,1489,-0.714675289274549,1.23530908937279
1,1490,1490,-1.34014771245397,0.95200031706918
1,1491,1491,-2.49176114379466,1.5740357181973
1,1492,1492,-2.06727945705636,1.34447396495758
1,1493,1493,-2.47188443707922,2.34582086977316
1,1494,1494,-1.71420523684942,1.75343503229152
1,1495,1495,-2.07712370820925,1.66987715714743
1,1496,1496,-1.53744029832177,1.15406707634286
1,1497,1497,-2.43750171225587,1.75848238734785
1,1498,1498,-2.24583957391525,3.36584529607057
1,1499,1499,-2.25476900854754,3.6688071493866
1,1500,1500,-2.45352164275323,2.83568598090677
1,1501,1501,-0.709708045929216,2.442239328939
1,1502,1502,-0.661076767574251,2.61901318569948
1,1503,1503,-0.905211769413921,2.39605589918364
1,1504,1504,-1.14927419734575,2.34322826205542
1,1505,1505,-1.00855302067777,0.823738864885485
1,1506,1506,-1.53956935142701,0.952552881187672
1,1507,1507,-1.97497520720896,1.78467088314365
1,1508,1508,-1.87902729337606,1.60385817111369
1,1509,1509,-2.38003603749842,1.59121944176321
1,1510,1510,-2.09984487067344,2.46886661386535
1,1511,1511,-1.52624949366833,1.18842239956411
1,1512,1512,-1.94627715766996,1.62184786385214
1,1513,1513,-2.55783698070237,2.27592104172075
1,1514,1514,-2.69487666127001,1.93295131701296
1,1515,1515,-3.10832232970997,2.35675910265164
1,1516,1516,-1.77585632830022,2.34238467274602
1,1517,1517,-2.03466424908322,2.36862881279725
1,1518,1518,-1.27661597878467,1.85810814713707
1,1519,1519,-1.54044079074044,0.86860774002663
1,1520,1520,-1.90034558822128,1.31943127519678
1,1521,1521,-1.81597771541636,1.87616439688202
1,1522,1522,-2.05920804246908,1.7531997422186
1,1523,1523,-1.84028364814414,0.84982881317186
1,1524,1524,-1.62056232939224,0.767501366175468
1,1525,1525,-1.56734387675958,0.874235743075499
1,1526,1526,-2.40588688698268,2.83575590123813
1,1527,1527,-1.37370568143003,1.08946933299312
1,1528,1528,-1.24219273189043,1.51489806344898
1,1529,1529,-1.35009531541854,1.93778770647716
1,1530,1530,-1.0494879433706,2.314426249417
1,1531,1531,-2.6060757482244,2.35340590077677
1,1532,1532,-2.35073037221089,2.05739220933676
1,1533,1533,-2.49252392078075,1.79593312919006
1,1534,1534,-2.55610327571902,1.10780617645683
1,1535,1535,-2.91080816152742,1.18140382834327
1,1536,1536,-2.32308902882376,2.52329910098913
1,1537,1537,-1.41923403185472,1.08207592986986
1,1538,1538,-2.50957530089704,1.91635827209621
1,1539,1539,-2.25025359360791,1.83036399982372
1,1540,1540,-2.29140353840031,1.91489072514251
1,1541,1541,-1.35252046787382,2.22120683826764
1,1542,1542,-1.34885779024183,2.44824021332494
1,1543,1543,-0.616830259691528,1.81474863037226
1,1544,1544,-1.34952551288896,1.67026866533941
1,1545,1545,-1.2604227195944,1.68755727468046
1,1546,1546,-1.12233642359887,1.22112549190238
1,1547,1547,-1.59451949099875,2.14590153287037
1,1548,1548,-0.887206093328196,1.22744278858698
1,1549,1549,-0.654038440723392,2.00441979449566
1,1550,1550,-1.34718959551213,2.5735222306391
1,1551,1551,-1.55091951233233,1.53922405674388
1,1552,1552,-1.95190442892898,1.44718773016242
1,1553,1553,-1.58151471526853,1.55750686575435
1,1554,1554,-1.02537097136868,1.31459331383151
1,1555,1555,-1.37623445451723,2.26695481262411
1,1556,1556,-0.82623054387561,1.0410965462579
1,1557,1557,-0.888936466692911,1.17432872126086
1,1558,1558,-1.11391789991425,1.89010608541886
1,1559,1559,-1.56945358109013,1.9043917292189
1,1560,1560,-3.00178388930397,2.25232514906413
1,1561,1561,-1.81807937014255,1.78357096079493
1,1562,1562,-2.22043490375392,1.85231671302537
1,1563,1563,-1.04749025374787,2.02604552840379
1,1564,1564,-0.79719043036176,2.42682604818498
1,1565,1565,-0.759345079447185,3.24485726482758
1,1566,1566,-0.51717627924137,3.46900039074549
1,1567,1567,-0.716649857634046,2.36037175728745
1,1568,1568,-3.10228144730024,2.20682117455551
1,1569,1569,-1.88339050209949,1.58869378341256
1,1570,1570,-1.3732211870316,0.725484843441921
1,1571,1571,-2.36762157951537,1.44831683068451
1,1572,1572,-1.96968095064135,1.11089140607499
1,1573,1573,-2.15336783134963,1.21684954020431
1,1574,1574,-2.88434978275928,1.48845257695381
1,1575,1575,-2.54214663428002,1.65424854874301
1,1576,1576,-2.69087160991215,1.37012226805894
1,1577,1577,-1.98933699060167,0.999256061709334
1,1578,1578,-2.14115175579134,1.34766017052801
1,1579,1579,-2.7484463112136,2.15576694747996
1,1580,1580,-2.06782243406527,1.47082837989709
1,1581,1581,-2.25601304155209,1.96414836131141
1,1582,1582,-2.6221092481822,1.77535659942428
1,1583,1583,-2.08422696330967,1.55637110201065
1,1584,1584,-2.13766394868419,1.98943080493178
1,1585,1585,-2.03145341199397,1.88123705665935
1,1586,1586,-2.02248764569889,3.1938804962025
1,1587,1587,-2.8561938574334,2.5002568459493
1,1588,1588,-2.51246529521753,2.12600817629723
1,1589,1589,-2.46109712177163,1.79465248769547
1,1590,1590,-1.78658646552828,1.62639733110621
1,1591,1591,-2.15676415409549,3.12683302726157
1,1592,1592,-1.57017259806821,3.00658935003816
1,1593,1593,-1.56296790396347,2.75108278695338
1,1594,1594,-1.05229286392368,2.07751794877359
1,1595,1595,-1.3558543066202,2.87246668991859
1,1596,1596,-0.711563295262446,2.85961797903659
1,1597,1597,-0.4646047003873,2.56201119927464
1,1598,1598,-0.50348742119611,1.97844209787391
1,1599,1599,-0.639686055991318,1.78465630941565
1,1600,1600,-0.904084777662062,2.28682117920723
1,1601,1601,-1.4921545293081,1.74212769374003
1,1602,1602,-1.46895707875889,1.30955723958564
1,1603,1603,-1.49916668125933,1.73563734842933
1,1604,1604,-1.18038541601934,1.54546561013398
1,1605,1605,-1.54825745117228,1.27616077442209
1,1606,1606,-2.15977079912166,2.15977558326681
1,1607,1607,-1.59372344186109,1.79925643041398
1,1608,1608,-1.79078985602111,1.77136348094295
1,1609,1609,-1.07571241653865,1.71788590793449
1,1610,1610,-1.57868376950261,2.41199192196361
1,1611,1611,-1.26318806026271,1.67731750317795
1,1612,1612,-1.68217890866973,2.12967271352499
1,1613,1613,-1.07205400407379,1.55854407130562
1,1614,1614,-1.05610539971805,2.27161572284618
1,1615,1615,-0.635481050648567,1.86370156601127
1,1616,1616,-1.1547130141509,1.67703058078917
1,1617,1617,-0.854967355039221,2.45267049898246
1,1618,1618,-0.794075397596345,2.04059239196215
1,1619,1619,-0.971978837592597,1.73046772733914
1,1620,1620,-1.1083282096247,2.86218351077327
1,1621,1621,-0.825314318024127,2.32906656248683
1,1622,1622,-0.889481226780704,2.50196218105749
1,1623,1623,-3.64114328939077,1.89740813080424
1,1624,1624,-2.65465052343755,1.3845065994382
1,1625,1625,-2.80786575795246,1.8712380972741
1,1626,1626,-2.27355893756522,2.08838439795456
1,1627,1627,-0.179873447471792,2.03826953565404
1,1628,1628,-0.973643599811427,1.63433116975771
1,1629,1629,-2.18373215722207,2.49790669850206
1,1630,1630,-1.48890824905651,2.023933380833
1,1631,1631,-1.72259860127786,2.27201787283596
1,1632,1632,-1.40005494897119,1.88828154213128
1,1633,1633,-1.63533206923168,1.77312835601939
1,1634,1634,-1.62588686289262,4.15736189635486
1,1635,1635,-1.76247580515444,4.32399331250582
1,1636,1636,-1.90905891224684,3.04615740158293
1,1637,1637,-2.17400312089632,2.43701285600937
1,1638,1638,-1.8281371080977,2.00397541160746
1,1639,1639,-2.89700569921908,2.80267634094533
1,1640,1640,-1.45453245022193,1.9976037128596
1,1641,1641,-1.56427897625883,2.35313992733801
1,1642,1642,-0.951138946916991,2.10420195727448
1,1643,1643,-1.47504134174155,1.17440405894336
1,1644,1644,-1.19587957572262,1.24050020123994
1,1645,1645,-2.10395602860152,1.87989972389894
1,1646,1646,-1.963196035093,1.5723864481015
1,1647,1647,-2.08322634357485,1.60765050067512
1,1648,1648,-1.19968758907416,0.865096872449267
1,1649,1649,-1.73143673349609,2.20559342228729
1,1650,1650,-2.69830616598088,2.05335031147182
1,1651,1651,-2.4884215764841,1.20179401668643
1,1652,1652,-1.66593543703724,1.36047068191298
1,1653,1653,-2.09359572539084,1.27310703630867
1,1654,1654,-1.2029965629763,1.32004722153894
1,1655,1655,-1.30260906223745,1.35327869502302
1,1656,1656,-1.47182549997076,1.70305387534589
1,1657,1657,-2.25606916476867,1.95013506997628
1,1658,1658,-2.37976775441598,1.3391551038836
1,1659,1659,-2.04973120549349,2.05621378773277
1,1660,1660,-2.23025215800154,2.03795812567875
1,1661,1661,-1.59171323360526,2.10510607873856
1,1662,1662,-1.28143950110615,2.12128905282532
1,1663,1663,-1.43481114209679,1.13976065229734
1,1664,1664,-1.71541100191902,1.21625121833002
1,1665,1665,-1.09644895693614,1.61145578131094
1,1666,1666,-0.797088674802828,1.38031425567265
1,1667,1667,-0.608466546870308,1.99602438664888
1,1668,1668,-1.34239431489155,2.08936750882005
1,1669,1669,-1.61904692855267,1.86108418722015
1,1670,1670,-0.817534401221014,1.38645013429572
1,1671,1671,-1.51545879480805,2.1285103544222
1,1672,1672,-3.02342472543178,2.13749575419314
1,1673,1673,-1.98401783534847,1.66240228685494
1,1674,1674,-1.64909821039635,1.97258557620991
1,1675,1675,-0.715319228891374,2.17546737130835
1,1676,1676,-1.38879249242349,1.94059740424433
1,1677,1677,-1.34319053596211,2.05106349683342
1,1678,1678,-1.59947854240966,2.15442343868565
1,1679,1679,-2.04299831216609,2.19470259834727
1,1680,1680,-1.8536044234797,1.75251883667376
1,1681,1681,-1.9625026695638,2.35377805202252
1,1682,1682,-2.15143197028301,1.35790889667793
1,1683,1683,-1.46417376339639,0.896700269079725
1,1684,1684,-1.20872521470465,1.32981360871849
1,1685,1685,-1.05924535545798,1.41220188153308
1,1686,1686,-1.91531213686108,2.27239876641295
1,1687,1687,-1.14100401635376,1.9675758247573
1,1688,1688,-1.93333569572743,1.82460333855266
1,1689,1689,-1.32448462092696,2.22214973781459
1,1690,1690,-1.38735459220194,1.327980453127
1,1691,1691,-2.02320339764025,1.69922024509485
1,1692,1692,-1.41706747967286,1.53044404232691
1,1693,1693,-1.33906454892049,1.74235689900962
1,1694,1694,-1.77934776159001,1.57700564404364
1,1695,1695,-1.66850397512869,1.85747964322761
1,1696,1696,-1.71785372876958,1.83106660692007
1,1697,1697,-1.71610654284594,1.94447577295211
1,1698,1698,-1.68945431575,1.86478663848565
1,1699,1699,-1.53590781279667,2.39136868327381
1,1700,1700,-0.696563849413989,1.55180788479143
1,1701,1701,-2.57445278172552,1.88783297270414
1,1702,1702,-2.63220421915742,2.55852946623697
1,1703,1703,-1.22950263431711,2.21110602069396
1,1704,1704,-1.5052649177641,2.33063989106614
1,1705,1705,-1.39084439690223,2.89616597173879
1,1706,1706,-1.16853132339859,3.36641981948669
1,1707,1707,-1.37662667588483,2.7930943165804
1,1708,1708,-1.54774806416033,2.57303639086306
1,1709,1709,-1.22239079843901,1.31725723489429
1,1710,1710,-1.11772520955885,1.04099387474232
1,1711,1711,-0.864911022847447,2.46732911858269
1,1712,1712,-0.993143999522156,1.22618331981956
1,1713,1713,-1.53203435401418,1.47173014491339
1,1714,1714,-1.97460179216592,1.52976974029417
1,1715,1715,-1.69563612718738,1.24149530036706
1,1716,1716,-2.41461348926451,2.44752414184706
1,1717,1717,-1.30975247273199,1.48284750833184
1,1718,1718,-1.18889639476859,1.42550429001801
1,1719,1719,-1.92497721411686,1.79201613288522
1,1720,1720,-1.90391265310335,1.68161324415669
1,1721,1721,-1.82669373269143,1.97755020783504
1,1722,1722,-2.12467420341513,1.26551308383655
1,1723,1723,-1.97485036536021,1.27558948037286
1,1724,1724,-2.35392616147243,1.45804079387186
1,1725,1725,-1.78112760657673,1.71843350194315
1,1726,1726,-1.57221119127096,2.25388256466907
1,1727,1727,-1.62306456894238,2.28131477362326
1,1728,1728,-1.39481246999921,1.86502534526291
1,1729,1729,-1.88074803611008,1.78121014044431
1,1730,1730,-1.74642426220723,1.82174289923044
1,1731,1731,-1.91059673401181,1.91769508416303
1,1732,1732,-1.91249306673662,2.14361526232743
1,1733,1733,-2.48882426895012,2.16259202060592
1,1734,1734,-2.72642900055473,1.93119024000218
1,1735,1735,-2.84985047995688,2.25398105297655
1,1736,1736,-2.77890137892637,2.29894276686066
1,1737,1737,-0.686929011117036,0.98553310944671
1,1738,1738,-0.38441272345717,1.56815824796488
1,1739,1739,-1.11398906013579,2.01129924681753
1,1740,1740,-0.753479041728326,2.34611443434983
1,1741,1741,-0.0784834308075531,2.57948013968562
1,1742,1742,-1.7722420608529,1.37829163404879
1,1743,1743,-1.38811418071874,1.37995440589363
1,1744,1744,-1.77869565800025,2.22221075425
1,1745,1745,-1.82746212866392,1.40002461881983
1,1746,1746,-1.97633568259699,2.26500475252649
1,1747,1747,-2.80578005633896,2.53172622810343
1,1748,1748,-2.14187881235597,2.2346226086189
1,1749,1749,-2.76479162129092,2.51387789688217
1,1750,1750,-1.00091110699993,0.600763244821325
1,1751,1751,-1.97541027835239,1.93556578521286
1,1752,1752,-1.59877422804865,1.37566859526705
1,1753,1753,-1.94983174980432,2.01446332537084
1,1754,1754,-1.98612629194879,1.70567956172178
1,1755,1755,-1.57634274628516,1.2544704058315
1,1756,1756,-1.40732778943952,1.58384207314928
1,1757,1757,-1.29765921516833,1.92973697021472
1,1758,1758,-1.20889237361291,0.890999020310873
1,1759,1759,-2.17288701093552,1.81578085207316
1,1760,1760,-1.99969678018067,1.72179104595721
1,1761,1761,-2.75442498613072,1.81200861656103
1,1762,1762,-2.60884180619208,1.88767514572483
1,1763,1763,-2.270857066541,1.87018870326503
1,1764,1764,-2.28573925851968,2.04365922529216
1,1765,1765,-1.97454080792126,1.90377998838773
1,1766,1766,-2.10181242560492,2.21038316859903
1,1767,1767,-1.52644088651464,1.67629108612326
1,1768,1768,-1.46509457083187,1.57374421812028
1,1769,1769,-2.50806970006399,1.83659759634277
1,1770,1770,-2.04463236204334,1.18696176281823
1,1771,1771,-2.66916797641248,2.69967598278195
1,1772,1772,-2.24544534918516,2.55776415549478
1,1773,1773,-0.34580333453118,2.06373403338957
1,1774,1774,-0.738118891908864,1.75802225499915
1,1775,1775,-0.80990947243223,1.90201924323897
1,1776,1776,-0.406798290210904,2.01316868095898
1,1777,1777,-1.93971222266906,2.0431453339868
1,1778,1778,-1.41057901770849,1.48212493587549
1,1779,1779,-1.02113567685523,2.20851710831414
1,1780,1780,-0.386738417168687,2.74346908727099
1,1781,1781,-0.396463167366399,2.82130510097488
1,1782,1782,-0.1875912762005,2.69192784144817
1,1783,1783,-1.34053525577267,1.61620067045906
1,1784,1784,-1.46818876036724,1.78378700518015
1,1785,1785,-2.12279236143903,1.55066868878515
1,1786,1786,-2.1365042473362,2.52117235592305
1,1787,1787,-1.77471817689512,1.55700447791042
1,1788,1788,-1.82575991814524,2.65365316113638
1,1789,1789,-2.3783872042656,1.59140523198178
1,1790,1790,-3.40559189469697,2.11383050804166
1,1791,1791,-2.05757039898666,1.64976145976165
1,1792,1792,-2.59114146992244,1.9576497439331
1,1793,1793,-1.91927679038025,1.67313459823951
1,1794,1794,-2.10297856433821,2.15251099009739
1,1795,1795,-1.46227669714123,1.47143820080786
1,1796,1796,-1.41580156664008,1.32741552432644
1,1797,1797,-1.62060460528968,1.4025352212459
1,1798,1798,-1.38492946319049,1.25695960343198
1,1799,1799,-3.30465944824162,3.25728186646011
1,1800,1800,-1.92434266212873,1.55017591920034
1,1801,1801,-1.82613805731934,1.59889572646169
1,1802,1802,-1.76284612226612,1.5192443293213
1,1803,1803,-2.22154460670969,1.64174167795754
1,1804,1804,-2.33061935614332,1.93751031768019
1,1805,1805,-1.624316891638,1.30512004160135
1,1806,1806,-1.93667844097367,1.6699653047449
1,1807,1807,-0.985366818778163,1.88750417449374
1,1808,1808,-0.896812589426448,1.38585535504188
1,1809,1809,-0.838682583303852,1.41617420283237
1,1810,1810,-1.3981238502285,3.31061082843742
1,1811,1811,-0.761303231073278,2.37324124839901
1,1812,1812,-0.542000841631712,2.19034818176449
1,1813,1813,-0.51700863288302,2.67571756961662
1,1814,1814,-0.646721774408073,2.1327010466363
1,1815,1815,-0.746060448533153,2.20124923059147
1,1816,1816,-1.25252920700084,3.10735895461718
1,1817,1817,-2.45737666367103,1.68150078538922
1,1818,1818,-2.20207342822757,1.40510511667797
1,1819,1819,-3.10153998172149,1.79280892247444
1,1820,1820,-1.89884061498263,1.68706123686324
1,1821,1821,-1.39950350199628,1.34836997118609
1,1822,1822,-2.68187219745754,2.7604110518144
1,1823,1823,-2.24991142947542,1.35146301027355
1,1824,1824,-1.26345001729351,2.82901512545964
1,1825,1825,-1.98529392208757,2.63976104861999
1,1826,1826,-1.84837739117272,2.03907816638972
1,1827,1827,-1.03321509246395,2.14642801609353
1,1828,1828,-2.10512640318605,1.84056830656149
1,1829,1829,-1.72459136685081,1.51390940642826
1,1830,1830,-1.48463278126973,1.03031232361571
1,1831,1831,-1.58823451602386,1.47618272848234
1,1832,1832,-1.26309118912874,2.53721399359309
1,1833,1833,-1.2671734543592,1.54461233335754
1,1834,1834,-1.91179521898912,1.862348324716
1,1835,1835,-2.093102848204,1.72531333019414
1,1836,1836,-2.44070057652722,1.82405145058139
1,1837,1837,-1.09629709595371,1.3743213713888
1,1838,1838,-0.475308012822976,0.999824150081197
1,1839,1839,-1.26388658485889,2.35149378751163
1,1840,1840,-0.808687168392991,2.5907413341951
1,1841,1841,-1.13741691976067,2.93809503541618
1,1842,1842,-0.704987700081724,1.8617314810261
1,1843,1843,-0.840992465188212,1.4561223883529
1,1844,1844,-1.43233624328635,1.4803500285386
1,1845,1845,-1.48294669542086,1.39112131845316
1,1846,1846,-1.75680854125237,2.31419358564701
1,1847,1847,-2.7170715324733,2.16197692427457
1,1848,1848,-1.84651002344869,2.30910998719499
1,1849,1849,-1.35907882194919,1.04532608303954
1,1850,1850,-1.40685988589419,1.03314550394059
1,1851,1851,-1.87429414831263,1.35162641098061
1,1852,1852,-1.55664173788907,1.07533332345548
1,1853,1853,-1.50321242755854,1.08476989944405
1,1854,1854,-1.51138444260089,1.17675948646201
1,1855,1855,-1.83079322621408,1.57289355442449
1,1856,1856,-1.71577597306094,1.65453065867059
1,1857,1857,-1.65068426620536,1.48301138458527
1,1858,1858,-2.82059251157415,1.53222278465346
1,1859,1859,-1.69158315103173,1.14218919200505
1,1860,1860,-1.67294122848339,1.14378816482069
1,1861,1861,-1.20613961627411,1.87804898811336
1,1862,1862,-1.86626476374933,1.51221326932434
1,1863,1863,-1.82487224111625,1.45531981570579
1,1864,1864,-2.59261003424022,2.46405967713772
1,1865,1865,-4.50819344789027,2.36336815875509
1,1866,1866,-2.92098640708179,3.58221847270456
1,1867,1867,-3.07942617398185,4.25488661275245
1,1868,1868,-3.13365793126596,4.36498412465527
1,1869,1869,-0.830196806311773,0.827451293393388
1,1870,1870,-0.717706203575231,1.25150713837687
1,1871,1871,-0.155245135950436,1.35993604732074
1,1872,1872,-0.909657300030134,1.25429426800966
1,1873,1873,-0.73308188377766,2.2923292375072
1,1874,1874,-1.4089930185832,1.5441080229363
1,1875,1875,-1.34143324384433,2.18747728274866
1,1876,1876,-1.95095041804781,2.24935408465659
1,1877,1877,-1.20504977781204,2.20183215470249
1,1878,1878,-1.16332936365302,1.67281961707538
1,1879,1879,-2.67886332646032,2.08665835540075
1,1880,1880,-1.38975302098632,1.77061971480785
1,1881,1881,-1.59290234750366,1.75701648387563
1,1882,1882,-1.50107451571728,1.90578192859711
1,1883,1883,-1.57291502892337,1.94921926437871
1,1884,1884,-1.56910077699128,2.1553786349873
1,1885,1885,-1.34498672883249,2.31948663189151
1,1886,1886,-1.68704760631925,2.36256458275648
1,1887,1887,-2.47264456977843,2.60348655998101
1,1888,1888,-2.27714587704794,1.2474503711749
1,1889,1889,-2.50683112651755,1.89330387838564
1,1890,1890,-1.46712848118929,1.5403101366331
1,1891,1891,-1.07861332794738,1.45878633207085
1,1892,1892,-1.3913442305786,1.26886251193846
1,1893,1893,-0.0860421584491536,1.55224407955071
1,1894,1894,-0.124631797346183,1.29911182830229
1,1895,1895,-1.17895976176895,1.10476434217347
1,1896,1896,-1.55180969769691,1.51705599121144
1,1897,1897,-2.64287721353493,1.54298398253204
1,1898,1898,-2.65610067881597,1.96598832744092
1,1899,1899,-1.71173203719218,1.26114599324131
1,1900,1900,-2.30234407235103,1.53421897293473
1,1901,1901,-1.88373571296172,1.02801411871894
1,1902,1902,-1.97975675661182,1.21195769616791
1,1903,1903,-2.76081613296398,1.40156783653135
1,1904,1904,-3.78476842674004,1.71271190628877
1,1905,1905,-2.25114697516044,1.3338417619279
1,1906,1906,-2.39673443908676,1.44719450482794
1,1907,1907,-2.38570808596142,1.42427129909001
1,1908,1908,-1.71916026090044,1.11876467703862
1,1909,1909,-2.13525411380175,1.27466178263996
1,1910,1910,-1.05805815995861,1.66518237347775
1,1911,1911,-2.23458043870967,1.76348313252465
1,1912,1912,-1.95998756658881,1.7170383915813
1,1913,1913,-1.59753582712325,0.892751650536439
1,1914,1914,-1.57133510745574,0.932727492438091
1,1915,1915,-1.53230204504297,1.64173581151006
1,1916,1916,-1.67281186723827,1.19682201167969
1,1917,1917,-2.03254206628674,1.90340885590304
1,1918,1918,-1.44349118818583,1.54881630639818
1,1919,1919,-1.14152929750317,1.92632727027165
1,1920,1920,-1.09777072734264,1.45678705196838
1,1921,1921,-1.05106266751648,1.35423211831668
1,1922,1922,-2.17704893725294,2.37611108172059
1,1923,1923,-1.77141359890948,2.10998146332503
1,1924,1924,-1.61026486281043,1.74507080696349
1,1925,1925,-1.61976778595575,2.15643211853867
1,1926,1926,-1.75617626227578,1.32161318279021
1,1927,1927,-1.88841894508092,1.53124636804772
1,1928,1928,-2.22947838690022,2.13477698075727
1,1929,1929,-1.87759735620942,1.68013859799732
1,1930,1930,-1.69982839670276,1.87850434025733
1,1931,1931,-1.49335911333221,1.89604788164955
1,1932,1932,-1.39338481377708,1.84927543306366
1,1933,1933,-1.85721403221461,2.36887127321387
1,1934,1934,-0.97759479353299,1.03926985303165
1,1935,1935,-1.1944922886837,1.56291389240845
1,1936,1936,-1.28028700992661,1.39457508961094
1,1937,1937,-1.25372473421181,1.50201916367085
1,1938,1938,-2.04230669337183,1.70753604131477
1,1939,1939,-2.01662509187973,1.36421201450523
1,1940,1940,-2.32769523496443,2.70097561790943
1,1941,1941,-2.92307504715367,2.73439075141402
1,1942,1942,-2.05321447448788,1.99358043910142
1,1943,1943,-1.96104736287168,2.38477881994595
1,1944,1944,-0.772980754745829,1.98947633505155
1,1945,1945,-0.950530057367822,2.22573130513304
1,1946,1946,-0.491990272175956,1.86736041984065
1,1947,1947,-0.374414901454801,2.88779857592117
1,1948,1948,0.281513521318317,3.01595054853663
1,1949,1949,0.213033898848156,2.53305228291675
1,1950,1950,0.110970032642127,3.23545283894115
1,1951,1951,-0.71664221069464,1.88949289567269
1,1952,1952,-0.465380593307997,1.84239321365455
1,1953,1953,-1.81021835704748,1.71141732296903
1,1954,1954,-1.55931093246293,1.50935333242798
1,1955,1955,-1.38621130484208,1.84703692804482
1,1956,1956,-1.36404129269177,1.17750668727912
1,1957,1957,-1.17565099245767,1.10839533901874
1,1958,1958,-1.39972106765956,1.37811796255704
1,1959,1959,-1.6585303139687,1.36797075339302
1,1960,1960,-1.99256415749116,1.73628040188144
1,1961,1961,-2.22254234152003,1.81311912808315
1,1962,1962,-2.1851499707807,2.62660980548813
1,1963,1963,-2.05779753253721,3.34096780646312
1,1964,1964,-2.72775759954464,3.7473247329853
1,1965,1965,-1.87326483582886,1.48062786568235
1,1966,1966,-2.05692737274531,2.01962803299531
1,1967,1967,-1.91683150866957,1.75292815693669
1,1968,1968,-2.31524992200033,1.86294532509072
1,1969,1969,-2.53735275278106,1.60326302094795
1,1970,1970,-2.0664803379288,1.36317318351189
1,1971,1971,-2.34630179201837,1.56896580842938
1,1972,1972,-2.47995828719117,1.36484347510139
1,1973,1973,-2.56729386106307,1.33761461321262
1,1974,1974,-1.94224132986171,1.19858288149889
1,1975,1975,-3.38770699862628,2.8265644352544
1,1976,1976,-2.84461019821534,2.53207835064341
1,1977,1977,-1.97787484787881,1.89362554062395
1,1978,1978,-1.3550040911487,2.20335596558798
1,1979,1979,-1.45491779823297,1.69610900528301
1,1980,1980,-0.908704319444997,2.33467172976374
1,1981,1981,-0.855358322863101,1.5378872817691
1,1982,1982,-0.606035130728526,1.39096549260718
1,1983,1983,-1.80626168952521,1.65784816186438
1,1984,1984,-1.78759046239294,1.31495144320377
1,1985,1985,-1.21285929044594,1.05492751958673
1,1986,1986,-1.66588948157295,1.17317304707093
1,1987,1987,-2.08976978438312,1.22627099985095
1,1988,1988,-2.2277344850592,1.2068189315647
1,1989,1989,-2.84212709744981,1.8478947587102
1,1990,1990,-2.60442469154552,1.725132743989
1,1991,1991,-1.60308103893351,1.41354998676839
1,1992,1992,-1.41598422648325,1.55547530325051
1,1993,1993,-2.38628736037526,1.86519338934489
1,1994,1994,-1.93307931105708,1.66333874012051
1,1995,1995,-1.69867269934608,1.40270383349449
1,1996,1996,-1.36521695048128,1.23077081373117
1,1997,1997,-1.39094574543514,1.08200924262014
1,1998,1998,-2.4343645681104,3.09919834418283
1,1999,1999,-2.58369569915463,2.07240328437871
1,2000,2000,-1.46739121921413,2.01342196987971
2,1,2001,-1.55621778264054,1.16047708839834
2,2,2002,-1.50528828712371,1.19779534302264
2,3,2003,-1.96371631833209,1.19011491342203
2,4,2004,-2.08507531380544,1.56822743581435
2,5,2005,-2.13901203025845,1.65487196050668
2,6,2006,-2.14117999185498,1.87889981304557
2,7,2007,-2.51544586145811,1.82024266650738
2,8,2008,-2.79271159329039,1.44627678255867
2,9,2009,-1.6684862224224,1.52534478489946
2,10,2010,-1.56393108738811,1.28538550757394
2,11,2011,-1.78893867767976,1.19835597615974
2,12,2012,-1.15038084219503,1.78402763785074
2,13,2013,-1.53959933844238,1.9020364347909
2,14,2014,-2.17445585672396,1.71549012273947
2,15,2015,-1.20516517320028,1.19844270584957
2,16,2016,-1.48050988467075,1.58913785729491
2,17,2017,-2.33863221871282,1.26282340905554
2,18,2018,-2.3559041023059,1.22906894261479
2,19,2019,-2.27170412635471,1.88859129541266
2,20,2020,-2.75051801102048,1.99655899638216
2,21,2021,-2.66708298283083,1.82030384446287
2,22,2022,-2.38778439649577,1.7121042412085
2,23,2023,-2.40467161618613,1.47623973340944
2,24,2024,-1.25200138773928,0.956222692629126
2,25,2025,-2.16166892520728,1.79675204650889
2,26,2026,-2.09966045968118,1.54249334526761
2,27,2027,-1.60004769970002,1.43747804104459
2,28,2028,-1.51337981217759,1.56386777417035
2,29,2029,-1.65211336306882,1.6997097396705
2,30,2030,-1.37840900408856,1.39358129069128
2,31,2031,-1.50862499040471,1.45490572864045
2,32,2032,-1.4913940219465,1.30016194747811
2,33,2033,-1.138033882985,1.90058863220942
2,34,2034,-1.07272533685949,1.64352406946978
2,35,2035,-1.49876609759752,1.44559186573663
2,36,2036,-1.32148038833595,2.62792321309932
2,37,2037,-1.33471066751447,2.31881738334918
2,38,2038,-0.540583697895723,1.99677977829329
2,39,2039,-1.22012865679522,2.24024118166474
2,40,2040,-1.13657758546988,1.20615643197882
2,41,2041,-1.65385643111744,1.87958168516066
2,42,2042,-1.48817762870111,1.46222641686198
2,43,2043,-1.68714034096234,1.4204819711729
2,44,2044,-1.70329022557326,0.984520358222
2,45,2045,-1.3753953077188,1.12925034599744
2,46,2046,-1.97768524801296,2.52317883777243
2,47,2047,-2.30542461932364,2.38070496650655
2,48,2048,-1.97818538747887,3.08767782190867
2,49,2049,-1.00911251651348,1.94079232625602
2,50,2050,-1.41812642951176,1.33279314314648
2,51,2051,-2.46788988342644,2.90032420203669
2,52,2052,-2.10350223612786,1.72392501009056
2,53,2053,-1.98705042719346,2.01539471500175
2,54,2054,-1.70560036714198,2.03535156755031
2,55,2055,-1.55444495109016,1.31114802903827
2,56,2056,-1.46269739348366,1.41543087713052
2,57,2057,-2.08501656007088,1.89454428797028
2,58,2058,-1.64484334349433,1.40306618920581
2,59,2059,-2.23506451115327,2.60237032075383
2,60,2060,-1.58037272405297,1.468056632313
2,61,2061,-0.924397363902919,2.51518220159199
2,62,2062,-1.16218060313077,1.33824379381829
2,63,2063,-1.22255341021607,1.10030965852379
2,64,2064,-0.899198382366912,1.08225836558044
2,65,2065,-3.4454672514988,2.35432371528828
2,66,2066,-1.96258398051983,1.68876512022252
2,67,2067,-2.17419807878313,1.69288278795526
2,68,2068,-1.54810128027649,1.33115333320232
2,69,2069,-1.9109558320089,2.29672444577054
2,70,2070,-2.63438402945459,2.21904212933031
2,71,2071,-1.55891174034383,2.18796084416337
2,72,2072,-1.8198230100756,1.43964589301685
2,73,2073,-1.79103020083317,1.71694129138528
2,74,2074,-2.10053757436363,1.84082151373105
2,75,2075,-1.46606911736342,1.97931300693445
2,76,2076,-1.81133542678985,2.01717012040357
2,77,2077,-2.01275320404322,2.0338339721886
2,78,2078,-1.18206209547675,1.38425081289384
2,79,2079,-1.2541598179171,1.34371973225242
2,80,2080,-1.62867041919328,1.19691068041097
2,81,2081,-0.899018793858756,1.02147962077063
2,82,2082,-1.17120247162558,1.3471026201937
2,83,2083,-1.23922331683997,1.00432730659517
2,84,2084,-1.29936904435237,1.11743535953809
2,85,2085,-1.67057843876566,1.18167770081841
2,86,2086,-1.48905000221718,0.99544617303874
2,87,2087,-1.31739730466207,1.02318597312012
2,88,2088,-3.4265479014397,2.24095742372529
2,89,2089,-1.47546403604289,0.984757183014932
2,90,2090,-1.72829175563319,1.28772916149237
2,91,2091,-0.84924431626537,1.44205580852466
2,92,2092,-0.562769461891707,1.3892072938673
2,93,2093,-1.32328511877145,1.63805833055498
2,94,2094,-1.42572862809927,1.44057946472431
2,95,2095,-0.90259420945102,1.28291564049553
2,96,2096,-0.930164327560058,1.12951028054859
2,97,2097,-0.478613476851956,1.60928691286321
2,98,2098,-1.09068614831622,1.67990425417682
2,99,2099,-1.06628324787136,1.31562818421353
2,100,2100,-0.727244776158545,1.49043087271491
2,101,2101,-1.42658902264039,1.29844666840134
2,102,2102,-1.63910150852647,1.689630592088
2,103,2103,-1.276907793768,2.01980670224324
2,104,2104,-0.807623464372096,2.02529052752043
2,105,2105,-0.775290642155618,1.58436805243913
2,106,2106,-0.840869707001225,1.62778454173197
2,107,2107,-0.379087113174134,2.16783544081276
2,108,2108,-2.22838095011545,1.87986206755198
2,109,2109,-1.38251200698302,1.81491485685366
2,110,2110,-1.3853822305705,1.77784119212552
2,111,2111,-1.23736612445812,1.64743861311683
2,112,2112,-1.1853857188471,1.47903995220687
2,113,2113,-1.30925341916292,1.13324777188869
2,114,2114,-1.6972813515705,1.42391487350739
2,115,2115,-1.14210842902422,1.31861531073944
2,116,2116,-2.31355591313542,1.08784533737677
2,117,2117,-3.11080186578342,2.41595386379145
2,118,2118,-2.88445587486784,1.25648600569843
2,119,2119,-1.51340640452006,0.94403506903266
2,120,2120,-1.57128704103725,2.33389172177611
2,121,2121,-0.9601069640416,1.16994241451365
2,122,2122,-1.57942879305178,1.78326418031454
2,123,2123,-0.99459110245192,1.25761246779099
2,124,2124,-1.65758091664023,1.69120561720848
2,125,2125,-1.63449639867169,1.58600163030949
2,126,2126,-1.5400020589374,1.62662255487548
2,127,2127,-1.63606166375829,1.86534811386416
2,128,2128,-1.97242602471189,1.50246347006781
2,129,2129,-2.47181927115687,1.76783169734481
2,130,2130,-2.55968624997873,2.28382449183374
2,131,2131,-2.10522463986295,2.72198995328671
2,132,2132,-2.05778818101224,3.05126463507024
2,133,2133,-1.68883564945675,2.25103321635178
2,134,2134,-1.5859947317447,1.82535143887857
2,135,2135,-1.57222906640957,2.68660729727588
2,136,2136,-1.98547122260174,2.93685908102165
2,137,2137,-1.01083007008163,2.38567353607143
2,138,2138,-1.20918773263118,1.54911303805328
2,139,2139,-1.13652272977054,1.72349688226352
2,140,2140,-1.23288263109086,2.6060759744055
2,141,2141,-1.36115312895066,2.53070383975422
2,142,2142,-1.48509498824889,1.94717632135399
2,143,2143,-1.53277729062269,1.97523735171727
2,144,2144,-2.71727501706118,2.14302885672351
2,145,2145,-1.82809570794899,1.81447178053401
2,146,2146,-1.97284801362237,2.07674421892808
2,147,2147,-1.95323634418824,2.07728536219007
2,148,2148,-1.99046684341161,1.71741702070714
2,149,2149,-1.5244502754001,1.42371515494538
2,150,2150,-2.08221764829638,1.44767485082657
2,151,2151,-1.87752635105132,1.31808148527692
2,152,2152,-2.42178899861516,1.89207527125398
2,153,2153,-2.4371947823091,3.6158093939713
2,154,2154,-2.42969364059232,2.94245540025845
2,155,2155,-4.19362333156507,4.5295992616577
2,156,2156,-2.21152512225617,0.970134385265395
2,157,2157,-2.73794168820138,1.02956582362162
2,158,2158,-2.38105472406769,0.880022620854764
2,159,2159,-1.91394094366953,1.06555002690259
2,160,2160,-1.66675537922609,1.72178702841222
2,161,2161,-1.74960600895843,1.749857967704
2,162,2162,-1.20378785427776,1.80960793291983
2,163,2163,-1.43382991667317,1.65212546753566
2,164,2164,-1.46976197551178,1.35941960666811
2,165,2165,-1.63248642127316,1.48432859075342
2,166,2166,-1.14355127638136,1.83711072239772
2,167,2167,-1.30053100796703,1.90941343826341
2,168,2168,-1.03669548213766,2.06493673118403
2,169,2169,-1.08390683656871,1.73807421453749
2,170,2170,-0.983301604646889,1.66913151275435
2,171,2171,-1.29652233159727,1.70469191923005
2,172,2172,-0.881353335576712,1.15565131435511
2,173,2173,-1.21593524899495,1.7534891343481
2,174,2174,-1.0960192261784,1.18781927726048
2,175,2175,-1.84623162511181,1.30577454744307
2,176,2176,-1.90097173697417,1.28134425635732
2,177,2177,-1.45367639061097,2.06902995342957
2,178,2178,-1.36127000454377,1.44490735477171
2,179,2179,-1.12797091424803,1.61381981933318
2,180,2180,-1.78510445735611,1.90778145871277
2,181,2181,-1.69952735790572,0.790348885476255
2,182,2182,-1.63428551567219,0.735375230750734
2,183,2183,-1.62726267812859,1.17597136685872
2,184,2184,-2.62344412697254,1.70703949606097
2,185,2185,-2.64948636292577,1.67946116883059
2,186,2186,-1.80660866096411,1.50029539134536
2,187,2187,-1.56796406652771,1.40898387775561
2,188,2188,-2.0637173149856,1.54176274204546
2,189,2189,-2.42411580415163,1.33244010302805
2,190,2190,-1.99086585351953,1.70062295139461
2,191,2191,-1.34420910079552,1.54661691896468
2,192,2192,-1.97969764665991,1.49405103849309
2,193,2193,-1.31772761812981,1.04954543329377
2,194,2194,-1.41226132347077,1.11904209792149
2,195,2195,-1.4726935557224,0.748128188981336
2,196,2196,-1.52015765815495,1.1269365013879
2,197,2197,-1.56207942089997,1.31476488637905
2,198,2198,-1.74361209851123,1.58436835454003
2,199,2199,-2.32448779719368,1.45359640558539
2,200,2200,-0.937758569440872,1.13447186558758
2,201,2201,-1.31717400323279,1.34620625424753
2,202,2202,-1.89165624139363,2.03711695771341
2,203,2203,-1.74391706304107,1.28870163028136
2,204,2204,-1.63615591080344,1.48118912958267
2,205,2205,-2.51362613691858,1.72983864857897
2,206,2206,-2.19944859973819,1.81962722506451
2,207,2207,-2.82656387954418,1.20623557383935
2,208,2208,-3.18885954916047,2.3675076730991
2,209,2209,-1.49363773067441,1.24168865395224
2,210,2210,-0.798294785960175,1.20440163494924
2,211,2211,-0.911917122583787,1.21997741679641
2,212,2212,-1.32522930743318,1.96286168413947
2,213,2213,-3.08660879025747,1.61293177556856
2,214,2214,-1.40411582356028,1.68911465057086
2,215,2215,-2.08055898679473,1.29403428208714
2,216,2216,-1.01286671896704,1.5910000456195
2,217,2217,-2.88177111270868,1.79015964740687
2,218,2218,-1.94124702279965,1.80513580607846
2,219,2219,-2.21488113610743,3.12418854864569
2,220,2220,-2.1504312454518,2.46024891058853
2,221,2221,-1.6961201872545,1.93971508611633
2,222,2222,-1.21955776925694,2.25583689185759
2,223,2223,-0.448357171157195,1.8421518840052
2,224,2224,-0.413769468100137,1.70274893364329
2,225,2225,-1.33264993167062,1.96956828122423
2,226,2226,-1.51802488714339,1.39195784474537
2,227,2227,-1.90842668160457,2.11042529849516
2,228,2228,-1.95156026760059,1.76309096047978
2,229,2229,-2.19911879259584,2.26773813694257
2,230,2230,-1.73583454062741,1.11611141456175
2,231,2231,-1.61057282002611,1.30146936408304
2,232,2232,-1.28488118857516,1.17055981396132
2,233,2233,-1.39799952215698,1.25257229637617
2,234,2234,-1.79247607460709,1.03184402157283
2,235,2235,-1.95680428605551,1.21963332198993
2,236,2236,-2.34977394168905,1.41926089316016
2,237,2237,-1.46782454783649,0.800531693214168
2,238,2238,-1.5184433562934,1.79270316082367
2,239,2239,-1.95472050173048,1.10049605468257
2,240,2240,-1.95728753042354,1.69090093940477
2,241,2241,-1.6804389371295,1.16478074895781
2,242,2242,-2.2340438114328,2.71461132676568
2,243,2243,-1.80229130764076,1.53484065081991
2,244,2244,-1.98390356791612,1.79374013722597
2,245,2245,-2.87205783678771,1.82059065485483
2,246,2246,-3.03292080562633,2.03556096714623
2,247,2247,-2.76043078603893,1.71657946541355
2,248,2248,-0.25802478550352,0.945682847800422
2,249,2249,-1.49216671987063,1.15135201523429
2,250,2250,-0.201387123434304,0.885944804270555
2,251,2251,-1.45053323122228,1.24770243880946
2,252,2252,-1.80030657071329,2.00487089729379
2,253,2253,-2.03811772589608,1.1277525949495
2,254,2254,-2.40715926288261,1.43355076987137
2,255,2255,-1.62727992867731,1.24778311543402
2,256,2256,-2.43077833924777,2.03470445843752
2,257,2257,-2.72546432756975,1.99601384263729
2,258,2258,-2.33564907313092,2.3539622446768
2,259,2259,-2.11701357333175,2.47594788264524
2,260,2260,-3.11362736223687,2.90744762102966
2,261,2261,-2.1620220984497,1.59969832284917
2,262,2262,-2.5286032176629,1.71146985194264
2,263,2263,-2.39113306511148,1.73650998756753
2,264,2264,-2.3575505154766,1.65790085928304
2,265,2265,-1.97845553986413,2.4683530256124
2,266,2266,-1.41048757185373,0.96404411955705
2,267,2267,-2.3282219318099,2.74558955038553
2,268,2268,-1.67060225176861,1.55141519535008
2,269,2269,-1.49654041494058,1.82260135517353
2,270,2270,-2.00712607549761,1.84436045569486
2,271,2271,-2.02506338953615,2.64772183326865
2,272,2272,-1.56253697073026,1.63948202643915
2,273,2273,-1.25677826756983,1.76371206298169
2,274,2274,-1.63462889744672,1.45831309952113
2,275,2275,-1.09653670190853,1.04288261622757
2,276,2276,-1.16751739443201,1.12138040253193
2,277,2277,-2.0540861290252,0.908480746307726
2,278,2278,-2.22343184955734,0.922787350435732
2,279,2279,-1.76582749725103,0.885848174034957
2,280,2280,-2.71528124067272,2.12556571378159
2,281,2281,-2.68103225449709,1.76705504866348
2,282,2282,-2.1031322126494,1.93014590987367
2,283,2283,-2.00256340463513,1.57371420844125
2,284,2284,-1.28663694368955,1.41490772856125
2,285,2285,-2.11696516225348,1.73170864916972
2,286,2286,-2.98746222561839,1.58976549759484
2,287,2287,-2.84587024425739,1.76529123219983
2,288,2288,-1.72732604483232,1.91314871816837
2,289,2289,-2.59018632879651,1.7457333834064
2,290,2290,-2.9023778921007,2.24429283061559
2,291,2291,-3.15510632819323,2.17274963649598
2,292,2292,-2.32239027294665,2.16691440156142
2,293,2293,-2.97325732680595,2.56964496971393
2,294,2294,-2.43206136493923,1.82561830179299
2,295,2295,-3.02952589292982,1.92398677334051
2,296,2296,-2.95433946698208,2.32148335181689
2,297,2297,-2.59691601581739,1.85806727233438
2,298,2298,-1.89413968590293,1.84314046115818
2,299,2299,-1.9184031012023,1.92488006611154
2,300,2300,-1.36412071556857,1.58991339359355
2,301,2301,-1.81171998133212,1.80150821379684
2,302,2302,-2.16134830952592,2.0066795759332
2,303,2303,-1.99748578539194,1.77753562604359
2,304,2304,-2.14218027745974,2.08084147304571
2,305,2305,-2.04701608849549,2.1152304674196
2,306,2306,-1.50883120059471,1.26235633419484
2,307,2307,-1.75470762434949,1.7542301506709
2,308,2308,-1.88061787841731,1.79981153051584
2,309,2309,-2.56756172688626,2.16378847926996
2,310,2310,-1.9014454709746,1.67363583841858
2,311,2311,-2.78964562052429,2.41390936200263
2,312,2312,-2.46554620253669,1.50174700247439
2,313,2313,-2.08829097901622,1.55613375920814
2,314,2314,-2.04487075557756,1.50290420955815
2,315,2315,-1.34456840650333,2.0025483830636
2,316,2316,-1.148706499931,2.36253931736638
2,317,2317,-1.81678985130394,1.93655527677668
2,318,2318,-1.70125744659205,1.8097416395149
2,319,2319,-1.73876503428222,2.08554574028631
2,320,2320,-1.68721907840236,2.0329065469954
2,321,2321,-1.95262693193859,2.26647028826007
2,322,2322,-2.19980622097422,2.25765231571083
2,323,2323,-0.720892650397284,2.75147685902089
2,324,2324,-0.568095856915882,2.28179182024857
2,325,2325,-0.588141768012149,2.12272286989169
2,326,2326,-1.32302807526438,2.71659279470587
2,327,2327,-1.41571697378851,1.97143688363829
2,328,2328,-2.20845000833882,1.96248814629433
2,329,2329,-0.975772797979359,2.37393464586465
2,330,2330,-1.46336163396521,3.97078405029491
2,331,2331,-1.47879879487223,2.53634255071839
2,332,2332,-1.53275716383962,2.54341070948572
2,333,2333,-1.36156461032666,1.30133432708737
2,334,2334,-1.91437857989615,1.73401781836874
2,335,2335,-1.79252308014475,1.26127446031745
2,336,2336,-0.518652271235624,1.00504854575619
2,337,2337,-1.22441537445527,1.65910035334747
2,338,2338,-0.971649077630209,1.14824329254937
2,339,2339,-1.22268147875156,1.33071889843535
2,340,2340,-1.35682120931301,2.00837012098821
2,341,2341,-0.821450397693353,2.06034193073901
2,342,2342,-1.19128872034521,1.74686211373379
2,343,2343,-0.877315743194563,0.759862325571659
2,344,2344,-0.783581302436486,1.0273014423324
2,345,2345,-0.983398446321233,1.67993642108414
2,346,2346,-1.35303662979373,1.49554602235806
2,347,2347,-0.97180470079587,1.34961139507368
2,348,2348,-1.31896940018733,1.39296146499038
2,349,2349,-1.35084227995248,1.24620534618394
2,350,2350,-1.44617937226496,0.789290696855789
2,351,2351,-2.09822736920269,0.833724165671817
2,352,2352,-1.86117840864404,1.23455879208212
2,353,2353,-1.28676123250002,1.5151790746202
2,354,2354,-1.27449407089489,1.32791986525548
2,355,2355,-1.63188610666389,1.35171613208825
2,356,2356,-2.30555051985078,1.91721428155846
2,357,2357,-2.17105003669568,1.21426690822931
2,358,2358,-2.52150681405704,1.58681644810696
2,359,2359,-2.20794539896188,1.53462852920819
2,360,2360,-1.90479697645404,1.94177190728408
2,361,2361,-2.04811125049831,2.84758644580124
2,362,2362,-2.15629008298689,2.23350979203233
2,363,2363,-2.33145366205123,2.73302139836335
2,364,2364,-1.05775650913135,2.39638761079724
2,365,2365,-1.3836432302461,1.67656561948402
2,366,2366,-1.11189660823562,1.4282831305976
2,367,2367,-1.09882892178895,1.98847089862624
2,368,2368,-0.814259726520776,1.93705674063127
2,369,2369,-0.304914606222208,3.37494919011841
2,370,2370,-1.82023585183209,1.46506363855946
2,371,2371,-1.55430388114758,1.08866611678388
2,372,2372,-1.78891446985352,1.60070746958326
2,373,2373,-1.10778635755771,2.27849771851642
2,374,2374,-1.50041426810663,1.80955992556918
2,375,2375,-2.13500650092586,1.66539601833052
2,376,2376,-0.77215604526371,2.90580693430676
2,377,2377,-1.602856876648,1.50691139238194
2,378,2378,-1.10777990428677,1.0717116288977
2,379,2379,-1.17114423293491,0.968959138420393
2,380,2380,-0.859953968872109,1.75927019433331
2,381,2381,-0.381671085566749,1.79037758201259
2,382,2382,-1.31215983861597,1.37586686913807
2,383,2383,-2.397358250413,2.15423625679855
2,384,2384,-3.0585461266715,1.96555594183523
2,385,2385,-1.52339928402887,2.13212495103619
2,386,2386,-0.672210704624503,2.27438111040978
2,387,2387,-0.824835023657252,3.05539202385437
2,388,2388,-1.19129560836426,2.11154415555329
2,389,2389,-1.50263274821516,1.41166844014752
2,390,2390,-1.10401753528651,1.28567818625682
2,391,2391,-2.29108202619287,1.65028292261696
2,392,2392,-1.16106798235882,1.52539507511099
2,393,2393,-1.24102406373638,1.53300456331237
2,394,2394,-1.36598635422687,1.41573046860129
2,395,2395,-1.82036389403169,1.23569048016957
2,396,2396,-1.77083749481534,1.40352257353432
2,397,2397,-1.85222818520303,1.10331278281018
2,398,2398,-1.24798600885885,1.04052657475172
2,399,2399,-2.2944881225362,1.80569576533689
2,400,2400,-2.54837006689047,1.92499007283499
2,401,2401,-1.91354253027627,1.82200854957364
2,402,2402,-1.94561274401149,2.10478859966709
2,403,2403,-3.18522433255242,2.69078936618003
2,404,2404,-2.94987011945148,1.95365758389128
2,405,2405,-1.22134481575018,1.18557414675483
2,406,2406,-1.20982585868754,1.19897511923714
2,407,2407,-2.29589018386162,2.73378086910441
2,408,2408,-2.4016914705739,1.60240390997977
2,409,2409,-1.95879098140448,1.92439916205537
2,410,2410,-1.70530832053222,1.91122404569367
2,411,2411,-1.86304395878021,1.73975986529795
2,412,2412,-1.5168562639435,1.61580643516151
2,413,2413,-1.79608633242313,1.10263401363626
2,414,2414,-1.30804795394576,1.08351484656701
2,415,2415,-1.62253476526449,1.33450760822709
2,416,2416,-2.20400451214329,1.61511876999764
2,417,2417,-1.71584487680873,1.3923760708766
2,418,2418,-1.91031237660309,1.47922067082144
2,419,2419,-1.72029978129333,1.51461885635035
2,420,2420,-1.62226364591798,1.75976972205359
2,421,2421,-1.0196527904708,1.34901676630452
2,422,2422,-1.25045827875257,2.25374008919569
2,423,2423,-1.25450776814458,1.49588229532973
2,424,2424,-1.72696996521227,1.63232095862588
2,425,2425,-1.35914353541607,1.67625967971816
2,426,2426,-1.1538888797646,1.73287970795548
2,427,2427,-1.16474996436747,1.68866370727275
2,428,2428,-1.78470626838772,1.69376413739817
2,429,2429,-1.66103246767045,1.63758222129879
2,430,2430,-1.3209222295957,1.89590518871565
2,431,2431,-1.97902132941712,1.7998780290246
2,432,2432,-2.16656538716084,1.69750300513067
2,433,2433,-2.14069473615652,1.37518945123662
2,434,2434,-2.44118948892693,1.81588090733221
2,435,2435,-1.97245434932268,1.31952683588629
2,436,2436,-1.94877311829585,1.91870123994615
2,437,2437,-2.18183284029001,1.52585334630814
2,438,2438,-2.32532953692986,1.59738641789264
2,439,2439,-1.70296546060138,1.36773423780299
2,440,2440,-2.51625688768171,1.95100345456972
2,441,2441,-2.00111355123736,1.70113877308155
2,442,2442,-1.56488491472823,1.52795078323777
2,443,2443,-1.66037214211294,1.42084691930187
2,444,2444,-2.01825428588799,2.22605926791213
2,445,2445,-2.32001721216666,1.67682702202837
2,446,2446,-3.06271852758045,1.7808798282257
2,447,2447,-2.9850039494236,1.68506003219684
2,448,2448,-0.26319904399808,1.70435257080484
2,449,2449,-0.949740508781216,1.90355339101917
2,450,2450,-0.352696431079208,1.73217968575791
2,451,2451,-1.82505618064128,1.22351214175375
2,452,2452,-1.92266123731084,1.25210503017317
2,453,2453,-1.58610714256033,1.14381918903548
2,454,2454,-1.55401992804073,1.09468597947672
2,455,2455,-3.21258570660687,1.27156562497736
2,456,2456,-1.40053456893574,0.85453410632025
2,457,2457,-2.2335682003885,1.38032532505119
2,458,2458,-1.19934422682716,1.08488831628823
2,459,2459,-1.50538346168388,0.930014680299013
2,460,2460,-1.42206278680307,1.52728217962708
2,461,2461,-1.09111832298894,1.28189373510203
2,462,2462,-2.1525662947241,1.65181222899425
2,463,2463,-0.82358961488447,1.71341106025742
2,464,2464,-1.11428152889354,2.80367448907921
2,465,2465,-0.897081892710338,1.2267563161377
2,466,2466,-1.5420796369221,2.08812157357022
2,467,2467,-1.95646214799574,1.25748958826016
2,468,2468,-1.88023939466133,2.34781535160018
2,469,2469,-1.78495660205486,2.53588826530371
2,470,2470,-1.34213069535411,2.22708561117775
2,471,2471,-2.95067061821115,2.63914464406181
2,472,2472,-2.31046397398128,2.16536687683965
2,473,2473,-1.62783539224158,2.67874305616817
2,474,2474,-1.85808225463533,2.59401846040115
2,475,2475,-1.66800963208361,2.65662870753324
2,476,2476,-1.38558082138284,2.52770692474846
2,477,2477,-1.43898263869915,2.19978213670494
2,478,2478,-1.18113090948588,2.1505956276722
2,479,2479,-1.56339724395633,2.38507894799527
2,480,2480,-2.65626337159518,3.43128531151627
2,481,2481,-2.4715807225717,3.36764976890791
2,482,2482,-1.78937498526128,1.0584985700665
2,483,2483,-0.902089113630763,1.41995937712249
2,484,2484,-2.2749442900283,1.19519852289842
2,485,2485,-1.80062403848275,1.61865532184631
2,486,2486,-1.61019203961273,1.10656228483225
2,487,2487,-0.58747683302816,1.06000003770125
2,488,2488,-1.94711726366084,2.545395833133
2,489,2489,-2.2570780229323,2.05354489383838
2,490,2490,-2.22256138704579,1.60262691107146
2,491,2491,-1.27058541230485,1.65477375828724
2,492,2492,-1.13110972158097,1.57965279206019
2,493,2493,-1.04222765311376,1.57337258907115
2,494,2494,-1.35513922486734,1.08087346905652
2,495,2495,-2.43361418878469,1.6414584283376
2,496,2496,-2.28564992798415,1.3906238397536
2,497,2497,-2.2013547016896,1.90279427233027
2,498,2498,-2.12222694838659,2.03194393826394
2,499,2499,-1.22551829459693,3.45106500696813
2,500,2500,-2.07532037629897,2.04496736596039
2,501,2501,-2.14302452982095,2.11832393259568
2,502,2502,-2.23446718004356,1.87557880606379
2,503,2503,-1.90896270717101,1.50042374511141
2,504,2504,-1.71305887117825,1.34698985263624
2,505,2505,-1.38251124948194,1.57897531111122
2,506,2506,-1.89623453259964,1.88843840826043
2,507,2507,-1.93985157168245,2.21826423315334
2,508,2508,-1.38865768615851,2.98954146553395
2,509,2509,-2.46150411002039,2.45489851396138
2,510,2510,-2.67347904787636,2.88044441739676
2,511,2511,-2.63642478937125,3.25653781227387
2,512,2512,-2.49324035189101,2.9126704736456
2,513,2513,-2.89095604860298,2.88611823527221
2,514,2514,-1.43580472315329,1.10034017483443
2,515,2515,-1.32601243447725,1.27307813223155
2,516,2516,-0.335671732348095,2.90944315779456
2,517,2517,-1.6722860671953,1.71451283044447
2,518,2518,-2.25758022114533,1.97372648710887
2,519,2519,-0.352070642862016,2.30623244684865
2,520,2520,-0.312689558632467,1.94210883321858
2,521,2521,-0.618721226012735,1.65439131315914
2,522,2522,-1.50514083253523,1.91581897250961
2,523,2523,-1.53632104559547,1.90354281839374
2,524,2524,-0.946705590742683,1.49077217636277
2,525,2525,-1.24239177929846,1.87737660793
2,526,2526,-2.04022759192094,1.34442459660217
2,527,2527,-1.8206883827973,1.04923598597707
2,528,2528,-1.53417542141003,1.20801781983693
2,529,2529,-1.44043141753264,1.30213977125131
2,530,2530,-1.46483261609248,1.41837376912651
2,531,2531,-2.08217375327329,1.49582330289093
2,532,2532,-2.3124920603988,1.218951817397
2,533,2533,-1.70800443752187,0.647105525157421
2,534,2534,-1.74253128718732,0.806954765695247
2,535,2535,-1.58336018468425,0.955189470966591
2,536,2536,-1.99717277596203,1.15966647882115
2,537,2537,-2.30577888399302,2.53306672440768
2,538,2538,-2.45446693366014,1.07636220601812
2,539,2539,-2.62190083309613,1.54677368198122
2,540,2540,-2.47366150188135,1.67328223756275
2,541,2541,-2.15308097744975,1.84423536939406
2,542,2542,-3.04280898749499,1.72602695110223
2,543,2543,-2.12537576793767,1.59017012465322
2,544,2544,-2.1825342259893,1.81731422231839
2,545,2545,-1.25004480203384,1.83546025259455
2,546,2546,-0.959291267092296,1.68528670302134
2,547,2547,-1.23687871174647,1.10051345126882
2,548,2548,-2.16876067398896,1.35085759372306
2,549,2549,-1.78618585980357,0.842401077629786
2,550,2550,-2.12035361080885,1.31259919065287
2,551,2551,-2.4474652285257,1.72776496354676
2,552,2552,-1.45335404598679,1.62560719656621
2,553,2553,-1.46141237294475,1.62424029488537
2,554,2554,-2.42102392276537,2.53468786155004
2,555,2555,-2.53407959830614,1.22479887289244
2,556,2556,-1.84863385666515,1.01566380040863
2,557,2557,-2.17185202007185,1.16881916119993
2,558,2558,-1.70728659500339,1.30100901462451
2,559,2559,-1.76601404007619,1.53391296067507
2,560,2560,-1.99069695518874,1.45160276311801
2,561,2561,-1.7177375030911,1.7943843633175
2,562,2562,-1.56112242406183,2.04005132618087
2,563,2563,-1.6712539641511,2.00004472801602
2,564,2564,-1.72812397058331,1.33795556495427
2,565,2565,-0.936818686831027,1.1323645135731
2,566,2566,-1.7048006959392,2.10706471479987
2,567,2567,-1.94592675796041,1.71204059227712
2,568,2568,-1.84739513972392,1.55448088683859
2,569,2569,-1.58783601047437,2.24627891038499
2,570,2570,-1.65794925589201,1.69786388831121
2,571,2571,-2.05038725545047,1.39221754916124
2,572,2572,-1.72292813509882,1.48208274729382
2,573,2573,-1.69227686631337,1.48906350929179
2,574,2574,-2.14229470803613,2.65090713986671
2,575,2575,-1.96460467379091,2.050828609054
2,576,2576,-1.20244582732226,2.14270460213353
2,577,2577,-2.37577730727809,2.03135966910093
2,578,2578,-2.44947066097932,1.92543578096258
2,579,2579,-2.14628027578385,2.04112792837067
2,580,2580,-1.99210100048875,2.32842117851842
2,581,2581,-2.32800460198466,2.1335610331038
2,582,2582,-1.31923050164611,2.02607287730703
2,583,2583,-1.46905216208362,1.48107509864678
2,584,2584,-1.21415584929808,1.28356519778295
2,585,2585,-1.21824725687397,1.41957023313681
2,586,2586,-1.85237725167503,2.4471899376583
2,587,2587,-2.51206098380854,1.63735407227525
2,588,2588,-3.47119817982869,2.17004577695152
2,589,2589,-1.95437294042087,1.05389422510977
2,590,2590,-2.46548015543283,2.43465229052164
2,591,2591,-1.93376295902552,2.04618499379908
2,592,2592,-1.68801669075536,1.91559143597525
2,593,2593,-1.10754490237901,1.4820888246719
2,594,2594,-1.94342585111419,1.53378168977038
2,595,2595,-1.93052155619511,1.53936230906853
2,596,2596,-1.33346971461026,1.83213630539705
2,597,2597,-1.53393656926134,1.32439838279554
2,598,2598,-2.27847792711184,1.97617251144787
2,599,2599,-2.62945492642547,1.41532115353269
2,600,2600,-2.59764793798589,1.57199204079801
2,601,2601,-2.42422616900122,1.88076902121672
2,602,2602,-1.2383813145248,1.24504543866551
2,603,2603,-2.10549942939783,1.25293645915964
2,604,2604,-1.75949658642316,1.18823589959513
2,605,2605,-1.58795078348705,1.18175157184494
2,606,2606,-2.0304944273856,1.11876973270747
2,607,2607,-1.22037780353953,0.657240840075092
2,608,2608,-1.25286826742458,0.706015515835527
2,609,2609,-1.76660149959045,1.37703338634253
2,610,2610,-0.304016607401944,1.63047387128826
2,611,2611,-0.574541686459304,2.00895935621201
2,612,2612,-0.613553530991355,2.15032863717032
2,613,2613,-1.14402123948658,1.49385060431963
2,614,2614,-0.945620816150559,1.36036131186333
2,615,2615,-0.956769779912468,1.77196677237006
2,616,2616,-1.26271265837675,2.54222620930987
2,617,2617,-2.17640253860139,1.28373925891992
2,618,2618,-2.17973894214037,1.91345926533715
2,619,2619,-2.28357185049123,1.97591979833131
2,620,2620,-1.42833189864141,1.62245983963169
2,621,2621,-1.4488990309783,2.2799850596097
2,622,2622,-2.3643563584702,2.52192951985065
2,623,2623,-1.76097239527695,2.17182706456912
2,624,2624,-2.45860215217718,2.23744978430926
2,625,2625,-3.05265589152266,2.69971238315408
2,626,2626,-2.13726841669406,2.9885428983184
2,627,2627,-1.32169512082931,1.78595793830075
2,628,2628,-1.97865462972565,2.28816718210802
2,629,2629,-1.63700645570318,2.68864182725966
2,630,2630,-1.31163271437928,2.58796561924549
2,631,2631,-0.950786250679507,2.69125316232645
2,632,2632,-3.06628785898828,1.93535547865473
2,633,2633,-2.79113038772559,2.30706855701164
2,634,2634,-1.67534561550128,0.871848498983132
2,635,2635,-1.18288496317719,0.827228222933557
2,636,2636,-1.41902091893948,0.953482957174459
2,637,2637,-1.49676833131199,0.901752946873451
2,638,2638,-1.61338199609035,1.48124407079245
2,639,2639,-2.03715201081398,1.531935940476
2,640,2640,-1.78118474634193,1.4236694524236
2,641,2641,-1.34743396722287,1.69898594307492
2,642,2642,-1.7288578915557,2.20827731954502
2,643,2643,-1.6559884440611,1.18833115704295
2,644,2644,-2.50938678339199,2.1776571197047
2,645,2645,-2.07224551086399,1.35701070417142
2,646,2646,-2.15609177844123,1.44642569161976
2,647,2647,-2.64002614872897,1.59211897366475
2,648,2648,-1.85715023347144,1.26831701413418
2,649,2649,-1.88681103619393,1.13370349529237
2,650,2650,-2.14508683067846,1.43173363887192
2,651,2651,-1.97008727969131,2.06866167602927
2,652,2652,-1.01700470863406,1.63634252776771
2,653,2653,-0.318569100088889,1.25246538276026
2,654,2654,-1.89250766712815,1.5319248679823
2,655,2655,-2.10162730042078,2.06736732416816
2,656,2656,-1.617498733957,1.91113753431472
2,657,2657,-2.48930035206224,2.6775285084722
2,658,2658,-3.05961744311461,3.23460706788482
2,659,2659,-2.48132712302375,2.27685703019285
2,660,2660,-1.92978993783759,1.58933601758441
2,661,2661,-1.75761999101687,1.96096747389621
2,662,2662,-1.97271922975785,1.81033126155654
2,663,2663,-0.957321726698673,1.61471002851864
2,664,2664,-1.16424167973404,1.17944405939629
2,665,2665,-1.18942343012577,0.890105918385018
2,666,2666,-0.878286654133606,0.626968603799002
2,667,2667,-1.78108967768783,1.06923906736343
2,668,2668,-0.876654613422265,0.662742041134218
2,669,2669,-2.2953462893669,2.21079764689541
2,670,2670,-1.91802522845604,1.45150165271649
2,671,2671,-1.70820488781792,1.32828644116925
2,672,2672,-1.28489537144771,1.16723285961399
2,673,2673,-0.974371807401554,1.30099083305205
2,674,2674,-1.08731321850114,1.56250365821833
2,675,2675,-0.880700690085353,1.55191262829454
2,676,2676,-1.14202049056335,1.18728550861067
2,677,2677,-1.15746588896823,1.32417244873727
2,678,2678,-1.10518291628108,1.68631586115066
2,679,2679,-0.939692709186164,2.03646469627529
2,680,2680,-1.02978916414351,1.73923884569553
2,681,2681,-1.34726956047359,2.11662858594489
2,682,2682,-1.81254023709226,2.12442413987391
2,683,2683,-2.39050787867902,2.21804579926545
2,684,2684,-1.18482850903945,1.15302622162777
2,685,2685,-1.4340755790796,1.61429255694054
2,686,2686,-1.6019872881072,1.49740781486801
2,687,2687,-1.75963501228189,1.57833668362274
2,688,2688,-2.928056919443,2.44213411065891
2,689,2689,-2.38347026303929,2.31153208405
2,690,2690,-0.87002146126852,2.14589185399887
2,691,2691,-1.15385482586582,2.57748016986805
2,692,2692,-0.821092477825474,2.06209798160269
2,693,2693,-0.771149194359462,1.86512735595031
2,694,2694,-1.51577982040634,1.60932005888879
2,695,2695,-0.888479288796929,1.66444953162481
2,696,2696,-0.991678805259877,1.43002805483553
2,697,2697,-0.938015836851353,1.71155370246059
2,698,2698,-1.53693041559813,2.32834854057083
2,699,2699,-1.36293325942857,1.74489852527809
2,700,2700,-2.2034697471086,1.49826804954913
2,701,2701,-2.4065707087037,1.80011712883917
2,702,2702,-2.48301025150576,1.33988658428461
2,703,2703,-1.54106862679863,1.66436344050563
2,704,2704,-1.68756372398218,1.67272274755066
2,705,2705,-1.50659644048549,1.28771594920838
2,706,2706,-1.2708831982366,1.33955475165715
2,707,2707,-1.01899770654923,1.76582989763752
2,708,2708,-1.3264941865327,1.56667800097923
2,709,2709,-0.296394926303477,1.70630989653091
2,710,2710,-1.16397704780791,1.69287707049425
2,711,2711,-2.23336713179291,3.76190924644906
2,712,2712,-1.29672804829266,1.03598471883675
2,713,2713,-1.74646127060147,1.34044103583776
2,714,2714,-1.16018969930248,1.89509758010641
2,715,2715,-2.17231356418876,2.61054457351218
2,716,2716,-1.86474698956647,2.68598911652015
2,717,2717,-1.94863427409951,1.9500184460463
2,718,2718,-1.63804455597388,1.64945457561624
2,719,2719,-1.69115574828679,1.71148945044932
2,720,2720,-1.39971074064025,2.52850369019154
2,721,2721,-2.78874602865814,2.8621157222805
2,722,2722,-1.56798944101655,2.14970437897632
2,723,2723,-2.22601170064821,1.8862247828969
2,724,2724,-1.74824973164015,1.81587345873788
2,725,2725,-2.46773820146532,1.87525232901573
2,726,2726,-2.4892578753738,1.9893372166825
2,727,2727,-0.121397003063965,1.91585274667983
2,728,2728,-0.302678806750121,1.84711651592006
2,729,2729,-1.12523876377389,2.52052281906844
2,730,2730,-0.654788917211098,3.17255207092487
2,731,2731,-0.881393973126247,2.59441000368221
2,732,2732,-1.2087088095077,3.06573102981237
2,733,2733,-2.32393975770591,2.03478727846836
2,734,2734,-1.70391546629672,1.45677920478743
2,735,2735,-2.01862462465213,2.61031608035487
2,736,2736,-1.0865842730036,1.89675743008529
2,737,2737,-1.26837207475061,1.53166805457713
2,738,2738,-0.950768807712304,1.40338973962668
2,739,2739,-2.42563827084433,1.56621401587912
2,740,2740,-1.81721825037373,1.24991610473366
2,741,2741,-1.730691666749,1.15092577309304
2,742,2742,-1.76061777631518,1.11848205584957
2,743,2743,-1.51490074765112,1.38365042771562
2,744,2744,-1.38838997088039,2.10039155507193
2,745,2745,-1.01627004559373,1.8029426748249
2,746,2746,-1.36611311998176,1.97813822478982
2,747,2747,-2.18840731343179,2.02377633082966
2,748,2748,-1.6768012348766,2.30335774826417
2,749,2749,-1.17338191477863,2.6095233382429
2,750,2750,-1.47883870108306,0.539562169862251
2,751,2751,-2.4348651797741,2.28118307400072
2,752,2752,-0.652424070769608,2.56969213937588
2,753,2753,-0.49489202233854,2.25858920292767
2,754,2754,-0.605760347017206,2.25524205045694
2,755,2755,-0.821289634531028,2.67522531191399
2,756,2756,-0.981279152769917,2.03383059368826
2,757,2757,-1.75734874047448,1.38187690497793
2,758,2758,-1.47837303265619,1.27064896498089
2,759,2759,-0.9853767788081,1.84182551279207
2,760,2760,-1.06346147799235,2.48885304171352
2,761,2761,-0.658592116533883,1.50269701522603
2,762,2762,-1.21958782062068,1.69324363105564
2,763,2763,-2.48644226113204,2.28527414075463
2,764,2764,-1.41483798067734,2.2683658852827
2,765,2765,-1.86644237540005,2.32455119934235
2,766,2766,-0.73877103922773,1.17335664967422
2,767,2767,-0.962593980609677,1.28453732898383
2,768,2768,-0.959264876516455,1.19342487228747
2,769,2769,-1.0097761238764,2.76067489352119
2,770,2770,-1.91381809748375,1.96424506579891
2,771,2771,-1.44149108099993,1.20412906786292
2,772,2772,-2.78333959049962,1.68630676338904
2,773,2773,-2.25873098077268,1.80492551093622
2,774,2774,-2.22100600045061,2.00720426347192
2,775,2775,-1.99988728403777,2.0973494110038
2,776,2776,-2.54580618929347,1.73392747288383
2,777,2777,-1.9254193872979,1.47258363537522
2,778,2778,-2.55391801771668,1.81509716035648
2,779,2779,-1.51587526003241,1.54694598682605
2,780,2780,-2.44726793896726,1.58241624337107
2,781,2781,-1.38309712355136,0.98943616987572
2,782,2782,-1.33021306752704,1.01078446940673
2,783,2783,-1.69813400217312,1.6917613498274
2,784,2784,-1.78650870702245,1.7631459758276
2,785,2785,-1.64683796876645,1.14247331354656
2,786,2786,-1.76817654394021,1.39156066989181
2,787,2787,-1.94499092115665,1.63285990004172
2,788,2788,-1.71706217728926,2.09521686939941
2,789,2789,-1.7835610184971,1.80876909590389
2,790,2790,-1.61590482323429,2.00931528946285
2,791,2791,-1.73423700896574,1.24406071422366
2,792,2792,-1.95182649111275,1.32587636932599
2,793,2793,-1.77959930993798,1.13112933987732
2,794,2794,-2.00036211822548,2.38539390147736
2,795,2795,-0.966213005251365,0.85359771720304
2,796,2796,-1.88956128569923,2.31082341436114
2,797,2797,-1.88597917778254,2.39436687956059
2,798,2798,-1.63052508112045,1.87746763160831
2,799,2799,-1.9113528515249,2.08572949705501
2,800,2800,-1.87864570579473,2.13287628685979
2,801,2801,-1.27374645028206,2.33595501740178
2,802,2802,-1.31937139344047,1.6541481911522
2,803,2803,-1.67522613009463,2.12222130274632
2,804,2804,-1.95569257032827,1.69876533921148
2,805,2805,-2.24051844564529,1.95891454912775
2,806,2806,-1.91217035140075,1.82681397355685
2,807,2807,-1.7283586599878,1.68274948156782
2,808,2808,-1.76448873495281,1.61573329469755
2,809,2809,-1.96522294299187,1.56839382352389
2,810,2810,-2.63567573603558,2.40788065940127
2,811,2811,-2.04291679161142,2.88650689128695
2,812,2812,-2.23857874488461,2.75691521418567
2,813,2813,-2.48031626246885,2.85034511714663
2,814,2814,-1.91871847461629,2.47066722020344
2,815,2815,-2.32548281230678,2.11339413430816
2,816,2816,-1.3549000058074,1.64843074427651
2,817,2817,-1.22878414029395,1.94035257986212
2,818,2818,-1.81018675453164,1.80724226509683
2,819,2819,-2.078823766316,1.33785723792161
2,820,2820,-2.07946899871276,1.4951733845535
2,821,2821,-1.71969032939331,1.19514877498851
2,822,2822,-0.719719591742777,1.51132831485415
2,823,2823,-1.22158853092274,2.15883127257347
2,824,2824,-0.631360389338287,1.04776998388291
2,825,2825,-1.96385496581586,1.67869225593134
2,826,2826,-1.05346628788753,1.19386842596817
2,827,2827,-2.14972918482691,1.69272575875151
2,828,2828,-1.31684419406823,0.943748997510479
2,829,2829,-2.17934111778776,1.7488256116167
2,830,2830,-1.37526056796283,1.35630413240548
2,831,2831,-2.15666994447702,1.50471929675909
2,832,2832,-1.31574668134294,1.3098206548847
2,833,2833,-2.01607942531164,1.75540668686654
2,834,2834,-1.17855485067306,1.44195187756633
2,835,2835,-2.13287665574549,1.73111776115063
2,836,2836,-1.71494735259159,1.60300472286028
2,837,2837,-1.76067230363878,0.990579942103534
2,838,2838,-0.91757476209499,0.84582519909316
2,839,2839,-2.30800767610477,1.64993675392929
2,840,2840,-3.31774876229982,2.48878262226856
2,841,2841,-3.20368680119163,2.08379948265043
2,842,2842,-3.09379736928542,2.06285523929681
2,843,2843,-3.06517454188465,2.17723802371818
2,844,2844,-2.99056416815111,1.70294405822782
2,845,2845,-2.92729492006154,1.79846739601762
2,846,2846,-2.78152077171989,1.66791847053064
2,847,2847,-0.993275358782539,1.57165446153527
2,848,2848,-1.46517391502933,1.42136767226182
2,849,2849,-2.15373369329681,2.41304720438609
2,850,2850,-1.97458392389304,3.03433775772469
2,851,2851,-1.84525100585701,2.79340651026774
2,852,2852,-1.79636562508864,1.22754571786193
2,853,2853,-1.93310784970574,1.13963446965295
2,854,2854,-1.51711239512433,1.59215635833047
2,855,2855,-2.16416036462727,1.66678728001354
2,856,2856,-1.37965003712025,1.35124831767654
2,857,2857,-1.85390952875632,1.37661975644184
2,858,2858,-0.744417672426382,2.68019581121407
2,859,2859,-0.753571602901705,3.00313334421663
2,860,2860,-0.600949603826097,2.9276289875921
2,861,2861,-3.06644089522748,1.64696090772471
2,862,2862,-2.51878190186986,1.8258840900151
2,863,2863,-2.29497054669162,1.53336799005502
2,864,2864,-3.07774471603893,1.98029807393358
2,865,2865,-1.75517148131998,1.47688968613326
2,866,2866,-1.37643562642321,1.31387478852424
2,867,2867,-1.26870625748622,1.91149239393029
2,868,2868,-1.75956887591225,1.28351512968152
2,869,2869,-2.04257601179271,1.27893110446631
2,870,2870,-1.60822129726624,1.26224555435416
2,871,2871,-1.41612163080095,1.49673891540254
2,872,2872,-0.738044684123266,1.96825098379539
2,873,2873,-0.770106650637503,2.03569807538728
2,874,2874,-0.501253769227879,1.19661249030458
2,875,2875,-0.955680706207137,1.17266483670137
2,876,2876,-0.684661203668965,1.10165421363148
2,877,2877,-0.211452682393627,1.67241536470106
2,878,2878,-1.18713967506578,2.51714458971969
2,879,2879,-0.642703381635722,1.78539256291367
2,880,2880,-0.869191290136274,1.13009808621647
2,881,2881,-1.89368604600569,1.51972456181222
2,882,2882,-2.59766365910345,2.40190823235509
2,883,2883,-3.13647350909622,2.28002667350173
2,884,2884,-2.54776312981965,1.32938937444968
2,885,2885,-2.79395387695569,1.685050747782
2,886,2886,-2.72074535715754,1.43171943930125
2,887,2887,-0.958332741229013,1.55246380172447
2,888,2888,-1.00625252782142,1.5077305945534
2,889,2889,-0.531922561952061,1.34521062724693
2,890,2890,-0.979150851072798,2.11328865277628
2,891,2891,-1.3544606325271,2.24889758751906
2,892,2892,-2.05676949835811,1.34703914457622
2,893,2893,-1.85687999825523,2.2783156362464
2,894,2894,-1.14390950015053,1.52156294775936
2,895,2895,-0.45489052893079,1.96013495571809
2,896,2896,-0.632978074467687,1.43456176495394
2,897,2897,-0.594999983616342,1.33500279589855
2,898,2898,-0.46964822043354,1.94637056711418
2,899,2899,-0.59070546253892,1.54733615190681
2,900,2900,-1.5851338146422,1.81960586456977
2,901,2901,-1.2908083551023,1.9661316445411
2,902,2902,-2.18309632081796,1.50333996751772
2,903,2903,-2.30451224081656,2.87693148737535
2,904,2904,-1.67687697735875,1.87902323999841
2,905,2905,-1.60268006936933,2.19476559848815
2,906,2906,-1.97633346921612,1.92250207994011
2,907,2907,-1.23343901459161,1.20210004092215
2,908,2908,-2.69528550974577,1.52774244679943
2,909,2909,-2.69260730944944,1.0516580079586
2,910,2910,-2.22571858914765,0.996284138219308
2,911,2911,-2.47919248465513,1.41365306722328
2,912,2912,-1.66984231669924,1.11394862301952
2,913,2913,-1.48975283371854,1.2175949712224
2,914,2914,-1.7971712218691,2.05409653285145
2,915,2915,-1.8150726724977,1.38488321405005
2,916,2916,-1.27784099498442,1.4677055886611
2,917,2917,-2.04589495375826,1.85839889690323
2,918,2918,-2.26579445335726,1.80780837606475
2,919,2919,-1.98760330228397,1.33470859776433
2,920,2920,-2.84437349288763,1.67468764849075
2,921,2921,-0.242248701857286,1.43009928853515
2,922,2922,-0.845615905464213,1.44131920786816
2,923,2923,-0.769615241314542,1.1511265860008
2,924,2924,-1.15117501989411,1.09955086413477
2,925,2925,-0.808082482177375,0.814737935694252
2,926,2926,-1.47427115983773,1.03715198256605
2,927,2927,-1.68088074561952,2.02353402227123
2,928,2928,-2.07877265507708,1.09586444639169
2,929,2929,-1.19592620129421,0.714880187066672
2,930,2930,-1.78519823961396,1.00029098105518
2,931,2931,-0.444499490184766,1.96515016914552
2,932,2932,-0.663073864197249,1.81672848419184
2,933,2933,-0.730758457608934,1.6038739162199
2,934,2934,-0.774755169447112,2.5210543326552
2,935,2935,-0.385357140521276,2.14224348367375
2,936,2936,-2.60040733704702,2.2238035115006
2,937,2937,-1.71446910732862,1.06921900734081
2,938,2938,-1.75285990332154,1.2773272546397
2,939,2939,-1.90945101935365,1.18763649574117
2,940,2940,-1.90110511022288,1.77400954878238
2,941,2941,-0.853350987953821,2.98083701466267
2,942,2942,-1.09103498044282,2.02612016220359
2,943,2943,-1.15890098948938,1.50397609647925
2,944,2944,-2.19294542635153,1.60389949628035
2,945,2945,-1.44545768757995,2.5670019471929
2,946,2946,-1.32550309516989,2.11431810300829
2,947,2947,-2.20133060752073,1.63405508287755
2,948,2948,-2.11058055264903,2.04141743907105
2,949,2949,-2.43512575335781,2.02617278060545
2,950,2950,-2.20284388455812,1.45093925428797
2,951,2951,-2.13750779953391,1.62542639738906
2,952,2952,-1.40261704314738,1.42898272954828
2,953,2953,-1.87573636095168,1.67257401775617
2,954,2954,-0.928192869194161,0.779452103354021
2,955,2955,-0.906833510225559,0.771351360874147
2,956,2956,-1.72843383971639,1.70415920207042
2,957,2957,-1.07495180051838,2.02231208191671
2,958,2958,-1.13991606032158,2.20263569958871
2,959,2959,-1.08644393144012,1.82799867252178
2,960,2960,-0.350447624042649,1.8423703869841
2,961,2961,-1.0521700972905,1.34163952698622
2,962,2962,-1.3027599696631,1.2113271972332
2,963,2963,-1.70838031202708,1.29201755890788
2,964,2964,-1.64760904755188,1.26192447233374
2,965,2965,-1.42045287200774,1.27879608254208
2,966,2966,-1.78064270850474,1.61737244074097
2,967,2967,-1.25789373810803,1.16368927640017
2,968,2968,-2.35539412626289,1.08787765299084
2,969,2969,-1.42569660492142,2.81545707329983
2,970,2970,-1.35145908134975,2.86704700485132
2,971,2971,-1.42249723643164,2.02210518927394
2,972,2972,-1.88010625323279,2.1017623167849
2,973,2973,-1.398231905107,1.934559371489
2,974,2974,-1.96639524302601,1.47254905126548
2,975,2975,-2.00364281629702,1.56537637941189
2,976,2976,-1.98332848044085,1.61685403572158
2,977,2977,-2.22219353754271,1.38409967089169
2,978,2978,-2.65047561818658,2.30364332911724
2,979,2979,-2.51667627374209,2.0320716925954
2,980,2980,-1.86575772103476,1.46386157352301
2,981,2981,-1.54240994697741,1.93828060915567
2,982,2982,-1.40557300728486,2.49123080859007
2,983,2983,-2.33125802992378,2.06862245091812
2,984,2984,-2.35057164167057,2.102109642603
2,985,2985,-2.61851697485221,1.99064311015204
2,986,2986,-2.9941594183392,2.27855476437681
2,987,2987,-2.99516218036733,2.15535159028303
2,988,2988,-1.79514942231758,1.16415443128803
2,989,2989,-2.26035986579129,1.96677730310931
2,990,2990,-1.56063882028017,1.47038148809969
2,991,2991,-1.74381104034527,1.41287204320675
2,992,2992,-1.14713677788423,1.36445461739199
2,993,2993,-1.01072350254356,1.28358768242328
2,994,2994,-1.61462418516799,1.39485509307121
2,995,2995,-1.6572131752553,1.90450081527067
2,996,2996,-1.6367912289899,1.86664596805065
2,997,2997,-1.69498749512943,1.8965975432814
2,998,2998,-2.42680031831606,2.32488419644096
2,999,2999,-1.12752699263675,2.09082200603618
2,1000,3000,-0.81437518356967,1.35056527323223
2,1001,3001,-0.815656087766488,1.53346161624149
2,1002,3002,-1.38198940217601,2.04239979051145
2,1003,3003,0.221917861897685,2.55604155586656
2,1004,3004,0.183956937994301,2.68002338661576
2,1005,3005,-0.28009345450551,3.29938436103843
2,1006,3006,-0.830447647231948,2.60168647581251
2,1007,3007,-1.23534008440384,2.12669161509384
2,1008,3008,-1.81209774907164,2.77746232041622
2,1009,3009,-1.20783927423354,1.16036193102496
2,1010,3010,-1.85543226141009,1.34638134982195
2,1011,3011,-1.81533273605002,1.28492726733073
2,1012,3012,-2.66018133187534,1.52733704428285
2,1013,3013,-2.36626858916662,2.34322845880504
2,1014,3014,-2.79951806294021,2.00623344325427
2,1015,3015,-2.40052179822112,2.61396591396321
2,1016,3016,-1.39279885126747,2.97782924112
2,1017,3017,-1.05502426842761,3.87162038877071
2,1018,3018,-0.868229563663854,2.92805167530843
2,1019,3019,-1.4380748133954,2.49782282026306
2,1020,3020,-1.7194821415756,0.906906354832693
2,1021,3021,-1.74981955456945,0.986749079393975
2,1022,3022,-1.15105480805169,0.753221172307635
2,1023,3023,-1.88971893321345,1.33028508843112
2,1024,3024,-1.89487166117734,1.10913477169574
2,1025,3025,-1.91126073021952,1.64148231907536
2,1026,3026,-1.78241539734939,1.39364164901935
2,1027,3027,-1.19366745273689,1.60646555034605
2,1028,3028,-1.37031356307614,1.35622996013903
2,1029,3029,-1.20850079916214,1.18049494135827
2,1030,3030,-0.759015255622686,0.9607728266231
2,1031,3031,-1.43382620344473,1.60323348552762
2,1032,3032,-0.829207332550356,2.11802666784662
2,1033,3033,-0.823868549662653,2.16757806808493
2,1034,3034,-1.20867035687485,2.63562886771679
2,1035,3035,-0.886478587013056,2.47188498223415
2,1036,3036,-1.00368533346926,2.67294715741431
2,1037,3037,-0.531153347096084,2.47496807803062
2,1038,3038,-1.95463391333136,1.79366849258043
2,1039,3039,-1.13205944445583,1.6470495466531
2,1040,3040,-1.27388007212956,1.71158899316964
2,1041,3041,-1.6534356437711,2.53571835511844
2,1042,3042,-1.93274465181053,1.4418262177215
2,1043,3043,-2.35274925697888,1.50615022105225
2,1044,3044,-1.56550990700421,1.65166997744412
2,1045,3045,-0.772536823355358,1.29423199594201
2,1046,3046,-0.957763516632731,1.91417451223768
2,1047,3047,-1.18342436987238,1.94413449204593
2,1048,3048,-0.797970022253558,1.77830132834443
2,1049,3049,-1.03935972407711,2.02785515341645
2,1050,3050,-1.21931847475261,1.82531754925657
2,1051,3051,-1.29476897071841,1.83744223171119
2,1052,3052,-0.907694316374399,2.27010826036654
2,1053,3053,-1.64826824839942,1.64754659137407
2,1054,3054,-1.9261333692282,1.58532985155318
2,1055,3055,-1.56028539984257,1.36739351999582
2,1056,3056,-1.13111962740481,1.38444958603739
2,1057,3057,-1.84386362887918,2.5252250461947
2,1058,3058,-1.26689139685523,0.903702748661934
2,1059,3059,-1.2743755894224,0.831940591748167
2,1060,3060,-1.27111470381148,0.81446449292823
2,1061,3061,-1.56539304801153,1.37950996847702
2,1062,3062,-1.74536866966549,1.56079895018723
2,1063,3063,-0.991276370848459,1.7515957264447
2,1064,3064,-0.856357487418629,1.2845285796014
2,1065,3065,-1.66783848812069,1.57780175991892
2,1066,3066,-1.18874960824132,1.11443468032203
2,1067,3067,-1.64631954326736,1.87501068010039
2,1068,3068,-1.20823946840387,1.44417192219873
2,1069,3069,-1.12171755808737,1.52426308602905
2,1070,3070,-1.30583042399501,1.1920415241403
2,1071,3071,-1.21354013403366,1.18009292335133
2,1072,3072,-1.11062659328392,2.3094506594818
2,1073,3073,-0.268227017003252,2.25493395798405
2,1074,3074,-0.611968144076688,2.53995517184995
2,1075,3075,-0.346722192941371,1.8780756019411
2,1076,3076,-1.30177510799005,1.45819991619912
2,1077,3077,-1.32437203808675,1.15317184657859
2,1078,3078,-2.12982120261747,1.27933137945297
2,1079,3079,-2.03602443972757,1.49058750321766
2,1080,3080,-1.29962567317302,1.89473231799245
2,1081,3081,-1.68719349933745,1.85735387023073
2,1082,3082,-1.51953231513714,1.60865788402107
2,1083,3083,-2.09844087463656,2.37551771488294
2,1084,3084,-1.37772479370065,2.40864769967424
2,1085,3085,-0.101315690626867,1.83083978101467
2,1086,3086,0.0439318529827093,2.45181665988467
2,1087,3087,-0.0457742146511161,2.5005375374062
2,1088,3088,-0.324232191900026,1.83011322529982
2,1089,3089,-0.626370711676502,1.62132159948127
2,1090,3090,-1.46104708415707,1.80964596896547
2,1091,3091,-1.59371555559858,1.77210515868141
2,1092,3092,-1.80842794317749,1.6794745513638
2,1093,3093,-1.61913203682791,1.53598883274207
2,1094,3094,-2.19614301462142,2.12752184234706
2,1095,3095,-1.74927888035742,3.30065090303164
2,1096,3096,-1.42952844177092,3.02372585200757
2,1097,3097,-1.33813911513839,2.89152685887873
2,1098,3098,-1.74362546555531,1.80030851589026
2,1099,3099,-1.36036914067477,1.74735630092709
2,1100,3100,-0.977260768327904,1.67779241111778
2,1101,3101,-1.13788268030018,1.60641045172223
2,1102,3102,-1.19165594635361,1.1814183418531
2,1103,3103,-1.32305313423203,0.803069821379837
2,1104,3104,-1.02300218535333,0.950407588515064
2,1105,3105,-0.924801588163748,1.01578885223121
2,1106,3106,-2.32625334670601,2.80430145177181
2,1107,3107,-1.96160584037996,1.47402749536992
2,1108,3108,-2.79450812955778,2.0528217028194
2,1109,3109,-2.59045151118972,1.82053637651285
2,1110,3110,-2.89099941346505,2.04188363146627
2,1111,3111,-2.61031779839149,1.97527606777316
2,1112,3112,-2.5758803248553,2.59826216006941
2,1113,3113,-2.02450549353231,1.94041890598809
2,1114,3114,-1.64066406235286,2.0206571723029
2,1115,3115,-2.40661485213197,2.08290472340946
2,1116,3116,-2.16307964806526,2.39517761960336
2,1117,3117,-2.13010125194966,2.35975399124484
2,1118,3118,-2.2988757221463,3.53161722248957
2,1119,3119,-2.14404286686505,2.55502962953918
2,1120,3120,-1.33739233435337,2.05127768267828
2,1121,3121,-1.45058790041331,1.32552401170173
2,1122,3122,-1.41895907526007,1.58744440564692
2,1123,3123,-2.12103810464152,1.59568179749583
2,1124,3124,-2.38837808371878,1.66838940732217
2,1125,3125,-1.8132642641624,1.28432080241496
2,1126,3126,-1.85348655587381,1.27309805754082
2,1127,3127,-2.41264220401231,1.78759392982414
2,1128,3128,-2.45995022263815,1.95993203819955
2,1129,3129,-2.21717657158354,2.29988096423517
2,1130,3130,-2.20961490897554,1.37878337008342
2,1131,3131,-2.42021663982972,1.49569093554613
2,1132,3132,-1.26940831437641,1.09524404462593
2,1133,3133,-1.03958396669685,1.43462938889239
2,1134,3134,-1.37507749130848,1.4275184116512
2,1135,3135,-1.53559536421536,1.71356563163084
2,1136,3136,-1.72327969566336,2.52549455041701
2,1137,3137,-1.81539500258576,2.82460704311605
2,1138,3138,-2.09916049303827,2.92473845903412
2,1139,3139,-1.8139091312875,2.15054876862544
2,1140,3140,-1.95505177545853,2.29798652826133
2,1141,3141,-0.935373418522767,1.01765676401228
2,1142,3142,-0.967040629680424,0.946542331373148
2,1143,3143,-0.952071178082934,2.53871616157271
2,1144,3144,-1.75004138699143,1.71172787716579
2,1145,3145,-2.25119631718099,1.96765382847858
2,1146,3146,-1.72918909403634,1.55033323813153
2,1147,3147,-2.09449166167725,1.49893653897848
2,1148,3148,-0.533929730872387,1.93405927610073
2,1149,3149,-0.915265042239243,1.93747785589421
2,1150,3150,-2.45196172958169,1.25843353312156
2,1151,3151,-1.92578843614636,1.22379494083937
2,1152,3152,-2.09324371800855,1.53141077496505
2,1153,3153,-1.84841671839748,1.36290046252153
2,1154,3154,-1.54750466906163,1.60867514559595
2,1155,3155,-0.829797419081761,1.36065570710909
2,1156,3156,-1.97842976122652,1.32337073351758
2,1157,3157,-1.73955497224119,1.42732299181169
2,1158,3158,-2.22626759288585,1.88018606152082
2,1159,3159,-1.7064126983012,1.14479438051087
2,1160,3160,-1.27308471894386,2.61668808349188
2,1161,3161,-2.30427396053407,1.49299133762754
2,1162,3162,-2.02571241531875,1.59891141819596
2,1163,3163,-2.67453885360887,2.10015310129034
2,1164,3164,-2.45235674959993,1.57218404071542
2,1165,3165,-2.76466945206776,1.64278059751081
2,1166,3166,-3.08343466721731,1.91610406642174
2,1167,3167,-2.10714306515092,1.98273621806155
2,1168,3168,-2.40210368262413,2.05462009392259
2,1169,3169,-1.92215404963477,1.43524198403127
2,1170,3170,-1.70406778669492,1.87960648464149
2,1171,3171,-2.06894026217561,2.0364410853477
2,1172,3172,-1.64538712578381,1.51392768594521
2,1173,3173,-2.04365713188179,2.10972813370492
2,1174,3174,-1.51785381298841,1.6657220532523
2,1175,3175,-1.47990314359298,1.50701011950252
2,1176,3176,-1.42840389056911,1.1090082481048
2,1177,3177,-1.09368006907682,1.78897504982084
2,1178,3178,-2.0206222809994,1.79946496825236
2,1179,3179,-1.44177835284602,1.33427748916424
2,1180,3180,-1.68923495782736,1.1712209161424
2,1181,3181,-1.27618709348708,1.30402709338433
2,1182,3182,-2.94596546581576,2.49108013424526
2,1183,3183,-2.67086057332639,2.794067477312
2,1184,3184,-3.09849042361674,2.52142018665058
2,1185,3185,-1.96378037679857,2.13622859125047
2,1186,3186,-1.91115825852538,2.1777377738328
2,1187,3187,-1.93129775218749,2.25098673097022
2,1188,3188,-2.06678369701556,1.74698952162877
2,1189,3189,-1.903613155028,1.41994832964691
2,1190,3190,-2.19350151361893,1.31604455098734
2,1191,3191,-2.15432746254407,1.28047411345935
2,1192,3192,-1.7504637954329,2.01561339250506
2,1193,3193,-1.34283556582958,1.37027029656637
2,1194,3194,-1.30870179867673,1.935392926513
2,1195,3195,-1.71313950084431,1.45284155068914
2,1196,3196,-1.81170847037006,1.3543704561639
2,1197,3197,-1.48204791090664,1.60555458048089
2,1198,3198,-1.07523955414617,1.48582877091199
2,1199,3199,-1.28210872648927,1.64346364144064
2,1200,3200,-0.839640936667083,2.38070184196328
2,1201,3201,-1.17945571901996,1.90134232212382
2,1202,3202,-0.924260974245656,1.42367263158017
2,1203,3203,-1.12205200655994,1.57816567060445
2,1204,3204,-1.41109683976385,1.61027584675345
2,1205,3205,-1.02509313631888,1.73733999920761
2,1206,3206,-1.11637259403554,1.51829164365351
2,1207,3207,-0.803115640823437,1.55440228996125
2,1208,3208,-1.06633224749883,2.53779401355083
2,1209,3209,-1.70560517582282,2.36532666677716
2,1210,3210,-1.50809156124308,1.60293674906095
2,1211,3211,-1.69997293318727,2.00453068116463
2,1212,3212,-2.19024736480513,2.23238947360568
2,1213,3213,-2.00028296408635,2.01293975185342
2,1214,3214,-3.04213727677264,2.18876601827443
2,1215,3215,-3.71498036271375,2.90604671130051
2,1216,3216,-3.48297332488735,2.45697898876067
2,1217,3217,-2.81654334279888,2.05328909386351
2,1218,3218,-2.49491923687232,1.33496258889696
2,1219,3219,-2.59848796231319,1.31059931702546
2,1220,3220,-2.82511750113549,1.32181151000479
2,1221,3221,-2.56997581611987,1.75289600123445
2,1222,3222,-3.18402694410789,1.80119221259782
2,1223,3223,-3.11955708088318,1.83187700063893
2,1224,3224,-2.01770316984382,1.29906253445181
2,1225,3225,-2.39809174697107,1.4723788932598
2,1226,3226,-3.3415440703829,1.9908108034646
2,1227,3227,-3.39555391315104,1.95113912743747
2,1228,3228,-2.04865316579158,1.41332209721144
2,1229,3229,-2.01002831816483,1.82103726670676
2,1230,3230,-1.95619309943805,1.33649931179287
2,1231,3231,-2.36439192545869,1.53876418309553
2,1232,3232,-2.84379645685823,2.01987679150859
2,1233,3233,-2.2394387453489,2.1591151558597
2,1234,3234,-2.35320912347114,2.1422452377181
2,1235,3235,-1.35824060968788,1.47271062628208
2,1236,3236,-1.88794639495688,1.32900916561731
2,1237,3237,-1.75283708946258,1.10472059904397
2,1238,3238,-1.20348320026845,1.02871864601756
2,1239,3239,-1.17508835058723,1.96972060765709
2,1240,3240,-1.48139123129985,1.53273831901779
2,1241,3241,-1.06235942074029,1.78301162234564
2,1242,3242,-1.31843513545622,1.20360377474331
2,1243,3243,-0.915578384924515,2.2582607744793
2,1244,3244,-1.24957374688402,2.83992617748394
2,1245,3245,-1.55599278318368,2.01212438250797
2,1246,3246,-1.60079449021565,1.06290653668776
2,1247,3247,-1.89300438622163,1.33428309135196
2,1248,3248,-1.8756693886942,1.62175891159348
2,1249,3249,-0.490750208630282,1.18279677586564
2,1250,3250,-0.626134227017654,0.72551324032971
2,1251,3251,-1.32119772272402,0.568791100781944
2,1252,3252,-1.40305735375534,0.814840559007271
2,1253,3253,-1.41256497973431,0.865282779028739
2,1254,3254,-1.27968946072404,1.20649929795941
2,1255,3255,-1.82551734110746,1.58948228114311
2,1256,3256,-1.48816501553298,1.55232428312805
2,1257,3257,-1.39671153822725,1.41019877639514
2,1258,3258,-1.67632058060329,1.68653766346858
2,1259,3259,-2.25241765037789,1.70238592554217
2,1260,3260,-1.66064945048273,1.56980002215026
2,1261,3261,-0.994970304575716,3.33601688121772
2,1262,3262,-2.11825633912358,2.19094974425943
2,1263,3263,-2.40034378595297,2.47348615971922
2,1264,3264,-2.0470888935251,2.40439641559936
2,1265,3265,-2.45495700964692,3.19200019135402
2,1266,3266,-2.36908310530732,3.03262902257168
2,1267,3267,-1.75387445787254,1.85178075296837
2,1268,3268,-2.36654009682774,2.4573801548102
2,1269,3269,-2.20727947394915,3.10988526421693
2,1270,3270,-1.44631252224976,1.4501765578074
2,1271,3271,-1.64375588809503,3.67300868873925
2,1272,3272,-0.858077779755508,2.67525975665807
2,1273,3273,-1.56600149851106,3.13425461624626
2,1274,3274,-1.58773110341747,3.23929087082943
2,1275,3275,-1.42054834937798,3.41422711942317
2,1276,3276,-1.52224320012101,3.45884643363978
2,1277,3277,-1.35416721708103,2.19283765315192
2,1278,3278,-1.42431512428499,2.17240801650852
2,1279,3279,-0.977341909345324,1.0667912142688
2,1280,3280,-0.552935195776918,0.8965232163329
2,1281,3281,-0.804239446154901,1.13641938404332
2,1282,3282,-0.718840698109631,1.31667651524756
2,1283,3283,-1.3126889835446,2.57289637862261
2,1284,3284,-1.38248485912514,2.31789189124451
2,1285,3285,-1.49786690094901,1.04696006616635
2,1286,3286,-1.1151768018356,1.281130735307
2,1287,3287,-1.42568008198298,1.46834874207317
2,1288,3288,-1.15958443171623,1.77982496066788
2,1289,3289,-1.29621192280178,1.93656388199293
2,1290,3290,-1.2110136219785,1.6133722006086
2,1291,3291,-2.14955310715082,2.15602934926959
2,1292,3292,-2.29360953723172,2.54775404738409
2,1293,3293,-1.98656135649208,2.07915594638701
2,1294,3294,-3.1925202039955,3.19616274870474
2,1295,3295,-1.30993435686863,2.09028607501284
2,1296,3296,-2.3106713030791,1.55343250631432
2,1297,3297,-2.45756902679383,2.52415152897477
2,1298,3298,-2.42905584125534,1.99279375269214
2,1299,3299,-1.78685767763296,1.42601713747219
2,1300,3300,-2.69777022950559,2.04779001614888
2,1301,3301,-2.12936904617199,1.88862503347457
2,1302,3302,-2.27843250399696,1.72075612125306
2,1303,3303,-2.08522677582573,1.70317560063958
2,1304,3304,-2.59335655274791,1.86251063032295
2,1305,3305,-1.71090844507262,2.35007549954679
2,1306,3306,-1.78265904247416,2.48548603388308
2,1307,3307,-3.02201819054436,3.02910711634305
2,1308,3308,-1.89762991849554,1.97547425907671
2,1309,3309,-1.60737673220266,1.79887465185386
2,1310,3310,-2.12083285550112,1.58936783072043
2,1311,3311,-1.79433844074156,1.74456541475362
2,1312,3312,-1.97736105767571,1.22295294930618
2,1313,3313,-1.65578020485589,1.08529775426428
2,1314,3314,-1.4401995639773,1.20932581182014
2,1315,3315,-1.55742636492984,1.40334080401267
2,1316,3316,-1.57938031887428,1.13262029834714
2,1317,3317,-1.51755365840704,1.80067623356058
2,1318,3318,-1.10940481998117,1.52575149824345
2,1319,3319,-1.53630495994552,1.62102217434978
2,1320,3320,-1.37765555987658,1.46580292763952
2,1321,3321,-1.72693020933201,1.60561553816475
2,1322,3322,-2.29311947958045,1.65042427343054
2,1323,3323,-1.77121763304149,1.70869016536673
2,1324,3324,-1.50389050497778,1.5989647453391
2,1325,3325,-1.4891139354599,1.50333340124265
2,1326,3326,-1.77264079436896,1.62441065432949
2,1327,3327,-1.47791800036783,2.18742349174471
2,1328,3328,-0.895652248958086,2.80610945630321
2,1329,3329,-2.7214569065486,1.81273329451606
2,1330,3330,-2.40251814172588,2.460467579912
2,1331,3331,-2.7511747234478,2.25760567975144
2,1332,3332,-2.11719378793131,1.45681291966344
2,1333,3333,-2.38323092676698,2.58759937548745
2,1334,3334,-2.58132148325524,2.85560783282067
2,1335,3335,-2.23083459489926,2.39157622866363
2,1336,3336,-2.68954333358871,2.29511280859615
2,1337,3337,-1.5899563121292,1.94414939413491
2,1338,3338,-1.9740921275236,1.31612217413219
2,1339,3339,-2.43338158230227,2.54238656921218
2,1340,3340,-1.08311211492719,1.23948367841653
2,1341,3341,-1.72639539728894,1.33156455150304
2,1342,3342,-1.64331718825337,1.34850416133912
2,1343,3343,-1.01544308960293,1.17746374296546
2,1344,3344,-2.38921435480326,2.07320119328878
2,1345,3345,-2.19235681047569,3.31745635509302
2,1346,3346,-2.01871093491545,3.01933661876947
2,1347,3347,-2.48557186365376,2.52764240385716
2,1348,3348,-1.9181175832069,3.02228265704261
2,1349,3349,-1.76090752027936,2.71231159093538
2,1350,3350,-1.82911353369061,3.27919269582326
2,1351,3351,-1.66329278181037,1.52846292573408
2,1352,3352,-1.73189853339272,1.4554962817968
2,1353,3353,-0.0773675221839517,3.2934023588142
2,1354,3354,-0.127984569040059,2.9098827759317
2,1355,3355,0.284163572047182,2.91293186551633
2,1356,3356,0.236639294873399,3.12150037219326
2,1357,3357,-0.00338109517826586,2.58742583446493
2,1358,3358,-0.858599717945243,2.25500531565687
2,1359,3359,-1.0795608119428,2.20423776280039
2,1360,3360,-0.500131716003935,2.04545091365087
2,1361,3361,-0.22170974810401,2.11740399487264
2,1362,3362,-0.352611882129707,2.219021113075
2,1363,3363,0.0483160269757396,2.14050260269037
2,1364,3364,-0.605201739699906,1.99067731435778
2,1365,3365,-0.865494814743713,1.66050770323204
2,1366,3366,-2.31553031903503,1.61694692980833
2,1367,3367,-0.933422610343511,1.16098687111431
2,1368,3368,-1.64322704986495,2.0346313677205
2,1369,3369,-1.71365998738521,2.25084157385161
2,1370,3370,-1.16459623041822,2.03447372545959
2,1371,3371,-1.22042511609604,2.53616006325698
2,1372,3372,-1.75637883666205,1.73522779953188
2,1373,3373,-1.30702881264602,1.22240737417054
2,1374,3374,-1.8399002718072,1.88261113976938
2,1375,3375,-1.73339508341202,1.46764277488573
2,1376,3376,-2.14753745543733,1.80426021271305
2,1377,3377,-1.45371525182553,1.66957511529173
2,1378,3378,-1.74619148786956,1.87655129035306
2,1379,3379,-1.62167974894237,1.93670826215163
2,1380,3380,-2.79205713778461,1.99189171651135
2,1381,3381,-2.63432008317409,2.59989454515248
2,1382,3382,-2.33999473697751,2.27059988045822
2,1383,3383,-2.66143424135024,1.73235188439558
2,1384,3384,-2.31597808391535,1.9560212994761
2,1385,3385,-2.39171026108734,2.07662495160136
2,1386,3386,-2.2719261454172,1.38140148903934
2,1387,3387,-1.98626473728574,1.35386140205844
2,1388,3388,-2.11472076059978,2.38217162180915
2,1389,3389,-2.39339663149073,1.00023615554013
2,1390,3390,-1.18473866101493,0.937880759565515
2,1391,3391,-2.04240990659749,1.5382029360619
2,1392,3392,-1.84896900312358,1.07752210411072
2,1393,3393,-0.287655750183121,2.213334850602
2,1394,3394,0.012287253199955,2.26443304778864
2,1395,3395,-0.422085880096885,2.27095468424024
2,1396,3396,-1.16278134302529,1.95624412264032
2,1397,3397,-2.13047357749901,2.15075466563087
2,1398,3398,-1.68009757860437,2.21150453029023
2,1399,3399,-2.01894512327428,1.95344716357529
2,1400,3400,-2.14239287426436,2.01713668562149
2,1401,3401,-1.64764809063327,1.84109656357755
2,1402,3402,-1.49192662087589,2.36120547851407
2,1403,3403,-1.29017496957836,2.14583331847889
2,1404,3404,-1.98310783714534,1.90793888307181
2,1405,3405,-1.94072511054884,1.49378258500235
2,1406,3406,-1.82641080451384,1.67899244061673
2,1407,3407,-0.776808505382624,1.20661961543007
2,1408,3408,-0.701425936884315,1.35863110089014
2,1409,3409,-0.792537331787248,1.48628451233005
2,1410,3410,-0.521307580597171,1.03014111059905
2,1411,3411,-0.876876288230122,1.49914587173357
2,1412,3412,-0.845401119138049,1.43150043861861
2,1413,3413,-0.339981464685724,2.09520381281894
2,1414,3414,-1.10125652616272,2.32603722033359
2,1415,3415,-1.31114568886513,1.67089174171547
2,1416,3416,-1.89326200472293,1.4788820547912
2,1417,3417,-1.86175254969969,1.04316732858643
2,1418,3418,-1.98142919810866,0.964568310596919
2,1419,3419,-1.87860518026503,1.48765096263868
2,1420,3420,-2.32270493664203,1.60976500605703
2,1421,3421,-1.77704815456071,1.2152181985075
2,1422,3422,-1.76389348556714,1.37086365059193
2,1423,3423,-2.31380046282728,2.14347667512506
2,1424,3424,-2.17912422768134,1.27730683033115
2,1425,3425,-2.2622828893389,1.50867119955183
2,1426,3426,-1.67478039538348,1.79136094640187
2,1427,3427,-1.41505183533802,1.85301425511523
2,1428,3428,-0.981263049933485,1.32714226184762
2,1429,3429,-0.774121942136875,1.26204195944379
2,1430,3430,-1.52660011059553,1.80213956338812
2,1431,3431,-1.22489246011387,1.67662081588803
2,1432,3432,-2.11341173069242,1.86451436220311
2,1433,3433,-1.73400877193486,1.34127375213051
2,1434,3434,-0.286718584349157,2.14831478051006
2,1435,3435,-0.739222949924862,1.65645589323141
2,1436,3436,-1.20664566418313,1.6327955712435
2,1437,3437,-1.23160753372982,1.50674013849896
2,1438,3438,-1.01673962170366,1.61222628657164
2,1439,3439,-2.1500555975071,1.28637848180673
2,1440,3440,-1.98858758474276,1.1120060210027
2,1441,3441,-1.66507929579015,1.61756433509602
2,1442,3442,-2.1340457201151,1.77481185632807
2,1443,3443,-1.36236469996286,1.51114052945704
2,1444,3444,-1.38385502134684,1.35125031388893
2,1445,3445,-1.52007707086384,1.12095620321532
2,1446,3446,-1.2726782549583,1.14261377145967
2,1447,3447,-1.54154812834885,1.05408554126629
2,1448,3448,-1.55896949589333,1.96969532998931
2,1449,3449,-1.79803699811548,1.89195401648951
2,1450,3450,-1.71041053583915,2.25142673899681
2,1451,3451,-1.82395017778293,1.69605041117303
2,1452,3452,-1.91566528961286,1.76822740996707
2,1453,3453,-1.71805300402933,1.51725788051637
2,1454,3454,-1.51410799490602,1.18845599495269
2,1455,3455,-1.58713449113866,1.50603534846863
2,1456,3456,-1.36752874499262,1.32818321396127
2,1457,3457,-1.20682622630671,1.63125764475448
2,1458,3458,-1.40265961321632,1.70053855869558
2,1459,3459,-0.638546008499742,1.42732383213913
2,1460,3460,-1.4084006684278,1.55109141935394
2,1461,3461,-1.57935697130472,1.925513581483
2,1462,3462,-1.8084485589765,1.88764367713599
2,1463,3463,-1.9759595725101,1.67308824661547
2,1464,3464,-0.943041348378537,1.70037709981006
2,1465,3465,-1.21257485884913,1.72257226972038
2,1466,3466,-0.776027646335428,1.73352247278497
2,1467,3467,-0.917476724923593,1.4175364842361
2,1468,3468,-3.3648897624766,2.04296337498336
2,1469,3469,-2.88523456022794,1.79849514587816
2,1470,3470,-2.57997656406583,1.95206132559031
2,1471,3471,-1.56712093168335,1.5328132295376
2,1472,3472,-2.09835113806736,1.42575566325182
2,1473,3473,-2.23617072154123,2.14438345617963
2,1474,3474,-2.31942757525514,1.24714160282318
2,1475,3475,-2.19109838706582,1.23924557195124
2,1476,3476,-2.62041773892913,2.8760453685752
2,1477,3477,-3.07074761361249,2.80639279431155
2,1478,3478,-2.43859597541407,2.67160711507674
2,1479,3479,-1.29037671176023,1.3653047261289
2,1480,3480,-1.31627087864122,1.61938904924738
2,1481,3481,-2.05421611233639,1.64611489799278
2,1482,3482,-2.87665965468597,3.52799200741197
2,1483,3483,-1.10875709526952,1.31999558038528
2,1484,3484,-1.48160423054187,1.26928792536542
2,1485,3485,-1.62136711785682,1.01537857376123
2,1486,3486,-1.88622958640984,1.09764472309485
2,1487,3487,-1.58437602467097,2.36408307607496
2,1488,3488,-1.81435056347893,2.62507071476462
2,1489,3489,-1.62038466775697,2.58201106112785
2,1490,3490,-1.07784793654508,1.6410199260352
2,1491,3491,-0.943203315200497,1.01127712517925
2,1492,3492,-1.54032348861226,1.50656729550556
2,1493,3493,-2.01547461410698,2.45225366217226
2,1494,3494,-1.3036651190751,1.68454854467646
2,1495,3495,-1.39445159395034,1.9812593524175
2,1496,3496,-0.930668852171013,1.21978125343324
2,1497,3497,-1.80066515996882,1.93092845591582
2,1498,3498,-1.65584517588017,1.35957209141855
2,1499,3499,-1.04041217000507,1.15386490486668
2,1500,3500,-0.507375225763239,0.751626957998972
2,1501,3501,-0.445827828285449,0.703318561481523
2,1502,3502,-1.69298618939206,1.71699739656986
2,1503,3503,-2.27821422841895,1.37384030846226
2,1504,3504,-1.83715941867742,0.868668666801136
2,1505,3505,-1.88567716456995,1.03284322364578
2,1506,3506,-1.7799998249325,1.32002634356597
2,1507,3507,-2.73874675911174,1.07316436611987
2,1508,3508,-1.47404569639279,0.806599792180995
2,1509,3509,-1.61691515758529,0.844909344736812
2,1510,3510,-2.1943279403621,1.23893717191981
2,1511,3511,-1.30701184803216,1.43634531906879
2,1512,3512,-2.16140014157317,1.24279533804974
2,1513,3513,-1.55562473599793,0.928666382464924
2,1514,3514,-1.706453141465,2.18429995346363
2,1515,3515,-1.22242976577027,2.90628006324062
2,1516,3516,-1.41500314764235,2.27884146237106
2,1517,3517,-2.11980748773665,1.81545172851326
2,1518,3518,-1.59349781488994,1.02238420465294
2,1519,3519,-1.58257332950555,1.06963510791939
2,1520,3520,-1.47845126615177,0.826833345186225
2,1521,3521,-1.57923920198507,0.978255438765333
2,1522,3522,-1.32368408044852,0.938014448910799
2,1523,3523,-1.69506250840497,1.57828851699011
2,1524,3524,-1.13367835937014,1.95157585442702
2,1525,3525,-1.59641108387239,2.48739567623595
2,1526,3526,-1.61542616124283,2.55796482489758
2,1527,3527,-1.58040435664488,1.58361654968296
2,1528,3528,-1.3906015976009,1.04246477688026
2,1529,3529,-1.51574293351928,1.1555286633564
2,1530,3530,-2.5049503949838,1.85365905828761
2,1531,3531,-1.44177788962555,2.21807383423296
2,1532,3532,-1.63298832671709,2.621727248277
2,1533,3533,-1.41940188181727,1.53960996416995
2,1534,3534,-1.52831366321312,1.76759469360235
2,1535,3535,-1.62767101295454,1.57005267037154
2,1536,3536,-1.98580391455096,1.3937757919804
2,1537,3537,-1.93359653756081,0.923452660215744
2,1538,3538,-1.8407893202052,0.897451262244344
2,1539,3539,-1.37474949306678,0.960949014200641
2,1540,3540,-1.14908606156997,0.890026894399111
2,1541,3541,-1.89128357535529,1.70117058949056
2,1542,3542,-1.05634922877958,1.31735420119049
2,1543,3543,-1.31208361158641,1.74225270188412
2,1544,3544,-1.20175111812036,1.93719786925845
2,1545,3545,-1.30647491658776,2.25351031786128
2,1546,3546,-1.40427237388577,1.67427995621672
2,1547,3547,-2.0473708506294,1.74914860284727
2,1548,3548,-2.39189285803966,2.24733549780608
2,1549,3549,-2.67484983527627,2.02394315295459
2,1550,3550,-2.41668887681826,2.69272291474072
2,1551,3551,-2.81570172008638,2.58869453585158
2,1552,3552,-2.40045647131855,2.02846949585717
2,1553,3553,-2.18815368246268,2.14975787951277
2,1554,3554,-1.38430587666759,2.55687542911807
2,1555,3555,-2.16043738369917,2.76137025021237
2,1556,3556,-0.578866042941874,3.60051198235748
2,1557,3557,-0.604822263211647,3.09773271253961
2,1558,3558,-0.906018808177437,1.96547528438848
2,1559,3559,-0.837476139817976,2.03289371875495
2,1560,3560,-1.02750439792908,1.93384633479285
2,1561,3561,-1.50311667425155,2.18804034643226
2,1562,3562,-1.46082410149163,2.92878140075527
2,1563,3563,-2.17012302830886,1.41306853584616
2,1564,3564,-1.74539392456581,1.3701549028175
2,1565,3565,-1.26970558384568,0.816793824862961
2,1566,3566,-2.20021538643765,1.188429969356
2,1567,3567,-1.72352822670676,1.90967232004155
2,1568,3568,-1.54325798661641,0.975572330931416
2,1569,3569,-1.73707567606705,1.35506800080156
2,1570,3570,-1.62965184236119,2.03186951720595
2,1571,3571,-1.92011642149667,2.26666998424736
2,1572,3572,-1.86887101759263,2.36324046399762
2,1573,3573,-1.64178323180973,2.22396980934316
2,1574,3574,-1.37028342503458,2.25744976897727
2,1575,3575,-0.818653719163013,2.32390037160141
2,1576,3576,-1.84566591001886,1.59015022497485
2,1577,3577,-1.88003572749905,2.05889560485247
2,1578,3578,-1.67288496373371,1.50270266361235
2,1579,3579,-1.91579308132326,1.54998800908225
2,1580,3580,-2.53522264827197,2.26787417524143
2,1581,3581,-1.87375430804019,2.45102719172758
2,1582,3582,-1.94944297199425,2.09605606726839
2,1583,3583,-2.11579860770954,2.10582576730335
2,1584,3584,-3.07975029284719,2.41540748310362
2,1585,3585,-2.61974358195165,1.5220687106719
2,1586,3586,-2.04958358425689,1.15717159118699
2,1587,3587,-1.76494040451564,1.02837810265516
2,1588,3588,-1.39497763930225,1.75634214714197
2,1589,3589,-0.950458992861544,1.03835310376235
2,1590,3590,-2.15109634958725,0.876027587913796
2,1591,3591,-1.13508789275302,1.20704704921783
2,1592,3592,-1.06886069609161,1.2313936549497
2,1593,3593,-1.31265476947061,1.50775403639243
2,1594,3594,-2.02527612861625,2.74477838441915
2,1595,3595,-2.05882812527273,2.63948296011424
2,1596,3596,-1.87938384126503,2.32706824336737
2,1597,3597,-1.11324940691487,1.78973468758825
2,1598,3598,-1.040626020807,1.68500671596038
2,1599,3599,-2.05464968301058,1.72474859042669
2,1600,3600,-3.11847920363626,2.54925529317432
2,1601,3601,-2.11554186086668,3.17783407835302
2,1602,3602,-2.04108003210845,4.44403236875291
2,1603,3603,-2.42864019117579,3.43386048965252
2,1604,3604,-1.86293032309543,3.20552113412868
2,1605,3605,-1.5399113791487,3.4377607361797
2,1606,3606,-1.5262924560511,2.67740634064426
2,1607,3607,-1.10522715115576,1.73424692470499
2,1608,3608,-1.96314314834085,1.83976166631323
2,1609,3609,-2.2670811825978,2.4006320650409
2,1610,3610,-2.55752738562992,2.21006601956177
2,1611,3611,-0.157910810686235,1.6489339584883
2,1612,3612,-1.37711743755363,1.78610950055911
2,1613,3613,-1.15138294057173,1.45328040916695
2,1614,3614,-2.93260811574011,1.60368945877843
2,1615,3615,-2.6031899803029,1.25529786974044
2,1616,3616,-2.34892472463578,1.72166666614936
2,1617,3617,-1.71059894751668,1.90268860389611
2,1618,3618,-1.4169934590788,1.88886861339582
2,1619,3619,-1.41739666378791,2.78710026557444
2,1620,3620,-1.42948776891914,3.42205606194064
2,1621,3621,-1.3667867362079,1.79752449256145
2,1622,3622,-1.55939558899515,1.98124745181638
2,1623,3623,-1.51047894170105,1.84943208037353
2,1624,3624,-1.46828751940144,1.82781276550675
2,1625,3625,-2.00298614106806,1.67794250232669
2,1626,3626,-1.38340936671855,1.62608085274095
2,1627,3627,-1.5369549208389,1.88688939735678
2,1628,3628,-2.4050109651082,1.88986208018665
2,1629,3629,-2.70669360235809,2.27235929415528
2,1630,3630,-2.35483428351862,2.23093379944792
2,1631,3631,-2.21564238525051,2.12916625698187
2,1632,3632,-2.04163744156216,2.15757630794673
2,1633,3633,-1.13594246903189,1.25892178941567
2,1634,3634,-0.88681992733358,1.55490957434416
2,1635,3635,-0.631265415522886,2.39741108351381
2,1636,3636,-0.836548386790612,1.91205278920093
2,1637,3637,-1.56817870933861,1.29250642672015
2,1638,3638,-1.33813035015431,2.51022574428969
2,1639,3639,-0.206726111629563,2.53626891255955
2,1640,3640,-0.737222900882188,2.6875059067362
2,1641,3641,-0.920536576986802,2.11104443306358
2,1642,3642,-1.07214418674829,1.3349462202141
2,1643,3643,-1.30104959667682,1.43702957272991
2,1644,3644,-1.22756326315372,1.51661073315839
2,1645,3645,-0.809488641483486,1.73242649854752
2,1646,3646,-0.59320940815675,3.56941209857305
2,1647,3647,-1.08153523506797,2.41200436775919
2,1648,3648,-0.953906526120372,2.42358731336338
2,1649,3649,-1.03810104102067,2.08102364945979
2,1650,3650,-1.25117384485911,2.41835290592177
2,1651,3651,-0.594551476448252,1.66732276422936
2,1652,3652,-1.21034199516622,1.76122762666381
2,1653,3653,-0.366713283237594,1.68326549744693
2,1654,3654,-1.2192345072475,1.99854917000686
2,1655,3655,-1.19260253358203,2.07111002148732
2,1656,3656,-1.10739893235907,2.0905651522156
2,1657,3657,-1.85774877515372,1.86841221781165
2,1658,3658,-1.49813983626052,1.25163439058333
2,1659,3659,-2.09799218841557,1.32871103841684
2,1660,3660,-2.33447130637908,1.36429762105573
2,1661,3661,-2.14434279543754,1.08730823028261
2,1662,3662,-0.543779104462698,1.27052299368395
2,1663,3663,-0.932673726405692,0.92256903129219
2,1664,3664,-1.12967981746689,1.53139325279946
2,1665,3665,-1.21612297149924,0.914961098106534
2,1666,3666,-1.41769271412611,1.04623258998127
2,1667,3667,-1.91149375793213,1.57880809460782
2,1668,3668,-1.60954729481072,1.3318338232921
2,1669,3669,-0.603460542066697,1.46033610184908
2,1670,3670,-0.584894095565983,1.1141517425775
2,1671,3671,-1.12688322626809,2.52921177397124
2,1672,3672,-0.741906028613936,2.61418069081212
2,1673,3673,-0.950553117560267,1.74365598303215
2,1674,3674,-1.16997081255851,1.94014554152354
2,1675,3675,-1.22068043290733,1.17762263134942
2,1676,3676,-1.78983105591922,0.924175343667802
2,1677,3677,-2.20790683196521,1.70628562270971
2,1678,3678,-2.80078038494216,1.92325575143756
2,1679,3679,-2.85723316385986,2.37386678884291
2,1680,3680,-2.11235575103334,2.1857751408233
2,1681,3681,-1.57500202865862,1.91839914465274
2,1682,3682,-0.777524651353946,1.87246272285023
2,1683,3683,-0.915507906064275,1.7133408052135
2,1684,3684,-0.954048805625723,1.66639199082474
2,1685,3685,-0.982491875207349,1.05076241592555
2,1686,3686,-2.03570391305283,1.22958839247127
2,1687,3687,-1.49772613859403,1.01397844792352
2,1688,3688,-0.916755273695534,1.28877074519054
2,1689,3689,-0.35694616426817,3.17525870417512
2,1690,3690,-2.18281968473512,3.27801679889718
2,1691,3691,-1.98799609054852,3.34372545499218
2,1692,3692,-2.53560298284682,2.36339221496861
2,1693,3693,-2.96670994694108,2.56421729087914
2,1694,3694,-3.04384118782385,2.89111620267403
2,1695,3695,-1.88008131859019,1.3816314647753
2,1696,3696,-1.43828112171,1.34188144670652
2,1697,3697,-1.48152792471726,1.70878064783518
2,1698,3698,-0.816460045175388,1.30052140377566
2,1699,3699,-1.50221510264614,1.97848911940662
2,1700,3700,-1.04080343189754,1.88568908123547
2,1701,3701,-1.38152795101906,2.27414008548307
2,1702,3702,-1.01325851176556,1.88269947930766
2,1703,3703,-0.783113151208122,1.95132256110574
2,1704,3704,-1.14552960963186,1.96334524237928
2,1705,3705,-1.08792794063823,1.81956050757261
2,1706,3706,-2.38694033484103,1.9965211943737
2,1707,3707,-2.4638584651079,2.26271500525804
2,1708,3708,-2.78809779301645,2.39365586503349
2,1709,3709,-0.810175575075911,0.93106456744981
2,1710,3710,-0.859181942255177,0.965672772553457
2,1711,3711,-2.24041535150168,1.16120415644069
2,1712,3712,-1.46469945322097,0.840179553190068
2,1713,3713,-1.97773779512928,0.993587101700584
2,1714,3714,-1.32095160871463,1.1143681833084
2,1715,3715,-2.78282470027662,2.01593996607496
2,1716,3716,-2.22435367709357,1.61994733514351
2,1717,3717,-1.66272748573659,1.39495101759001
2,1718,3718,-1.06432387167945,1.62341697240325
2,1719,3719,-0.242447723549767,1.8996735619765
2,1720,3720,-3.02844437489454,1.87595894682125
2,1721,3721,-1.18221134773314,1.30298125425066
2,1722,3722,-1.32844534207554,1.0410792108716
2,1723,3723,-0.954000581249458,1.12012167179592
2,1724,3724,-0.797857099407588,1.98603313799873
2,1725,3725,-2.49467839463724,1.48248141039072
2,1726,3726,-2.64576355158652,1.72019287204319
2,1727,3727,-2.43080892697834,1.51459766119333
2,1728,3728,-2.53833950691825,1.44564247933299
2,1729,3729,-2.88899393390794,1.68114154812025
2,1730,3730,-2.36279203964837,1.54410113122374
2,1731,3731,-1.91214060980894,1.31534903059886
2,1732,3732,-1.69021050687916,1.81894622507491
2,1733,3733,-3.29507482070402,2.95935154976321
2,1734,3734,-3.0755187779735,2.33338281968575
2,1735,3735,-1.38824337535511,0.911746461897333
2,1736,3736,-1.06962200293925,1.30726051665031
2,1737,3737,-2.31428362998967,2.10700915227593
2,1738,3738,-1.93978410102758,1.05390976280087
2,1739,3739,-2.32990383888203,1.25303971137779
2,1740,3740,-2.29055456685062,3.0455812696601
2,1741,3741,-1.88625582957791,2.18733657137238
2,1742,3742,-1.98889160393108,1.97286404885673
2,1743,3743,-2.01061322446806,1.54021813458277
2,1744,3744,-2.20387176047297,1.57051808138331
2,1745,3745,-1.74445614949895,1.30659916846808
2,1746,3746,-1.88695743758997,1.15018805438792
2,1747,3747,-0.396731006163912,2.11026019738873
2,1748,3748,-1.045187384537,1.37975348640438
2,1749,3749,-1.04321333033172,1.94945838072659
2,1750,3750,-1.21417406693701,1.35433351877963
2,1751,3751,-1.10439601665315,2.24496548535057
2,1752,3752,-1.20021716665239,2.8479913135523
2,1753,3753,-1.02852568498396,1.80758148968338
2,1754,3754,-1.54173126129681,1.85331984698368
2,1755,3755,-2.14139156866121,1.8175752421501
2,1756,3756,-2.43563881826618,2.56464546913494
2,1757,3757,-1.86607741435496,2.16673119220749
2,1758,3758,-2.13125699888085,1.46070944159228
2,1759,3759,-1.81453473442376,1.83436627651583
2,1760,3760,-1.00854754528922,2.6684419950309
2,1761,3761,-1.38709507723288,2.19306019007523
2,1762,3762,-1.96396915487673,1.31314388159029
2,1763,3763,-1.59197058464134,1.09141863670151
2,1764,3764,-1.32944140926344,1.2984670193763
2,1765,3765,-1.45166878570043,1.20296372711844
2,1766,3766,-2.36124139291197,1.15952999217895
2,1767,3767,-2.42336570530143,1.60613432402471
2,1768,3768,-3.24839690456061,1.76982246811857
2,1769,3769,-1.52446567364582,1.73706019779094
2,1770,3770,-1.08507750738519,1.23730691532253
2,1771,3771,-0.998646418872031,1.65888702815082
2,1772,3772,-1.48098356934672,2.60481876476621
2,1773,3773,-1.31891788792175,2.08599618879137
2,1774,3774,-2.72858734646525,3.51913717263003
2,1775,3775,-1.93683118556214,1.4844223934038
2,1776,3776,-2.3527478605997,1.77280737014668
2,1777,3777,-2.23068250054957,1.64431486085853
2,1778,3778,-1.9814429202653,1.19792675411817
2,1779,3779,-1.55223510015293,0.765659668075654
2,1780,3780,-2.04309198624308,1.39622270454696
2,1781,3781,-1.09097223401941,1.35005376088635
2,1782,3782,-1.79291991496478,2.20401908080681
2,1783,3783,-0.831473048050795,1.12284260248789
2,1784,3784,-1.87082257040057,1.4861072782143
2,1785,3785,-1.19787459567382,1.942730671772
2,1786,3786,-2.01529808153904,2.65669247812934
2,1787,3787,-2.44128378334246,3.15530589950007
2,1788,3788,-1.98125107096295,2.97268477971443
2,1789,3789,-1.77983652191764,2.5104788551621
2,1790,3790,-1.86944523251216,2.58714244094549
2,1791,3791,-1.31675033139291,2.06862278649519
2,1792,3792,-2.04732596987,1.71405542560025
2,1793,3793,-1.6282544107954,1.5257160935165
2,1794,3794,-1.71629022541002,1.01948787138544
2,1795,3795,-1.45474678126886,1.00278608297412
2,1796,3796,-1.69006075639001,1.17416534904421
2,1797,3797,-2.08157460894098,1.50320478892033
2,1798,3798,-1.21791467421604,1.81889683644496
2,1799,3799,-1.23409747596045,1.81640883828144
2,1800,3800,-1.31531348414587,2.01943203458973
2,1801,3801,-1.45747315280174,1.8152603384237
2,1802,3802,-2.68030745960459,1.87154714456938
2,1803,3803,-2.33344929421401,1.70430135693601
2,1804,3804,-3.17471195947892,2.4655633877244
2,1805,3805,-2.33220097648049,2.21206694121048
2,1806,3806,-2.43452984412937,2.39869460038773
2,1807,3807,-2.11079663469274,1.97090650096267
2,1808,3808,-1.24914080706275,1.71246754986447
2,1809,3809,-2.38166907293731,1.58459367215515
2,1810,3810,-1.10975907494165,1.64700889047274
2,1811,3811,-1.68435637661383,1.8854856586
2,1812,3812,-1.94343077384175,2.36036912060107
2,1813,3813,-1.34156293106276,1.40668219331803
2,1814,3814,-1.27006161445232,1.98683016426225
2,1815,3815,-2.29951674295426,3.6051904664407
2,1816,3816,-1.8186802124848,4.03797518470016
2,1817,3817,-1.16724796884422,2.133887718824
2,1818,3818,-1.04086149802088,2.4248961978748
2,1819,3819,-1.20058305200933,2.47551126483169
2,1820,3820,-1.45569218215891,2.4180818594273
2,1821,3821,-1.44329030467193,1.64179891877426
2,1822,3822,-1.35104491971426,1.87878643888608
2,1823,3823,-1.06868835644944,1.71165218091119
2,1824,3824,-1.58222081082096,2.02811695929736
2,1825,3825,-1.15674442408309,0.964620772878146
2,1826,3826,-1.45620642745953,1.46530809695008
2,1827,3827,-1.69699006394736,2.46658373771418
2,1828,3828,-0.845571396836075,1.56542100850469
2,1829,3829,-1.39725963293501,1.40014970119235
2,1830,3830,-1.90331385139677,2.17962984065622
2,1831,3831,-1.83626221631299,2.17309593015299
2,1832,3832,-3.05610008252691,2.22348769278897
2,1833,3833,-2.13216649345385,1.87246585293925
2,1834,3834,-2.2534937689075,1.83781790838359
2,1835,3835,-1.52625380394687,1.44720924535139
2,1836,3836,-1.71415872901643,1.87005025103919
2,1837,3837,-1.37619843220538,1.77644668399185
2,1838,3838,-1.29023172065482,2.3525334525646
2,1839,3839,-1.50752789753364,2.23662428812016
2,1840,3840,-1.80118768842018,1.8862298317711
2,1841,3841,-1.90501434474871,1.26070824234655
2,1842,3842,-2.04370771143099,1.71897166124823
2,1843,3843,-1.56074104599378,1.05980987701004
2,1844,3844,-1.47571589425362,1.51080274849411
2,1845,3845,-1.56099956579072,1.35492106632478
2,1846,3846,-1.85753693768377,2.24439783058617
2,1847,3847,-1.1600832099135,2.11128099555864
2,1848,3848,-1.2258938343457,2.56291897731051
2,1849,3849,-1.20374775513897,2.77198801720396
2,1850,3850,-0.997889072452114,1.74514260895272
2,1851,3851,-1.99328165260249,1.945017157045
2,1852,3852,-1.90108328421402,1.65821732113461
2,1853,3853,-3.07203081334646,2.67367839306031
2,1854,3854,-2.63616145468045,2.30500969421343
2,1855,3855,-2.65411024670761,2.49711747654126
2,1856,3856,-1.84397244164092,2.10427749103614
2,1857,3857,-1.91734584358538,2.11925564455477
2,1858,3858,-1.40564991451195,1.92709101430021
2,1859,3859,-0.845661202533582,1.66194575778288
2,1860,3860,-0.950666999483143,2.85143492179518
2,1861,3861,-0.943537995133967,2.8592730230208
2,1862,3862,-0.587727238659468,2.96557290893034
2,1863,3863,-0.550846082922149,2.00402688561575
2,1864,3864,-2.02947337659908,3.02996375548529
2,1865,3865,-1.6575032171049,1.91251872695335
2,1866,3866,-1.99154097105102,1.79646574601123
2,1867,3867,-1.56245335513426,1.9070965920848
2,1868,3868,-2.21813465500356,1.48021130724378
2,1869,3869,-2.31449539646824,1.54314321060334
2,1870,3870,-3.59942211587496,2.08071798849598
2,1871,3871,-1.95817442963937,1.31915843288381
2,1872,3872,-2.53929619816257,1.9288699562712
2,1873,3873,-2.37610746455516,1.44898643503153
2,1874,3874,-2.09887896451805,1.4282460863151
2,1875,3875,-1.99223716113988,1.55608927726161
2,1876,3876,-1.74779555603594,1.50988972888301
2,1877,3877,-1.41414675192187,1.41185900394769
2,1878,3878,-1.61916036077968,1.32651053671672
2,1879,3879,-1.47615837098109,1.32008853005636
2,1880,3880,-1.85521214241667,2.24253599126274
2,1881,3881,-1.55344668991497,1.45783907667774
2,1882,3882,-2.41480765005043,1.60227350165461
2,1883,3883,-2.20240140128203,2.14640522098681
2,1884,3884,-1.867020616539,1.91453285742721
2,1885,3885,-1.74543432768331,1.38596490684021
2,1886,3886,-1.99071011103534,2.27613939888432
2,1887,3887,-0.997492680464485,2.0466219274815
2,1888,3888,-1.04138185025471,1.92006796657271
2,1889,3889,-1.29731902456682,2.04413751312899
2,1890,3890,-0.398765913731368,2.08221811149684
2,1891,3891,-1.22577559246849,1.98370797753248
2,1892,3892,-1.68348614215519,1.38041007060262
2,1893,3893,-1.68314013568825,1.71754655680524
2,1894,3894,-1.28973260846283,1.94857159100386
2,1895,3895,-1.46029816223565,2.07603183734621
2,1896,3896,-1.57503089328912,1.36867689375601
2,1897,3897,-0.891596177850716,0.978053576974695
2,1898,3898,-0.962257996541128,1.19376244242352
2,1899,3899,-2.26033841241314,1.81656542357063
2,1900,3900,-0.99208435737339,1.40611991107565
2,1901,3901,-1.3317508448089,1.65550579798478
2,1902,3902,-0.520347644771054,1.40990286802619
2,1903,3903,-1.20835361325575,2.0059463440506
2,1904,3904,0.0458589627420344,3.06719449776065
2,1905,3905,-1.18451770061491,1.61290005594493
2,1906,3906,-1.21349069772593,1.22670873153121
2,1907,3907,-2.07239541367659,1.48023249817462
2,1908,3908,-2.00632219257405,1.24987229046776
2,1909,3909,-1.7371867911821,1.37666933845324
2,1910,3910,-1.57829762359875,1.65793154540362
2,1911,3911,-1.21620090563264,1.53812543574088
2,1912,3912,-1.24340808531333,1.45543178862441
2,1913,3913,-1.28940321479384,1.39300036192982
2,1914,3914,-1.7762490682604,1.44759227228045
2,1915,3915,-1.98985135313151,1.22848123590072
2,1916,3916,-2.79020160716874,1.8521641366782
2,1917,3917,-1.34284295088141,1.34572845651005
2,1918,3918,-0.589761437802255,1.47484332032
2,1919,3919,-1.69620801467238,1.39086193522037
2,1920,3920,-1.60999745308921,1.30615233203107
2,1921,3921,-1.85632333520429,1.50717661281183
2,1922,3922,-1.06310142501181,1.92976455861312
2,1923,3923,-1.72533679837176,1.29680300258914
2,1924,3924,-1.62160923230021,1.26262979913331
2,1925,3925,-2.03238444645761,1.21743584520818
2,1926,3926,-2.86527598445884,1.7039593892872
2,1927,3927,-2.26653664774282,1.68074390921086
2,1928,3928,-2.32799681008845,1.78480432259831
2,1929,3929,-2.2124560620239,1.81072472409008
2,1930,3930,-2.42142385154578,1.97283633029956
2,1931,3931,-3.18923575148807,2.25034627976218
2,1932,3932,-2.65770274709948,1.85170507396666
2,1933,3933,-2.30013400945276,1.99484305685172
2,1934,3934,-2.58933317662429,1.8511542248662
2,1935,3935,-2.95224851437073,2.63501381100114
2,1936,3936,-1.5478218715624,1.45016203154794
2,1937,3937,-2.06599062783867,1.41346239628506
2,1938,3938,-3.04674595124212,2.11677834058366
2,1939,3939,-3.56447729443379,2.40891834073875
2,1940,3940,-2.11958869621474,2.58992130498842
2,1941,3941,-2.1152428744585,1.60173405099224
2,1942,3942,-3.14020619425161,1.74347162052364
2,1943,3943,-3.19404372315324,1.84219424187702
2,1944,3944,-1.6899514457469,1.20045642116726
2,1945,3945,-2.60436155692866,1.86642554937571
2,1946,3946,-1.15318021782496,1.41145448524039
2,1947,3947,-2.33405590304614,1.70790662041478
2,1948,3948,-0.510719544262217,1.60392632660306
2,1949,3949,-2.58359943701169,2.05372929816759
2,1950,3950,-1.62246439722805,1.73202339118073
2,1951,3951,-1.5153462846029,1.44069239591886
2,1952,3952,-1.3096401850951,1.61776909740852
2,1953,3953,-2.88360706121685,2.27815372450957
2,1954,3954,-2.79023851151133,2.62607869086911
2,1955,3955,-2.72500507880403,1.79233994814525
2,1956,3956,-2.93174338899246,1.76150198472613
2,1957,3957,-1.26615676097366,1.33020889761485
2,1958,3958,-1.33343875625583,2.05051198166994
2,1959,3959,-1.82888209933837,1.6926044933153
2,1960,3960,-1.63783523499075,1.82886161084709
2,1961,3961,-0.212126299579215,2.25182283756728
2,1962,3962,-0.291509288884499,2.66302825190562
2,1963,3963,-0.35106268621378,3.05910612160713
2,1964,3964,-2.39061509486652,2.44586333903644
2,1965,3965,-1.94070616468721,1.93430222422948
2,1966,3966,-2.02261606229324,1.49292259577748
2,1967,3967,-2.85470171195069,2.39189148520226
2,1968,3968,-2.68705086893354,2.42361851560218
2,1969,3969,-1.6364991046293,2.0969640912764
2,1970,3970,-1.3573993598627,1.95765181382597
2,1971,3971,-2.30359013532892,1.82694484954864
2,1972,3972,-1.98995260957105,2.03592994633039
2,1973,3973,-1.93239742208763,2.25383645701023
2,1974,3974,-1.21915083140674,1.24801978571969
2,1975,3975,-1.10253494770145,1.49764245223663
2,1976,3976,-0.501100436512117,0.819097518403799
2,1977,3977,-1.81513207770057,1.73535885897761
2,1978,3978,-1.40791255205474,1.17322302411888
2,1979,3979,-1.54903797081526,1.56565515488264
2,1980,3980,-1.81347332048938,1.64970424775412
2,1981,3981,-1.65081450540941,1.53271897334891
2,1982,3982,-1.66853097607273,1.53406121406627
2,1983,3983,-2.05921164197445,1.79777171991769
2,1984,3984,-1.23413671916577,1.76628014355591
2,1985,3985,-2.64523965551931,2.43842526637552
2,1986,3986,-3.19629205397101,2.40467797465973
2,1987,3987,-2.37954381451102,1.76218810984277
2,1988,3988,-2.13578645023073,1.67241701098815
2,1989,3989,-1.98406081994543,1.64150522105516
2,1990,3990,-1.86476048995765,1.8728386274128
2,1991,3991,-1.65344284132583,2.07273790224886
2,1992,3992,-2.00237451095443,0.969843996701329
2,1993,3993,-1.83283053380515,1.17155636739648
2,1994,3994,-1.43114685183861,0.887251204558057
2,1995,3995,-1.37612762862454,1.42384664396381
2,1996,3996,-1.3312530507389,1.64651319008993
2,1997,3997,-1.21887279525031,1.68498844281488
2,1998,3998,-1.46552850265377,2.26837958346246
2,1999,3999,-0.707322577441307,1.59343675145931
2,2000,4000,-0.766469084440076,1.68531970959717
3,1,4001,-1.45845096435459,3.01603734834337
3,2,4002,-0.579854044461717,1.73177790658523
3,3,4003,-1.11569297865564,2.45425278366464
3,4,4004,-1.05308511102653,1.69347068279098
3,5,4005,-1.44636442845466,1.83702722332154
3,6,4006,-1.45454316691161,1.62431312090051
3,7,4007,-2.83399060570358,2.20990767965441
3,8,4008,-2.44400846671146,2.26739035719607
3,9,4009,-1.57306467989989,1.51308454963504
3,10,4010,-1.9614678990918,2.37716985057015
3,11,4011,-2.13115769408599,1.65483768515654
3,12,4012,-2.41421896572421,1.90674890060412
3,13,4013,-2.15458033559255,1.61298783673432
3,14,4014,-2.37872300234582,2.35017434281317
3,15,4015,-1.98828815800616,3.05864837532974
3,16,4016,-1.5935401386991,3.02900344965092
3,17,4017,-1.40380757121067,2.71680050339168
3,18,4018,-3.00985066064351,2.46776895714053
3,19,4019,-2.85254459765387,2.64481740701806
3,20,4020,-4.33516200206801,2.60945488743525
3,21,4021,-1.77144313529394,0.972803496136648
3,22,4022,-2.33674862892744,1.97028198412164
3,23,4023,-2.06982450302931,2.05351524359949
3,24,4024,-2.08480182851838,1.8699264738274
3,25,4025,-2.10486938148645,1.71490253905002
3,26,4026,-2.18704634695194,1.56881388534309
3,27,4027,-1.35086841369465,0.966120227149472
3,28,4028,-1.1542258504673,1.1035356268022
3,29,4029,-0.917391773342292,1.31148460349224
3,30,4030,-1.50947722515853,1.88588586332925
3,31,4031,-1.53868957616463,1.28614056473947
3,32,4032,-2.12377552251613,1.61974922714749
3,33,4033,-1.88138032683507,1.40662284710215
3,34,4034,-2.81786371964507,2.12169585344936
3,35,4035,-1.77931490749379,1.61768219056928
3,36,4036,-0.813543115223337,2.40341671635213
3,37,4037,-0.688942856994254,2.00585486252512
3,38,4038,-0.418422034023004,1.74979589331847
3,39,4039,-0.814290710865248,1.39074818910465
3,40,4040,-2.40285742647721,1.61006160719475
3,41,4041,-1.07334490012542,1.40467960448663
3,42,4042,-1.56985429178278,1.17015238793
3,43,4043,-1.25191167437758,1.0996491296123
3,44,4044,-0.786290385075866,1.84830823971699
3,45,4045,-1.08450221989439,1.03263230577839
3,46,4046,-1.04781428721927,1.12851711747303
3,47,4047,-1.03243814070321,1.84813091019154
3,48,4048,-0.892710003491272,1.34893595858278
3,49,4049,-0.953664593403245,1.65183087679566
3,50,4050,-1.98293840534978,2.80127661204456
3,51,4051,-2.1413280372147,3.06418120022699
3,52,4052,-2.40635765575177,1.98880341586403
3,53,4053,-1.25206424181308,1.30650198415597
3,54,4054,-0.984159766670004,1.3807846015324
3,55,4055,-0.713277113309166,1.83529451236714
3,56,4056,-0.908060272746015,1.68348302194723
3,57,4057,-0.880946398872879,1.86741450025979
3,58,4058,-0.532413012126147,1.90344990667218
3,59,4059,-0.471804911269833,2.04028079292158
3,60,4060,-1.07509311447154,3.5064654654181
3,61,4061,-1.62761982234179,1.83809627382277
3,62,4062,-1.92031740190304,1.56126176213626
3,63,4063,-2.40638783800676,1.77839162723304
3,64,4064,-2.03721939498997,1.57129087956102
3,65,4065,-1.71580880212099,1.22781975042301
3,66,4066,-1.39819258902892,1.26779829109556
3,67,4067,-1.2132285474447,2.17600007021829
3,68,4068,-2.16278075063702,1.3793529929098
3,69,4069,-1.40799532833569,1.22373682701799
3,70,4070,-2.39322221183532,2.27210034599722
3,71,4071,-1.69557956332396,1.80796090286573
3,72,4072,-2.03483789088082,2.23330735469328
3,73,4073,-2.49428361791168,2.56155951739114
3,74,4074,-2.49850383971848,1.41274296549792
3,75,4075,-2.19159704260757,1.2715887317961
3,76,4076,-1.69393046682492,1.18039258271312
3,77,4077,-1.66359331485239,1.05640785485847
3,78,4078,-0.991772053323058,0.909205492059902
3,79,4079,-1.332670340151,1.42616184526918
3,80,4080,-1.58564108800024,1.65089680675043
3,81,4081,-1.67139708904477,1.80392735427915
3,82,4082,-2.48611548044646,2.39882390767339
3,83,4083,-2.73570284156372,2.59796261529923
3,84,4084,-2.61105325151682,2.45726990301205
3,85,4085,-2.84609932153745,2.6279807255802
3,86,4086,-0.466221079553736,2.19810273507407
3,87,4087,-0.277549317387306,2.36676346343982
3,88,4088,-0.248363645585659,3.36743850378079
3,89,4089,-1.37483995054483,1.81592502741319
3,90,4090,-2.16612993631969,1.54292015009953
3,91,4091,-1.39486303102641,1.60828063185469
3,92,4092,-0.92561279976655,1.37834969431076
3,93,4093,-2.78563945034108,1.61952659032553
3,94,4094,-1.87099641449624,1.12807747543163
3,95,4095,-1.58786355475182,1.01461310085728
3,96,4096,-1.91506243973573,1.55501887327062
3,97,4097,-1.8816725519751,1.31779575723748
3,98,4098,-1.96020770570215,1.74158929367998
3,99,4099,-1.11389688519516,1.40352566421981
3,100,4100,-1.41155302355404,1.32904594597111
3,101,4101,-0.861988891829803,1.76802484596224
3,102,4102,-2.36733663701356,1.74059333729475
3,103,4103,-2.0777926041725,1.23559792175157
3,104,4104,-2.51773144352655,1.67091610008183
3,105,4105,-2.27039606639387,1.35665046706219
3,106,4106,-2.22579540577945,1.70198243128948
3,107,4107,-1.99605458055181,1.29979775721197
3,108,4108,-2.0673311080214,1.51613141422312
3,109,4109,-1.46353882895483,0.95634869996098
3,110,4110,-1.69537955168158,1.1251083552072
3,111,4111,-1.67409616884078,1.17210243113191
3,112,4112,-1.81853627000889,1.70273567777312
3,113,4113,-2.28223278252881,1.93667616913055
3,114,4114,-1.91834975808322,2.40498425237605
3,115,4115,-1.58664019458037,0.981820733142487
3,116,4116,-1.8929673917201,1.12118267014638
3,117,4117,-2.76353898053486,2.30878230039298
3,118,4118,-2.61214636820482,1.7126976734645
3,119,4119,-2.46788924988665,1.68218634443928
3,120,4120,-2.31033208128025,1.61129806303372
3,121,4121,-2.42874324584003,1.85396780590543
3,122,4122,-2.49963373855544,1.6924106868311
3,123,4123,-1.7718202079162,1.53489620002622
3,124,4124,-2.5089297754987,2.12132454903769
3,125,4125,-1.55310049388063,1.33798421656117
3,126,4126,-1.36714617234008,1.96096242080685
3,127,4127,-1.10629892042208,3.27680624654011
3,128,4128,-1.19693929279836,2.12158755592747
3,129,4129,-1.25423091570856,1.61575759050016
3,130,4130,-1.61596656984954,2.2039839905382
3,131,4131,-0.862624547820044,1.01180264960734
3,132,4132,-1.26454320382836,1.55380904768855
3,133,4133,-0.70896647555784,1.27236362698074
3,134,4134,-0.927488018419628,1.42815776322948
3,135,4135,-1.54190490072411,1.1925252280448
3,136,4136,-1.02054332797521,1.0277767753531
3,137,4137,-1.71993844822108,1.08183420751432
3,138,4138,-2.1206730721438,2.32721521631578
3,139,4139,-1.67682594315956,1.65891099934083
3,140,4140,-1.53072381846887,1.22793042575577
3,141,4141,-2.10528301084526,1.94220456139666
3,142,4142,-1.06657932485397,1.69575263671983
3,143,4143,-2.15925558085775,2.89240615037763
3,144,4144,-2.25622634910249,2.75845764078126
3,145,4145,-1.0117564988118,1.30289058499835
3,146,4146,-1.81934156814978,2.46831499513109
3,147,4147,-2.12075150722511,1.79315936639609
3,148,4148,-2.03487555441565,1.3929883928903
3,149,4149,-0.863445752520794,1.6358540101673
3,150,4150,-1.67089861055299,1.90050138964159
3,151,4151,-2.11114031359963,1.76012496378899
3,152,4152,-1.87507169246512,1.18920647656515
3,153,4153,-2.03528542478887,2.35052434461507
3,154,4154,-1.70735317264512,1.34796955548878
3,155,4155,-1.43132079110995,1.23478597793383
3,156,4156,-2.00455938071802,2.54900541497827
3,157,4157,-1.22350840750965,1.53044964571476
3,158,4158,-1.73056935536867,1.81886566200491
3,159,4159,-2.69400283074457,1.68122854438602
3,160,4160,-2.30506781364798,1.26429980203747
3,161,4161,-2.47613218730704,1.31119568666107
3,162,4162,-1.69536827431418,1.34672017379436
3,163,4163,-1.53022974087815,1.22374115797405
3,164,4164,-1.85581676897947,1.54150696418832
3,165,4165,-2.0962395219199,1.70649390972878
3,166,4166,-2.33794222265806,1.98419537020715
3,167,4167,-1.73158816649735,1.78064278026056
3,168,4168,-1.46739580644176,1.40722100567667
3,169,4169,-1.78391499629768,1.81193631869955
3,170,4170,-1.5403077569301,1.66952322574102
3,171,4171,-1.92927617983673,2.31588907956505
3,172,4172,-1.71979099696833,2.41645217129664
3,173,4173,-1.2684147172807,1.88241578665807
3,174,4174,-2.29090092425327,2.13833264968204
3,175,4175,-2.78981273689521,2.23711678206362
3,176,4176,-2.60629355428544,2.40204479986375
3,177,4177,-2.36598552431281,1.2762401741823
3,178,4178,-2.75271987557665,1.41364578874993
3,179,4179,-3.61068350704895,2.35318537621611
3,180,4180,-2.73715156993972,2.94369290266422
3,181,4181,-1.16422744136304,0.834260490382365
3,182,4182,-0.788634425952243,1.04366736904475
3,183,4183,-1.2169123974156,1.46229804350038
3,184,4184,-0.929533642459254,1.44116731908889
3,185,4185,-1.99124950619914,1.85026976520148
3,186,4186,-1.59123371247532,1.71203434906185
3,187,4187,-1.51645275563315,1.72379925517493
3,188,4188,-1.53431328182072,1.86434208392703
3,189,4189,-1.03826933639247,2.22938193716428
3,190,4190,-0.819323909206613,1.60315735953371
3,191,4191,-2.16039416129178,2.44051766645519
3,192,4192,-2.79626804594666,3.16356734960059
3,193,4193,-1.47508844395124,2.08163404871648
3,194,4194,-1.77875500222629,1.24934552135995
3,195,4195,-2.46341026203214,1.52594023266676
3,196,4196,-1.63850668299606,1.27595250915218
3,197,4197,-1.49450629377762,1.06948379465582
3,198,4198,-2.36929799184732,1.57118566194647
3,199,4199,-0.814438272579339,2.26114722025731
3,200,4200,-0.401227512971952,2.33106959997989
3,201,4201,-1.04526142668824,2.18045152976061
3,202,4202,-0.921284093278088,1.93262428822094
3,203,4203,-0.872257812416181,2.70844620999781
3,204,4204,-1.21729629432604,1.29792835358858
3,205,4205,-1.27967288235751,1.34972204591755
3,206,4206,-1.19801027442478,1.38139091711337
3,207,4207,-1.09105686154731,1.69826877737697
3,208,4208,-0.516183852742478,1.41169562048219
3,209,4209,-2.25899258826044,1.71415033628912
3,210,4210,-1.85518202112508,1.76310542547526
3,211,4211,-1.72680174261492,1.86413113384295
3,212,4212,-1.73769885801564,1.74021815730315
3,213,4213,-1.29917619502534,2.72394701081537
3,214,4214,-1.36402208177184,1.72780956691925
3,215,4215,-0.932962329142154,1.78737427177876
3,216,4216,-0.817445153603655,1.72620950728103
3,217,4217,-1.30318151985187,1.81367381954289
3,218,4218,-2.16045280580421,1.63657331946218
3,219,4219,-2.16397098645805,1.97694174660137
3,220,4220,-3.27521575421016,1.92553181449233
3,221,4221,-2.85641212036345,1.94935730227761
3,222,4222,-1.86950404533066,2.37383711877345
3,223,4223,-1.72776833247661,1.58046450609365
3,224,4224,-2.08884907883348,2.29542005973188
3,225,4225,-1.35628309013596,1.61454784640088
3,226,4226,-1.66239649138187,1.63759332410126
3,227,4227,-1.4917294051267,1.89510028506279
3,228,4228,-2.06288460581156,1.92864321636888
3,229,4229,-1.49028303090508,1.63655468487157
3,230,4230,-1.14245288916807,1.16706225856306
3,231,4231,-2.50258533799464,1.93160032151781
3,232,4232,-1.74953836790836,1.17063883738136
3,233,4233,-1.98197414028384,1.30643893208061
3,234,4234,-2.42876615038926,1.44223639051225
3,235,4235,-1.15080978066533,0.779211217946385
3,236,4236,-1.65776594232341,1.12912214184436
3,237,4237,-1.24030354911114,0.831609914915366
3,238,4238,-1.64167329512627,1.28422395492704
3,239,4239,-1.24824120015587,1.03456387997428
3,240,4240,-1.39699276757337,0.863997894639564
3,241,4241,-1.43056709933225,2.19859687016542
3,242,4242,-1.15453591300504,1.78083588627761
3,243,4243,-1.38167143568927,1.97892903544637
3,244,4244,-1.53308230013027,1.2468541464337
3,245,4245,-0.659097007969842,1.43629919468549
3,246,4246,-2.33844783583347,1.40803673346829
3,247,4247,-2.30091832205691,1.25827373492978
3,248,4248,-2.35507618856581,1.2671633128972
3,249,4249,-2.04004792352845,0.949077973062744
3,250,4250,-2.67091974128527,2.29155792752
3,251,4251,-3.49539891165292,1.74215520468533
3,252,4252,-1.44048957462416,1.5563624448003
3,253,4253,-1.54053682464635,1.2938773996579
3,254,4254,-0.818053811149313,0.754370252687894
3,255,4255,-2.42212007136656,1.08840443004917
3,256,4256,-1.39211605757795,1.80156673793447
3,257,4257,-0.884503565882967,1.15705412617037
3,258,4258,-0.913468972255748,0.973622637224537
3,259,4259,-1.45811743319114,1.8885467546376
3,260,4260,-0.997455874480619,1.54356360257206
3,261,4261,-1.66536777807293,2.08743794344936
3,262,4262,-0.136320681746802,3.03964783842397
3,263,4263,-0.759402047517156,2.45038314534697
3,264,4264,-1.54433297777415,1.32168335868863
3,265,4265,-1.55551607865583,1.30309492913858
3,266,4266,-1.76223417468037,1.03421408197605
3,267,4267,-2.16524525125104,2.43765219322577
3,268,4268,-2.64074235147332,3.00357572324405
3,269,4269,-2.28859145827817,2.74006124901405
3,270,4270,-1.24054409027966,1.41313738614652
3,271,4271,-2.06519252861459,2.28886862905552
3,272,4272,-2.28936029940697,2.76429434027573
3,273,4273,-2.87471604545312,2.76560143072256
3,274,4274,-1.86746780919641,3.35001363102148
3,275,4275,-1.38648232516331,2.09314211795021
3,276,4276,-2.09963839100621,3.42256687912878
3,277,4277,-2.08970988983917,3.09389860098671
3,278,4278,-2.02597107859345,3.00341983320701
3,279,4279,-2.05654437757754,2.84787098958216
3,280,4280,-2.00031878222533,2.94411194555853
3,281,4281,-2.0943320304474,3.22063866977447
3,282,4282,-2.12637042896332,3.29595293814963
3,283,4283,-2.01976485219187,3.03677457651192
3,284,4284,-2.1840032720287,1.28907038329959
3,285,4285,-2.57489558772907,1.54914619933484
3,286,4286,-1.61822085229047,1.25769504398571
3,287,4287,-2.00131257406914,1.42307965792744
3,288,4288,-1.92236357102925,1.28729554639712
3,289,4289,-2.14233061723956,1.25628171180148
3,290,4290,-1.83562645705648,1.25832520291316
3,291,4291,-2.06472188741128,1.40638552069348
3,292,4292,-1.69861214634244,1.75286940222352
3,293,4293,-1.36735025801751,1.24346244840804
3,294,4294,-1.94489077041581,1.90338374335624
3,295,4295,-2.46366860349387,2.88665525376557
3,296,4296,-1.84946690732566,1.75685038996233
3,297,4297,-2.43889799761478,1.83272243815866
3,298,4298,-2.45517943111435,2.05244713905021
3,299,4299,-2.54183218094669,3.15685540265978
3,300,4300,-2.50185901602537,2.2711163259106
3,301,4301,-2.06868950963106,2.26062756745841
3,302,4302,-1.96414521364067,2.04448908454337
3,303,4303,-1.776491701456,1.34526542621498
3,304,4304,-1.77372000893162,1.53783683269554
3,305,4305,-0.865349502356722,1.52927093562431
3,306,4306,-2.225157107795,2.22786876746979
3,307,4307,-2.4637896133565,1.99379154448751
3,308,4308,-2.65557392580452,2.07593588126808
3,309,4309,-0.897310156470653,2.03738468274278
3,310,4310,-1.48883266601108,2.86405606142058
3,311,4311,-1.59682259561157,2.94446974197956
3,312,4312,-1.37354241171406,1.84862772077872
3,313,4313,-0.607528032698951,1.79272658803221
3,314,4314,-1.0830086530464,1.906416484495
3,315,4315,-2.03550716978433,1.86624163254953
3,316,4316,-1.92040927131935,2.09898128930259
3,317,4317,-1.52530779713381,2.27403765184946
3,318,4318,-2.22110709457576,2.19773920298081
3,319,4319,-2.00472899010545,1.36921888717277
3,320,4320,-2.11725686215711,1.60999442760255
3,321,4321,-1.76557309465918,1.42999121613483
3,322,4322,-2.6135838035065,1.5703341179927
3,323,4323,-0.973527529158371,0.836317856434366
3,324,4324,-0.933614716160443,0.814352220410895
3,325,4325,-1.51689365918822,1.1412856355736
3,326,4326,-1.15432953680307,0.927042036633611
3,327,4327,-1.52053255513148,1.56053167321374
3,328,4328,-1.4540013162085,1.56845343352471
3,329,4329,-1.77770857407191,1.94429761549292
3,330,4330,-0.742743119277398,1.11546645281663
3,331,4331,-1.1414704982136,1.73189019515299
3,332,4332,-0.00793589578535809,3.9676548759649
3,333,4333,-0.860481543751135,0.975463136622043
3,334,4334,-0.53690178282346,0.866813950777774
3,335,4335,-0.311505126701426,0.768414409273406
3,336,4336,-0.704001398990826,0.949662235874971
3,337,4337,-0.614832772235633,1.80190631933472
3,338,4338,-3.48085897568195,2.21994390463417
3,339,4339,-3.37768745587562,2.25836947413517
3,340,4340,-2.6253583216984,2.12532304585796
3,341,4341,-2.54722930467598,2.09298117427356
3,342,4342,-2.21554224530236,1.88282681050425
3,343,4343,-2.11346981478713,2.14426403112059
3,344,4344,-2.24727560590021,1.61927489437281
3,345,4345,-1.23106740186933,1.22844594443655
3,346,4346,-2.7292477545801,2.1140121513514
3,347,4347,-1.38549753547302,1.03043755162676
3,348,4348,-1.13947466114779,1.4861038421617
3,349,4349,-2.0315173949452,1.12422592565919
3,350,4350,-1.28904707172222,1.53274268831704
3,351,4351,-1.7569425457443,1.65531914403441
3,352,4352,-1.47557036061292,1.52742258153613
3,353,4353,-1.70582323133423,1.71738084871542
3,354,4354,-1.60008636003304,1.6035853993451
3,355,4355,-1.32941983250684,0.756465203907154
3,356,4356,-1.96535693213075,1.22527579367168
3,357,4357,-1.0392190067711,1.09680332605777
3,358,4358,-1.77905071825512,2.23250285139737
3,359,4359,-1.89089080090579,1.41706304992067
3,360,4360,-1.77316165181285,1.44334092020088
3,361,4361,-1.70746866166103,1.27073630327483
3,362,4362,-2.51278337607261,1.82584466706049
3,363,4363,-0.289000522418472,2.39290380883616
3,364,4364,-0.905055076755083,2.3102318728479
3,365,4365,-1.78298656900144,2.11639118292266
3,366,4366,-1.45229530004267,1.20509852511273
3,367,4367,-1.89808871414317,2.37907301281202
3,368,4368,-1.38781426704212,2.49977879499315
3,369,4369,-1.80091193262901,1.96642328330097
3,370,4370,-1.44437615205555,1.18857816783648
3,371,4371,-1.84446985727211,2.46330556125653
3,372,4372,-1.13573089321439,1.78366200719793
3,373,4373,-2.2661714155701,1.31932443584658
3,374,4374,-1.4269204451579,1.47237206229281
3,375,4375,-1.65810846176475,1.43410688307749
3,376,4376,-1.0237557250064,1.09313006756162
3,377,4377,-1.03048339821988,1.27186560774551
3,378,4378,-0.585260758010313,1.7736607336626
3,379,4379,0.0574437376387619,2.09774220592776
3,380,4380,0.502706035593277,3.39804504816553
3,381,4381,0.661914655306147,2.99443852704839
3,382,4382,0.573715032931505,1.93869868794226
3,383,4383,0.336898526869709,2.06719888462018
3,384,4384,0.325885140320202,2.06474194562621
3,385,4385,-0.305565488655262,2.40573466802134
3,386,4386,-1.22815000883694,1.8694700166595
3,387,4387,-1.27509237772568,2.93936968753682
3,388,4388,-1.22211720737176,1.85066868600948
3,389,4389,-2.71159881653039,2.15314808793908
3,390,4390,-1.08039044047686,1.48896721293047
3,391,4391,-1.59117543334087,1.94861171199648
3,392,4392,-1.85613678387683,1.92424477719991
3,393,4393,-2.01867848978581,2.17025253797538
3,394,4394,-1.98213929341469,1.99731259102372
3,395,4395,-2.08966244516666,1.99231483939277
3,396,4396,-1.49190744348297,2.37743097521458
3,397,4397,-0.895927408929637,1.88947452558704
3,398,4398,-0.803179854352134,1.98983204755297
3,399,4399,-1.05918537687866,2.11319918410878
3,400,4400,-1.87561013777805,1.55675396472921
3,401,4401,-1.68231965954857,2.09390419694326
3,402,4402,-1.61208850576137,1.98705755072417
3,403,4403,-0.860054047857753,1.40542400391498
3,404,4404,-1.71797709810418,1.40825429615553
3,405,4405,-1.76102762648369,1.41167395627975
3,406,4406,-1.18729765110501,0.831967981001847
3,407,4407,-2.41267547866733,1.56710586702859
3,408,4408,-1.90649572820201,1.31077139277218
3,409,4409,-3.30589565236419,1.3691128738428
3,410,4410,-3.23117504749189,1.42852471430581
3,411,4411,-2.93513099162123,1.79788022770573
3,412,4412,-2.82411608000324,1.96546369018171
3,413,4413,-1.72374910542315,1.18144234799113
3,414,4414,-1.54414680637217,2.37688397126979
3,415,4415,-2.07348573186936,2.16502387150524
3,416,4416,-0.949363511382721,1.57134225609974
3,417,4417,-0.799440758732862,2.4583275194378
3,418,4418,-0.847073850227259,2.23426256941263
3,419,4419,-0.464171399772143,1.90231420262148
3,420,4420,-1.98925233105331,2.00610876293753
3,421,4421,-1.68207895410237,1.92367632262458
3,422,4422,-0.971758839565666,1.4324675823418
3,423,4423,-1.67733743510319,1.61012648577649
3,424,4424,-1.48422329031463,1.55277111572641
3,425,4425,-1.54954519270625,1.58406078271808
3,426,4426,-1.6134360547073,1.84214631105205
3,427,4427,-1.76409231600007,2.27228388865248
3,428,4428,-1.13982729463418,2.2776878327016
3,429,4429,-1.63888908992307,1.86927795434097
3,430,4430,-1.44530094125837,2.02100550941821
3,431,4431,-1.90509605197909,1.85091245027827
3,432,4432,-1.38958174711718,1.15873312601118
3,433,4433,-2.28606915299844,1.56014648177482
3,434,4434,-1.88550436540024,1.49200169322601
3,435,4435,-2.6896708822166,1.63371368406865
3,436,4436,-1.96531159838287,1.22552937477941
3,437,4437,-2.2115795451258,1.88456344337439
3,438,4438,-1.84180017857379,1.31045537042007
3,439,4439,-1.67390962546903,1.31123125971471
3,440,4440,-1.76746821775359,2.04161507757268
3,441,4441,-1.44903719178981,1.48483027352568
3,442,4442,-2.01400957313806,1.82586231082131
3,443,4443,-2.27832200899544,2.23788937945368
3,444,4444,-1.69619312100212,2.51570980518124
3,445,4445,-2.19174026415383,2.28047530672744
3,446,4446,-1.33790045217088,1.977796907958
3,447,4447,-1.4526902042307,1.88744583127255
3,448,4448,-1.88457848231429,2.28833093395175
3,449,4449,-1.74745818096362,2.20912156397983
3,450,4450,-1.77431542480616,1.50311928996186
3,451,4451,-1.49978801324626,1.19540601519826
3,452,4452,-2.56417159350634,1.53669193479626
3,453,4453,-1.64592417253728,1.6740718295926
3,454,4454,-1.67051387352995,1.89861741688487
3,455,4455,-0.919324128848811,1.59093879785137
3,456,4456,-0.809851551153692,1.38591602329147
3,457,4457,-1.7711619600686,2.08015147878627
3,458,4458,-1.75310572322774,2.63651998263991
3,459,4459,-1.76054190411826,2.99185547614234
3,460,4460,-1.84848983938279,2.26742637742005
3,461,4461,-1.56430501480701,2.55209347521143
3,462,4462,-1.48680992859076,2.25032122930028
3,463,4463,-1.47351608422274,1.49749440253903
3,464,4464,-2.08055786297618,1.59867023275782
3,465,4465,-2.10526534071724,1.6018268679619
3,466,4466,-2.4151421843385,1.82941646176992
3,467,4467,-1.70926739238153,1.57675113889138
3,468,4468,-1.9395399565067,1.80065785204538
3,469,4469,-2.06126881282244,2.78442425414205
3,470,4470,-1.71548851184313,1.87689121038898
3,471,4471,-2.00026994829026,1.91407057519868
3,472,4472,-2.3711606751372,2.87588302810573
3,473,4473,-2.56742154055323,1.81813560165388
3,474,4474,-1.87196749119774,1.79197261791043
3,475,4475,-1.60289446287951,2.00551532997291
3,476,4476,-1.67280711873671,2.041787050343
3,477,4477,-2.01165879862812,2.17004485966491
3,478,4478,-0.817696116042366,1.4945464083553
3,479,4479,-2.82171285891536,2.79119593532169
3,480,4480,-1.6614962275313,1.73309242321933
3,481,4481,-1.56035378297832,1.60493753837575
3,482,4482,-0.955397674108763,1.32764430433271
3,483,4483,-1.09166907005494,1.53243633557455
3,484,4484,-0.744586504113218,1.35384242604341
3,485,4485,-0.733246633238544,1.4432198884634
3,486,4486,-1.05298268724857,1.45985879538842
3,487,4487,-0.922646765104777,2.32357161582159
3,488,4488,-1.25521919955773,1.87530596532808
3,489,4489,-0.870812850554902,1.80454920130966
3,490,4490,-0.896436411103162,1.74877656319497
3,491,4491,-0.887011867557568,1.88118415974142
3,492,4492,-0.675816714824492,2.07214504583458
3,493,4493,-0.997845406327856,1.84780645853811
3,494,4494,-1.31108682023085,2.61212655005545
3,495,4495,-1.42115197037444,1.24761961678045
3,496,4496,-1.61079505314398,1.58096657236034
3,497,4497,-1.68334478898495,1.42994265926131
3,498,4498,-1.52874681157273,1.47439504225784
3,499,4499,-1.85478845953057,1.41072269222434
3,500,4500,-1.77998428965603,1.75807108806803
3,501,4501,-3.63439858953095,2.19026574866133
3,502,4502,-2.00352474885388,1.38027465019661
3,503,4503,-2.52717006890717,2.80181008636964
3,504,4504,-2.39411570117734,2.66850392248875
3,505,4505,-1.94838073683472,1.35610070259963
3,506,4506,-2.78313188338142,1.46595649779681
3,507,4507,-2.46449154584254,1.32046018280235
3,508,4508,-2.15900409617968,1.61921529153296
3,509,4509,-2.93015867338481,2.08924196406162
3,510,4510,-2.6646162561235,1.53766057881062
3,511,4511,-2.91123990787205,2.31327350427918
3,512,4512,-1.58107828606138,1.53596516512631
3,513,4513,-2.44191409438379,2.87672738626253
3,514,4514,-1.68409857151749,2.52342359135493
3,515,4515,-2.92394907589994,1.80422455051682
3,516,4516,-2.09927648323971,1.65223272266333
3,517,4517,-2.18494513497946,1.44922705540585
3,518,4518,-2.03545100817223,1.39087550920446
3,519,4519,-2.39189115935066,1.38925637018294
3,520,4520,-2.3938064156082,1.70935818007781
3,521,4521,-1.53788542751387,1.22017048286342
3,522,4522,-1.84330916453053,1.38020411469712
3,523,4523,-1.32691738278514,0.972231822981704
3,524,4524,-1.59427869445673,1.45693711482199
3,525,4525,-2.08557756507651,1.24159333447031
3,526,4526,-1.90770094710213,1.25735356723999
3,527,4527,-2.43615873067712,2.1113113712591
3,528,4528,-2.95088374298027,2.54606052630965
3,529,4529,-1.58375497383282,1.32747101553484
3,530,4530,-1.18751763694467,1.50627973446713
3,531,4531,-0.904120674399237,0.868433823268453
3,532,4532,-1.13085937805829,1.31307162030746
3,533,4533,-1.6789495642843,1.05105507072513
3,534,4534,-1.70184829809172,1.15156648486218
3,535,4535,-1.2868973132753,0.932653997833493
3,536,4536,-1.49292170448351,1.36248242346449
3,537,4537,-1.03360450135534,1.25788765597226
3,538,4538,-1.71099123423876,1.5435505385398
3,539,4539,-0.966319060956058,2.33548263675548
3,540,4540,-0.943404891305971,2.49235236712138
3,541,4541,-1.24744560902515,1.07717248564675
3,542,4542,-1.47367384026735,1.69398036832304
3,543,4543,-0.805417419627174,1.46582405705919
3,544,4544,-3.41095796096716,1.79315776199215
3,545,4545,-1.94924589134771,1.38704096699005
3,546,4546,-2.31359497313452,1.51278950854005
3,547,4547,-2.32600945831405,1.50278758544568
3,548,4548,-1.29260377080597,1.77011887027229
3,549,4549,-1.49787286398064,2.36327296123589
3,550,4550,-1.32978726034767,2.30699322991177
3,551,4551,-1.79951643927297,1.6211795347119
3,552,4552,-1.62697638731919,2.34487869462384
3,553,4553,-1.40197262915426,1.79506682087516
3,554,4554,-0.618572190749707,3.06926272159047
3,555,4555,-1.11192053994775,2.81244160935565
3,556,4556,-1.23735376359927,2.59184786232091
3,557,4557,-0.595936824196682,1.79432409725383
3,558,4558,-0.581886212988466,2.19365254568403
3,559,4559,-0.652685280752481,1.98995571488256
3,560,4560,-0.738438262141423,1.78959272857461
3,561,4561,-0.892167055291534,1.86966760897335
3,562,4562,-0.836766675857107,1.4363708976478
3,563,4563,-1.06381768714412,1.92272866149405
3,564,4564,-0.927228761167237,1.56494753353657
3,565,4565,-1.64744148510911,1.7291166810096
3,566,4566,-1.30892067432189,2.40834551684654
3,567,4567,-1.70059129609788,1.52659953235351
3,568,4568,-2.25216831847176,1.59268249498925
3,569,4569,-2.26897206588254,1.59423674623221
3,570,4570,-1.64244523049353,1.17184756095073
3,571,4571,-0.778514295756814,1.70844193908593
3,572,4572,-1.64236939578366,1.21035262542977
3,573,4573,-1.88632342501067,1.4793666577708
3,574,4574,-2.24069256232285,1.81962575857406
3,575,4575,-1.15713044936426,1.25406363738348
3,576,4576,-1.78707243587512,2.07611076394018
3,577,4577,-1.38989687620064,1.47195760105814
3,578,4578,-1.11559824496036,2.09665860182317
3,579,4579,-1.76447583129339,1.87703200521516
3,580,4580,-2.05677633941846,1.65484367150303
3,581,4581,-2.13112908313491,1.612841498991
3,582,4582,-2.18432600583881,1.71837670767469
3,583,4583,-0.464480464991361,1.64580742733911
3,584,4584,-0.513933129078344,1.64572639665673
3,585,4585,-0.796516308567437,1.67861592412404
3,586,4586,-1.48423418202121,1.83122376247161
3,587,4587,-1.71401854437686,1.90019614368839
3,588,4588,-1.9806455812822,1.7931505056077
3,589,4589,-1.49839475368803,1.4618621071618
3,590,4590,-1.80657451695922,2.05133584899445
3,591,4591,-0.802436573825521,1.71885376014133
3,592,4592,-0.859389235411776,2.03027111332697
3,593,4593,-0.196681696454293,1.58224623870524
3,594,4594,-1.08506394506769,1.50089913535413
3,595,4595,-3.00274374389486,2.40745627276608
3,596,4596,-2.92276823406152,2.59188772961668
3,597,4597,-2.04232798774513,1.26595904676361
3,598,4598,-1.92324836532385,1.19694471692275
3,599,4599,-2.51658136139223,1.44500759101876
3,600,4600,-2.07767021278748,1.63429158030032
3,601,4601,-2.04459078644497,2.20788953370757
3,602,4602,-2.20292389960109,1.93399381990521
3,603,4603,-2.09208123411163,1.9492752988638
3,604,4604,-1.36882090092983,1.022480226351
3,605,4605,-1.79126937403641,1.76255771051709
3,606,4606,-1.75719733661993,1.50714793050665
3,607,4607,-1.47024689333264,1.03531793083706
3,608,4608,-1.66207600908423,1.22751846119929
3,609,4609,-2.13549182235999,1.89704005424674
3,610,4610,-1.93076437514381,1.5280827017995
3,611,4611,-1.60655275235297,1.66605801199534
3,612,4612,-1.51502801526311,1.21305966126486
3,613,4613,-1.96163177585446,2.03224851268396
3,614,4614,-2.43755450233162,2.43311429836851
3,615,4615,-2.64722031489908,2.02613260354202
3,616,4616,-2.67350863585015,1.92110926473863
3,617,4617,-1.19759131977496,2.02164600123518
3,618,4618,-1.19334722976735,1.91900946265096
3,619,4619,-1.59237316030295,1.36560766940573
3,620,4620,-1.64834809287172,1.78725882040428
3,621,4621,-2.0232425421663,2.15542551812228
3,622,4622,-1.30693034074013,1.01263506112972
3,623,4623,-1.27778293953802,1.01645468288784
3,624,4624,-2.28158546224501,2.1694631354825
3,625,4625,-2.9945433282145,2.48665684823657
3,626,4626,-2.612498837531,3.20724561142892
3,627,4627,-2.5874053092019,1.70444438809216
3,628,4628,-2.3950748140249,1.93102238876283
3,629,4629,-2.42463331768469,2.08276851696882
3,630,4630,-2.25360357463156,1.75626127524542
3,631,4631,-2.02376484297055,1.90855475091784
3,632,4632,-2.56300797877249,2.04502432952208
3,633,4633,-2.29482366942628,1.58453828236545
3,634,4634,-2.25711503404032,1.31225735701381
3,635,4635,-2.02768884317432,1.62755239881231
3,636,4636,-2.70624088130959,2.90453011594937
3,637,4637,-2.64492883175247,2.53931388881512
3,638,4638,-2.58973440255657,2.39271084231877
3,639,4639,-1.30463692319154,1.77096347559652
3,640,4640,-1.33516947356223,1.78424129900921
3,641,4641,-2.26313202984046,1.77116655498665
3,642,4642,-2.44872611910773,2.13969831280002
3,643,4643,-2.7658261871354,1.8881559531373
3,644,4644,-2.77856731301219,1.92726613571945
3,645,4645,-2.48469551795129,1.90801161562494
3,646,4646,-1.8484935796051,1.08695284703701
3,647,4647,-1.10663084607496,1.26421871233885
3,648,4648,-0.952804606896009,1.17580404932526
3,649,4649,-1.22264085369287,1.65232608899843
3,650,4650,-0.332877723011309,1.25475557128407
3,651,4651,-0.282470643150547,1.56095677362194
3,652,4652,-0.547637684311701,1.86200198070848
3,653,4653,-0.672459230913475,1.57617818159633
3,654,4654,-2.72334979796129,2.1442617343348
3,655,4655,-3.03556632991523,2.37080127859374
3,656,4656,-2.83990173395166,2.91526778252409
3,657,4657,-2.66929423380363,2.9017700252485
3,658,4658,-2.82150084393426,1.60514400349144
3,659,4659,-2.70919995806012,1.54458946679925
3,660,4660,-2.30055073357068,1.60071273187721
3,661,4661,-2.5845725707787,1.70489368480905
3,662,4662,-2.45932329321178,1.9985251890321
3,663,4663,-1.53487266658697,1.38525939432672
3,664,4664,-2.12248145024028,1.15683730948082
3,665,4665,-2.37893263741424,1.03505604161313
3,666,4666,-1.9400137561542,1.19890045237167
3,667,4667,-2.40772044999376,2.15846192586195
3,668,4668,-0.980897558393235,0.84948528117985
3,669,4669,-2.32006664936225,1.99246003537421
3,670,4670,-1.30841056546958,2.09861874914373
3,671,4671,-1.26539120385994,1.04143878011303
3,672,4672,-1.44754122538215,2.28290151389398
3,673,4673,-1.18505501169108,1.95573715814169
3,674,4674,-1.48752821959539,1.5109592411103
3,675,4675,-1.13220215678396,1.66458274015843
3,676,4676,-1.42243290144548,1.60090657933125
3,677,4677,-1.07614638141978,1.1545279597214
3,678,4678,-2.01705905732603,2.24642064057785
3,679,4679,-1.95558554604702,2.25495078458793
3,680,4680,-2.47598097281856,2.0475423399804
3,681,4681,-1.35327928869291,2.18070872270101
3,682,4682,-2.20287986881005,2.47598627169897
3,683,4683,-1.79264315430462,1.38488768348643
3,684,4684,-1.82843803281438,1.82440110859228
3,685,4685,-0.563013993008634,2.23148253031234
3,686,4686,-1.72728684952776,2.10994039082083
3,687,4687,-2.08176631688299,1.70967547362781
3,688,4688,-3.13080366764269,2.74839089975379
3,689,4689,-3.45282323969059,3.16456879851825
3,690,4690,-2.67844604680128,2.218536345847
3,691,4691,-2.13823804363722,1.25712589863859
3,692,4692,-2.50303136354589,1.54099048394288
3,693,4693,-1.54637058966031,1.11535638462719
3,694,4694,-1.70750779145338,1.30305103989049
3,695,4695,-1.67031257926751,1.383821528715
3,696,4696,-2.36437802547893,1.19348512020904
3,697,4697,-2.51844936201205,2.21813152739502
3,698,4698,-1.96803763349999,1.24330313511319
3,699,4699,-2.0645020611416,1.245239532364
3,700,4700,-2.16163924705631,1.22240589586536
3,701,4701,-1.23600436777612,2.13825449419518
3,702,4702,-1.61854546235052,1.87552471700154
3,703,4703,-0.711980749548736,1.45410503698698
3,704,4704,-1.32166938432482,0.952547111253803
3,705,4705,-1.40139814520877,0.94500522552753
3,706,4706,-2.46984947220899,1.42866587350528
3,707,4707,-1.65441526230106,1.22090813420455
3,708,4708,-2.08176552102623,1.28279988778439
3,709,4709,-2.22506263416325,1.3497558985746
3,710,4710,-1.82445119613167,1.47209765750495
3,711,4711,-1.39566435284215,0.800195825080496
3,712,4712,-1.55136040624395,0.86535750553948
3,713,4713,-1.55231449120564,1.65751076050805
3,714,4714,-0.864978726422324,1.46589371511916
3,715,4715,-1.53932687609486,1.56500257716957
3,716,4716,-1.7456667367403,1.66842830119887
3,717,4717,-1.73576233570549,1.62879153094317
3,718,4718,-1.73720527454148,2.24086357909195
3,719,4719,-1.92169171795129,2.3054680525838
3,720,4720,-2.40092211490467,2.22277283578173
3,721,4721,-1.37621536580078,1.24478900298986
3,722,4722,-2.4460193167114,1.61265856663479
3,723,4723,-2.19008973921084,1.42662091438983
3,724,4724,-2.35348867186525,1.65686437988533
3,725,4725,-2.33575503669643,1.64928957864135
3,726,4726,-2.12017689538088,1.51570171065296
3,727,4727,-2.51950103934292,1.76091580857378
3,728,4728,-3.049271301909,2.77340493523946
3,729,4729,-2.42527846382046,1.56329704291105
3,730,4730,-2.15480308282354,1.65493805912079
3,731,4731,-2.06494803854908,1.359567657364
3,732,4732,-1.28327769434508,1.18929875666343
3,733,4733,-1.44309475094587,1.12337940860672
3,734,4734,-1.574793818858,1.11032119170202
3,735,4735,-2.04040732487163,1.16435531025754
3,736,4736,-1.88282006044988,1.23822094041702
3,737,4737,-1.68990553415741,1.06815154408761
3,738,4738,-1.53221080234029,1.38544562897065
3,739,4739,-1.2055457520221,1.03584873844872
3,740,4740,-1.06412787228914,1.43194724017388
3,741,4741,-1.2417148666334,1.70386270031592
3,742,4742,-0.997830162211224,1.74943707275987
3,743,4743,-1.56337040465463,1.88039371924283
3,744,4744,-0.880617566475228,1.63435171653754
3,745,4745,-1.76536515772969,1.40495728325551
3,746,4746,-1.60700384032206,1.52291312240278
3,747,4747,-1.80027245594234,1.75298804938261
3,748,4748,-1.86637949391488,1.95293603106891
3,749,4749,-1.29520248804816,2.18748996464956
3,750,4750,-1.19992524088119,2.22670564435695
3,751,4751,-1.51686732781412,1.68134315357944
3,752,4752,-1.74927370055246,1.44756637240977
3,753,4753,-1.87980818056422,2.46890015562846
3,754,4754,-1.27857904220359,2.19092706197407
3,755,4755,-1.21067923454852,2.08921577669167
3,756,4756,-1.17148882816868,1.858489393543
3,757,4757,-1.19897453857264,2.22797663943272
3,758,4758,-1.81639562591401,1.00120850510102
3,759,4759,-2.03179723019515,1.67835249902144
3,760,4760,-2.2196050284788,1.61452097379254
3,761,4761,-2.18618829514875,1.67645226719705
3,762,4762,-2.08839661918885,1.4969529040222
3,763,4763,-1.7863786086357,1.232678180622
3,764,4764,-1.12074847168782,1.95457793732158
3,765,4765,-0.659899118185053,0.960808431614701
3,766,4766,-2.02516017842346,2.52983020297499
3,767,4767,-1.29280381865992,2.48823354687299
3,768,4768,-1.34948056178151,2.25210916187836
3,769,4769,-1.88136440748236,2.01117818155085
3,770,4770,-1.53206223526204,2.16360996644922
3,771,4771,-0.326596656266888,2.76336688300433
3,772,4772,0.740067136078348,3.21100247241182
3,773,4773,0.7205370222657,3.13785270845107
3,774,4774,0.158436192052643,2.45181417214269
3,775,4775,0.873222312297147,2.77137272261399
3,776,4776,-1.20759017679775,2.04533908971626
3,777,4777,-1.55385663697423,2.02146718270017
3,778,4778,-1.13283939085788,1.31832114109777
3,779,4779,-1.11925532350968,1.5828854126761
3,780,4780,-1.25767956372939,1.52316093353843
3,781,4781,-1.45433909329817,0.866773962175861
3,782,4782,-0.952376695665797,1.29830264347019
3,783,4783,-0.907922401505091,1.21338799495849
3,784,4784,-2.11612579898559,1.32457178159216
3,785,4785,-1.79890955347466,1.18474779038678
3,786,4786,-1.56641708848518,1.21099269238698
3,787,4787,-1.95510269711677,1.20812932778609
3,788,4788,-3.00486268579581,2.08549407496246
3,789,4789,-2.88344196257244,2.16331235259978
3,790,4790,-2.64009869542894,2.21576883763167
3,791,4791,-2.92982260112481,2.87616704965497
3,792,4792,-0.944002212656134,1.79677810166938
3,793,4793,-2.01171383037923,1.72302582339894
3,794,4794,-0.817238053317726,0.991255365400924
3,795,4795,-0.475007954234,0.886344327204205
3,796,4796,-2.62031026402304,1.33306479005255
3,797,4797,-2.6454006070894,1.1811802051247
3,798,4798,-2.42473239608848,1.98839428786566
3,799,4799,-2.69368699323362,3.11066694420246
3,800,4800,-2.70668150136135,2.62369393240193
3,801,4801,-2.83874685304625,2.57739391350494
3,802,4802,-2.76011876927212,3.07612795060169
3,803,4803,-2.69651840759552,3.02573865677288
3,804,4804,-3.2422986911116,2.79751993204806
3,805,4805,-2.13743297800413,1.30358538233003
3,806,4806,-2.79070647003959,1.7768969941758
3,807,4807,-1.23400757825648,1.95147056619385
3,808,4808,-0.165278360697625,2.33062577249434
3,809,4809,-1.24373560091806,3.15096086388523
3,810,4810,-1.3198570598667,3.07626026273259
3,811,4811,-1.39563884972339,3.05419168829683
3,812,4812,-0.439730875152735,1.45610570125462
3,813,4813,-1.08376053418823,2.26990722073046
3,814,4814,-1.12629248444987,2.10735836135211
3,815,4815,-0.80660544657047,1.53041195043997
3,816,4816,-1.07470824121032,1.43579342071987
3,817,4817,-1.55975621584225,1.45713804519175
3,818,4818,-1.54295580990817,2.75416320464243
3,819,4819,-1.00524580772748,2.19179448437726
3,820,4820,-1.26804278430165,1.09962577783155
3,821,4821,-1.60694718117233,1.20004923576912
3,822,4822,-1.44766477541599,1.37978716352804
3,823,4823,-2.42039300045455,1.53722685723851
3,824,4824,-2.53262398298668,1.60002159810394
3,825,4825,-2.27358898492731,1.59075330168602
3,826,4826,-1.93960745899843,2.4960532787344
3,827,4827,-1.48271097387884,1.83280383587646
3,828,4828,-1.562653975569,1.57269590101133
3,829,4829,-1.17877813115194,1.34112530707778
3,830,4830,-2.08331510853266,1.85378179103275
3,831,4831,-2.00886030717043,1.45084077264019
3,832,4832,-1.28802779252336,2.35078067378833
3,833,4833,-1.42283646629191,2.51878664647926
3,834,4834,-1.58902105504397,2.19016918878092
3,835,4835,-1.66861146983431,1.53965061633848
3,836,4836,-1.70636454007079,1.6783550293393
3,837,4837,-0.503129114831259,2.38099344884357
3,838,4838,-1.37019721036827,1.92451681887925
3,839,4839,-0.256092790375893,2.14796059553684
3,840,4840,-0.151483167171969,2.52932912473711
3,841,4841,0.106169127439392,2.39343085481255
3,842,4842,0.264503093209054,2.39396866595488
3,843,4843,-0.121362873242937,3.17767956733631
3,844,4844,1.34081414561893,3.69139430461069
3,845,4845,-0.970038575982329,3.0601180371416
3,846,4846,-1.14685100837067,3.62833392399161
3,847,4847,-1.08249339146196,2.78797544617659
3,848,4848,-2.39954063584669,2.95286205268666
3,849,4849,-1.86925932670189,2.14318296849853
3,850,4850,-2.0412198885196,2.08767715237979
3,851,4851,-1.44318243430416,1.30704450639581
3,852,4852,-1.23987261080956,0.976183425787707
3,853,4853,-1.51224842278959,2.07680865711441
3,854,4854,-1.24942101036323,1.2183399538768
3,855,4855,-2.32514747754805,2.42471899126006
3,856,4856,-2.48183371959691,2.15189425733566
3,857,4857,-2.5226826590462,2.14880407166928
3,858,4858,-2.01971371274382,1.74018611435711
3,859,4859,-1.89164752857295,1.58172316324347
3,860,4860,-1.00585057167552,1.14960564529727
3,861,4861,-1.39175684282572,1.13130088517702
3,862,4862,-1.45730131327409,1.11218186319244
3,863,4863,-1.86922143939619,1.38744537880781
3,864,4864,-1.469535530749,1.9230857579113
3,865,4865,-1.6189749982862,2.02029798378452
3,866,4866,-1.36204598406511,1.26598994566763
3,867,4867,-2.3898633875701,1.52302803217874
3,868,4868,-2.49508186633581,1.58857110423531
3,869,4869,-1.98813189522796,1.28810397103718
3,870,4870,-1.72260032669243,1.11576227675773
3,871,4871,-1.52587072554305,1.5565714998313
3,872,4872,-1.71574175172659,1.6835893096485
3,873,4873,-1.47424664795027,1.64606878427019
3,874,4874,-2.6177768255369,2.34408543897868
3,875,4875,-1.44817798186279,2.16087030602539
3,876,4876,-1.73822830413465,2.60579165985673
3,877,4877,-2.03692732407909,1.98471600053424
3,878,4878,-2.0651725280414,1.72319330806378
3,879,4879,-1.71827983309718,1.67774871950532
3,880,4880,-1.79174866144831,1.68387313768878
3,881,4881,-1.75451105634373,1.74524766693991
3,882,4882,-2.36860967199478,1.89595661858124
3,883,4883,-1.68185581074862,1.5493996822342
3,884,4884,-1.35011115463285,1.67704272918705
3,885,4885,-1.23879829178435,2.606626948063
3,886,4886,-1.14141592609781,3.19312691067733
3,887,4887,-0.586519308672181,2.23559604400303
3,888,4888,-1.35275084747554,2.38185331959509
3,889,4889,-1.33014117750135,1.9234521408858
3,890,4890,-1.41471075202288,2.29616559819891
3,891,4891,-1.58560027622421,1.86729709391883
3,892,4892,-1.29195442312399,1.46282273067534
3,893,4893,-1.859792050044,1.58313383246132
3,894,4894,-1.31612164438364,1.49962417841738
3,895,4895,-1.5338086438021,1.86557542039009
3,896,4896,-0.638253869498412,1.22272810099081
3,897,4897,-0.161089425187666,1.24842888033495
3,898,4898,-0.607474888379883,1.65898245048755
3,899,4899,-2.13861889160202,2.47428490937141
3,900,4900,-1.11244742650714,1.79404331880588
3,901,4901,-2.13100598275597,1.64023562202091
3,902,4902,-1.21698377076908,1.61952977838518
3,903,4903,-1.28502938577132,1.75263994860834
3,904,4904,-1.14874899864916,1.58230131780585
3,905,4905,-1.39959943173202,1.72674457582446
3,906,4906,-1.73249470750696,2.03903270505119
3,907,4907,-1.80868821277214,2.2152608507107
3,908,4908,-1.50753539658083,1.96285279479973
3,909,4909,-1.35623767240237,1.64586502489804
3,910,4910,-1.16104108238951,1.8769985612779
3,911,4911,-1.13716453829871,1.95634858869383
3,912,4912,-2.66643922312932,1.9543819784729
3,913,4913,-1.4266854845492,1.27362065768299
3,914,4914,-1.36454365020246,1.4563655614318
3,915,4915,-1.87793774171588,0.891597397646318
3,916,4916,-1.95366873375063,0.934841317910271
3,917,4917,-2.33427867420887,1.16172412467368
3,918,4918,-1.60184616473887,1.11193200556682
3,919,4919,-2.30521431693042,2.07359317772322
3,920,4920,-1.45652202258196,1.88724175894889
3,921,4921,-0.476085284615969,2.74487061054962
3,922,4922,-0.82185441127158,2.53700471390317
3,923,4923,-0.576359093864123,2.63928963304847
3,924,4924,-1.01496837618672,2.1474133598178
3,925,4925,-1.95348949523109,2.2553479195131
3,926,4926,-1.74055543045461,1.91081556204778
3,927,4927,-2.91320995602597,1.91785970507444
3,928,4928,-1.75909831173268,1.98668750344578
3,929,4929,-2.3099279790529,2.14869485408458
3,930,4930,-1.75986055145657,1.42059659648318
3,931,4931,-1.97090736395221,1.54034527028198
3,932,4932,-2.94138906385101,2.40321106594578
3,933,4933,-3.28349023066066,2.25990780923527
3,934,4934,-0.940132752652557,1.28156448545575
3,935,4935,-1.09795890044609,1.60586508883422
3,936,4936,-3.37582243114383,2.13509373336691
3,937,4937,-3.64915882044076,2.54303943137716
3,938,4938,-1.94675063657018,2.09207700157146
3,939,4939,-1.65581414768708,1.68581211768503
3,940,4940,-0.856949407675813,1.37169838451411
3,941,4941,-1.97489017112994,1.69457369932272
3,942,4942,-0.886498480285487,2.16453434820446
3,943,4943,-0.630455799352384,1.50780481663427
3,944,4944,-0.842347001289815,1.39295699318069
3,945,4945,-1.11810010602143,1.8704235406194
3,946,4946,-1.13386198426468,1.78955131214921
3,947,4947,-0.645473549136002,1.32556510704114
3,948,4948,-1.16543974731537,1.17771927136873
3,949,4949,-1.23331589791629,2.89954353704446
3,950,4950,-1.84373322435274,1.45347347716702
3,951,4951,-1.26370753598687,1.37128517057748
3,952,4952,-1.58940898064475,2.07732584726921
3,953,4953,-1.69720536473915,1.8230403945511
3,954,4954,-1.93036115452286,1.49429121202153
3,955,4955,-1.96278934338973,1.4494533940907
3,956,4956,-2.89406271702001,1.51409586032047
3,957,4957,-2.58711671009841,1.32953559561599
3,958,4958,-3.60182154726634,1.46642118406503
3,959,4959,-2.34769448756723,0.999812432709812
3,960,4960,-2.49786568528577,1.41354307911269
3,961,4961,-1.98242571297583,1.2242812411848
3,962,4962,-1.55908919436907,1.19134027343857
3,963,4963,-2.02013414657096,1.4990500749259
3,964,4964,-1.86287239313747,1.22097759623382
3,965,4965,-1.26983460331633,0.962414247572678
3,966,4966,-1.37256454227674,0.886586598865383
3,967,4967,-1.32474088710919,0.947288743065387
3,968,4968,-1.91673892863175,1.16424528474051
3,969,4969,-1.93914665341364,1.20839802775924
3,970,4970,-1.97957536035792,0.975068826274951
3,971,4971,-2.08147747955935,1.22825607423343
3,972,4972,-2.42103325202624,1.42952488870552
3,973,4973,-2.47945286070621,1.2611551353945
3,974,4974,-1.77388504447814,1.30149333168178
3,975,4975,-1.67852120226926,1.31407217854824
3,976,4976,-1.72186307074606,1.93577266446754
3,977,4977,-1.50769269871403,1.38551001386824
3,978,4978,-1.21781263810149,1.81478755044098
3,979,4979,-1.64687592527766,1.52274907911446
3,980,4980,-2.0609378033018,1.70790757359104
3,981,4981,-3.0931112572872,1.97804722328914
3,982,4982,-3.66360370472615,1.68503700751975
3,983,4983,-2.57681017226138,1.15341624453309
3,984,4984,-2.55790059787795,1.1387951533446
3,985,4985,-2.69787032152313,1.58952681012379
3,986,4986,-2.29324933143395,1.46872791323913
3,987,4987,-3.43713758347573,2.13764611766872
3,988,4988,-1.81880412985907,1.50205118158304
3,989,4989,-1.79119139990808,1.64511716330979
3,990,4990,-2.05054017430308,2.35722218700426
3,991,4991,-2.68403217836671,2.64169393717791
3,992,4992,-1.90163046682237,2.48966381829796
3,993,4993,-1.39482282502481,1.54880984457398
3,994,4994,-1.38440170959786,2.30346872388403
3,995,4995,-1.8484885582186,2.1058542092695
3,996,4996,-2.018786291203,2.09205029130774
3,997,4997,-2.0243512549128,1.53759578805351
3,998,4998,-2.272608231597,1.309314938603
3,999,4999,-2.29338260768617,1.66428726848752
3,1000,5000,-2.1899291692113,1.19283395567864
3,1001,5001,-2.7728432214515,1.46600923404667
3,1002,5002,-2.94818516128871,1.70809682093107
3,1003,5003,-1.52151851183915,1.54097813325722
3,1004,5004,-2.0123389061215,1.65265287404201
3,1005,5005,-1.84765788043412,1.87893642635908
3,1006,5006,-1.55834936085297,2.09654690555022
3,1007,5007,-0.995180819083205,1.47491261447835
3,1008,5008,-1.10385720144235,1.94508722781052
3,1009,5009,-1.25700950324706,2.79818297076337
3,1010,5010,-1.34206645219498,1.2330116759817
3,1011,5011,-1.38856012974871,1.35094288847862
3,1012,5012,-2.46188819980055,1.97049907802918
3,1013,5013,-1.87893341255082,1.19695091942283
3,1014,5014,-1.89328290049464,1.57207923389341
3,1015,5015,-2.0217141088537,1.58913904777544
3,1016,5016,-2.21894410293306,1.4434185604459
3,1017,5017,-2.25974706626022,0.951035205399609
3,1018,5018,-1.82653016980182,1.32209444439105
3,1019,5019,-2.25912355735442,1.47615568972315
3,1020,5020,-1.43279240504077,2.63511251599937
3,1021,5021,-1.85042201571096,2.5739487601333
3,1022,5022,-2.9398012896708,2.32830060399539
3,1023,5023,-2.23004225488068,1.9524483570596
3,1024,5024,-2.04641731596372,2.29397978206995
3,1025,5025,-2.09045494264513,2.35227141148577
3,1026,5026,-1.06212410634159,2.14123441488631
3,1027,5027,-1.74444300770066,1.86174058310366
3,1028,5028,-2.48641752239657,2.388261297836
3,1029,5029,-1.65712760950461,0.954161596165789
3,1030,5030,-2.50443479331146,1.43438295901657
3,1031,5031,-1.76598148038301,0.97182913064516
3,1032,5032,-3.00987301387824,2.13460009505377
3,1033,5033,-2.83183388634416,1.94423750811316
3,1034,5034,-2.66600678456073,1.70078932102522
3,1035,5035,-0.831834339150654,1.15667966358024
3,1036,5036,-1.81318679546092,1.98113217134406
3,1037,5037,-1.79857308421917,1.98294138119276
3,1038,5038,-1.32075672738222,1.83142692433631
3,1039,5039,-1.64886911304643,2.97756302024192
3,1040,5040,-1.64579217468337,1.99500966716716
3,1041,5041,-2.05242316050938,1.96187672256598
3,1042,5042,-2.0946086106988,2.03227294930784
3,1043,5043,-0.821732521778013,2.85948651943761
3,1044,5044,-1.21648392430187,1.57207161083823
3,1045,5045,-0.759740424254833,3.30576697283961
3,1046,5046,-0.806570330075444,3.72606239001214
3,1047,5047,-0.983876266929042,1.23451677972678
3,1048,5048,-0.696421026885186,0.94792098923114
3,1049,5049,-1.02461780886657,1.59234040051173
3,1050,5050,-2.54519152045622,1.80241212456709
3,1051,5051,-0.899991376481266,0.898726926899137
3,1052,5052,-1.7133520357267,1.58846739821509
3,1053,5053,-1.61001047007203,1.13586725337096
3,1054,5054,-1.78505703458225,2.14740537393632
3,1055,5055,-2.34096050074151,2.54010033508976
3,1056,5056,-1.56194032232938,1.97864800828162
3,1057,5057,-1.40452550739559,1.23236736533217
3,1058,5058,-1.90013843147333,1.47486514074051
3,1059,5059,-1.17021514152867,0.79273019438087
3,1060,5060,-1.18884441842647,0.971052365670584
3,1061,5061,-1.30782848544117,0.965514487112907
3,1062,5062,-2.02994739962305,1.94769987863369
3,1063,5063,-1.22809085462782,1.33190399475649
3,1064,5064,-2.05596508715965,1.78687523538211
3,1065,5065,-0.806426183118136,0.632022250408833
3,1066,5066,-0.883666516868303,0.665493736502902
3,1067,5067,-3.08173728051688,1.83714732277074
3,1068,5068,-2.72151154780389,2.73157666886278
3,1069,5069,-2.61933060067014,2.26055632821448
3,1070,5070,-0.947344128929973,1.52572008544012
3,1071,5071,-1.8790768471209,2.14688858957928
3,1072,5072,-1.37131784613124,1.92729748982264
3,1073,5073,-1.66208109294202,1.86579792244054
3,1074,5074,-1.77688929635729,2.66320133256917
3,1075,5075,-1.95803046845886,2.20213034719629
3,1076,5076,-1.05479614918795,2.56505505123577
3,1077,5077,-1.90692818749639,0.988974563394337
3,1078,5078,-1.98392591351629,0.973810258261227
3,1079,5079,-1.97321843320405,1.45418181283028
3,1080,5080,-1.87207997042162,1.5731649013706
3,1081,5081,-1.6077524904209,1.33327136767749
3,1082,5082,-1.60741546797727,1.29218282731016
3,1083,5083,-1.30947267520671,1.14054350922929
3,1084,5084,-1.73205252733583,1.31925627892279
3,1085,5085,-2.2133366914183,1.59554551676422
3,1086,5086,-2.57435287245267,1.38389797858473
3,1087,5087,-2.50305058884201,1.32527172398018
3,1088,5088,-1.51715155067686,0.87173211856549
3,1089,5089,-1.65761383352945,1.13811480535795
3,1090,5090,-1.59128653374675,1.10801678805949
3,1091,5091,-1.96374635048439,1.3898655734792
3,1092,5092,-1.44485730542726,1.38426755065389
3,1093,5093,-1.677572672643,2.15784170793133
3,1094,5094,-1.53437779686601,1.61153588240402
3,1095,5095,-1.48592164867432,1.75584596897634
3,1096,5096,-1.32886238093946,1.27144644720959
3,1097,5097,-1.65483618296085,1.42027768100671
3,1098,5098,-0.859188076046662,1.08544231896838
3,1099,5099,-2.28583550978353,1.65766949285546
3,1100,5100,-2.04808347265947,1.58155617634415
3,1101,5101,-1.66348875214008,1.29668170001109
3,1102,5102,-1.26243249214439,1.22669711790994
3,1103,5103,-1.08238349618519,1.35349126486206
3,1104,5104,-1.49746471565253,1.37580349995722
3,1105,5105,-1.33082160724344,1.1931665412329
3,1106,5106,-2.68353682590028,1.72831674508499
3,1107,5107,-1.91443868126021,1.55814317982602
3,1108,5108,-2.31783353384721,1.53201683554352
3,1109,5109,-0.979481090510132,1.67698079515153
3,1110,5110,-0.822441138283838,1.52827949238749
3,1111,5111,-0.756362173704404,1.36097486073488
3,1112,5112,-1.28962905223648,1.37066095379949
3,1113,5113,-1.33936782980433,1.28216266239699
3,1114,5114,-2.01376322276483,1.68854374900093
3,1115,5115,-1.95145850891044,2.08607699127334
3,1116,5116,-1.32651915795775,1.6509127628627
3,1117,5117,-1.66027170669204,1.54569293747169
3,1118,5118,-1.66954493474628,1.6699650303149
3,1119,5119,-0.461531484354459,1.2689945619525
3,1120,5120,-0.99370865812582,2.07042308705677
3,1121,5121,-0.92975368786905,1.89286640157815
3,1122,5122,-1.73151921630647,1.62930638077962
3,1123,5123,-1.65780087243018,1.83894857663313
3,1124,5124,-1.64422095959574,1.92954316832639
3,1125,5125,-1.81067579536486,2.23719554462871
3,1126,5126,-1.30968056371455,2.38902337880447
3,1127,5127,-1.1358214219586,2.01399582491985
3,1128,5128,-1.06162284279671,1.72518848876172
3,1129,5129,-2.37792112765241,3.00421009921405
3,1130,5130,-2.68554958769418,3.2671643462682
3,1131,5131,-2.58027201637675,3.20349786342144
3,1132,5132,-2.37577081801002,3.46903571306107
3,1133,5133,-2.46155828003922,2.46670684319401
3,1134,5134,-2.12106190363309,1.83638968162706
3,1135,5135,-2.69914935854886,1.79061452714204
3,1136,5136,-2.13281419504568,1.31396242565938
3,1137,5137,-2.60354049962011,1.22540550512697
3,1138,5138,-2.00246654990588,2.39970889918867
3,1139,5139,-2.59117646425813,2.01310640340585
3,1140,5140,-1.15338039785898,1.87747395224878
3,1141,5141,-1.44189826708824,2.11134189288551
3,1142,5142,-1.27273115671884,2.20519008560954
3,1143,5143,-1.43055671456188,2.68997277874479
3,1144,5144,-0.53565146933751,2.61810148118755
3,1145,5145,-0.773336748438984,2.07120453005878
3,1146,5146,-0.825399911582228,2.0260383042857
3,1147,5147,-0.942282264969932,2.54206554916208
3,1148,5148,-0.775968790122578,2.809941041883
3,1149,5149,-0.542182522126484,1.30991753449185
3,1150,5150,0.0312810844833094,2.52923517074121
3,1151,5151,-0.313391053874157,2.74716428174242
3,1152,5152,-0.582548256632375,2.52896893246085
3,1153,5153,-1.48806495524507,1.27602944138759
3,1154,5154,-1.82492688751087,2.0320388022746
3,1155,5155,-1.64583376281109,1.15281173916728
3,1156,5156,-1.42821425702405,1.46747776482894
3,1157,5157,-1.47475376921226,1.68957024344097
3,1158,5158,-1.33782144128274,1.54958944139996
3,1159,5159,-1.17659750722695,1.5649129376903
3,1160,5160,-2.22929128492253,1.36628411507069
3,1161,5161,-2.08391238581067,1.91176850545582
3,1162,5162,-2.61100848312937,1.55330270995111
3,1163,5163,-2.75139545369088,1.29867475962974
3,1164,5164,-1.36926324158911,0.938939528129786
3,1165,5165,-1.51912015525227,1.19270870226514
3,1166,5166,-1.70775050585628,1.30887525624622
3,1167,5167,-1.52893538447325,1.05056903839796
3,1168,5168,-1.65087591100501,1.07114347305464
3,1169,5169,-2.01938988879828,1.58509607779063
3,1170,5170,-2.07793249936867,1.47370752838863
3,1171,5171,-1.2837216550589,1.49604781850459
3,1172,5172,-1.06173126031683,1.16118818205391
3,1173,5173,-2.11199632870844,2.21075784403106
3,1174,5174,-1.60937514259022,1.72456214257771
3,1175,5175,-1.21302153063338,1.78858982264716
3,1176,5176,-2.06983942300458,3.32393533662256
3,1177,5177,-2.31031877293076,3.70390091386872
3,1178,5178,-2.57169221653553,2.95439914212311
3,1179,5179,-2.15044716446627,1.82782632764894
3,1180,5180,-1.97929030345097,3.38129916194187
3,1181,5181,-2.03016763725125,3.67538564959613
3,1182,5182,-1.6692172565757,3.48977809455407
3,1183,5183,-2.36438784534225,4.57953414627628
3,1184,5184,-2.1785316304307,3.41478884087055
3,1185,5185,-1.35879155280896,2.52799545790104
3,1186,5186,-1.9791245543565,3.21463967589726
3,1187,5187,-2.09690716560255,2.96655819383869
3,1188,5188,-0.865964606133207,2.84824418970981
3,1189,5189,-0.812198570780186,3.00155773557607
3,1190,5190,-0.813637447114969,3.15495291317518
3,1191,5191,-1.14159233287353,2.3455414664392
3,1192,5192,-1.01228212088026,2.23068178727306
3,1193,5193,-1.46091198458063,1.63696878473627
3,1194,5194,-0.974464290200374,0.853022437734502
3,1195,5195,-1.80358794103969,1.28251478651385
3,1196,5196,-2.24109403073741,1.39267767398203
3,1197,5197,-1.59057477320987,1.15704317714029
3,1198,5198,-3.13378961920783,2.40285450899435
3,1199,5199,-1.73208551030103,1.2385813820749
3,1200,5200,-1.84607375177615,1.36716407124529
3,1201,5201,-2.40212702515288,1.76363760393656
3,1202,5202,-2.41140319037649,1.65091402514246
3,1203,5203,-2.35739662164337,1.70110980954479
3,1204,5204,-2.14951726542708,1.63581563395579
3,1205,5205,-1.91627099339299,1.50007465154911
3,1206,5206,-1.8696422782948,1.43872376704517
3,1207,5207,-2.31486486488602,1.70433398250595
3,1208,5208,-1.86752561928546,1.71895734622598
3,1209,5209,-1.77909982637252,1.50167435166123
3,1210,5210,-2.20285306385447,2.04718310771811
3,1211,5211,-2.61068700088449,2.17200295037669
3,1212,5212,-1.83593366579534,1.48925625504404
3,1213,5213,-2.30018652305745,2.24445793837896
3,1214,5214,-2.0033584032992,2.04203550192497
3,1215,5215,-1.88163929966102,1.72833801501032
3,1216,5216,-2.07027673847244,1.44265866158426
3,1217,5217,-1.11083635974053,2.30701876556158
3,1218,5218,-0.87744059441277,2.74919669340774
3,1219,5219,-1.52595204148632,1.63782410066099
3,1220,5220,-0.508793984259201,1.57136940821847
3,1221,5221,-3.268979684035,1.95187241108231
3,1222,5222,-3.40916537423626,1.96072929445037
3,1223,5223,-2.53594016857873,1.292900372189
3,1224,5224,-2.91479629675131,2.27675775586271
3,1225,5225,-3.18051764525787,2.06371269053819
3,1226,5226,-3.23909765187723,2.1073248017437
3,1227,5227,-1.82490277814026,1.12445205247017
3,1228,5228,-1.77585506203645,1.50327233025306
3,1229,5229,-1.81930945279643,1.58641451971574
3,1230,5230,-1.17084126760914,1.47678368223086
3,1231,5231,-1.66375437717441,1.67463228025336
3,1232,5232,-1.23619290744513,0.907099333649705
3,1233,5233,-1.47692770261948,0.931157484643545
3,1234,5234,-1.86737309860442,1.24060911596831
3,1235,5235,-1.93498776453084,1.26823536019734
3,1236,5236,-1.93401657851979,1.37543856420229
3,1237,5237,-2.25652404570122,1.4549117466314
3,1238,5238,-1.83907813304517,1.41406175123379
3,1239,5239,-1.75629596613683,1.5282748373485
3,1240,5240,-1.55872710255219,2.55560392750374
3,1241,5241,-1.69022552477711,1.94863839569551
3,1242,5242,-1.71578720035589,2.62784536451591
3,1243,5243,-1.68122800259031,2.66483866838274
3,1244,5244,-1.67746514592491,2.44398141733343
3,1245,5245,-1.88451918181634,3.54802624896385
3,1246,5246,-1.37895979549204,1.61735362923011
3,1247,5247,-1.62395170190027,1.55383247024776
3,1248,5248,-2.59248081736976,2.45802133737692
3,1249,5249,-2.03163607668609,1.81020080342954
3,1250,5250,-1.77912250704121,1.55531484035253
3,1251,5251,-1.91599959365205,1.78662596852063
3,1252,5252,-0.304147603039203,1.6994168389933
3,1253,5253,-1.80314637457263,1.45834668755526
3,1254,5254,-1.51087259103589,1.10403663931733
3,1255,5255,-1.46681738517194,1.4209941320023
3,1256,5256,-2.27510449364179,1.76924949538739
3,1257,5257,-1.9773232679375,1.50626172819097
3,1258,5258,-2.01757493226043,2.20911857113737
3,1259,5259,-2.05858895413092,2.20607225205508
3,1260,5260,-2.43700375828645,2.03801313860091
3,1261,5261,-2.11640847588082,1.66918945548947
3,1262,5262,-1.869110845053,1.44274704561039
3,1263,5263,-1.83002074763582,1.57466472767724
3,1264,5264,-1.55010757314015,1.40981325839969
3,1265,5265,-1.6359560529333,1.7429600315366
3,1266,5266,-1.26309200816863,1.65792773237496
3,1267,5267,-1.43263308489478,1.30879914178394
3,1268,5268,-2.30012054704552,1.9866597453909
3,1269,5269,-1.9793554491033,1.66542103251465
3,1270,5270,-1.33714884322313,1.08211997284084
3,1271,5271,-1.82567787354783,1.22803776704763
3,1272,5272,-2.35183017816901,1.47243325380481
3,1273,5273,-1.58401146216365,2.09318972956813
3,1274,5274,-1.64230582137538,1.24939897811684
3,1275,5275,-2.23303734845733,1.90029410447814
3,1276,5276,-1.41996490472225,1.17484794790757
3,1277,5277,-1.5939254351702,1.16946694779771
3,1278,5278,-1.46859824582276,1.18936474439174
3,1279,5279,-1.26187462188953,1.94162347790288
3,1280,5280,-2.06284362529949,1.51876532631332
3,1281,5281,-1.72816774275595,1.33580056993812
3,1282,5282,-1.9410292901569,1.31909609130389
3,1283,5283,-2.58467273230101,1.49652038607886
3,1284,5284,-2.04398110908856,1.83573734562424
3,1285,5285,-1.79381183641897,1.22404673253057
3,1286,5286,-1.43398967350094,1.28858245311239
3,1287,5287,-1.30353821656583,1.51789848222878
3,1288,5288,-1.38860530746826,1.81789497858034
3,1289,5289,-0.729042787829637,1.20140475719445
3,1290,5290,-1.74041267359897,1.51030045235524
3,1291,5291,-1.18700393176941,1.7037556148569
3,1292,5292,-1.44334570964283,2.45935900421733
3,1293,5293,-0.937042172591913,1.94598361432347
3,1294,5294,-2.11734950460814,1.58487355739757
3,1295,5295,-1.8195818851756,1.73899448456144
3,1296,5296,-2.22764171688188,1.6561974293334
3,1297,5297,-2.4667887587225,1.93732824596233
3,1298,5298,-2.16218242229537,1.461052572103
3,1299,5299,-2.35695968908913,1.52036136543087
3,1300,5300,-2.60980304391461,2.05536505583774
3,1301,5301,-3.27983256629188,1.85900587091636
3,1302,5302,-1.61397409322071,2.19219177281219
3,1303,5303,-0.979258825594556,2.18217673739238
3,1304,5304,-2.35881829108113,1.67316019460368
3,1305,5305,-1.73330020329973,1.37278454842637
3,1306,5306,-1.78863907617937,1.40187579898019
3,1307,5307,-1.68759386273457,1.79629624912676
3,1308,5308,-0.72330139826428,1.44672188170647
3,1309,5309,-1.46227845212415,2.00553158803271
3,1310,5310,-1.08968897596952,1.42982908500128
3,1311,5311,-1.53236798216998,1.7658636195191
3,1312,5312,-2.01470500932034,1.38151958887777
3,1313,5313,-1.41415054301881,0.99601943694404
3,1314,5314,-1.43516826192372,0.977073675847356
3,1315,5315,-1.95856762678755,1.23304632455474
3,1316,5316,-1.9254013808674,1.55866695952033
3,1317,5317,-2.22643081288783,2.06081524197479
3,1318,5318,-2.32636577689408,1.93385339800207
3,1319,5319,-2.22981920770262,1.95896334781348
3,1320,5320,-1.00125891531322,2.05886542621602
3,1321,5321,-2.57110516138986,2.41594654046361
3,1322,5322,-2.05243882786791,1.74715247525885
3,1323,5323,-2.05069725036631,2.03200486784294
3,1324,5324,-2.59035328220032,2.20324200586944
3,1325,5325,-1.04309746294642,1.10812522367111
3,1326,5326,-0.937206474051491,2.19344721573024
3,1327,5327,-1.72155599837294,1.79515513904336
3,1328,5328,-1.89784861166158,1.97704450386115
3,1329,5329,-1.50249836060638,1.47591477564812
3,1330,5330,-1.59566846664162,1.23504095591922
3,1331,5331,-1.87730453937318,1.59338916591272
3,1332,5332,-2.15694763630223,1.65706533985489
3,1333,5333,-1.09419909179338,1.96476748100618
3,1334,5334,-2.15491236854215,1.54110990522349
3,1335,5335,-1.5572195331839,1.84941778018803
3,1336,5336,-1.74365728234881,2.03480926983787
3,1337,5337,-1.52710160290969,1.37035928694517
3,1338,5338,-1.51841501971766,1.44844903895078
3,1339,5339,-1.03776347091416,1.56766378159633
3,1340,5340,-1.17665784713211,2.08096696304294
3,1341,5341,-0.984274436202766,1.99159035169677
3,1342,5342,-1.89640978402619,1.75701406976076
3,1343,5343,-1.6446494749112,1.61505397586594
3,1344,5344,-1.79017755331091,1.43651480031037
3,1345,5345,-1.32712281488904,1.92385556401274
3,1346,5346,-1.13221806864208,1.96490099081472
3,1347,5347,-1.90016057881081,2.17988244143045
3,1348,5348,-1.2549820763288,1.41358753503941
3,1349,5349,-1.52915025557452,1.40781729197468
3,1350,5350,-1.96069717510799,2.07796587207802
3,1351,5351,-1.08143614414303,1.39824178806158
3,1352,5352,-0.899631829111505,1.26273225606259
3,1353,5353,-1.44000705231733,1.17462164528077
3,1354,5354,-1.46695730408587,1.46884645745272
3,1355,5355,-1.16805550095882,1.59255574759995
3,1356,5356,-1.00805992701167,1.46351638822519
3,1357,5357,-1.00829969130685,1.15454214362574
3,1358,5358,-0.657562443567048,1.15195489105121
3,1359,5359,-1.10045067233208,1.97955670697704
3,1360,5360,-1.35202399085615,2.21655365116354
3,1361,5361,-1.10516667028241,1.65198919907345
3,1362,5362,-1.75042554701476,1.72408809051023
3,1363,5363,-1.72848714181169,1.22182793730522
3,1364,5364,-1.92120113468179,1.401366228233
3,1365,5365,-2.06628023370225,1.94159648314803
3,1366,5366,-1.87885549568269,2.39271930135133
3,1367,5367,-2.07183525620013,2.27432150151031
3,1368,5368,-1.98144566364261,1.12328525035167
3,1369,5369,-2.19025038358898,1.27737698162708
3,1370,5370,-2.81372010589409,2.17013899953393
3,1371,5371,-2.84054884995166,2.21992653444381
3,1372,5372,-2.47669748679223,1.80696258658268
3,1373,5373,-1.78302395490304,1.69573719413639
3,1374,5374,-1.99134698565823,1.91275677307
3,1375,5375,-2.06076181331721,2.02170131647483
3,1376,5376,-3.3325546067784,1.66004390336689
3,1377,5377,-0.274695689638786,1.25119045277946
3,1378,5378,-1.10264045498436,1.50702759979645
3,1379,5379,-0.339467101858168,1.10295543820074
3,1380,5380,-0.198211492012464,2.33104449468685
3,1381,5381,-0.183126659002991,2.37118922662903
3,1382,5382,-1.24070513420383,1.77903919130226
3,1383,5383,-1.15713864882253,1.57578776946449
3,1384,5384,-1.76338935185822,1.82272507984351
3,1385,5385,-1.45265111580326,1.15195534621212
3,1386,5386,-1.46772852575747,1.08439230066277
3,1387,5387,-1.0314779455287,1.72405529231911
3,1388,5388,-1.54694636472318,1.5636166460691
3,1389,5389,-1.56498737129432,1.74615766695128
3,1390,5390,-1.38032114410666,1.48507149169653
3,1391,5391,-2.07979482168702,2.53950332996727
3,1392,5392,-1.68835570924617,1.94911056042982
3,1393,5393,-2.28749939430907,2.34308510065847
3,1394,5394,-1.48273523240996,2.34753508356698
3,1395,5395,-2.07344608897905,1.42040056293648
3,1396,5396,-2.05058732166506,1.37021386740667
3,1397,5397,-2.79320253031089,2.21593883769768
3,1398,5398,-1.66681261013251,1.0939690419426
3,1399,5399,-2.25816878332419,1.81949057954313
3,1400,5400,-1.45510961135653,1.145878863351
3,1401,5401,-1.47009542088769,1.34543681888119
3,1402,5402,-1.46414677698332,1.00471050922094
3,1403,5403,-1.3796657140226,1.30494580812221
3,1404,5404,-1.20316172375087,1.14315797906187
3,1405,5405,-1.51139817164412,1.5128333430514
3,1406,5406,-2.15424420510833,1.70310122257512
3,1407,5407,-2.03023392357281,1.4789211982593
3,1408,5408,-2.46762011777415,2.04042684302987
3,1409,5409,-2.62441684674439,1.62971378854133
3,1410,5410,-2.76148415916578,1.8821657932892
3,1411,5411,-1.9397272379707,1.19531834188052
3,1412,5412,-2.37549645334867,3.09068057774967
3,1413,5413,-2.30565705779967,3.19388113945447
3,1414,5414,-1.36005375073806,1.9922419170209
3,1415,5415,-1.45901045966706,1.96945617385668
3,1416,5416,-1.41218476711082,1.93720233643814
3,1417,5417,-1.50166495430974,2.09638917222261
3,1418,5418,-1.15964966890387,2.43696436152766
3,1419,5419,-2.43520692457176,1.63109875808937
3,1420,5420,-2.31216364049999,1.2426886906389
3,1421,5421,-2.56599020290616,1.31296425392259
3,1422,5422,-1.74330236107305,1.2179094487078
3,1423,5423,-2.07281947446547,1.69462240249483
3,1424,5424,-1.56379953474945,1.22391716122695
3,1425,5425,-2.13394731380192,2.58314101193891
3,1426,5426,-1.64205228909901,2.44464940214684
3,1427,5427,-2.07789290264466,2.98723042969642
3,1428,5428,-2.2580991831109,2.79637500310959
3,1429,5429,-1.64376913534911,2.43335047775171
3,1430,5430,-1.00728245685602,1.86125100429868
3,1431,5431,-0.864053843490853,2.23508548638535
3,1432,5432,-0.975697586001089,1.70541946034401
3,1433,5433,-0.817383882266238,2.21583658374252
3,1434,5434,-1.1389507986995,2.30928160823002
3,1435,5435,-1.18172798095595,1.72317286378324
3,1436,5436,-0.944311348569787,1.25085272098422
3,1437,5437,-1.73485309016563,1.40742488584817
3,1438,5438,-1.87957700186501,1.42710090014257
3,1439,5439,-2.05896447787426,1.65708792841677
3,1440,5440,-2.24065236637078,1.75692531586308
3,1441,5441,-2.19115710233052,2.1492678859407
3,1442,5442,-1.37546035254837,1.93865455681794
3,1443,5443,-1.90336376106229,2.57483952147424
3,1444,5444,-1.5929638658677,1.49546739242957
3,1445,5445,-2.18194695308921,1.58527192292073
3,1446,5446,-2.40510660691358,1.75143141254546
3,1447,5447,-1.06884778490225,1.10052587924123
3,1448,5448,-2.12110083814581,2.92975871207096
3,1449,5449,-2.09364792414625,2.33614757521596
3,1450,5450,-1.97687677746627,2.44247657269736
3,1451,5451,-1.91036184153474,1.2253235142567
3,1452,5452,-2.40983375832183,1.73231103439118
3,1453,5453,-1.92130190863747,1.11507041044422
3,1454,5454,-1.5448859028283,1.02218698674072
3,1455,5455,-1.57652484470195,1.21957028229873
3,1456,5456,-1.16077211136876,1.23390070006192
3,1457,5457,-0.770672309818909,1.26311472804172
3,1458,5458,-1.17942229189753,1.44075831561832
3,1459,5459,-1.13873717893414,2.07092316217933
3,1460,5460,-1.22908638732649,1.12379489950648
3,1461,5461,-1.19316249331956,0.954714996512599
3,1462,5462,-1.26419797639818,1.00755186654552
3,1463,5463,-1.24823188889887,1.5839131287783
3,1464,5464,-0.559214346611143,1.75136919721864
3,1465,5465,-1.81629797847776,1.36963655052338
3,1466,5466,-1.75616679967816,1.15855496044194
3,1467,5467,-1.71546007879761,1.28797380985609
3,1468,5468,-2.11012610110261,1.39305262647798
3,1469,5469,-1.10859950163151,1.5070641265278
3,1470,5470,-1.29404245423261,0.970178638278582
3,1471,5471,-1.48473313063916,2.07333020955038
3,1472,5472,-1.17782178728149,1.4645743963498
3,1473,5473,-0.924940413829114,1.49093687586607
3,1474,5474,-1.55563020483593,2.012257668798
3,1475,5475,-1.62341482627711,2.1034852906621
3,1476,5476,-0.945380108489099,0.957434105660374
3,1477,5477,-2.15348690281924,1.6884924537227
3,1478,5478,-1.31239609467182,1.2223643580661
3,1479,5479,-1.10474822679003,1.37348191937221
3,1480,5480,-2.33919005929968,2.62315569441747
3,1481,5481,-2.27846037772502,2.61343698186602
3,1482,5482,-2.08196229758059,2.24948457533931
3,1483,5483,-1.34065958541602,1.52046609697021
3,1484,5484,-3.1104240369085,2.33792159776449
3,1485,5485,-3.2615909296211,2.01415145487973
3,1486,5486,-2.84743432281244,1.6291790557029
3,1487,5487,-2.75195347172702,1.57796821399616
3,1488,5488,-2.47367269187454,1.42300792730185
3,1489,5489,-2.45722719444342,1.47430993957665
3,1490,5490,-1.20460670438015,1.11629383318923
3,1491,5491,-1.69585543283572,1.42649690718395
3,1492,5492,-1.27990090907595,1.21955273042703
3,1493,5493,-1.85202411430165,1.94973907800129
3,1494,5494,-2.48502730514752,1.70144395449873
3,1495,5495,-1.80594804613755,1.36404257339947
3,1496,5496,-2.27479542186609,2.442937680699
3,1497,5497,-2.29940733613386,2.69861295369046
3,1498,5498,-1.8621082988986,2.1218755808532
3,1499,5499,-1.73930679683625,1.78682393577648
3,1500,5500,-1.27499046656848,2.43974373363676
3,1501,5501,-1.95391854222849,2.39779663329875
3,1502,5502,-1.9407955918575,1.96259002617261
3,1503,5503,-2.00012349935759,2.33432410400474
3,1504,5504,-1.22256449967325,1.48505585265244
3,1505,5505,-2.0675281598115,1.71090562853289
3,1506,5506,-1.73969111505616,1.41763739463707
3,1507,5507,-1.82132302528352,1.52534267596948
3,1508,5508,-1.91649129787596,1.64464253807709
3,1509,5509,-2.00921714861751,1.57838501098578
3,1510,5510,-1.90938158882391,2.41634543300766
3,1511,5511,-1.49478073034232,2.2875144672921
3,1512,5512,-1.25430642555643,1.54664304636106
3,1513,5513,-1.69375111248385,1.73287392881614
3,1514,5514,-1.66070563661006,1.44553790388072
3,1515,5515,-2.35637682954952,1.76305463895604
3,1516,5516,-2.84899086220117,1.95216909184003
3,1517,5517,-2.81949702055675,2.02146715620106
3,1518,5518,-1.33934042449159,1.35432898596793
3,1519,5519,-2.23075477200985,2.85279190894239
3,1520,5520,-1.61953883235824,2.20349432998349
3,1521,5521,-1.94348279393408,2.79388321905152
3,1522,5522,-1.4130552914285,2.02057573711021
3,1523,5523,-1.47102443312267,1.91094664510603
3,1524,5524,-1.03368787412554,2.07279379917737
3,1525,5525,-1.75474901505827,2.59890174771486
3,1526,5526,-2.10933638901263,2.03170291972514
3,1527,5527,-2.31995993321736,2.1612654800644
3,1528,5528,-2.35397984578397,2.31421057182379
3,1529,5529,-1.82497260174266,2.15094160602643
3,1530,5530,-1.92916967206232,1.5835538563491
3,1531,5531,-0.81818765129069,1.28632473064259
3,1532,5532,-1.34547582360471,1.96362393112639
3,1533,5533,-1.44845156795976,1.48823595966773
3,1534,5534,-1.24944039705232,1.41087314969619
3,1535,5535,-1.05740769924834,2.07941526364066
3,1536,5536,-1.22578791252469,2.78555851366343
3,1537,5537,-1.24030959201164,2.74299460409736
3,1538,5538,-1.19026954938938,2.35008894193699
3,1539,5539,-1.14918071254397,2.52322937048189
3,1540,5540,-2.28975923121379,1.7314523505429
3,1541,5541,-4.21305409732449,3.32279253141217
3,1542,5542,-4.21631298870826,3.26435655467993
3,1543,5543,-2.6853404875098,2.73608502506222
3,1544,5544,-2.55777599100175,3.15047166514631
3,1545,5545,-1.26641104094137,3.61210398559005
3,1546,5546,-0.676176516817847,2.02949548266371
3,1547,5547,-0.631706950410063,3.06424322560521
3,1548,5548,-0.335316360416415,2.80618108115395
3,1549,5549,0.986774668716366,3.46633324622703
3,1550,5550,1.02862719304912,3.52820417226511
3,1551,5551,-0.184043913725817,2.82691502374369
3,1552,5552,-0.256972862444507,2.45601402988039
3,1553,5553,-1.04687808667859,2.39789727114492
3,1554,5554,-0.92041596525563,2.00159158854813
3,1555,5555,-1.43718883276268,2.0012186437298
3,1556,5556,-1.48788529386301,1.51163862239801
3,1557,5557,-2.09587728728018,1.95083739931816
3,1558,5558,-1.51604527367108,1.79225605224081
3,1559,5559,-1.98032815739895,1.27693673545996
3,1560,5560,-2.06075286476162,1.3917122459701
3,1561,5561,-2.05101066177521,1.07043391600708
3,1562,5562,-2.93976475798798,2.47700019981028
3,1563,5563,-1.44221952190594,1.18726092600157
3,1564,5564,-2.59678673482607,1.50947563315143
3,1565,5565,-1.67512686017338,1.63374647629139
3,1566,5566,-1.63616141737035,1.55655644546483
3,1567,5567,-1.6792420187141,1.55055133450369
3,1568,5568,-1.44888760676128,1.83380842924192
3,1569,5569,-2.12464384324041,1.55231771164115
3,1570,5570,-1.37796879170229,1.10805847744251
3,1571,5571,-0.892219582117554,1.90127753791108
3,1572,5572,-2.92304730822664,2.22331336235041
3,1573,5573,-1.23044605400161,1.68537299673596
3,1574,5574,-1.23664114420247,2.13635862850502
3,1575,5575,-1.30944584947173,2.02356632687904
3,1576,5576,-1.57134476398923,2.1910501704729
3,1577,5577,-1.80883943165418,1.40198829741347
3,1578,5578,-1.29563877319983,2.51277870741993
3,1579,5579,-1.98075862020454,2.07636652668705
3,1580,5580,-1.43357970849238,1.30677870631685
3,1581,5581,-1.50847144755834,1.42999980951743
3,1582,5582,-1.76908102907887,1.43873125115871
3,1583,5583,-1.61574896144352,1.40191078389446
3,1584,5584,-1.57595771723905,1.09149748134939
3,1585,5585,-1.45755167076141,2.00721143719848
3,1586,5586,-0.998900421356142,1.68744656111647
3,1587,5587,-0.564101279246357,1.81551361939904
3,1588,5588,-1.72604363687608,2.11243384170105
3,1589,5589,-1.80067743132268,2.65452743943185
3,1590,5590,-0.513882621994714,2.42160547561311
3,1591,5591,-0.804384683187989,2.36908716270975
3,1592,5592,-1.44111998999493,1.69337741162282
3,1593,5593,-0.815600434715286,1.87080235715654
3,1594,5594,-1.98966781555916,1.88647651460252
3,1595,5595,-1.52878985612563,2.4708772062317
3,1596,5596,-1.72474292428406,2.27625383451517
3,1597,5597,-1.24469474565067,1.68685895329374
3,1598,5598,-0.679018940400065,1.81051807508721
3,1599,5599,-0.988892180296243,2.58523499850494
3,1600,5600,-0.699533826680449,1.94770133634208
3,1601,5601,-1.88513641601265,1.82691076974355
3,1602,5602,-1.93450372047735,1.93874334023729
3,1603,5603,-2.20745551499154,2.370409669996
3,1604,5604,-2.15607674576537,2.24925396168124
3,1605,5605,-2.83360074172463,2.47726083376721
3,1606,5606,-3.02534125758849,2.37229169321429
3,1607,5607,-3.30688414256187,2.04908816538492
3,1608,5608,-2.61391326688311,1.84401522702573
3,1609,5609,-2.58165181752075,1.67637755004384
3,1610,5610,-2.48532314738207,2.18093194252385
3,1611,5611,-2.10006318524848,1.82416785027458
3,1612,5612,-1.2433850857206,2.29493632120603
3,1613,5613,-1.24553486999473,2.65707542513541
3,1614,5614,-1.06216580500299,3.0888490540956
3,1615,5615,-2.23662343898702,1.71861715229006
3,1616,5616,-2.29095942136937,1.38904037934177
3,1617,5617,-2.95900714315902,1.68858597582099
3,1618,5618,-2.6690163897279,1.92306518886889
3,1619,5619,-2.70866829923652,2.0094487444494
3,1620,5620,-2.27981816427121,1.71049992867338
3,1621,5621,-1.58422517292312,1.47639224259483
3,1622,5622,-0.969293868696457,1.38270510547657
3,1623,5623,-1.64636215798836,1.78131762350714
3,1624,5624,-1.7833082931025,1.31329805135723
3,1625,5625,-1.92354747674952,2.27280798190368
3,1626,5626,-2.37763786967959,1.28689715268442
3,1627,5627,-2.63341844920033,1.50232462580884
3,1628,5628,-1.61245671919092,2.22476062273585
3,1629,5629,-2.37307122702271,2.49343234291581
3,1630,5630,-2.09203745261392,2.11128912436612
3,1631,5631,-2.06023746086571,2.16706646488389
3,1632,5632,-2.39121081168137,1.38939090574147
3,1633,5633,-0.673740248642355,1.91342440607544
3,1634,5634,-0.79433358396389,1.23328909425814
3,1635,5635,-0.24525730176767,2.04889629555339
3,1636,5636,-1.14878254692286,1.41383708307166
3,1637,5637,-1.58586286679431,1.71824068304949
3,1638,5638,-1.46193622634043,1.72215705773591
3,1639,5639,-1.56506788727298,1.86605228360392
3,1640,5640,-1.34486436484962,1.22522458882613
3,1641,5641,-1.64049695973695,2.53860032579724
3,1642,5642,-1.25099812388854,1.82843904774412
3,1643,5643,-1.28815875951403,1.84437225187943
3,1644,5644,-2.31638453295368,2.77595862942364
3,1645,5645,-1.66883595364077,1.19786308281048
3,1646,5646,-1.81913181505832,1.05824036625293
3,1647,5647,-1.99804937750855,1.31451050000323
3,1648,5648,-2.19304027532395,1.89970899855529
3,1649,5649,-1.3290146515538,1.15789306379313
3,1650,5650,-1.66702698783811,1.13528124079973
3,1651,5651,-1.66802508907331,1.13835798043508
3,1652,5652,-2.31579844646952,1.69275548180278
3,1653,5653,-2.07753571301997,1.43061762922578
3,1654,5654,-2.45912708481519,2.20198698002151
3,1655,5655,-1.62314010734733,1.0061078523539
3,1656,5656,-2.46746464781509,2.10459083815033
3,1657,5657,-2.62510860145811,2.23049984841024
3,1658,5658,-1.83811138334539,1.99385492441022
3,1659,5659,-1.27997572851978,2.0833104967462
3,1660,5660,-1.70084244594491,2.35385558578484
3,1661,5661,-1.32585668982856,1.92169469546769
3,1662,5662,-1.48693549411431,2.13161339792466
3,1663,5663,-1.4640803085787,1.36564279491655
3,1664,5664,-1.52024510079832,1.4486525612946
3,1665,5665,-1.64755664485662,1.32676324660169
3,1666,5666,-3.46302077401933,1.84881995563541
3,1667,5667,-1.10256487158328,1.82319416215475
3,1668,5668,-1.02523186991052,2.21270893547229
3,1669,5669,-0.72962409430375,1.80376697550152
3,1670,5670,-0.964644339403673,1.87400794200334
3,1671,5671,-2.40194625270853,1.63086495524495
3,1672,5672,-1.55049116591355,1.23597776362496
3,1673,5673,-1.69182701584825,0.990678395884197
3,1674,5674,-1.59305385870208,1.05261071058481
3,1675,5675,-1.80993405554058,1.4927058778365
3,1676,5676,-2.14688472218211,1.53980695395609
3,1677,5677,-2.32560963227795,1.3392254596472
3,1678,5678,-1.40406945063477,1.32387097254715
3,1679,5679,-3.10862495870185,2.39953477318274
3,1680,5680,-2.2531365978955,1.45540689197237
3,1681,5681,-1.79598491678385,1.06784320048218
3,1682,5682,-1.63661152844277,1.76440512982384
3,1683,5683,-1.95275488201499,2.42939618573434
3,1684,5684,-2.00705672033199,1.31229585253932
3,1685,5685,-1.69888652119104,1.74209164953586
3,1686,5686,-1.50469407419793,0.841913211265516
3,1687,5687,-1.83147844590908,0.951843093809102
3,1688,5688,-1.4881110536713,1.75617845873942
3,1689,5689,-1.7986808019432,2.00620751946047
3,1690,5690,-2.02036078925508,2.3969319941021
3,1691,5691,-1.47249837078818,1.84075317357242
3,1692,5692,-0.619659775972027,1.66583887459817
3,1693,5693,-1.73611940199313,1.74869768835608
3,1694,5694,-1.50414430165286,1.52994903719469
3,1695,5695,-1.24456967470047,1.55485705245331
3,1696,5696,-1.86691456940543,2.24667104641751
3,1697,5697,-2.25422887749008,1.66995757913735
3,1698,5698,-2.10706679561564,1.55324077360617
3,1699,5699,-2.18255290258137,1.52325946592956
3,1700,5700,-1.59803140516444,1.56491048434533
3,1701,5701,-2.12234210227182,1.61350767027555
3,1702,5702,-2.2254112679378,1.7446630495372
3,1703,5703,-2.43735371598274,1.9287690841678
3,1704,5704,-2.60494889714659,1.1523026468334
3,1705,5705,-2.19205595999376,0.839216369497182
3,1706,5706,-1.80019544883002,0.862554695128175
3,1707,5707,-1.80950723680149,1.10709605698596
3,1708,5708,-2.29215394737748,1.26200333041198
3,1709,5709,-1.94004037785674,1.92942861187546
3,1710,5710,-1.77435316565191,1.4075544308781
3,1711,5711,-1.27825402529723,1.92714674435038
3,1712,5712,-1.16733990924561,1.84169798515244
3,1713,5713,-1.19907545396221,1.61576571285633
3,1714,5714,-3.07990886315385,2.61593578547626
3,1715,5715,-2.36708429994199,2.13977985979926
3,1716,5716,-2.48304657678222,2.35358266123825
3,1717,5717,-1.60185728548725,2.09287724217198
3,1718,5718,-1.63055323760854,2.27563862155704
3,1719,5719,-1.32829690764397,1.27771139820567
3,1720,5720,-1.21551263384599,1.4348697736871
3,1721,5721,-2.21586652517034,1.36090225917516
3,1722,5722,-2.24928567434338,1.90195052607736
3,1723,5723,-2.76091032498691,2.7952204775282
3,1724,5724,-2.2754918542443,1.8145328153994
3,1725,5725,-2.59903828575909,1.92784552120363
3,1726,5726,-1.38769864126714,1.51106572655483
3,1727,5727,-1.8189615245995,1.5630579552324
3,1728,5728,-1.46289025808798,1.59674670926639
3,1729,5729,-2.0417810948794,1.74655599687017
3,1730,5730,-1.69702146488839,3.2305907911256
3,1731,5731,-2.037969796028,2.75585236257584
3,1732,5732,-1.96127352091995,2.00313416486582
3,1733,5733,-2.60321948364941,1.91144338770045
3,1734,5734,-2.65754151619201,2.12076354522707
3,1735,5735,-1.7785752411526,2.4268748484841
3,1736,5736,-1.22986664295073,1.63520304788292
3,1737,5737,-0.985732420509552,1.55137674000566
3,1738,5738,-1.24728752270953,1.89636770311511
3,1739,5739,-1.06789810139642,1.19927259492828
3,1740,5740,-1.70370454909177,2.00423410989466
3,1741,5741,-2.09984950845693,1.21069100450685
3,1742,5742,-1.38526875313483,1.7719472517183
3,1743,5743,-1.86666188073557,1.77927207813079
3,1744,5744,-0.8326204207283,1.56604692699292
3,1745,5745,-0.408065604442583,1.62895329439229
3,1746,5746,-0.666495608615368,1.3546742356003
3,1747,5747,-1.22811706539197,1.2239846037741
3,1748,5748,-1.45288973676641,1.86365782241082
3,1749,5749,-1.45819618726026,1.16306103435424
3,1750,5750,-2.11402475980878,1.59757103971146
3,1751,5751,-1.68612469840165,1.14382834667544
3,1752,5752,-2.20317132935379,1.51742191710372
3,1753,5753,-0.986730611853408,1.91708281555195
3,1754,5754,-0.999334762253338,2.2800019217357
3,1755,5755,-0.631384083349106,2.29833761575128
3,1756,5756,-0.842747858636908,2.44805667602964
3,1757,5757,-1.11127453248509,2.85692710360544
3,1758,5758,-2.00917311184883,3.1370766671632
3,1759,5759,-2.08892216659452,2.69899931280446
3,1760,5760,-1.2657195032712,1.39405610780932
3,1761,5761,-1.50449900158391,1.59299667793229
3,1762,5762,-2.00721123151173,1.57010389126472
3,1763,5763,-1.67645317717027,2.2223276394841
3,1764,5764,-1.21386934398258,2.28419384667519
3,1765,5765,-0.783220002526603,1.29455305950956
3,1766,5766,-0.681856057798789,1.37561537520531
3,1767,5767,-0.559370328691211,1.40697463607071
3,1768,5768,-0.60993342500939,1.27968565982706
3,1769,5769,-0.660631156448356,1.39550003465405
3,1770,5770,-0.430563801772611,2.79096544780247
3,1771,5771,-1.94610020946461,1.81198312233984
3,1772,5772,-2.12183828990433,1.88736982321105
3,1773,5773,-1.96852539238853,1.96768152434446
3,1774,5774,-1.91625505140419,1.91444941654354
3,1775,5775,-2.01507015919741,1.6893145546807
3,1776,5776,-2.15912084816577,2.1527852351144
3,1777,5777,-2.91031815164973,2.97993398257087
3,1778,5778,-1.68076896996111,1.36876317075945
3,1779,5779,-1.77736361395884,1.69502947656762
3,1780,5780,-1.43360114023265,1.90263656530913
3,1781,5781,-1.50808624262703,1.21807121444401
3,1782,5782,-2.09578970104281,1.2782897444694
3,1783,5783,-1.47806857498054,1.0783982973162
3,1784,5784,-1.21651983392289,1.04513418160029
3,1785,5785,-2.01661160523241,1.37739346554878
3,1786,5786,-1.58793205298852,1.21631125107858
3,1787,5787,-2.17445872110297,1.37956042089432
3,1788,5788,-2.19519306325033,1.73133355253679
3,1789,5789,-3.65296017107216,1.99270679048105
3,1790,5790,-3.79834927966738,2.02535811828467
3,1791,5791,-3.49762193592367,1.74977916547307
3,1792,5792,-2.55027281413805,2.31429523424186
3,1793,5793,-2.20397117036341,2.0815015078507
3,1794,5794,-1.56269347169882,1.45307092862659
3,1795,5795,-1.83552115349353,1.90033506322666
3,1796,5796,-1.28022537434175,1.91665879716278
3,1797,5797,-1.10292050163497,1.92345226681727
3,1798,5798,-2.33450081636367,1.92575415566705
3,1799,5799,-2.47961550348352,1.97338412906325
3,1800,5800,-1.6194457881283,1.28384522009195
3,1801,5801,-1.6755408410587,1.518585261789
3,1802,5802,-0.923406279999156,1.76447661155089
3,1803,5803,-1.54802212025056,1.80761748006731
3,1804,5804,-1.68458801629442,1.95034216467321
3,1805,5805,-1.96740856375085,2.48558086901038
3,1806,5806,-1.66309162413612,1.6258580076224
3,1807,5807,-1.86236115060045,1.90591783354424
3,1808,5808,-1.09059385794215,1.81733317035564
3,1809,5809,-1.37544200878796,1.9452087428154
3,1810,5810,-1.94746669260982,2.41901738514064
3,1811,5811,-2.16902409313562,1.86974662248513
3,1812,5812,-1.67492499789505,1.46270661578794
3,1813,5813,-1.2491458657177,2.12139670726869
3,1814,5814,-1.89016093858252,2.43139655473743
3,1815,5815,-0.808061603603865,1.89112958168778
3,1816,5816,-0.830192691515783,1.70134019304036
3,1817,5817,-0.807474012330649,2.14958802643424
3,1818,5818,-1.88737201777964,1.72642236690458
3,1819,5819,-1.84487773755857,1.31134437654037
3,1820,5820,-2.03568922914496,1.34780345783009
3,1821,5821,-1.68094486689628,1.17745658806427
3,1822,5822,-1.4106094392416,1.597516912822
3,1823,5823,-1.66434313339614,1.77751857323193
3,1824,5824,-1.45997669227089,1.1559224568114
3,1825,5825,-1.58796704708877,1.33664926450552
3,1826,5826,-1.23176094393887,1.84789567216933
3,1827,5827,-1.19224452306669,2.17699836457951
3,1828,5828,-0.675234217982571,1.84905448917676
3,1829,5829,-1.49793884216815,1.77167528113257
3,1830,5830,-1.33654050229204,1.67163391338494
3,1831,5831,-1.30574152477465,1.80573468630403
3,1832,5832,-1.87184124718431,2.50838603979393
3,1833,5833,-1.40737972419243,1.9354576848891
3,1834,5834,-1.33332660572979,1.81206150185739
3,1835,5835,-1.72769491925341,3.81305802899105
3,1836,5836,-0.883014414888428,1.88470914982506
3,1837,5837,-0.803771020718272,2.00086108879919
3,1838,5838,-0.595000827498682,1.31317436164183
3,1839,5839,-0.538906660897808,1.4159836953211
3,1840,5840,-1.21327613158215,1.50151854252049
3,1841,5841,-1.20730316813721,3.05545009878262
3,1842,5842,-1.4918656020153,1.83417946961036
3,1843,5843,-1.80428250897127,2.39112217273479
3,1844,5844,-1.8780010518752,1.8931424634996
3,1845,5845,-2.02052665765948,2.02798341296725
3,1846,5846,-1.90411690580809,2.10236757824737
3,1847,5847,-2.20663060165939,1.79681706457571
3,1848,5848,-2.14864972310963,3.03055548770359
3,1849,5849,-1.71068603150745,2.03629854412017
3,1850,5850,-1.6559102295218,1.55705675024391
3,1851,5851,-2.25407804752947,1.87439348888789
3,1852,5852,-1.53108762728671,1.84741989683551
3,1853,5853,-1.5924711959447,1.77240688528818
3,1854,5854,-1.77176234023151,1.82986403380638
3,1855,5855,-2.12244962073009,2.36501514066298
3,1856,5856,-1.4049433992322,2.22844174882165
3,1857,5857,-1.55576148504401,2.11614702273915
3,1858,5858,-1.99315833640373,2.04951283676584
3,1859,5859,-2.44979112100045,1.44912338647875
3,1860,5860,-1.15065201316359,1.70849859447921
3,1861,5861,-1.26189229088363,1.39687830689751
3,1862,5862,-1.60894090862096,1.44434907108204
3,1863,5863,-3.00509720448076,2.71211674523613
3,1864,5864,-2.90706476517894,2.24206089048777
3,1865,5865,-1.87699314983036,1.44673277733793
3,1866,5866,-1.7663050099612,1.46931108194477
3,1867,5867,-1.31510009357738,1.70455478949688
3,1868,5868,-1.3725166411158,1.06401865975748
3,1869,5869,-1.48367756891414,1.12284869857999
3,1870,5870,-1.83235417381768,1.25999899741255
3,1871,5871,-1.92136664367804,2.05119975116194
3,1872,5872,-1.38976340395835,1.94454605654699
3,1873,5873,-1.21237126590548,1.5312683799005
3,1874,5874,-1.682845044706,1.69894540749326
3,1875,5875,-1.43762118231825,1.40735157404543
3,1876,5876,-1.7158591115798,1.87606764558978
3,1877,5877,-1.24531026787852,1.99985704847592
3,1878,5878,-1.17015588649799,2.38785502528056
3,1879,5879,-0.934914694871465,1.03473384208627
3,1880,5880,-1.76837904079624,1.57769559687539
3,1881,5881,-1.34656923524952,1.06267973796488
3,1882,5882,-1.54028531421571,1.34867336646099
3,1883,5883,-1.3448365470749,1.28186332507148
3,1884,5884,-1.88397830143837,1.51113792898385
3,1885,5885,-1.3098823205236,2.64903464292951
3,1886,5886,-1.06720033714094,1.78468769338918
3,1887,5887,-0.899933089096127,1.73680749162734
3,1888,5888,-1.59767426139721,2.35143473056739
3,1889,5889,-2.65713221140615,1.80327125270785
3,1890,5890,-3.72634474530366,1.89302886011526
3,1891,5891,-0.562232025584101,1.6371412442508
3,1892,5892,-0.601584966974373,2.15348021206253
3,1893,5893,-0.756776664880265,2.62811363680649
3,1894,5894,-1.31824975849612,1.08059520338583
3,1895,5895,-1.38733285934558,1.11574751178642
3,1896,5896,-1.8747852522027,1.74295373594379
3,1897,5897,-1.35155103727557,1.1667391605785
3,1898,5898,-1.39669293321532,1.2960520329968
3,1899,5899,-1.6599913374085,1.62156470739781
3,1900,5900,-1.79281770888509,1.38028431749875
3,1901,5901,-1.68338953967723,1.52066343207513
3,1902,5902,-2.10314797080481,1.62531629137158
3,1903,5903,-2.08150973798455,1.72319704371627
3,1904,5904,-1.3286251900517,1.38163684697391
3,1905,5905,-1.30270809418109,1.57067349566946
3,1906,5906,-1.4017388302598,1.68867307575393
3,1907,5907,-0.684303683551252,1.59011987203727
3,1908,5908,-0.593270629152451,1.77520614064148
3,1909,5909,-1.59643390539494,1.86744739053042
3,1910,5910,-1.46324369730573,1.59120828836722
3,1911,5911,-1.22009524032666,1.64294355125338
3,1912,5912,-0.869733105531022,1.12779680523409
3,1913,5913,-0.999838339418631,1.30313607019084
3,1914,5914,-2.03039889454373,1.90058377329683
3,1915,5915,-1.97382255047531,0.890948325605816
3,1916,5916,-2.12397673403911,2.3191697389297
3,1917,5917,-2.12027513798824,2.71735213257588
3,1918,5918,-1.44909141511304,1.07066910806622
3,1919,5919,-1.32228496336212,1.55279183248729
3,1920,5920,-1.42006040887588,1.77190850220692
3,1921,5921,-2.11522355330799,1.60486714010948
3,1922,5922,-1.0955606928626,0.9261220057546
3,1923,5923,-1.71804084029599,1.77561298059663
3,1924,5924,-1.68366058173692,0.913261890204981
3,1925,5925,-1.80760579672173,0.902196738690606
3,1926,5926,-1.85784649456946,0.849723020609858
3,1927,5927,-1.48818813630279,0.6677296014841
3,1928,5928,-0.945239086098504,1.12385196139459
3,1929,5929,-1.05398363355571,1.07810784648899
3,1930,5930,-1.58373253702712,1.65138524743163
3,1931,5931,-1.56500381080973,1.7984443622492
3,1932,5932,-1.12844975028871,1.42271565851357
3,1933,5933,-1.22071489635941,1.94513548789654
3,1934,5934,-0.886193736996246,1.31125235751712
3,1935,5935,-2.31272197751005,2.09770314258085
3,1936,5936,-2.10806364220963,2.31852005455099
3,1937,5937,-2.19017082062901,1.86766977330059
3,1938,5938,-1.48099096497852,1.57495444147514
3,1939,5939,-1.1941375083939,1.51606672934184
3,1940,5940,-2.05837988324528,1.85570733160599
3,1941,5941,-1.03070631940208,2.02916036492402
3,1942,5942,-2.17509897689355,1.2814777502914
3,1943,5943,-2.66477793384664,1.66831242033929
3,1944,5944,-2.51983925425515,1.46701448497464
3,1945,5945,-1.59661077814637,1.73040741853085
3,1946,5946,-1.99005750466476,1.88495469225402
3,1947,5947,-1.70376084534163,1.98190365918186
3,1948,5948,-1.66704603316561,1.81194884034888
3,1949,5949,-1.82182641949237,1.93640400909575
3,1950,5950,-1.0962450543609,0.853376438466523
3,1951,5951,-1.3293232464836,1.5435395806463
3,1952,5952,-1.39013666259436,1.63406703605594
3,1953,5953,-0.929818386247308,1.62666171183478
3,1954,5954,-1.02060884477712,1.75643970027751
3,1955,5955,-1.70179688379021,1.41259727524902
3,1956,5956,-1.34354544196001,1.52363313331776
3,1957,5957,-1.51020667827656,2.21120420045403
3,1958,5958,-1.58669015872876,2.07312969952718
3,1959,5959,-1.11517164194738,1.38128719251399
3,1960,5960,-1.44229622272353,1.93180736468507
3,1961,5961,-1.34240287996602,2.52385065584652
3,1962,5962,-2.17419521916425,1.73221634664289
3,1963,5963,-1.31231117801452,1.21707057622151
3,1964,5964,-1.00232212244338,2.58840650199644
3,1965,5965,-0.694282280800785,2.3566256917168
3,1966,5966,-0.921946532596325,1.78630257354089
3,1967,5967,-0.755010295851824,1.58593645732261
3,1968,5968,0.158892635024447,2.34285838548397
3,1969,5969,-0.551921842379833,1.98562950366881
3,1970,5970,-0.809420876253973,2.17388894339744
3,1971,5971,-0.646728014891211,1.89027332812879
3,1972,5972,-0.703593858995603,1.88762420852772
3,1973,5973,-1.06869587146415,2.61147658630542
3,1974,5974,-1.11229304354517,2.42795506436222
3,1975,5975,-2.74684918672633,2.24541361776229
3,1976,5976,-1.80611864060099,1.41481930751347
3,1977,5977,-2.38913754868469,2.68657910528617
3,1978,5978,-2.31607193396713,2.79018329114021
3,1979,5979,-2.0645328675044,2.16449575715008
3,1980,5980,-2.03053815988194,1.91620306787944
3,1981,5981,-2.14033978906885,2.13502014481161
3,1982,5982,-1.90601363586119,2.24347305464125
3,1983,5983,-1.78174109241163,2.48008000736209
3,1984,5984,-0.751516608363238,3.37211281791912
3,1985,5985,-0.905460176667774,3.22771191738611
3,1986,5986,-1.2494148409832,2.69203472177835
3,1987,5987,-0.684773968886086,2.33421555791184
3,1988,5988,-0.672012694616063,2.68782506711555
3,1989,5989,-0.760500717429457,2.89126381323422
3,1990,5990,-1.47098290185441,2.38493078978306
3,1991,5991,-1.65865266831867,1.71815956548464
3,1992,5992,-1.71415769136436,2.20916028948811
3,1993,5993,-1.85232591916164,1.65907345897781
3,1994,5994,-1.293216814285,1.48465726482075
3,1995,5995,-1.28844472644648,1.52098259938304
3,1996,5996,-0.865805546788485,2.09462413604438
3,1997,5997,-1.44469432370686,2.57395754449274
3,1998,5998,-1.55038808936286,2.30803176216372
3,1999,5999,-1.97376885888878,2.2762563977336
3,2000,6000,-1.96509615501186,1.82506488685666
4,1,6001,-1.85400548954698,2.15802502332531
4,2,6002,-1.07894404411508,1.48606631807643
4,3,6003,-1.15094370271654,1.49388214149997
4,4,6004,-1.75918693137266,1.59737037272096
4,5,6005,-1.41230390841486,1.18300594789635
4,6,6006,-1.34694910638808,1.23722498769705
4,7,6007,-2.21189890985426,2.2120762781581
4,8,6008,-0.186107851256206,1.62899714958877
4,9,6009,-2.2663933293029,2.82012499984439
4,10,6010,-2.14626112364094,2.26553002339964
4,11,6011,-2.00471103825807,1.44078670834671
4,12,6012,-1.83106526243014,1.47113019269057
4,13,6013,-1.50058892962713,1.13012408522208
4,14,6014,-1.6664737605023,1.72408775353341
4,15,6015,-1.9425870204775,1.85902324167303
4,16,6016,-1.59027865174211,1.04880435053515
4,17,6017,-1.49310144914816,1.28341847696081
4,18,6018,-1.22621179541882,0.749806592632965
4,19,6019,-1.46482960966636,1.13719905494067
4,20,6020,-1.46498626637333,1.32882670245587
4,21,6021,-1.42425903670736,1.21911637954262
4,22,6022,-1.57921900908907,1.28503114551615
4,23,6023,-2.64931992862475,1.13877257694174
4,24,6024,-2.03471985758628,1.20559316280262
4,25,6025,-1.49269239339595,1.08744785789767
4,26,6026,-1.45851277846534,1.00967894587386
4,27,6027,-1.44712792680133,0.963987372013272
4,28,6028,-1.46835152364842,0.840387746253187
4,29,6029,-1.20151555369173,1.77362272513399
4,30,6030,-1.58362897666949,1.84533423195024
4,31,6031,-1.3787130672584,2.09958192590089
4,32,6032,-1.40782995687252,0.944541393079661
4,33,6033,-1.79926282402007,1.03319875897649
4,34,6034,-1.79121447260892,0.876322095757971
4,35,6035,-1.74814194490967,0.998516192316604
4,36,6036,-1.45766273684091,1.01425629607977
4,37,6037,-1.86119750970517,1.7777832086752
4,38,6038,-1.906746685367,1.80390965629405
4,39,6039,-0.781812948710588,2.19337216887817
4,40,6040,-0.959892644086023,1.25771302162269
4,41,6041,-1.00403682423925,2.04640328386652
4,42,6042,-2.18629255705333,2.29906870148907
4,43,6043,-2.09613983319479,2.36958654737954
4,44,6044,-1.53454603694111,1.66017559734356
4,45,6045,-1.75238823380934,1.23767490016148
4,46,6046,-1.52087376820951,3.19853249996702
4,47,6047,-1.64148181412754,1.32993085822434
4,48,6048,-1.41368890635623,2.22852786998767
4,49,6049,-0.828104011174835,1.84843287883379
4,50,6050,-2.00777209218753,1.88483660212876
4,51,6051,-2.26570821951696,2.9789407897487
4,52,6052,-2.02427327552498,3.00013639978108
4,53,6053,-2.0716889746285,2.73256189042578
4,54,6054,-2.34728311701406,3.06621041911112
4,55,6055,-2.13395498860683,3.00305475231492
4,56,6056,-0.602577007539677,2.09949896883001
4,57,6057,-0.692916347536882,2.29418209761465
4,58,6058,-0.869236325359871,1.03515925276472
4,59,6059,-1.43424597786183,1.67294693353529
4,60,6060,-1.3562757017352,1.65401030163066
4,61,6061,-1.85787138949147,1.45938216322768
4,62,6062,-2.11806724218124,1.58006824753379
4,63,6063,-2.14730125592005,2.19130469224485
4,64,6064,-1.95778320792256,2.11677079773991
4,65,6065,-1.87712160732929,2.16163298457975
4,66,6066,-2.53567086143964,2.04197237865557
4,67,6067,-1.3083025962238,1.7998292631848
4,68,6068,-1.44440017246046,1.36879689709022
4,69,6069,-3.2111423983588,2.38871506875267
4,70,6070,-1.45257980036124,2.05228221438586
4,71,6071,-1.40144231404052,1.72219594652293
4,72,6072,-1.49092068488573,1.82403346891817
4,73,6073,-1.10752161176319,1.51527892998032
4,74,6074,-1.0800698573802,1.40468988920214
4,75,6075,-1.33193326775359,2.56872494150003
4,76,6076,-1.50493408081702,1.08844727905848
4,77,6077,-1.22851670711378,1.33549598261261
4,78,6078,-1.10971128190698,1.2272661374932
4,79,6079,-1.36829880342702,1.76241907022453
4,80,6080,-1.59765905208386,2.25088395021497
4,81,6081,-0.713317852983147,1.36771926613482
4,82,6082,-1.17406616892952,1.87663794427119
4,83,6083,-1.02624446811694,1.6588557861108
4,84,6084,-0.945926903065311,1.79812755178935
4,85,6085,-1.04794416962494,1.91851896206074
4,86,6086,-1.96473440785249,2.40222053618421
4,87,6087,-2.25853628540616,2.89113974318942
4,88,6088,-2.3012413090493,2.84486055220805
4,89,6089,-1.70242623518228,2.09014561864831
4,90,6090,-1.0366335572196,1.0573994068004
4,91,6091,-0.616012248432307,0.857186801617124
4,92,6092,-2.02696202780733,1.49880875929186
4,93,6093,-1.35831111881616,1.19717595560503
4,94,6094,-2.85493215709927,2.02653468262098
4,95,6095,-2.44759151935289,2.15764133747644
4,96,6096,-1.94091051363062,1.0714102784938
4,97,6097,-1.80047078218319,1.1578941685944
4,98,6098,-1.40286949488974,1.39605567477926
4,99,6099,-0.520664853505398,1.53389313937406
4,100,6100,-0.702665473623027,2.46450261928484
4,101,6101,-0.400509968896308,1.97522158404733
4,102,6102,-1.15530392354987,1.60430526791674
4,103,6103,-2.11105881590639,2.72896569005048
4,104,6104,-1.15545669549645,1.54092802332943
4,105,6105,-1.36949987502607,2.17287070886222
4,106,6106,-1.51090016070568,2.64176146328529
4,107,6107,-1.74254515236272,1.3878438799751
4,108,6108,-1.66749194288194,1.09809236295649
4,109,6109,-1.62210861886517,1.04241565302347
4,110,6110,-1.49783781386697,0.923147925196789
4,111,6111,-2.41931167982685,1.77100143877014
4,112,6112,-1.97495436082048,1.41627178451227
4,113,6113,-1.31104337757174,1.5033111435492
4,114,6114,-1.31853761269996,1.44750934871196
4,115,6115,-2.22507633497654,1.78195798116129
4,116,6116,-1.56750942111177,0.837625219600832
4,117,6117,-1.23888599910415,1.11786945193774
4,118,6118,-2.4922188811424,1.44058511314748
4,119,6119,-1.77300222824092,1.42735780365082
4,120,6120,-1.42637412141995,1.23544219929019
4,121,6121,-2.18327021515531,1.74720569300116
4,122,6122,-1.54118066481287,1.48406849787489
4,123,6123,-1.74268359376615,1.36870200583231
4,124,6124,-1.57558901112748,1.50437187297174
4,125,6125,-1.49954852617744,1.4017907717096
4,126,6126,-3.09069882928786,2.8408781453364
4,127,6127,-1.97824894890467,2.33222424968189
4,128,6128,-1.56763457621041,2.90360511914225
4,129,6129,-1.30724407543192,2.27428365396598
4,130,6130,-1.63601306951892,2.05515902371957
4,131,6131,-1.33236325270714,1.77242023403619
4,132,6132,-0.0931998013885354,2.92006059712504
4,133,6133,-0.374060367700464,2.18370775181446
4,134,6134,-1.56577847753435,2.24045619124253
4,135,6135,-2.47148572890771,1.38494214842874
4,136,6136,-1.85096315998159,1.46830291631595
4,137,6137,-1.97453928200462,1.45166923840445
4,138,6138,-2.3906815527065,2.90472048193516
4,139,6139,-1.52008757034298,2.13223079995398
4,140,6140,-1.35284397184125,1.76088691291804
4,141,6141,-1.5451566916113,1.79985279306176
4,142,6142,-1.63710018775598,1.6706591030845
4,143,6143,-2.65878694856146,2.14336613696343
4,144,6144,-2.35765621005129,1.5313022170221
4,145,6145,-1.8353596502158,1.27425945011642
4,146,6146,-1.92525585559122,1.6743777222343
4,147,6147,-1.39956605868302,1.1506185212076
4,148,6148,-1.36606785802026,1.58188776420569
4,149,6149,-1.60841565498199,1.65147862398604
4,150,6150,-1.32401809620285,1.2722172621039
4,151,6151,-1.98114987799011,1.10361064876421
4,152,6152,-1.92320521964542,1.29694740785853
4,153,6153,-3.61161143342704,2.42738113591121
4,154,6154,-2.20653050207624,1.30524668260677
4,155,6155,-1.70551776836061,1.06329171049117
4,156,6156,-1.88379363136025,1.3497736448706
4,157,6157,-0.772047069218553,1.92862062505892
4,158,6158,-1.9240307154512,2.01258425276042
4,159,6159,-1.77287885192015,2.16773330993411
4,160,6160,-2.04504427252038,1.84446610858546
4,161,6161,-1.45001955253906,1.40577503098918
4,162,6162,-1.44714876844157,1.56504648463053
4,163,6163,-1.61440107779225,2.17471723607155
4,164,6164,-1.33980810238753,1.2126787453064
4,165,6165,-0.923503216607003,0.818238637019554
4,166,6166,-0.961055506613918,1.10172085556706
4,167,6167,-0.627082820899878,1.78264157733789
4,168,6168,-1.48120375537341,2.19345351694586
4,169,6169,-0.888742978677897,1.09188436701227
4,170,6170,-0.98109848097629,1.11556749065772
4,171,6171,-1.22951783778887,1.98468999405512
4,172,6172,-1.50161607659443,2.12826005063164
4,173,6173,-0.995300762618857,1.88248339907626
4,174,6174,-1.00061812687232,2.78384739301431
4,175,6175,-1.90833904696484,2.99891972066133
4,176,6176,-3.71518861680189,3.50693505538373
4,177,6177,-2.39748106686386,1.83280199563161
4,178,6178,-2.45075342819612,3.23150234650356
4,179,6179,-2.32365288755011,2.594863450352
4,180,6180,-2.13153700311177,1.93030701323087
4,181,6181,-1.39920107522996,2.09597372950053
4,182,6182,-0.699457401352035,1.6805367574789
4,183,6183,-1.77327547929529,2.09270687546227
4,184,6184,-2.16414395271096,2.3065872394819
4,185,6185,-1.84996196423372,1.23545119286943
4,186,6186,-0.826178393752615,1.27449917668392
4,187,6187,-0.775611433201226,1.97511685899568
4,188,6188,-1.15549913314149,1.98790108133285
4,189,6189,-1.53486599973913,2.57414633813681
4,190,6190,-2.24134277006437,2.22439244446701
4,191,6191,-2.42315183536292,1.68157662411085
4,192,6192,-2.89409788200545,2.0620397386065
4,193,6193,-2.87364136045803,2.04891834006177
4,194,6194,-3.13276632920693,2.96807837963569
4,195,6195,-2.9108113155203,2.73557033850194
4,196,6196,-2.67437768108048,2.63875681364126
4,197,6197,-3.48281436885227,2.55071528360387
4,198,6198,-2.52224532480092,2.09879538864361
4,199,6199,-2.03503645282069,2.86750869159076
4,200,6200,-1.8906783124707,2.24624464156235
4,201,6201,-1.29222425987883,1.85520204525206
4,202,6202,-1.07627653065593,1.55663031847557
4,203,6203,-1.88067467999582,2.14294624760854
4,204,6204,-1.12924703856639,1.23827860141471
4,205,6205,-2.13179669986658,2.01617741006321
4,206,6206,-1.14568188333169,2.21419331772684
4,207,6207,-1.06430011993299,1.97063276185964
4,208,6208,-1.4444131543142,2.14423553847977
4,209,6209,-0.71568311147264,1.83394450582878
4,210,6210,-1.45575103353053,2.71915743414284
4,211,6211,-1.29596253179882,1.61342687865298
4,212,6212,-1.05703189029997,1.41955769844193
4,213,6213,-1.64710881057794,1.82006614249767
4,214,6214,-1.43199690655545,1.87983139544162
4,215,6215,-1.52421587962734,2.03282752043353
4,216,6216,-1.57243008448904,2.55562138332953
4,217,6217,-1.41167271974595,2.05680519326156
4,218,6218,-1.51804999118471,2.04766936242211
4,219,6219,-1.45326614460722,2.10244833691357
4,220,6220,-0.954854084686449,2.89076609530299
4,221,6221,-1.52571347829665,1.59111209454963
4,222,6222,-1.11082334482331,2.16866877246378
4,223,6223,-0.70135063937394,1.71783764247369
4,224,6224,-2.07732754041965,1.88064795679758
4,225,6225,-2.6119141693575,2.44524316184042
4,226,6226,-1.93004086218731,1.5366008071228
4,227,6227,-1.94401548849603,1.42578244975439
4,228,6228,-2.5469808036673,2.23773085408911
4,229,6229,-3.22685586494315,2.61292297055914
4,230,6230,-3.20279720606068,2.23035202614895
4,231,6231,-2.19966999930251,1.5848640579262
4,232,6232,-1.78546051680884,1.37328985033502
4,233,6233,-1.47909731989021,2.37419562508914
4,234,6234,-1.35892131119207,2.25098183179222
4,235,6235,-1.04740447945166,2.25236535567973
4,236,6236,-1.9743737992397,1.42609007552031
4,237,6237,-2.07359552984165,1.38225280071185
4,238,6238,-1.33495553952354,1.19775300038877
4,239,6239,-1.30891955245115,0.892287898357431
4,240,6240,-1.35589509898778,0.966752970622751
4,241,6241,-1.28294293624303,1.26292315857008
4,242,6242,-1.46193163329634,1.29480151598527
4,243,6243,-1.72726009248785,2.10304072258032
4,244,6244,-1.52087262769244,1.31395440367442
4,245,6245,-0.0128575867952669,2.15016037748226
4,246,6246,-0.704988222439801,1.75034424342423
4,247,6247,-3.04491302935947,2.25094164404862
4,248,6248,-0.951635560557854,1.33004420688968
4,249,6249,-1.95656020233893,2.41759769160865
4,250,6250,-1.50734442769494,1.79155656436063
4,251,6251,-1.12547000742232,2.80295490659213
4,252,6252,-1.09621116870798,2.11361312098291
4,253,6253,-1.29004671518773,1.53455233715855
4,254,6254,-1.46148484929942,1.77874360402934
4,255,6255,-1.70722653168949,2.31627465061778
4,256,6256,-2.1152824061217,2.1602191382674
4,257,6257,-1.94566640527862,1.9613937637736
4,258,6258,-1.59202074822112,2.74776267871815
4,259,6259,-1.81432169333364,3.01820796464547
4,260,6260,-1.85651734264227,1.7635163560817
4,261,6261,-1.611567537581,1.23615373802228
4,262,6262,-1.74483487961469,1.12992525325068
4,263,6263,-2.15815582713631,1.06299947113999
4,264,6264,-1.78700387586341,0.877165434932436
4,265,6265,-1.91754520321555,0.999541691458662
4,266,6266,-0.599001189534326,2.7407672093284
4,267,6267,-0.528628301523825,2.02378005155485
4,268,6268,-0.991257066542237,2.13155660271104
4,269,6269,-1.66361106192219,1.37445675754415
4,270,6270,-1.26909484380214,2.60659703668755
4,271,6271,-1.80240445090515,1.79889085252896
4,272,6272,-1.53970649635066,1.27378005405787
4,273,6273,-1.91408782848603,1.52733051337564
4,274,6274,-2.3507958961259,1.91399994193643
4,275,6275,-2.34121526783697,1.67148488079938
4,276,6276,-1.85517456998942,1.51263215161515
4,277,6277,-1.71056731864633,1.08891744482154
4,278,6278,-1.75673230686077,1.21999004191908
4,279,6279,-1.53260312039284,1.35307882543654
4,280,6280,-1.43512107349872,1.66783680970926
4,281,6281,-2.6907456579132,1.45966933821083
4,282,6282,-2.22917924571146,1.61252203573558
4,283,6283,-2.63132296501935,1.75407681036204
4,284,6284,-2.6150109663835,1.76277104839933
4,285,6285,-1.32383491644279,1.81053633577919
4,286,6286,-1.86010307997113,2.01060192462245
4,287,6287,-1.67955663479515,2.19204350530196
4,288,6288,-1.51803101077223,1.59310738194497
4,289,6289,-1.81113476108531,1.55164282925729
4,290,6290,-1.29326283356475,1.38503024048167
4,291,6291,-1.30927381519911,1.31260494164757
4,292,6292,-1.250757215198,0.982758362809878
4,293,6293,-1.73553617616296,1.97778440627978
4,294,6294,-2.06402120982514,1.72955040256709
4,295,6295,-2.40307968052214,1.95056402768554
4,296,6296,-0.597012335410652,1.5449888492446
4,297,6297,-1.05265583778197,1.78520121456961
4,298,6298,-2.61854137665349,2.39951036532815
4,299,6299,-2.87013284527862,3.30256905753978
4,300,6300,-2.65364470900574,3.21651752672052
4,301,6301,-2.69088240933455,3.2259133362631
4,302,6302,-1.97793914253942,2.84032355692317
4,303,6303,-1.90029567636923,2.30511426918929
4,304,6304,-1.38649836465276,2.37920735535996
4,305,6305,-1.0398861680574,1.46070806205884
4,306,6306,-1.33621302925545,2.03751459569324
4,307,6307,-1.48251393253124,1.62878885741264
4,308,6308,-1.83659679283124,2.06802662838563
4,309,6309,-1.54341760389344,1.80227443603934
4,310,6310,-1.89186829953847,3.04791822665333
4,311,6311,-1.94163858942747,2.93809755278711
4,312,6312,-1.72073980194323,2.59212754520045
4,313,6313,-2.27450572968124,3.23234507560035
4,314,6314,-2.77805015754809,3.41737954973098
4,315,6315,-2.66808389995698,3.14347698394534
4,316,6316,-1.83204191696698,1.23679479372428
4,317,6317,-1.93395354095015,1.73161618049886
4,318,6318,-1.96413169257895,1.45951261562921
4,319,6319,-2.09880983770395,2.79251185315939
4,320,6320,-1.54447570659056,2.0138762567442
4,321,6321,-1.42834461327286,1.60677326675675
4,322,6322,-0.844234113115093,1.48314578811134
4,323,6323,-1.49708411061474,1.7541181741661
4,324,6324,-1.59597191373104,1.60920659869871
4,325,6325,-0.984137208613639,1.97207698035516
4,326,6326,-1.62332045475276,1.3262262913793
4,327,6327,-1.59670484445094,1.42692593242595
4,328,6328,-1.58896279786249,1.11347022676978
4,329,6329,-2.36192082337901,2.80579909277551
4,330,6330,-1.64578212142923,1.21196656341689
4,331,6331,-2.42107408036166,1.53790292692313
4,332,6332,-2.14158510470479,1.57338494774413
4,333,6333,-1.81971718586116,1.53251653617527
4,334,6334,-1.7532728034051,1.47909422677855
4,335,6335,-1.98569865115177,1.84005842487438
4,336,6336,-1.12730350596192,1.3227737945007
4,337,6337,-1.83360988924935,1.98239497184448
4,338,6338,-2.12108690305355,1.51504093231779
4,339,6339,-1.12379761780001,1.74326017814609
4,340,6340,-1.00423667689678,1.79109170381145
4,341,6341,-0.848446120185272,1.77948248300705
4,342,6342,-2.54517921693632,1.48647529374948
4,343,6343,-2.3000753814058,2.48900535412128
4,344,6344,-2.18309517614168,2.15844107659046
4,345,6345,-2.41916206221793,2.18876753774179
4,346,6346,-2.49123813442037,2.35168179025981
4,347,6347,-2.69116755237771,2.59965150736672
4,348,6348,-1.65402322547064,1.71636371738995
4,349,6349,-1.82771921593699,1.76994404634871
4,350,6350,-2.38687247634433,2.02942969196487
4,351,6351,-1.83320465304192,1.52506577069821
4,352,6352,-2.47714850282274,2.08384578712038
4,353,6353,-2.41865153484217,2.09575727434879
4,354,6354,-2.0320378329367,2.08035375551152
4,355,6355,-1.11055988224021,1.43653007466468
4,356,6356,-2.09258999159101,1.84856945760213
4,357,6357,-1.3978213299063,1.27564981458855
4,358,6358,-1.48704975703999,1.19600194545522
4,359,6359,-1.54312602056306,1.22058750612508
4,360,6360,-1.6007908173504,1.17894450646455
4,361,6361,-1.67407741490573,1.29882495636722
4,362,6362,-1.76256951379664,1.48220936910164
4,363,6363,-3.07778849869208,1.83712986242258
4,364,6364,-1.66560166078656,1.36689864529606
4,365,6365,-3.36603863108664,1.9427233640698
4,366,6366,-1.71427221933901,1.39443994989857
4,367,6367,-1.27754374481978,1.64742064752904
4,368,6368,-1.74171682077179,1.60730345172463
4,369,6369,-1.1643098161324,1.35000929678138
4,370,6370,-1.75007379724126,1.42384565825387
4,371,6371,-2.15857774661038,1.41766787444909
4,372,6372,-2.04342036250208,0.878886484282341
4,373,6373,-2.57948415904223,1.71384829289359
4,374,6374,-1.88523105030387,1.97044258983852
4,375,6375,-2.47501585883831,1.8404282522977
4,376,6376,-2.40991838249582,1.83484694603418
4,377,6377,-2.95654440652212,2.20721300175358
4,378,6378,-1.60044203617039,1.6909251818014
4,379,6379,-2.21733638944527,1.98234630806108
4,380,6380,-1.6164424951627,1.09123772784029
4,381,6381,-1.71425223497226,2.36209870062737
4,382,6382,-2.05354929722196,1.99240543272434
4,383,6383,-2.02088743321278,1.77397755584475
4,384,6384,-1.58761261903672,1.68789038230988
4,385,6385,-2.18475696016717,1.81853517201873
4,386,6386,-1.09751592824842,2.46345377620824
4,387,6387,-0.612275235706039,2.18364010394325
4,388,6388,-0.97361921935462,1.82474284384581
4,389,6389,-1.3375110806969,1.41079964373526
4,390,6390,-1.08025633698349,1.56799943777492
4,391,6391,-1.44821582941942,1.33188007743611
4,392,6392,-0.820047737075969,1.23211604750174
4,393,6393,-1.36069613502256,1.97241448760314
4,394,6394,-0.122183033543276,2.06669686298834
4,395,6395,-1.37042566939468,2.13161526494881
4,396,6396,-1.4766663382768,1.81932958587159
4,397,6397,-0.989356447256866,1.23170353984524
4,398,6398,-1.76927825956524,2.09740981508943
4,399,6399,-1.20227296649422,1.54737188035882
4,400,6400,-1.00960777184463,1.2341662413519
4,401,6401,-1.17090520431595,1.84301354322742
4,402,6402,-1.62315720996185,2.49149317182195
4,403,6403,-1.14854598900385,2.2274094068583
4,404,6404,-1.42435694386041,1.43020071529337
4,405,6405,-1.75764031212929,1.80010408491471
4,406,6406,-1.73892981314893,2.04619078415189
4,407,6407,-1.90767742982915,1.50693153369861
4,408,6408,-2.67785676337767,3.16282445505367
4,409,6409,-3.05567032045356,3.24172576509676
4,410,6410,-2.77025283262153,3.39440074918733
4,411,6411,-2.61380293707425,2.94533092723697
4,412,6412,-2.67570023021487,3.17673002156448
4,413,6413,-2.21275782198373,2.59149579365473
4,414,6414,-2.15940696637457,2.70430977338478
4,415,6415,-2.24547615193918,2.62380978572287
4,416,6416,-2.22180324982979,1.7406461145281
4,417,6417,-2.64249028338863,1.8862662331985
4,418,6418,-2.94155946222418,2.19460570291241
4,419,6419,-2.94512998627099,2.29797661562227
4,420,6420,-2.68146379343244,1.68392093921347
4,421,6421,-2.76205513716164,1.9553663968994
4,422,6422,-1.83142594808353,1.04068817282063
4,423,6423,-2.04007717982756,0.994684966139239
4,424,6424,-2.48576275901968,1.97261021127376
4,425,6425,-1.77976722624118,1.24085645443984
4,426,6426,-2.20791968027174,1.45101745123852
4,427,6427,-2.52919168578202,1.77022485022524
4,428,6428,-1.75181589862671,1.35817107348135
4,429,6429,-1.71333381496508,1.50999839848147
4,430,6430,-1.70526958953118,2.01123419356394
4,431,6431,-1.83805554198182,1.58000784176019
4,432,6432,-1.78813527838939,1.80524243284612
4,433,6433,-1.74590124843289,1.35819445436604
4,434,6434,-1.57746724602861,1.02552428680658
4,435,6435,-1.54845255270904,1.20024470534357
4,436,6436,-3.7033632711158,2.37771401045702
4,437,6437,-1.79814039920107,1.33475570497402
4,438,6438,-1.81358723416773,0.998000147906542
4,439,6439,-0.456089823607635,1.0988222609789
4,440,6440,-1.79680222937801,1.40858026628244
4,441,6441,-0.460587216842792,1.97004740175599
4,442,6442,-0.378809181250133,1.85946351150178
4,443,6443,-0.319431009805725,2.23945929045038
4,444,6444,-0.831933597264863,1.24027923377403
4,445,6445,-1.35101515420968,1.6026401852155
4,446,6446,-0.47851290146673,2.22505462113953
4,447,6447,-0.495388713169735,2.02686292937169
4,448,6448,-0.402538019127682,2.14430030962513
4,449,6449,-0.481414650201385,1.98731788955842
4,450,6450,-1.56665690698022,1.67000390478314
4,451,6451,-2.03104024281717,2.30163547803535
4,452,6452,-2.0288328814198,1.46739148616083
4,453,6453,-2.28393131132842,2.28622029841376
4,454,6454,-2.46688573949287,2.13107809926059
4,455,6455,-2.81323404566821,2.94295403361751
4,456,6456,-2.43044136612447,2.07265372302843
4,457,6457,-1.85598844308746,3.16715014017301
4,458,6458,-2.39276133083595,2.14677215779263
4,459,6459,-1.15982559139808,2.4475593039703
4,460,6460,-1.3285357680881,2.11215601014978
4,461,6461,-1.64333030593572,1.8435971491019
4,462,6462,-1.57986034320157,1.9133764171467
4,463,6463,-2.31041732614982,2.35137709003269
4,464,6464,-1.0043275962024,1.32554984250677
4,465,6465,-1.11952562548229,2.71585916246026
4,466,6466,-0.903576652952507,2.9569838343149
4,467,6467,-2.03199644074436,2.73040430590711
4,468,6468,-0.926380142823279,1.59691410264274
4,469,6469,-1.00200470156117,1.83341287252595
4,470,6470,-2.49381164902835,1.79918087605856
4,471,6471,-1.46394352484679,1.58223106758271
4,472,6472,-2.03305236889369,1.61191832260764
4,473,6473,-2.10374232392281,2.17995386126951
4,474,6474,-1.84649689679016,3.54996282040247
4,475,6475,-1.21675212128544,1.77583293352498
4,476,6476,0.0239875344561591,2.1538274971233
4,477,6477,-2.4590228141283,2.23671088521771
4,478,6478,-2.45200107591073,1.76284961132664
4,479,6479,-1.90775170728496,1.30539482449399
4,480,6480,-1.67614306513279,0.906740518235722
4,481,6481,-2.41958269931102,1.24753222375407
4,482,6482,-1.22409471745636,0.926091528167111
4,483,6483,-1.09192906979549,0.850709537995906
4,484,6484,-1.80335490125039,1.35976807914098
4,485,6485,-0.923516226817437,1.05965664500335
4,486,6486,-1.12578500582154,1.45953331850462
4,487,6487,-1.83275726756656,1.73551035678855
4,488,6488,-1.15406409557742,1.59155497145757
4,489,6489,-1.55096885746045,1.19276453483935
4,490,6490,-1.88386379552907,1.79682378347605
4,491,6491,-2.32065036072089,1.92232550721854
4,492,6492,-2.07085413262276,1.92298926931527
4,493,6493,-1.46525285133132,1.84493538771789
4,494,6494,-1.41256937932403,2.31976781690751
4,495,6495,-1.70982031381335,1.46181537116762
4,496,6496,-2.15236383909609,2.07361832328945
4,497,6497,-1.92128417571268,2.31420968897901
4,498,6498,-0.874552392505312,1.9566190442363
4,499,6499,-1.35958947404136,2.17579122103813
4,500,6500,-1.64342508670581,2.16967702399856
4,501,6501,-0.359231004310075,2.90493942191469
4,502,6502,-0.514366704959799,1.89120337096532
4,503,6503,-1.5613091955874,2.2367761631188
4,504,6504,-1.3407943914875,1.6291358132725
4,505,6505,-0.730596223666676,1.71120916743098
4,506,6506,-1.91115189216409,3.05605550247823
4,507,6507,-1.46547839672313,2.61396466111268
4,508,6508,-1.54602838930928,2.97462167302897
4,509,6509,-1.10665696951109,1.7564805089366
4,510,6510,-1.99771445455087,1.35802222916708
4,511,6511,-1.51037866754086,1.58755649791125
4,512,6512,-1.67257424639869,1.61134547873956
4,513,6513,-1.86617778936534,2.58416307503517
4,514,6514,-1.68151355512898,1.41661579080594
4,515,6515,-2.02829915873978,1.60348616644781
4,516,6516,-1.8943386823959,0.994703750277509
4,517,6517,-1.38957437533182,2.33325153479869
4,518,6518,-1.25847434633544,2.31922106244872
4,519,6519,-1.06983669184823,1.3194321351081
4,520,6520,-1.50753483885925,1.65714887611154
4,521,6521,-1.16129826004161,1.14725332267105
4,522,6522,-1.05697371738009,1.3280230554782
4,523,6523,-1.58906369973168,2.01686530217811
4,524,6524,-1.60617776188836,1.85883629166801
4,525,6525,-2.23486422737143,1.78960166365576
4,526,6526,-1.98043807566421,1.69880308799611
4,527,6527,-1.40336622662359,1.29791871630434
4,528,6528,-1.28189783553508,1.18658753757262
4,529,6529,-1.58858707387853,1.03260834033489
4,530,6530,-2.47878732787152,2.23357008243493
4,531,6531,-2.7908762638895,2.76226885126404
4,532,6532,-2.48861618448267,2.35540047336468
4,533,6533,-2.13129991945201,1.81831132153614
4,534,6534,-2.02627659616153,1.54156937887231
4,535,6535,-1.23177694766314,1.7636199545249
4,536,6536,-1.65124084415668,1.9973700411951
4,537,6537,-1.3139652198637,2.13898318734223
4,538,6538,-1.32257405724747,1.40939378897598
4,539,6539,-1.19742855805065,1.72592849969274
4,540,6540,-1.22537201150245,1.54322287019755
4,541,6541,-1.0392452710521,1.65940386175576
4,542,6542,-2.26085243198498,1.98781107186627
4,543,6543,-1.2260571487367,1.75980894945687
4,544,6544,-1.28547488202349,1.47485188277383
4,545,6545,-1.12890538374172,2.11440441097239
4,546,6546,-1.76457846160207,2.45992332396801
4,547,6547,-2.00178178040394,2.39910864828971
4,548,6548,-2.96484498689518,2.82823739867491
4,549,6549,-2.75987126633155,2.62918718225182
4,550,6550,-1.36060217265814,1.27529513541673
4,551,6551,-1.97017914280999,1.07949815264647
4,552,6552,-1.47042714399114,1.35886811327499
4,553,6553,-1.34953616660275,1.40281774996609
4,554,6554,-1.11932443453266,1.35383222913865
4,555,6555,-1.09311048306426,1.33828476149847
4,556,6556,-1.69168834115495,1.88301920079897
4,557,6557,-1.29599090956137,1.81933530188701
4,558,6558,-1.45562258915116,2.12672451164622
4,559,6559,-1.89282695414242,2.10189831540845
4,560,6560,-2.32710468393734,2.23749736919605
4,561,6561,-1.05999980900883,1.30627282125028
4,562,6562,-1.23122345908068,1.71136101031478
4,563,6563,-1.16578081213103,2.78935860347544
4,564,6564,-1.11016398514127,1.35593059322307
4,565,6565,-1.24424974562781,1.20314655189402
4,566,6566,-1.71236405562374,3.4525967849753
4,567,6567,-1.58474606556888,2.84472555215013
4,568,6568,-1.73482945370556,2.0473978638186
4,569,6569,-1.46074692685128,1.51043718904322
4,570,6570,-1.50587836683219,1.04495338636868
4,571,6571,-1.47050869263287,1.60932855076397
4,572,6572,-1.57842692363892,1.6789180310147
4,573,6573,-2.46265364390744,1.95979364524088
4,574,6574,-2.0368071483367,1.69165862436083
4,575,6575,-1.63945179938211,1.31267224295347
4,576,6576,-0.707134272853067,2.89583767425232
4,577,6577,-0.583786369328638,3.2170241439625
4,578,6578,-0.50428511105851,4.76078967289726
4,579,6579,-0.848119101625796,2.69615344631229
4,580,6580,-1.17728236084487,2.41241056630053
4,581,6581,-1.37652117527861,2.05121002537983
4,582,6582,-1.07968377543149,1.28595154324652
4,583,6583,-0.982159427738539,1.68190613172287
4,584,6584,-1.41671790557617,0.950742071477362
4,585,6585,-1.36598826925196,0.974104129386994
4,586,6586,-1.40999550095426,0.950946866286782
4,587,6587,-1.83585145074535,1.46706882175419
4,588,6588,-1.55885303692612,1.53035099103609
4,589,6589,-1.98060943954769,1.77716632702859
4,590,6590,-1.64507167375987,2.68363604369765
4,591,6591,-0.776870766540028,0.917126655261201
4,592,6592,-0.809585107017751,1.24144843053738
4,593,6593,-1.96497038309745,1.23599958284638
4,594,6594,-1.43661186260187,0.884701314117544
4,595,6595,-1.95776397361845,2.78503603138512
4,596,6596,-1.13674184691951,2.40902004526807
4,597,6597,-1.23660454151963,2.17751518941223
4,598,6598,-2.63291662523767,2.37721880116814
4,599,6599,-2.04588447269965,2.30006806542869
4,600,6600,-2.10743085786886,2.29092875812245
4,601,6601,-1.65117706228247,2.11950887630884
4,602,6602,-1.78390932583627,2.29297604574556
4,603,6603,-2.43207844824322,1.80741979339178
4,604,6604,-1.46205582237934,1.32235215582775
4,605,6605,-2.00181320767485,1.70477292811668
4,606,6606,-2.29459367130526,1.91152923600062
4,607,6607,-2.66043984717909,1.68587673952999
4,608,6608,-2.27933406777405,1.28704276627707
4,609,6609,-3.12477875097863,1.66414378271827
4,610,6610,-2.7981591317733,1.45222741429806
4,611,6611,-2.85844482854086,1.74719330587305
4,612,6612,-1.32561710353459,1.80610162490233
4,613,6613,-1.5931403927646,2.05804821787349
4,614,6614,-2.04497929808146,2.12661983470107
4,615,6615,-1.4367197943845,1.89872341573543
4,616,6616,-1.57184717737848,2.91109781129125
4,617,6617,-2.67687679517631,3.23888888067658
4,618,6618,-1.51080617295103,1.05137223137683
4,619,6619,-2.06887532252248,1.41438870272048
4,620,6620,-1.91967651257024,1.84951608502051
4,621,6621,-1.26299073981939,1.06618296133949
4,622,6622,-1.93234441409965,1.5074394647982
4,623,6623,-1.18094693579679,1.71124114898694
4,624,6624,-1.61894062192824,1.25307431634815
4,625,6625,-1.47934007414684,0.836368677971666
4,626,6626,-1.86811072578904,1.40745835956273
4,627,6627,-2.12232470228447,2.58190624983477
4,628,6628,-2.84136989460284,4.05320176981015
4,629,6629,-1.82066694339308,1.81642118228182
4,630,6630,-1.27562110622833,1.33107314260844
4,631,6631,-2.41823093531684,1.903522954292
4,632,6632,-2.41482286868039,2.007755876108
4,633,6633,-2.16034488972263,1.87694541509093
4,634,6634,-2.25728366178802,2.5960123487365
4,635,6635,-1.94258941540897,1.85165465872574
4,636,6636,-0.762148463280099,0.959347778698887
4,637,6637,-1.95949007424883,1.71774020285768
4,638,6638,-1.29711009751407,1.96492474858648
4,639,6639,-1.02436623780114,1.35447343444736
4,640,6640,-1.72751005702823,1.45544998287146
4,641,6641,-1.60407690945355,1.23744589466535
4,642,6642,-1.65850016116502,1.36564845054703
4,643,6643,-1.85840784286566,1.2880862796104
4,644,6644,-2.06064664216769,1.82030964958166
4,645,6645,-1.32018393407759,1.49567122866464
4,646,6646,-2.22031583167316,1.75139129384197
4,647,6647,-2.08917047052456,1.81381509989744
4,648,6648,-1.29749614504025,0.749418747697184
4,649,6649,-2.12468489315899,1.15017215586065
4,650,6650,-1.25977127298167,0.94868533434551
4,651,6651,-2.29666469624815,1.94026264002165
4,652,6652,-2.46278272911121,1.88643633069905
4,653,6653,-1.85787958493172,1.37651865542313
4,654,6654,-2.34702746828981,1.79507745486265
4,655,6655,-3.00282632325959,1.35413700904201
4,656,6656,-1.53760223064603,0.648033220444037
4,657,6657,-2.54828885869145,2.22189350468946
4,658,6658,-1.51298696557836,1.24927285938007
4,659,6659,-1.20762829094798,1.27945451387736
4,660,6660,-1.06753073873785,2.07620419555035
4,661,6661,-1.17834561680789,2.05556956835197
4,662,6662,-1.59157445185312,1.50435002681274
4,663,6663,-1.27851136173791,1.82999556337484
4,664,6664,-1.4231791019097,1.37582453262849
4,665,6665,-1.43628944720574,0.991433838033073
4,666,6666,-0.93716715072912,1.52874189307623
4,667,6667,-1.45540689164415,1.67720813519504
4,668,6668,-1.9466915659187,1.86166137231011
4,669,6669,-1.5594149844607,1.32829902443703
4,670,6670,-2.5783023307335,2.0829776921675
4,671,6671,-1.31800555415301,2.31995743864112
4,672,6672,-1.19453239239548,2.23998626609767
4,673,6673,-0.920848052863868,1.91159141361445
4,674,6674,-1.2919087803031,1.63932754747753
4,675,6675,-1.37416988348011,1.66994973471514
4,676,6676,-1.59401381175427,1.44842729337955
4,677,6677,-1.2785985161662,1.76575251668136
4,678,6678,-1.22632401516909,1.74777086076456
4,679,6679,-1.32426004674037,1.79718648235498
4,680,6680,-1.21787204409882,1.40457053393825
4,681,6681,-1.36784960216206,1.87688561829139
4,682,6682,-1.2635042344934,1.6439268680157
4,683,6683,-0.504207927262565,2.14421241029095
4,684,6684,-0.234073790877112,2.23243604780639
4,685,6685,-0.0712320999614759,2.52498208647467
4,686,6686,-0.11399724565073,1.05557192621768
4,687,6687,-0.385660238291893,1.18652270878008
4,688,6688,-1.95913716527235,1.59389040385648
4,689,6689,-1.70389221621619,1.57232422468893
4,690,6690,-1.52073584793929,0.916175345016636
4,691,6691,-1.89414857898843,1.52954604836214
4,692,6692,-1.99924637994657,2.06129401128836
4,693,6693,-1.85793937759483,1.18174096226353
4,694,6694,-2.50771791214179,2.08253354675339
4,695,6695,-2.10142103726264,1.07238794008012
4,696,6696,-1.56506681317799,1.67402182395078
4,697,6697,-1.43339560426548,1.84288163128987
4,698,6698,-1.48820407703834,2.62796253280265
4,699,6699,-1.18555798580039,2.54365971154164
4,700,6700,-1.52685149250268,1.52938837026245
4,701,6701,-1.09344228275115,0.992035483068067
4,702,6702,-1.82063789759443,1.19792829248846
4,703,6703,-1.73731899023364,1.39474091919331
4,704,6704,-2.50774705643395,2.25586594025977
4,705,6705,-1.62976371633985,1.51247523455017
4,706,6706,-2.67826675856314,1.66864254248209
4,707,6707,-2.06389350544662,1.66883146577875
4,708,6708,-0.179632747312095,2.14417746617569
4,709,6709,0.26906768253426,2.46544777274615
4,710,6710,-0.143040164224235,1.72506216584702
4,711,6711,-0.539957711567852,1.50352072687548
4,712,6712,-0.435240016691945,1.46499474048048
4,713,6713,-0.403498779434112,1.58822148489593
4,714,6714,-1.67985277592217,1.50228057061547
4,715,6715,-1.4618159998491,1.63657453894105
4,716,6716,-3.2314829094036,1.66097371164148
4,717,6717,-1.34308162622594,1.82239441268022
4,718,6718,-1.6053185343226,1.04005515794574
4,719,6719,-1.25639293831464,1.04417805825224
4,720,6720,-2.01668917091852,1.24337713665821
4,721,6721,-1.9980746459982,2.91937301482455
4,722,6722,-2.07853425693786,3.69669933802595
4,723,6723,-2.95278793435268,2.23446778923332
4,724,6724,-1.20572103170404,2.43890829644636
4,725,6725,-1.98166153787084,2.61975118626826
4,726,6726,-1.53964976108943,1.53831284303448
4,727,6727,-1.2859783861622,1.58680876516526
4,728,6728,-1.15425881396239,1.30073614599651
4,729,6729,-0.924619904202856,0.891962674734988
4,730,6730,-1.10542220166512,0.961747780035155
4,731,6731,-0.772253555461906,1.74562608548419
4,732,6732,-1.58343627493725,1.564665633249
4,733,6733,-1.9294340582063,1.91771088000727
4,734,6734,-2.09266181306244,2.1457703215106
4,735,6735,-0.982037457320387,0.928390640270733
4,736,6736,-1.76608045312374,1.36714047114871
4,737,6737,-1.29305546207166,1.28107625836651
4,738,6738,-0.95901323498284,1.87762385785767
4,739,6739,-2.11729019493886,1.61782779780544
4,740,6740,-1.90970347371254,1.12846306649168
4,741,6741,-1.45860417239185,1.32334270435208
4,742,6742,-1.69236108370059,1.56578954502946
4,743,6743,-1.68819642621843,1.30801136064356
4,744,6744,-2.28961773681118,2.71363223821158
4,745,6745,-2.52455273642753,2.31170680239377
4,746,6746,-1.60615809394409,1.86142821043612
4,747,6747,-2.01214874368671,2.21655084045498
4,748,6748,-1.87510541995093,2.30109539196748
4,749,6749,-1.94670402152159,3.67841151195209
4,750,6750,-1.93471129592679,1.86953753084105
4,751,6751,-1.55675793204883,1.81419430056043
4,752,6752,-1.15756143692015,1.12543214315319
4,753,6753,-2.02430828826083,2.49610448869118
4,754,6754,-1.671134993503,1.15502397522754
4,755,6755,-1.10683321706709,1.75655214500151
4,756,6756,-2.24832741889617,1.57516274487093
4,757,6757,-1.41840002983316,1.11782792579799
4,758,6758,-2.59043106331124,1.73318169630787
4,759,6759,-1.14033015387625,1.21286439520413
4,760,6760,-2.20429571827883,1.76299064182454
4,761,6761,-1.8239390291756,1.81114440201105
4,762,6762,-2.22896344110352,1.81708568701443
4,763,6763,-2.82896674463712,2.16897688909537
4,764,6764,-2.7322910556056,2.09385306889956
4,765,6765,-2.55327906532948,1.8353784194723
4,766,6766,-2.12323591806754,1.65711776947913
4,767,6767,-1.91038290443624,1.39666829061297
4,768,6768,-2.12625685769335,1.69652313000391
4,769,6769,-1.88809302916654,1.72229535167515
4,770,6770,-2.8830649581793,2.14968615097619
4,771,6771,-1.94372770958929,1.97372868033118
4,772,6772,-1.76844043395163,1.58193585395932
4,773,6773,-0.836551469264571,2.4441453384676
4,774,6774,-0.926626650440071,2.17978340386909
4,775,6775,-1.02872434911449,2.25208451142943
4,776,6776,-0.443532020517341,2.24475434148592
4,777,6777,-2.09452119652887,1.84847964635807
4,778,6778,-1.75832608935201,1.75164057575594
4,779,6779,-1.33543784623522,1.41189783379339
4,780,6780,-0.776001906611507,1.04370820701931
4,781,6781,-1.0151219134332,1.36492948851327
4,782,6782,-1.14966047088805,1.41715199056556
4,783,6783,-1.73389411562917,1.75758378559091
4,784,6784,-1.51033487154659,1.19374309297007
4,785,6785,-2.24424026187979,1.68182079198165
4,786,6786,-1.54343626889645,1.32732499174814
4,787,6787,-2.27683278892668,2.09726346154766
4,788,6788,-1.43631739454694,1.62520919689848
4,789,6789,-1.3018960683887,1.78264117139881
4,790,6790,-1.45298761905518,1.61833014192314
4,791,6791,-1.38691411717472,1.76786525819624
4,792,6792,-1.0034966987095,1.60580294061588
4,793,6793,-0.677213429719835,1.60735918567103
4,794,6794,-0.745142841259662,1.62568616753202
4,795,6795,-1.92928789197334,1.25649485103796
4,796,6796,-2.06803792632479,1.22213512424665
4,797,6797,-1.87160615178744,1.33440492672878
4,798,6798,-1.28703850724793,1.29208404335432
4,799,6799,-1.18222620662404,1.5258472921836
4,800,6800,-1.05628338491113,1.21199035830152
4,801,6801,-1.43419596696145,1.71544479992227
4,802,6802,-1.3462646886389,2.6851617798895
4,803,6803,-1.14441486483259,1.69440798558364
4,804,6804,-1.49732385104798,1.49449113120171
4,805,6805,-1.35983050449997,1.71660268846143
4,806,6806,-1.96910823894411,1.73142813685732
4,807,6807,-0.9989276248026,1.73625896780402
4,808,6808,-1.26069590133151,1.3960518049625
4,809,6809,-1.49522092420534,2.21110800987889
4,810,6810,-1.47385199868604,1.10378030409424
4,811,6811,-1.40119007040506,1.22780100477062
4,812,6812,-1.53005004698767,1.31643258521223
4,813,6813,-1.60101146753398,1.39937757440848
4,814,6814,-1.58272625807605,1.14404678655226
4,815,6815,-1.61980468442097,1.27731341210525
4,816,6816,-1.48071491396396,1.18169257645236
4,817,6817,-2.33627543106025,1.84267157548544
4,818,6818,-1.52781724399529,1.65504744641541
4,819,6819,-2.26245989485397,2.57561420195137
4,820,6820,-1.02674977746524,1.1453504765208
4,821,6821,-1.70129823815573,1.26438850882767
4,822,6822,-1.00397645955298,1.06006111686351
4,823,6823,-0.671301796619542,0.733049537692347
4,824,6824,-0.892581125409006,0.944546340350632
4,825,6825,-2.18630804169077,1.45549771745001
4,826,6826,-1.79017263377557,1.98684487766383
4,827,6827,-1.04711131010059,2.2902846313601
4,828,6828,-0.805360638726716,2.13207505264191
4,829,6829,-1.04016140670493,1.91274926083337
4,830,6830,-0.811275092071055,2.40594684828693
4,831,6831,-0.276554063346743,2.28569047461768
4,832,6832,-0.670984159815136,2.52911241695313
4,833,6833,-0.605568617014213,2.19840533707406
4,834,6834,-0.400270691014311,2.8110493490181
4,835,6835,-0.421658401369169,1.5710483407124
4,836,6836,-0.634708877760856,0.962463883299067
4,837,6837,-1.62179580176847,0.796332178319064
4,838,6838,-3.03230818386937,1.74715315467534
4,839,6839,-2.85008425909041,1.66771546594746
4,840,6840,-2.63022015811772,1.61104175316259
4,841,6841,-2.76877313998308,1.88666195786186
4,842,6842,-2.45601416389529,2.34557875305492
4,843,6843,-2.72419969561204,2.18059447532353
4,844,6844,-2.17788396459999,1.5989779194522
4,845,6845,-3.04955497731947,2.31162454543699
4,846,6846,-2.44062062070317,2.35865157248463
4,847,6847,-1.22620587062141,1.43543182931706
4,848,6848,-2.00893423569093,2.03392799801984
4,849,6849,-2.14146298487854,2.2600680633526
4,850,6850,-1.9738698207552,1.85922255527172
4,851,6851,-2.0413643819968,1.89672601998806
4,852,6852,-0.265084740600033,3.16575033593265
4,853,6853,-0.734071382056294,1.7985713802613
4,854,6854,-1.9668486773752,2.3199289820047
4,855,6855,-1.47397627609173,1.64793748988371
4,856,6856,-1.43621616351222,1.83426470112531
4,857,6857,-1.26521376098149,1.90817654419869
4,858,6858,-1.62930625715994,1.99231538534143
4,859,6859,-1.81438874460927,1.20638411985519
4,860,6860,-0.995235059680667,1.77680852300595
4,861,6861,-0.202774842011973,1.53996043870198
4,862,6862,-1.13048688910303,1.8738134565589
4,863,6863,-1.61090479875294,2.7440909253096
4,864,6864,-2.11679153707609,2.09215975284367
4,865,6865,-1.49562315329388,1.74279955693715
4,866,6866,-0.697440314785505,1.74352927752691
4,867,6867,-1.22255557454532,1.99416452167911
4,868,6868,-1.08496707962987,1.16148250805726
4,869,6869,-1.61155091571802,1.42613668834517
4,870,6870,-1.70720014745237,1.97467537846488
4,871,6871,-1.94450055198059,2.12585942338243
4,872,6872,-2.14814875390441,2.4399560573895
4,873,6873,-0.968561994049342,0.703943079891322
4,874,6874,-1.18456648593718,0.811042645316385
4,875,6875,-1.53366165207326,1.12926549523596
4,876,6876,-3.04974649351084,2.22184015020803
4,877,6877,-3.25573890807716,2.23677808035449
4,878,6878,-3.17906479846512,2.19076755260661
4,879,6879,-2.48163453419169,1.79728995830443
4,880,6880,-3.10628542619931,2.43024144222323
4,881,6881,-1.88139552585834,1.44839673239891
4,882,6882,-1.60722269753912,2.07811841289458
4,883,6883,-1.41442905322059,1.7738252975253
4,884,6884,-1.44597621446527,1.77496547995267
4,885,6885,-2.56130236464473,2.03597212490814
4,886,6886,-1.83924882004886,2.17771247171358
4,887,6887,-1.93452741073574,2.12168027937345
4,888,6888,-1.49596959564991,3.24802871776005
4,889,6889,-1.43037201024611,1.28647746714753
4,890,6890,-0.464007465759511,1.90149212877585
4,891,6891,-0.786346821962863,1.91622258947351
4,892,6892,-0.908049693442999,2.2080961457977
4,893,6893,-0.952401295251622,2.28853442552729
4,894,6894,-0.448572531352699,2.08043147494945
4,895,6895,-0.502364881249085,2.11974072961592
4,896,6896,-0.440835648384686,2.69388812851649
4,897,6897,-0.564512966573448,2.19094800053712
4,898,6898,-0.913371426643682,1.85376877885591
4,899,6899,-0.693136989629927,1.7178575464131
4,900,6900,-0.742939203512752,1.53076062618554
4,901,6901,-2.11267775493855,2.2665489931444
4,902,6902,-1.65628869001186,1.68806547661046
4,903,6903,-1.50226105625869,1.47791824883919
4,904,6904,-1.80990659947071,0.926311669156345
4,905,6905,-2.36693327845491,1.24029288463385
4,906,6906,-2.27418699283031,1.77047364292968
4,907,6907,-3.45505821339459,3.25197798183912
4,908,6908,-2.97750262939908,2.29297913293089
4,909,6909,-2.83997609718276,2.35403475193509
4,910,6910,-2.6787260510623,2.04308580677183
4,911,6911,-1.17844679407404,1.51492580220176
4,912,6912,-1.9780988347363,2.05135563442138
4,913,6913,-1.56185168688844,1.10101699914334
4,914,6914,-1.22837606478382,0.83097843434476
4,915,6915,-1.8509013522835,1.09385331546525
4,916,6916,-1.61438344613565,1.00780583305472
4,917,6917,-1.88652517313451,1.79081003157915
4,918,6918,-2.10352261030612,1.76621884492944
4,919,6919,-2.12068115401673,1.46689922406696
4,920,6920,-2.15169271024953,2.19071286238312
4,921,6921,-1.9433144942792,1.7282115108558
4,922,6922,-1.56678144233773,1.36456748696803
4,923,6923,-2.88129683872135,2.14691127390011
4,924,6924,-1.02780835460265,1.51759350455153
4,925,6925,-1.53747298800732,2.16329548646527
4,926,6926,-2.2283729847213,1.60173244672663
4,927,6927,-1.9442167259894,1.88066079755458
4,928,6928,-1.35097980245268,1.3676126928607
4,929,6929,-1.53102609247434,1.5154531389681
4,930,6930,-1.45338644952952,2.40460122923577
4,931,6931,-2.27045057886799,2.23773951465238
4,932,6932,-2.72597380430906,2.59197072303935
4,933,6933,-2.61073389754915,2.59018038163898
4,934,6934,-3.12998111128522,2.37110120132298
4,935,6935,-2.20503077260272,1.94510324207963
4,936,6936,-3.94314418156311,2.24571490609671
4,937,6937,-4.03969557924958,2.29202045552845
4,938,6938,-4.33375715061602,2.58058611098013
4,939,6939,-3.18531694611844,1.63469865867544
4,940,6940,-2.52966210746045,1.42910339585185
4,941,6941,-2.17764550846969,1.7129377994893
4,942,6942,-1.52234079215302,1.00919335542501
4,943,6943,-1.53530557140006,3.08198258560091
4,944,6944,-1.96174833570915,2.06546837646966
4,945,6945,-1.5796374350383,2.22231860080689
4,946,6946,-1.75305582623574,2.02531141958736
4,947,6947,-1.75719282360079,1.62911931968218
4,948,6948,-1.7543785286041,1.79634331694014
4,949,6949,-2.37457228447051,1.44897623284265
4,950,6950,-2.16732905301317,1.3784250081381
4,951,6951,-2.39971158641437,1.21666881206709
4,952,6952,-2.6956429785191,2.61938323357813
4,953,6953,-2.49424185538723,2.94676748529268
4,954,6954,-1.74801327778845,1.5784450030396
4,955,6955,-1.946474759132,1.93912650868212
4,956,6956,-1.50592203710436,1.91950222128962
4,957,6957,-1.12877890815089,1.51187436984439
4,958,6958,-1.67949603638625,1.62017797389666
4,959,6959,-1.77152656227425,1.98813065708509
4,960,6960,-1.54301714791306,2.862900290509
4,961,6961,-1.22994997123074,1.022501075272
4,962,6962,-1.48935245534851,2.41109124916234
4,963,6963,-1.23374844088601,1.7054847348646
4,964,6964,-1.18218839318613,1.87339877774727
4,965,6965,-1.94002672081758,1.36089142791113
4,966,6966,-2.2210811661053,1.53316827190813
4,967,6967,-1.82447080566879,3.1800393433723
4,968,6968,-1.7731567750656,2.9576061617526
4,969,6969,-2.21503541090649,2.35564027381415
4,970,6970,-2.31915500160536,1.28642456682349
4,971,6971,-2.10406804773783,1.14193666807358
4,972,6972,-1.72248330770751,1.01582743091822
4,973,6973,-1.64982927545606,0.990115075509683
4,974,6974,-2.04946310831678,1.43583737113192
4,975,6975,-1.392686679457,1.35671024922056
4,976,6976,-1.16230083839109,0.887487060072106
4,977,6977,-1.07803494441123,0.838901636128299
4,978,6978,-0.83224542801068,0.736844974343321
4,979,6979,-0.926441783715865,0.788874010883793
4,980,6980,-1.76161574896986,1.17502957171387
4,981,6981,-1.32006617105265,1.37022513348152
4,982,6982,-1.97481605852237,0.924571726113698
4,983,6983,-1.24515370019445,2.33164221658275
4,984,6984,-1.3339782081406,2.06560417478843
4,985,6985,-1.41162642995162,2.0019525398189
4,986,6986,-1.39985036870074,1.48185270950501
4,987,6987,-1.82587184768509,1.1007499600124
4,988,6988,-1.90395396580586,1.03294422615944
4,989,6989,-1.41899307827597,1.14098635002604
4,990,6990,-1.29789019215101,1.19153863759822
4,991,6991,-1.79440628581566,1.33667654093851
4,992,6992,-1.08163860333355,0.879570830898006
4,993,6993,-1.16283008839746,0.899427297707394
4,994,6994,-1.09138490960962,0.972234831406386
4,995,6995,-2.10222532576184,2.02123265093154
4,996,6996,-1.60707143540808,1.17794183362456
4,997,6997,-2.26532693233063,1.57706537678075
4,998,6998,-1.49320487251741,1.37405784416887
4,999,6999,-1.43030787527589,1.36550560719977
4,1000,7000,-2.01169549656222,1.96239797004599
4,1001,7001,-2.1978143930007,2.22386726684674
4,1002,7002,-2.1618276071489,2.18856881209888
4,1003,7003,-1.88641264536713,2.40881482855358
4,1004,7004,-2.38163387984274,1.96919739548394
4,1005,7005,-1.87490796815558,2.03015054781351
4,1006,7006,-1.93856316036959,1.77974138257059
4,1007,7007,-2.21172627315851,1.83163675598234
4,1008,7008,-0.722732667081356,2.23193952773442
4,1009,7009,-2.02461929373542,2.02327972944205
4,1010,7010,-1.18480352269806,2.23430729038521
4,1011,7011,-0.783597743482672,2.79211769719445
4,1012,7012,-1.24444102278965,3.32341917865097
4,1013,7013,-1.41842066511358,1.96504659912397
4,1014,7014,-1.83556863941517,2.1713600124036
4,1015,7015,-0.817855463201228,2.19893147453805
4,1016,7016,-1.1682742996538,1.4379109922794
4,1017,7017,-1.63439079978668,1.52171815003856
4,1018,7018,-1.95614508526117,1.32510274199317
4,1019,7019,-2.16770217199573,1.13095086055118
4,1020,7020,-2.59798434010481,1.62290923561224
4,1021,7021,-1.51571933629371,1.1583216257225
4,1022,7022,-1.0575663576695,1.11927434512793
4,1023,7023,-1.14904349955248,1.58704636558823
4,1024,7024,-1.10212140923307,1.18448835540314
4,1025,7025,-1.22495538019945,1.65653658974764
4,1026,7026,-1.95682993383806,1.89173929340934
4,1027,7027,-2.67567844327574,2.04252228741801
4,1028,7028,-3.43181766905985,2.72173954992393
4,1029,7029,-1.60004781948423,1.74984327106026
4,1030,7030,-1.74546968376735,2.72486143575562
4,1031,7031,-0.943120857092344,1.45892528346319
4,1032,7032,-1.96762749812037,2.55275841469989
4,1033,7033,-1.87680297327586,2.36012514662946
4,1034,7034,-1.97446166260584,1.73557584455819
4,1035,7035,-1.8452292614499,1.65679986980669
4,1036,7036,-1.34195792393045,1.33542714675423
4,1037,7037,-1.70277945550725,1.28624054953074
4,1038,7038,-1.52779571652874,1.18319598934468
4,1039,7039,-0.803720869658164,1.85382441515035
4,1040,7040,-0.592034275740902,0.924090976899905
4,1041,7041,-0.619203804249797,1.01143407073492
4,1042,7042,-1.5071147775286,2.29091161635995
4,1043,7043,-1.38799259221625,2.18103006351503
4,1044,7044,-2.2493292071155,2.25973788520595
4,1045,7045,-1.12451797796842,2.371898503437
4,1046,7046,-1.30920509374084,2.32877223771286
4,1047,7047,-1.19133660416329,2.20068706094987
4,1048,7048,-0.640288919076763,1.33605626911168
4,1049,7049,-1.60776321762721,2.21942066841348
4,1050,7050,-1.28974008896767,2.30170692719385
4,1051,7051,-2.01111084786388,1.6882385084788
4,1052,7052,-2.07968797183468,1.91130713510458
4,1053,7053,-1.62843797420192,1.64291869021452
4,1054,7054,-2.52981002217126,1.64049178485676
4,1055,7055,-1.96485867714598,1.66179393059216
4,1056,7056,-1.94210789317409,1.76460310356855
4,1057,7057,-2.43781470019743,1.8507176686227
4,1058,7058,-2.01009774810242,1.58396925287539
4,1059,7059,-1.98649108982158,1.81690454295621
4,1060,7060,-2.36762197568937,2.48235453466119
4,1061,7061,-1.53628574961055,1.36108938895999
4,1062,7062,-1.23445479432783,1.25234069891024
4,1063,7063,-1.96943349949384,2.01277668585551
4,1064,7064,-1.37697757238344,1.9053776261818
4,1065,7065,-1.88199198004536,1.26379189883548
4,1066,7066,-1.53984570318195,1.47249581064207
4,1067,7067,-0.844914142029446,1.69101091750722
4,1068,7068,-2.76025435290348,2.40996775078725
4,1069,7069,-1.68882757710589,2.59279487332966
4,1070,7070,-1.68322910011789,3.06796774445025
4,1071,7071,-1.17604409277544,1.74975309445243
4,1072,7072,-1.48892228014061,2.43361584021813
4,1073,7073,-1.9535524344016,2.13783361021027
4,1074,7074,-1.69747201988986,2.49015588886002
4,1075,7075,-2.15706717709387,1.41253851464617
4,1076,7076,-2.38250835078298,1.29623171126012
4,1077,7077,-2.42912709839432,1.21533379816027
4,1078,7078,-2.57407263351741,1.14669672573277
4,1079,7079,-1.58574765795937,1.46119652440129
4,1080,7080,-1.68171039368537,1.45028339553755
4,1081,7081,-0.392525725931687,1.64466957352317
4,1082,7082,-1.81924063639283,1.23189862017915
4,1083,7083,-0.503828129817752,1.13203061415566
4,1084,7084,-2.95645697917788,1.24944783072056
4,1085,7085,-1.70196498449074,1.26584924197267
4,1086,7086,-1.85318202939704,1.28930002316364
4,1087,7087,-1.80791088021175,1.54574891703421
4,1088,7088,-2.63546940229424,2.40550093229102
4,1089,7089,-2.03132020205341,1.89011285519167
4,1090,7090,-2.85420198936947,1.67192457508084
4,1091,7091,-2.72486120642713,1.75410641982127
4,1092,7092,-3.10026194404595,1.98295740915467
4,1093,7093,-0.7704170526888,1.28518369403946
4,1094,7094,-0.71657794376299,1.33700379141291
4,1095,7095,-2.20228986079551,2.10864219034503
4,1096,7096,-1.9483507722462,1.56201273268173
4,1097,7097,-2.32846607798448,1.86439107382561
4,1098,7098,-1.70329602379167,1.19263466831022
4,1099,7099,-2.46421436750548,2.21017186872588
4,1100,7100,-2.40497546603851,1.98197887412114
4,1101,7101,-2.87654331305965,2.49127855247954
4,1102,7102,-2.9357512120255,2.34630370928831
4,1103,7103,-3.67772660395643,2.85817591982767
4,1104,7104,-2.27639897484452,1.38880728224623
4,1105,7105,-0.893692104170525,2.2649222862237
4,1106,7106,-0.712706689931156,2.17605262245064
4,1107,7107,-0.640825403139529,2.21144853584582
4,1108,7108,-0.989997593176762,1.66677653182197
4,1109,7109,-1.15546474347666,2.71538087205703
4,1110,7110,-1.41121376397432,1.78383782981598
4,1111,7111,-1.33417458167725,1.68262210481519
4,1112,7112,-1.32310857216819,1.26683535896795
4,1113,7113,-1.36237880742821,2.18507724800179
4,1114,7114,-1.69916947406537,2.46975064563178
4,1115,7115,-0.855634321672432,1.97696396713009
4,1116,7116,-0.984845579706093,2.65778480241835
4,1117,7117,-1.63786153724545,2.53938422866621
4,1118,7118,-1.74269252989663,2.31309677368145
4,1119,7119,-2.09899752110827,2.8916805944363
4,1120,7120,-1.53247925191047,1.49901399230169
4,1121,7121,-2.13504232231758,1.81336147772538
4,1122,7122,-1.56646661785131,1.3591211469022
4,1123,7123,-1.80788441149799,1.43343586830564
4,1124,7124,-1.79465698515119,1.55703345231138
4,1125,7125,-1.71510991742993,1.75153179091559
4,1126,7126,-1.64702426868171,1.6170717051744
4,1127,7127,-1.85842209025456,2.13779721340841
4,1128,7128,-2.22890868167823,2.41845822203634
4,1129,7129,-2.09453063660872,2.24579191199677
4,1130,7130,-2.02609775056079,2.05405881905247
4,1131,7131,-2.11302378950715,2.2696510951807
4,1132,7132,-1.58162346050021,1.62310198777326
4,1133,7133,-1.73809662811413,1.18458490008544
4,1134,7134,-1.44018428297823,1.22888297953424
4,1135,7135,-1.52646452535873,1.47109740128982
4,1136,7136,-1.53369464360808,1.57238515997417
4,1137,7137,-1.6259751727249,1.49676386282796
4,1138,7138,-1.8166397099438,1.83970139999461
4,1139,7139,-1.23427231079448,1.08412717146937
4,1140,7140,-1.19315440950153,1.46526983832422
4,1141,7141,-1.5598385575167,1.56760704836222
4,1142,7142,-1.19083783879129,1.50582118449217
4,1143,7143,-2.02663127486265,2.35541508627555
4,1144,7144,-1.53208762354051,2.49661471505997
4,1145,7145,-1.51728049569564,3.36583901751258
4,1146,7146,-1.13736955300438,1.89599436240994
4,1147,7147,-1.05499335337404,2.41689714952985
4,1148,7148,-1.06577002762458,2.37735324610833
4,1149,7149,-1.38172515660703,1.97582195019093
4,1150,7150,-2.44586247873361,1.63779486081545
4,1151,7151,-1.90450754266689,1.45629684006115
4,1152,7152,-2.40234418324902,1.55832797606503
4,1153,7153,-2.26233313296829,1.88947394057905
4,1154,7154,-1.79609761786148,2.61642300219341
4,1155,7155,-1.81132382122884,2.19055239369383
4,1156,7156,-1.73684497514517,2.07444028129122
4,1157,7157,-0.930335769495147,1.23717326383495
4,1158,7158,-1.07220189981976,1.46368765775317
4,1159,7159,-1.61679047503484,1.05810862373929
4,1160,7160,-1.21495122397515,1.21330239283078
4,1161,7161,-1.50098329107308,1.55741231141628
4,1162,7162,-1.18251670168696,1.09214564426724
4,1163,7163,-1.48795559226474,2.40903458869528
4,1164,7164,-1.80612112803016,0.780575848572945
4,1165,7165,-0.77718402996719,1.31672100339695
4,1166,7166,-1.54216482672285,0.913866171849644
4,1167,7167,-0.956799629796666,0.745524715071181
4,1168,7168,-1.60916536933456,1.15601964357269
4,1169,7169,-1.51284573100755,1.29544754343258
4,1170,7170,-1.65446430105037,1.52351613568419
4,1171,7171,-1.86180302880494,1.71759324847545
4,1172,7172,-1.4892893170664,1.09054277229703
4,1173,7173,-1.41952975631665,1.12465411931804
4,1174,7174,-2.1970002812555,2.51698963554769
4,1175,7175,-1.62957383116178,1.39379116429138
4,1176,7176,-1.98271633012481,1.55251441421265
4,1177,7177,-1.98127981129223,1.45890083796243
4,1178,7178,-2.62017031098804,2.59332774850986
4,1179,7179,-2.36315701142672,1.47704179545159
4,1180,7180,-1.7147963178145,2.28628875306708
4,1181,7181,-1.98201676704033,2.12563578279771
4,1182,7182,-1.93436007763269,2.94952182359201
4,1183,7183,-1.86643342579627,2.36612942953916
4,1184,7184,-1.53993623653983,1.77858728897255
4,1185,7185,-2.07315276805963,1.81854369704045
4,1186,7186,-1.91726106308004,1.62958707248856
4,1187,7187,-2.43989982637624,2.13494771312909
4,1188,7188,-2.09476589266378,2.2044750908152
4,1189,7189,-2.29851345502407,2.34659173530985
4,1190,7190,-1.49568818491024,2.08698131369311
4,1191,7191,-1.87386655531047,1.33657544977001
4,1192,7192,-1.86851374742951,1.27132683081023
4,1193,7193,-2.38998298766764,2.07318336847719
4,1194,7194,-1.97695522431918,1.82392832504537
4,1195,7195,-1.35149826248111,0.653414690365395
4,1196,7196,-1.39583172801961,0.80821449013726
4,1197,7197,-1.40990251876744,0.866485931988457
4,1198,7198,-1.32399972981601,0.930615406013699
4,1199,7199,-0.856957174515566,1.18303333634264
4,1200,7200,-0.505369038249157,1.04426786975052
4,1201,7201,-1.07878856410885,1.18752762533426
4,1202,7202,-2.33662352078074,2.23033919868157
4,1203,7203,-1.45513273333432,1.82986120835783
4,1204,7204,-2.1619421770298,1.13639899673374
4,1205,7205,-2.19878396411428,1.86785663952724
4,1206,7206,-2.00260674442942,1.58967368998338
4,1207,7207,-1.64328094285771,1.52429789008333
4,1208,7208,-1.71344743258875,1.5967218851375
4,1209,7209,-1.64158340578911,1.63130119833133
4,1210,7210,-2.08923835909799,2.20759158113344
4,1211,7211,-1.38331114561724,1.1753234984982
4,1212,7212,-1.27112257547087,1.03686548070214
4,1213,7213,-1.56164204913458,1.37285435033619
4,1214,7214,-1.13141294348567,0.934202380431399
4,1215,7215,-2.24681013880188,1.4593713787833
4,1216,7216,-2.11889084759003,1.62660443167972
4,1217,7217,-1.78032445551576,1.03717485268226
4,1218,7218,-1.51450665632568,1.65254196303294
4,1219,7219,-1.08944897976046,1.10547231632359
4,1220,7220,-1.09653391140088,1.15031582346854
4,1221,7221,-1.26656246521598,1.39447578950184
4,1222,7222,-1.09426481279319,1.75416249035283
4,1223,7223,-1.43966586776861,1.2170864636451
4,1224,7224,-1.76655335045836,1.6988793296639
4,1225,7225,-2.10255668693868,3.07720878532723
4,1226,7226,-1.15242503037516,2.38021301854966
4,1227,7227,-0.669770769541828,2.1052247994149
4,1228,7228,-1.44624215267316,1.74291755243031
4,1229,7229,-1.94479437028266,2.45203017095114
4,1230,7230,-1.97773992405822,2.26154958998291
4,1231,7231,-2.74459364133775,2.41035471040812
4,1232,7232,-2.30324156751463,1.91521270844084
4,1233,7233,-2.17985431307648,1.76188400415874
4,1234,7234,-2.6889349034604,2.40732029630556
4,1235,7235,-2.76189497812991,2.62189688159785
4,1236,7236,-2.81060179048484,2.45913478267754
4,1237,7237,-2.88363117577349,2.36775502264228
4,1238,7238,-1.7758852965894,1.52315753627307
4,1239,7239,-2.06963820503525,1.67778104847045
4,1240,7240,-2.04259786480661,1.71080268917038
4,1241,7241,-1.68046462126108,1.20602075354892
4,1242,7242,-1.73814003536116,1.28039314355848
4,1243,7243,-1.37536198528086,2.27475761732796
4,1244,7244,-1.16847832499299,1.42290486353377
4,1245,7245,-1.53964360419781,2.18454881137801
4,1246,7246,-1.71375451197481,2.62412244716546
4,1247,7247,-1.86092363812464,2.37150232831232
4,1248,7248,-3.25425917737999,2.67682923158446
4,1249,7249,-2.85998319467389,2.68734321649626
4,1250,7250,-2.67660351742865,2.75282213186047
4,1251,7251,-2.66896601131829,2.12411593577122
4,1252,7252,-2.29298951870717,2.39277879943942
4,1253,7253,-2.86347742247619,1.31005103197478
4,1254,7254,-1.12692268934899,1.00364933154748
4,1255,7255,-1.68226024564134,2.01720991914779
4,1256,7256,-1.21181876986519,1.92759793182917
4,1257,7257,-1.12250655123119,1.9243301364681
4,1258,7258,-1.69358271707518,1.05917804389221
4,1259,7259,-1.53899319269408,1.201650388318
4,1260,7260,-1.47794738135059,1.16796576077692
4,1261,7261,-1.34104854326785,1.13185479479054
4,1262,7262,-2.41309374143262,1.36084705909082
4,1263,7263,-2.37257925579634,2.10842328334776
4,1264,7264,-1.64650366600435,0.832226978610908
4,1265,7265,-1.25710186274757,0.720653962609192
4,1266,7266,-1.63992914196833,1.25018002068499
4,1267,7267,-1.92095592294713,1.22785650311649
4,1268,7268,-2.08161101184608,1.29954472769108
4,1269,7269,-2.11450095836032,1.13618387800355
4,1270,7270,-1.44841830730606,1.27815122020832
4,1271,7271,-1.53365915532466,1.04228362819126
4,1272,7272,-1.5731787544211,1.0515264759474
4,1273,7273,-1.39500754094764,0.984704764983747
4,1274,7274,-1.87761573755271,1.99049000015234
4,1275,7275,-1.26626638819978,1.39030918541603
4,1276,7276,-2.32038694057907,3.15651512191957
4,1277,7277,-2.1355978293078,1.7483549248146
4,1278,7278,-2.49228535578913,2.06821086629103
4,1279,7279,-1.58365701005587,1.66157190942508
4,1280,7280,-0.744967546969091,1.59673777422846
4,1281,7281,-0.599840211944892,1.76519166972452
4,1282,7282,-0.876273126539117,1.74341420685806
4,1283,7283,-0.261332486708835,1.76671243228263
4,1284,7284,-2.86086505055739,2.03026712378902
4,1285,7285,-1.49701300518093,1.06258217917841
4,1286,7286,-1.56761627006029,1.70854791774554
4,1287,7287,-2.0196831249904,1.79348561062338
4,1288,7288,-1.22521244291317,2.28687194764426
4,1289,7289,-1.99822137261514,1.33331259636397
4,1290,7290,-2.00620340366067,1.62576090175126
4,1291,7291,-1.78165744329941,1.48335291481758
4,1292,7292,-1.48744229185022,1.23045170072709
4,1293,7293,-1.39461290417378,1.74975369268244
4,1294,7294,-1.56090555317848,1.51617562525209
4,1295,7295,-1.81457080322863,1.40346082334331
4,1296,7296,-1.19222284434292,1.27176117849859
4,1297,7297,-1.49188217573042,1.69973574274931
4,1298,7298,-1.46150423869344,1.1238311263047
4,1299,7299,-1.14881912425171,2.13782892441335
4,1300,7300,-0.94320060685838,1.87808920866933
4,1301,7301,-0.816991027997908,1.86741063830697
4,1302,7302,-1.62758800296468,2.69307342772285
4,1303,7303,-1.68284441225925,1.91055985005674
4,1304,7304,-1.98484261185129,2.06552953219228
4,1305,7305,-1.91796438591158,1.91374816705095
4,1306,7306,-1.62084184838015,1.9027344081119
4,1307,7307,-1.32171643469337,1.04276722242533
4,1308,7308,-0.789064243735124,1.20692768473266
4,1309,7309,-0.943904144653477,0.848716195488165
4,1310,7310,-1.37277995004806,0.916047703746574
4,1311,7311,-1.12597232085117,0.626275207142874
4,1312,7312,-1.34158552094205,0.792977898819882
4,1313,7313,-1.18584337617542,0.744135960806824
4,1314,7314,-1.11808168111794,0.750803449153724
4,1315,7315,-1.30518502686133,1.02792081197881
4,1316,7316,-1.68516336014304,1.09221416447228
4,1317,7317,-1.52558250027609,1.24506303655429
4,1318,7318,-1.93940260936838,1.14224599283753
4,1319,7319,-0.897638430374272,0.868317790625571
4,1320,7320,-1.01656371801224,1.60468191867002
4,1321,7321,-0.688473740328186,1.12412868831545
4,1322,7322,-0.531380702895038,2.32962465480347
4,1323,7323,-2.28734700752554,1.67414338728393
4,1324,7324,-2.20335033346399,1.72329599824208
4,1325,7325,-1.62815752251041,1.57614853790029
4,1326,7326,-3.92084883346301,2.43369492201509
4,1327,7327,-1.6835209182343,1.36982091468347
4,1328,7328,-2.46537257764774,2.64452985149321
4,1329,7329,-1.7009388743257,2.4151689012102
4,1330,7330,-1.67110785491964,2.59054098838784
4,1331,7331,-1.59440550969392,2.84846396079778
4,1332,7332,-2.0041840016825,1.77936404011973
4,1333,7333,-2.02375676415392,1.54223658574075
4,1334,7334,-2.43531186432239,1.53524579463394
4,1335,7335,-1.61468294547198,1.21070371492557
4,1336,7336,-1.44012187856783,2.27595984398352
4,1337,7337,-1.46172106792598,1.57890544280394
4,1338,7338,-1.9872997240069,1.88834111430892
4,1339,7339,-1.63673233900977,1.42812942638149
4,1340,7340,-2.23671381698212,1.52735514576874
4,1341,7341,-2.11546385316668,1.4825679905116
4,1342,7342,-2.15007991522667,1.57826993064303
4,1343,7343,-2.61861433450393,1.86657589702525
4,1344,7344,-2.18361363324708,1.89530787948741
4,1345,7345,-1.9295754508437,1.91814515931617
4,1346,7346,-2.18099818213283,2.28035480735354
4,1347,7347,-2.31291155040564,2.70059661966676
4,1348,7348,-2.36100658397071,3.35400821658555
4,1349,7349,-2.29276771341246,2.75020305802291
4,1350,7350,-1.77466716267266,1.2378865113521
4,1351,7351,-1.7425127901044,2.91090174741742
4,1352,7352,-2.61612294353989,2.02980554887256
4,1353,7353,-2.76283445951809,2.17378129003529
4,1354,7354,-1.51693065622542,1.45510398841935
4,1355,7355,-2.36682251717427,2.29258233486795
4,1356,7356,-2.4825861099351,1.94201359093534
4,1357,7357,-1.94563735745649,2.48829978801206
4,1358,7358,-1.77524956169074,1.82502222953739
4,1359,7359,-2.14810132529291,1.57382451167776
4,1360,7360,-2.36944327917403,2.28746871932352
4,1361,7361,-1.26370194613071,2.33655770296079
4,1362,7362,-1.51933242514227,1.32048223963641
4,1363,7363,-1.62820746467421,1.19247828709372
4,1364,7364,-1.19927627785488,1.00831425865669
4,1365,7365,-1.23601361980682,1.00940553354046
4,1366,7366,-1.66877984575136,0.855307775477259
4,1367,7367,-2.52207173780673,2.05258518390615
4,1368,7368,-0.783579893871286,1.23061848405288
4,1369,7369,-1.73947063443956,1.6567904605776
4,1370,7370,-1.60248301528483,1.61372270541128
4,1371,7371,-1.29054064651372,1.24795522646764
4,1372,7372,-1.39524720684369,1.44552502499711
4,1373,7373,-1.38013310483746,1.44978245607262
4,1374,7374,-1.07825812922423,1.3580849729902
4,1375,7375,-3.00517859430248,2.34492175966816
4,1376,7376,-0.721973808020509,0.850758337610878
4,1377,7377,-1.41287937439687,2.24700330706753
4,1378,7378,-1.15020793881127,1.97446842761258
4,1379,7379,-1.46384555058327,1.73387768259202
4,1380,7380,-1.79326180111477,1.90247042699777
4,1381,7381,-1.62775631824039,2.07643469585599
4,1382,7382,-1.72904898126174,1.96819389976645
4,1383,7383,-1.68098399642264,1.44901939456583
4,1384,7384,-2.32381283373492,1.81973448982501
4,1385,7385,-1.87527514457577,1.69350173982442
4,1386,7386,-2.40094505807667,2.37961379780828
4,1387,7387,-1.69786643634126,1.89144027522002
4,1388,7388,-1.65665483819965,1.46139816615233
4,1389,7389,-1.77476797152992,1.30238807692066
4,1390,7390,-0.500738087989149,1.74747257444068
4,1391,7391,-1.19506704462426,1.95837374248911
4,1392,7392,-0.343952100463558,1.8878026418113
4,1393,7393,-0.456705764576137,1.92122486797358
4,1394,7394,-0.939648948855317,2.39011853621323
4,1395,7395,-0.976003226470942,1.34024741476726
4,1396,7396,-1.47467849938645,1.27356150406178
4,1397,7397,-0.922128230012003,1.98236069069881
4,1398,7398,-1.68199035549708,1.63714859145625
4,1399,7399,-1.55798643359009,1.56400512671235
4,1400,7400,-1.55437157013231,1.56843705232562
4,1401,7401,-1.93103353299304,1.0032804581918
4,1402,7402,-2.6969155871623,1.18269019704875
4,1403,7403,-3.10362121271988,1.86335188444933
4,1404,7404,-1.68972119728037,1.44370886774843
4,1405,7405,-1.41376633514628,2.03411977378224
4,1406,7406,-0.725050092385702,1.94255095910223
4,1407,7407,-0.785562305467224,1.43205899012592
4,1408,7408,-1.85143424057099,1.53470489713213
4,1409,7409,-1.51870203701414,1.79707881906115
4,1410,7410,-0.504965273855719,1.38306866511636
4,1411,7411,-0.900540246008504,1.45378380538783
4,1412,7412,-1.09069238060528,1.14724934823761
4,1413,7413,-1.5126611269503,1.23252453848607
4,1414,7414,-1.78753599470468,1.97061540842421
4,1415,7415,-2.23562957796639,1.39828052922447
4,1416,7416,-1.36051849438729,2.31349561663341
4,1417,7417,-0.896463918656242,1.18733763481905
4,1418,7418,-1.296852649922,1.36305307319068
4,1419,7419,-2.60502555201423,2.78435208553742
4,1420,7420,-2.16925746236778,1.9392550121058
4,1421,7421,-2.23066344702162,1.51543115577561
4,1422,7422,-1.96271156282171,1.07027820133808
4,1423,7423,-2.72892240577444,1.81243816168952
4,1424,7424,-1.36266434754751,1.79176048061297
4,1425,7425,-1.10683544724145,1.59841484718183
4,1426,7426,-1.25977525369348,1.31912376374834
4,1427,7427,-1.70563771063922,2.06563650241588
4,1428,7428,-1.89142753697742,1.88867220545554
4,1429,7429,-1.59570528758632,1.81105252778938
4,1430,7430,-1.70942089310445,1.82038960568267
4,1431,7431,-1.14330753455473,1.603988763091
4,1432,7432,-1.81512136881476,1.89718592450857
4,1433,7433,-1.90078843205268,1.2336817014722
4,1434,7434,-1.60400007034347,1.40539860074322
4,1435,7435,-2.04037869562699,2.07384991665762
4,1436,7436,-1.24016513202519,0.752482977406631
4,1437,7437,-1.43443172634426,2.2556741471474
4,1438,7438,-1.94719651916865,1.32796699128786
4,1439,7439,-1.74389506654559,1.3711560209857
4,1440,7440,-2.05928041690126,1.72163053660926
4,1441,7441,-1.943447240457,1.47318142491163
4,1442,7442,-1.651867343302,1.31290380059825
4,1443,7443,-1.96801816043957,1.4935102142686
4,1444,7444,-1.70904969118304,1.39272123713976
4,1445,7445,-2.0043938510411,1.57739960434409
4,1446,7446,-2.2104824363651,1.80785843307081
4,1447,7447,-0.878377129065315,0.990399617381523
4,1448,7448,-0.999105560953899,2.35119827716741
4,1449,7449,-0.815592323834942,1.987749638258
4,1450,7450,-2.04595876962632,1.9650399506776
4,1451,7451,-2.52133449280623,2.73755596605686
4,1452,7452,-0.674088139482568,1.9310030061229
4,1453,7453,-2.55981417777022,2.92695529326638
4,1454,7454,-2.61156779835088,2.63838488826305
4,1455,7455,-0.936639816174168,2.73047253610646
4,1456,7456,-1.40709405006421,1.58383080335842
4,1457,7457,-2.43833422646928,2.27515071268583
4,1458,7458,-3.38977627960969,3.09614846753221
4,1459,7459,-1.37929198200848,1.5249882742298
4,1460,7460,-1.69157730991507,2.73483724391038
4,1461,7461,-1.78514090800326,2.98700698169709
4,1462,7462,-2.28274440489021,1.70780499181013
4,1463,7463,-1.79988949073295,0.99924740801644
4,1464,7464,-2.40308145550269,1.68319861122499
4,1465,7465,-1.96835784540256,1.66466467305165
4,1466,7466,-2.19403851831441,2.28016650451058
4,1467,7467,-2.19264913365264,1.91210665201284
4,1468,7468,-2.29110572616393,1.96893246033845
4,1469,7469,-1.66688888900544,2.15140181324292
4,1470,7470,-0.934058040882663,1.68968573886145
4,1471,7471,-0.450764353932542,2.45602227922339
4,1472,7472,-0.517005072922242,1.1104809555099
4,1473,7473,-1.27279103547663,1.31998170450176
4,1474,7474,-1.12130539167857,1.45048864188257
4,1475,7475,-1.32022491545291,2.06999679443089
4,1476,7476,-1.79659787705376,2.28829309145783
4,1477,7477,-1.75702914715369,2.6276484630252
4,1478,7478,-2.40144823932483,2.9289327694534
4,1479,7479,-2.42747231363414,2.36657724392978
4,1480,7480,-2.47316711918548,2.39963698439003
4,1481,7481,-1.40309741735668,1.04578339672188
4,1482,7482,-2.03038817859714,1.1021563162456
4,1483,7483,-1.45588571886444,1.04984688523413
4,1484,7484,-1.78699826324206,1.15918952123856
4,1485,7485,-2.86907502195436,1.80283625872756
4,1486,7486,-3.32043495239909,2.11859856679589
4,1487,7487,-2.74262417808268,1.67744249289349
4,1488,7488,-2.5336708205793,1.6431325537186
4,1489,7489,-3.51699732289491,2.22056837632271
4,1490,7490,-2.65049873031084,1.85533173343139
4,1491,7491,-2.49992067876874,1.70115902662534
4,1492,7492,-2.18602279823608,1.47597025183802
4,1493,7493,-1.91933457856005,1.93786781108839
4,1494,7494,-1.77717848752749,1.94954559822622
4,1495,7495,-2.0021750087945,1.69148340702339
4,1496,7496,-2.20979820081976,1.78538678257582
4,1497,7497,-2.50041393754457,2.23036761755249
4,1498,7498,-1.26926907169051,2.46970128540163
4,1499,7499,-1.78291594956815,3.01357826835382
4,1500,7500,-1.40390967705178,3.32239520413822
4,1501,7501,-0.690977797203308,2.19122719040794
4,1502,7502,-0.861022206184193,2.76991560557964
4,1503,7503,-0.921060775706301,2.02245531930795
4,1504,7504,-0.676500823731284,2.62184675059571
4,1505,7505,-1.11765509079462,1.82221039056897
4,1506,7506,-1.76100400637797,3.27356581346151
4,1507,7507,-1.67098895905779,3.37053051275006
4,1508,7508,-1.66528987839987,2.17387151578155
4,1509,7509,-1.97453395570678,2.5134934204206
4,1510,7510,-0.922766415303203,2.25311007973413
4,1511,7511,-1.85205719980658,2.85550681191962
4,1512,7512,-1.19088753695091,2.12556886963274
4,1513,7513,-1.21439058300858,1.82021238810035
4,1514,7514,-1.02679197876619,1.79624540447542
4,1515,7515,-1.50240812391517,1.67170837696665
4,1516,7516,-2.01529482893896,2.39617882910551
4,1517,7517,-2.22451227618405,2.1654451633074
4,1518,7518,-1.33471800879267,1.1123771316558
4,1519,7519,-1.64537314297194,1.30491106798567
4,1520,7520,-1.4989896796591,1.94778104156516
4,1521,7521,-1.36489144833485,2.81382222874721
4,1522,7522,-1.75041168216937,3.48271056472033
4,1523,7523,-1.77755839472409,2.85085668261036
4,1524,7524,-1.77153236190082,2.63573505130842
4,1525,7525,-1.48930197557925,2.02356037872636
4,1526,7526,-2.09666872358005,2.14328482418701
4,1527,7527,-1.53897756489424,1.72342426556301
4,1528,7528,-1.52373988086774,1.49971540650014
4,1529,7529,-3.11555583583675,3.1198343284871
4,1530,7530,-2.2744415028031,1.89293749153926
4,1531,7531,-1.09908487072676,1.86293868793798
4,1532,7532,-0.735817430053454,2.07916300903373
4,1533,7533,-0.823207938219734,1.86986905376455
4,1534,7534,-1.28499715382229,1.14198613094785
4,1535,7535,-1.49678876030001,1.36285239360525
4,1536,7536,-1.87134920371385,1.63198386296442
4,1537,7537,-1.26415425630316,1.92009452019734
4,1538,7538,-2.18746599186637,2.59934859047373
4,1539,7539,-1.3955876659347,2.38017011911981
4,1540,7540,-2.42131703973898,2.03017886764238
4,1541,7541,-0.71966034668206,2.45709311143886
4,1542,7542,-1.81598520929536,2.34743881183383
4,1543,7543,-2.28111429070929,1.67307648585116
4,1544,7544,-0.894638679989448,1.33469273311218
4,1545,7545,-1.2194331614326,1.85057980509422
4,1546,7546,-1.99284730939889,1.39604969627218
4,1547,7547,-2.40124937469655,2.37986111586137
4,1548,7548,-1.85217595937787,1.38283395939743
4,1549,7549,-1.79684841828199,2.09155369615925
4,1550,7550,-1.65554263334158,1.78344430449601
4,1551,7551,-0.284463974321334,3.12452866832512
4,1552,7552,-0.372826436282235,2.56992731785933
4,1553,7553,-0.20791377761726,2.56843267264242
4,1554,7554,-1.03954313438413,1.81530976344865
4,1555,7555,-1.02222617611493,1.09227580106049
4,1556,7556,-2.37091464983557,2.32784196450111
4,1557,7557,-2.72409823057313,2.79443603936759
4,1558,7558,-2.66793299695034,3.18095356297099
4,1559,7559,-2.23216446906039,3.31663131129395
4,1560,7560,-2.20192062326494,3.36508306759909
4,1561,7561,-1.96377188855896,2.64273554790547
4,1562,7562,-1.77235502649074,2.05951240743916
4,1563,7563,-0.646267332941939,2.33792575388424
4,1564,7564,-1.07527536499393,1.62578330975386
4,1565,7565,-1.00524729724176,1.7392601343709
4,1566,7566,-1.93382318232052,1.30308893051398
4,1567,7567,-1.78698903690283,1.57297961435592
4,1568,7568,-2.64044069644278,1.78373345837329
4,1569,7569,-1.59911602565433,3.63939167184351
4,1570,7570,-1.5087119933076,3.50441737937135
4,1571,7571,-1.79172580518074,1.43054076943219
4,1572,7572,-1.54166670108475,1.3734525894598
4,1573,7573,-1.79551914748208,1.52967029797746
4,1574,7574,-2.15533355515095,1.36470437751601
4,1575,7575,-1.9597077539783,2.28935808614131
4,1576,7576,-1.86646480354874,2.37633985479859
4,1577,7577,-2.43269576251556,2.1804961251407
4,1578,7578,-2.97018078365596,1.7949185317416
4,1579,7579,-2.68807561055257,1.57214391678403
4,1580,7580,-2.29535107040199,1.08410131299175
4,1581,7581,-3.18931769939377,1.68714103256746
4,1582,7582,-1.70343600517505,1.73497640697645
4,1583,7583,-1.3836493263044,1.59931487100033
4,1584,7584,-1.90161531063594,1.70876804204761
4,1585,7585,-0.654461954925108,1.61320560427624
4,1586,7586,-2.13810040551558,1.92688136812711
4,1587,7587,-1.44259582323154,1.45800456318463
4,1588,7588,-1.95950003284721,1.84976654474736
4,1589,7589,-1.88501155434918,2.36284214854342
4,1590,7590,-1.746462820878,1.94815232705986
4,1591,7591,-2.6520987946532,4.69574261635898
4,1592,7592,-3.02282622437657,1.4433165659065
4,1593,7593,-2.80716906207127,1.96074951518979
4,1594,7594,-2.99789304083559,1.51495388195896
4,1595,7595,-2.2444976082801,1.27420123538704
4,1596,7596,-2.17597431515367,1.25235583771516
4,1597,7597,-2.12213158992623,2.07544365889152
4,1598,7598,-2.28650257855779,1.8933742072871
4,1599,7599,-1.93214048352377,2.08038852907828
4,1600,7600,-2.23431246916797,2.80571236156599
4,1601,7601,-2.56099576635149,2.31965446674252
4,1602,7602,-2.36069430146417,2.01798885517977
4,1603,7603,-1.79741506227496,1.16381705990183
4,1604,7604,-1.85340293007818,1.12999263513391
4,1605,7605,-2.29387156960795,1.29970822342964
4,1606,7606,-2.03402989684773,1.1619529427248
4,1607,7607,-3.44656962514552,2.57137688884863
4,1608,7608,-3.28461233515974,2.26596287557624
4,1609,7609,-1.53996593405102,1.6410936145701
4,1610,7610,-1.13725672591126,1.68014023704634
4,1611,7611,-1.09074025355412,1.17896356180461
4,1612,7612,-0.942915890299356,1.09080561185841
4,1613,7613,-0.989636924051773,1.280236086869
4,1614,7614,-1.21373853197728,1.30462435540362
4,1615,7615,-2.74542767517542,2.01820040738326
4,1616,7616,-1.84065392777234,2.0988294633619
4,1617,7617,-1.77402856372396,1.80045881629819
4,1618,7618,-1.90933569986527,2.25194273194471
4,1619,7619,-1.78076489487925,2.06800549745231
4,1620,7620,-2.05082294842922,2.12445225041751
4,1621,7621,-2.67414053722687,1.97137657944108
4,1622,7622,-1.10082446501203,1.21719150156135
4,1623,7623,-1.57813089930188,2.01519725251025
4,1624,7624,-1.20913131480213,1.51328139577081
4,1625,7625,-1.62487072626644,1.35508159119541
4,1626,7626,-1.57410305444982,1.3813113151817
4,1627,7627,-1.69435430450178,1.49877916282173
4,1628,7628,-1.44222555327253,1.2323888611612
4,1629,7629,-2.54760513493697,1.96639270918158
4,1630,7630,-2.40305327367437,2.11612338711367
4,1631,7631,-2.35518657685012,1.54127414595158
4,1632,7632,-2.25194473439454,1.44057293784932
4,1633,7633,-1.71246338125906,1.27641497056192
4,1634,7634,-1.36227378532745,2.51341842777388
4,1635,7635,-1.48483699579006,2.54622671248878
4,1636,7636,-1.58205613091111,2.22242661458353
4,1637,7637,-1.503770982655,2.01547959334659
4,1638,7638,-1.46029244642573,1.95049027704478
4,1639,7639,-1.78103345475147,1.42235810054078
4,1640,7640,-1.57467291686375,1.44111870673918
4,1641,7641,-1.50204197751434,1.93663048097423
4,1642,7642,-1.53547042904106,3.30346075515945
4,1643,7643,-1.38684539604021,3.58071795421868
4,1644,7644,-1.76331940676958,2.49833401825141
4,1645,7645,-1.85805255901461,3.28457827163431
4,1646,7646,-1.11982438582435,1.34672416971262
4,1647,7647,-1.78589473669793,2.15034483396905
4,1648,7648,-2.42295203002477,1.6015648548335
4,1649,7649,-3.59405349670318,1.54866522374165
4,1650,7650,-3.03111246985925,1.61685039997176
4,1651,7651,-2.29722313107181,1.78698484374649
4,1652,7652,-2.23970071997888,1.72616247094856
4,1653,7653,-1.71334315200496,1.39241580953048
4,1654,7654,-2.34192913590336,1.88284732612337
4,1655,7655,-2.12714688897696,1.94388622983999
4,1656,7656,-1.97564872748862,1.66721525789743
4,1657,7657,-2.99106287410592,1.74643082620779
4,1658,7658,-2.63395309704606,1.83870957531364
4,1659,7659,-2.95875387201644,2.80561118149484
4,1660,7660,-2.98368049141962,2.62866115208961
4,1661,7661,-1.54345645431466,1.45022222303299
4,1662,7662,-1.83818867589933,1.53258800592727
4,1663,7663,-1.63795000647087,2.53537831993015
4,1664,7664,-2.52537196891165,2.23116916702893
4,1665,7665,-2.16108279099256,1.49988421664868
4,1666,7666,-2.39081763066015,1.84458798712645
4,1667,7667,-2.51585240009465,1.66627855510919
4,1668,7668,-2.83805033108254,1.96039613004171
4,1669,7669,-2.09581314965018,1.18732417391909
4,1670,7670,-2.36096675179824,2.31010188379974
4,1671,7671,-1.7674002373651,1.93303429856213
4,1672,7672,-2.20346014938281,1.87998438392021
4,1673,7673,-2.28288677817121,1.98607801425115
4,1674,7674,-2.57933443693932,2.26602149969067
4,1675,7675,-2.92696283921577,2.1280287834131
4,1676,7676,-2.36273854971489,1.39125721450891
4,1677,7677,-2.58157965407213,2.07898250928677
4,1678,7678,-2.64514688810568,1.76429444638094
4,1679,7679,-2.20894270727965,1.86123193241271
4,1680,7680,-2.19315092764396,1.85150473370737
4,1681,7681,-2.91138924772026,2.13405907214791
4,1682,7682,-2.14158538693433,2.18855994914233
4,1683,7683,-2.18132056905976,1.85856803461735
4,1684,7684,-2.23675994911135,1.7347048055389
4,1685,7685,-0.839062034679611,1.29392435347816
4,1686,7686,-0.96113461111691,1.4224246081334
4,1687,7687,-1.65193818606298,3.25622525547086
4,1688,7688,-1.18207505516524,2.09105804584425
4,1689,7689,-2.28537613184845,2.9381637206727
4,1690,7690,-1.22726412518893,1.45319060955227
4,1691,7691,-2.00324062849757,2.41624557571296
4,1692,7692,-1.55509226913546,2.10652423500087
4,1693,7693,-1.88510069375858,3.17691470189196
4,1694,7694,-0.881158437553839,1.44939352776413
4,1695,7695,-1.30461202163354,1.33828770887432
4,1696,7696,-1.75165866567244,2.30427744578331
4,1697,7697,-1.77728315629271,1.68244911532504
4,1698,7698,-2.53622512665842,2.49550286396559
4,1699,7699,-2.6981198683569,1.85850888760087
4,1700,7700,-2.26290688571008,1.56137065896616
4,1701,7701,-1.56728226810407,2.4179079029843
4,1702,7702,-1.39970134282192,2.04166889785579
4,1703,7703,-0.912173402948638,1.72264955776942
4,1704,7704,-1.46242741541834,2.04353692834813
4,1705,7705,-0.900861722319991,2.56347265010912
4,1706,7706,-0.412508568419486,1.53268476482246
4,1707,7707,-1.1355666944805,1.42409175985604
4,1708,7708,-1.43230993356907,2.05556936417576
4,1709,7709,-2.15128313255068,2.07179229541934
4,1710,7710,-1.71227084784266,3.20568003232564
4,1711,7711,-1.64795497417258,1.69556792983881
4,1712,7712,-1.48364919405534,1.70972517461126
4,1713,7713,-2.14595794247519,2.04694415005424
4,1714,7714,-1.41685964114505,1.59203238419788
4,1715,7715,-1.17528953301351,1.5413188868115
4,1716,7716,-1.96653631335526,2.31698838713437
4,1717,7717,-1.83603176192382,2.25490578904425
4,1718,7718,-1.58392927275349,1.45832122836237
4,1719,7719,-2.31436332019461,1.74362424126669
4,1720,7720,-1.34975219543422,0.950984226911965
4,1721,7721,-1.81347027299658,1.3893157914542
4,1722,7722,-2.32435185632945,1.11234992932466
4,1723,7723,-1.61297840234854,1.3299860964947
4,1724,7724,-2.11914354501028,2.24898272332396
4,1725,7725,-1.38159032421708,0.943417533951334
4,1726,7726,-2.83904899070899,2.02757908485275
4,1727,7727,-1.8925700139562,1.12038477890125
4,1728,7728,-1.83920452097826,1.51809865646928
4,1729,7729,-1.14927391691309,1.26780985087371
4,1730,7730,-1.39249951516101,1.30937158418461
4,1731,7731,-1.25991030998963,1.37926034329378
4,1732,7732,-1.16744162490768,1.05071520831055
4,1733,7733,-1.21255059017868,1.11927054569425
4,1734,7734,-0.847940794625655,1.50036911931723
4,1735,7735,-1.12353324164523,1.64400369072863
4,1736,7736,-1.14419251637987,1.65988060278422
4,1737,7737,-1.57344217769983,2.83607685513828
4,1738,7738,-1.93714505054203,2.4666824609279
4,1739,7739,-2.07569084727696,1.95156889547468
4,1740,7740,-1.97247122654737,1.78946014685891
4,1741,7741,-2.05603793296892,1.66901557338622
4,1742,7742,-1.06955281575836,1.6539238858441
4,1743,7743,-1.75990001093671,2.150663100115
4,1744,7744,-2.01990222996109,1.49243243107973
4,1745,7745,-1.6916594017148,1.9498019916643
4,1746,7746,-1.70052260082821,2.53615241935296
4,1747,7747,-1.33590256714075,1.97316122185156
4,1748,7748,-2.09623051243135,1.62295815043413
4,1749,7749,-1.94649080581931,2.36770375961529
4,1750,7750,-1.99795734750332,1.91575412424102
4,1751,7751,-2.67152821666406,1.65023184938749
4,1752,7752,-3.42688253717078,2.26684299281886
4,1753,7753,-2.39423105896199,1.535377506798
4,1754,7754,-2.809680844805,2.77890545450036
4,1755,7755,-1.57682412912353,1.70571992940622
4,1756,7756,-1.86311111666189,1.74588722625355
4,1757,7757,-1.4121030206236,0.995138924276143
4,1758,7758,-1.86443754602616,2.44916711440982
4,1759,7759,-1.5205822700149,2.69621983163579
4,1760,7760,-0.69406686835927,2.83911826948867
4,1761,7761,-1.09643704516674,1.92953995838365
4,1762,7762,-1.53370479360336,2.05724928553118
4,1763,7763,-1.94616171926209,1.45283682816504
4,1764,7764,-1.53680405865656,0.933239242121675
4,1765,7765,-1.62528635956577,0.750818084154253
4,1766,7766,-1.31308709855879,0.781389998485039
4,1767,7767,-1.76099863659324,0.707520689787334
4,1768,7768,-0.17453499330882,1.74758726594769
4,1769,7769,-0.849273445662593,1.63199586814618
4,1770,7770,-0.879723199689185,1.51685506494046
4,1771,7771,-0.99039518009296,1.35172680536603
4,1772,7772,-1.10315306509497,1.72365704924952
4,1773,7773,-0.498997656213185,1.7473663759877
4,1774,7774,-0.899846041954672,2.00074036080035
4,1775,7775,-0.770559394940562,1.5114459253626
4,1776,7776,-0.311387976393934,1.56063255860802
4,1777,7777,-0.437206068841762,1.44914228334595
4,1778,7778,-2.04317103497658,0.874088759061484
4,1779,7779,-2.01453387847456,1.06637449631717
4,1780,7780,-1.82029049810884,2.55804293933033
4,1781,7781,-1.99924624683738,2.73837192722546
4,1782,7782,-2.01356352376653,2.70511766639352
4,1783,7783,-1.96937647530123,2.9817598279594
4,1784,7784,-1.68740549002041,1.78651130018304
4,1785,7785,-1.3869290533466,2.18596549749984
4,1786,7786,-2.17246759611405,1.86915255444056
4,1787,7787,-2.2137981239394,1.9837215924418
4,1788,7788,-2.17627167431902,1.62359971753197
4,1789,7789,-2.43386055919094,1.6718884613036
4,1790,7790,-2.77780737618845,1.73251620884923
4,1791,7791,-1.48833942433233,1.85045115162213
4,1792,7792,-1.44569704703428,1.83277923671284
4,1793,7793,-1.6539583005831,2.13146246966354
4,1794,7794,-2.09164864239991,2.22805219775149
4,1795,7795,-1.34188615168922,1.54631954852303
4,1796,7796,-1.67876929994098,1.7180406258722
4,1797,7797,-1.73913059561471,1.46053383928505
4,1798,7798,-1.04658818771103,1.36323141519373
4,1799,7799,-1.78527805780943,1.52752233851116
4,1800,7800,-1.50812990498178,1.36123103994527
4,1801,7801,-1.71578956761753,1.425754400965
4,1802,7802,-1.8089471755212,1.70385772889963
4,1803,7803,-1.94211729896041,1.66514454213177
4,1804,7804,-1.79330700514738,1.70971688761629
4,1805,7805,-2.16906055647142,1.58637993906054
4,1806,7806,-2.52276795387527,1.70860628162292
4,1807,7807,-2.17509391465888,1.80132101098062
4,1808,7808,-1.71164549809849,1.98800295035366
4,1809,7809,-1.55477085262592,1.70931860602776
4,1810,7810,-1.15503275194511,1.77453078294341
4,1811,7811,-2.17811313060157,2.44157848196725
4,1812,7812,-1.6884561193029,2.09772083957551
4,1813,7813,-2.52283544928758,2.25734266157011
4,1814,7814,-3.61334623931809,3.39956690443672
4,1815,7815,-2.61985007111289,3.69390907764016
4,1816,7816,-2.33648080491264,2.3914396050438
4,1817,7817,-2.12487203334359,2.41871933551293
4,1818,7818,-1.92111644096676,1.73369840914901
4,1819,7819,-2.41370045427045,2.29843222489699
4,1820,7820,-1.59806676368687,1.18492903391556
4,1821,7821,-1.83320498672591,1.0914748390507
4,1822,7822,-2.86758842275242,2.25572110965518
4,1823,7823,-1.80228232068969,1.61374778029283
4,1824,7824,-1.77421546172113,1.59253442534906
4,1825,7825,-1.08551443915848,1.41265221134039
4,1826,7826,-1.3261909920131,2.48979950650575
4,1827,7827,-1.90689662151653,2.01093361115254
4,1828,7828,-1.28926508345245,1.35685155268454
4,1829,7829,-1.85866424096637,2.10710460315693
4,1830,7830,-1.45187078767613,1.71502723617937
4,1831,7831,-1.33067490623962,0.896951425115218
4,1832,7832,-2.04316915342117,1.9183251546978
4,1833,7833,-2.13367485001203,1.66987283738991
4,1834,7834,-1.87829914184825,1.49884835943235
4,1835,7835,-1.5782768787948,1.86065971413164
4,1836,7836,-0.805037100161625,1.68916915167607
4,1837,7837,-1.69095229824191,2.03767076391777
4,1838,7838,-0.920699882396773,1.39503087607673
4,1839,7839,-1.25893268672702,1.55165981743941
4,1840,7840,-1.90844227344586,1.28046169212804
4,1841,7841,-1.90583424471574,1.61332578600307
4,1842,7842,-1.63093098610557,1.4835686103804
4,1843,7843,-1.90991479347636,1.67589189085246
4,1844,7844,-1.2088917697181,1.56520071489507
4,1845,7845,-1.90205346087623,1.43202595068037
4,1846,7846,-1.39024731389228,1.57274893405885
4,1847,7847,-2.40269222231254,1.49523852528223
4,1848,7848,-1.84861468905412,1.35922451155553
4,1849,7849,-2.38168867682021,2.21392391570648
4,1850,7850,-2.111117126361,1.43241967985041
4,1851,7851,-2.11272208175579,1.47986372044465
4,1852,7852,-1.8850438033445,1.1921382028001
4,1853,7853,-2.07533608000239,2.4229849275284
4,1854,7854,-2.00071263940043,2.48096395552861
4,1855,7855,-1.74843871620039,1.6558602057154
4,1856,7856,-1.39476259526413,1.05825059374168
4,1857,7857,-1.53070178464388,1.67270012848372
4,1858,7858,-1.40765569255788,1.38599676730986
4,1859,7859,-1.38418106659945,1.83871353600899
4,1860,7860,-1.82210437145953,2.15032242904856
4,1861,7861,-1.69317544795037,2.09957832543041
4,1862,7862,-1.11310115589857,1.01601440981205
4,1863,7863,-0.832042118488077,1.14860603427509
4,1864,7864,-0.35963686482177,0.657808412296022
4,1865,7865,-0.269836822168414,0.64405707520592
4,1866,7866,-2.41327599976855,1.08777442259195
4,1867,7867,-1.02727345571001,1.17230553088948
4,1868,7868,-1.47776352624506,1.3420228969533
4,1869,7869,-1.54198584167053,1.22410213870279
4,1870,7870,-0.768788078568908,1.74647374568341
4,1871,7871,-1.49604377606945,2.86281610224013
4,1872,7872,-1.28398090564573,2.00646308431289
4,1873,7873,-1.51684624387652,2.18710279659186
4,1874,7874,-1.80740304700234,2.41149226658672
4,1875,7875,0.0680245727790929,2.30808301503038
4,1876,7876,-0.361517423844268,1.88833392483763
4,1877,7877,-1.97572994064253,1.3962634713328
4,1878,7878,-2.14189368527983,2.88731511601119
4,1879,7879,-1.67665612356118,2.15424732443533
4,1880,7880,-1.48439096245831,1.93976476790921
4,1881,7881,-2.21860877660651,3.19709390818462
4,1882,7882,-2.03765173482773,3.21485358210705
4,1883,7883,-1.87043812970567,2.82464515741423
4,1884,7884,-2.29045810815569,2.90524697130306
4,1885,7885,-2.64367940399534,2.19765005457869
4,1886,7886,-1.99414581315415,2.14962981882183
4,1887,7887,-1.1713297708274,1.2400361427068
4,1888,7888,-2.61336769132923,1.91189039708414
4,1889,7889,-2.45220195107999,1.85671384263214
4,1890,7890,-2.49521536635603,1.74907637308346
4,1891,7891,-2.12509450493376,1.81665026182801
4,1892,7892,-2.267181951515,2.52350774173963
4,1893,7893,-1.72434905681237,2.35136219354245
4,1894,7894,-0.701517469519094,2.0261418382644
4,1895,7895,-0.974492960317982,2.13276968367835
4,1896,7896,-2.55835588137467,2.39643681078771
4,1897,7897,-1.45880166251072,1.42863569869823
4,1898,7898,-1.06122333857732,1.54632701966677
4,1899,7899,-1.81599723686535,2.01529297804655
4,1900,7900,-2.15775344440003,2.64554302751124
4,1901,7901,-1.35219542123201,2.28216377375902
4,1902,7902,-1.11425549343105,2.06312320092297
4,1903,7903,-1.21196537822824,1.9618545173104
4,1904,7904,-0.750240535848003,1.75611881678515
4,1905,7905,-1.35310771176084,2.00487588881754
4,1906,7906,-1.02932291944449,1.85902097974159
4,1907,7907,-1.42389198751489,1.43247919577378
4,1908,7908,-1.59309515560728,1.67279907939547
4,1909,7909,-1.80506983286464,1.7561752569921
4,1910,7910,-1.55703627284909,1.52511231073321
4,1911,7911,-2.080803596331,1.4025387033276
4,1912,7912,-1.12349308480038,1.08614823538882
4,1913,7913,-2.78999023052728,2.20115265484816
4,1914,7914,-0.91459150811107,0.925390079812014
4,1915,7915,-1.02946741637427,1.21696884719956
4,1916,7916,-1.20958394865037,1.24434458940456
4,1917,7917,-0.704996898228707,1.025353935731
4,1918,7918,-1.17921338609886,1.44122132413808
4,1919,7919,-1.34449527438954,1.44161371863244
4,1920,7920,-0.921956608234742,1.58845624452718
4,1921,7921,-1.48696021923176,1.75049873936961
4,1922,7922,-1.28582990190279,1.15243099282207
4,1923,7923,-0.671703428467161,0.98555898217242
4,1924,7924,-0.618380955118069,0.983270217898401
4,1925,7925,-1.3264339541148,1.0373795168438
4,1926,7926,-1.6802581585186,1.392062169059
4,1927,7927,-1.7089611673529,1.35855813058419
4,1928,7928,-1.40746449198962,1.23914462976784
4,1929,7929,-1.6247280794211,2.14989046900679
4,1930,7930,-1.59863940400363,1.84002002519095
4,1931,7931,-1.98993098223364,1.06960747328407
4,1932,7932,-1.55589213194181,1.44051113975278
4,1933,7933,-2.26844728417269,1.87598384985203
4,1934,7934,-1.8530710164139,1.26831429755492
4,1935,7935,-1.93829906721025,1.07603237665259
4,1936,7936,-2.03430750150406,1.37919351454062
4,1937,7937,-2.09436160110982,1.00310876045371
4,1938,7938,-2.11876170333397,1.16633972635573
4,1939,7939,-1.8232925877851,1.71111974079475
4,1940,7940,-1.06146206624484,0.819503544451467
4,1941,7941,-3.86585839551074,2.42938593844802
4,1942,7942,-4.1904531303944,3.11219953965902
4,1943,7943,-3.7847123577161,3.1073904254656
4,1944,7944,-3.49815715552623,3.06728586075649
4,1945,7945,-3.25035127244407,2.89298859075926
4,1946,7946,-2.87294754229921,2.57464882761164
4,1947,7947,-2.14216153882677,1.40853771941503
4,1948,7948,-1.95506847542607,2.32429455317886
4,1949,7949,-2.33673940151437,2.22616125148426
4,1950,7950,-1.8076205643209,2.1054959647304
4,1951,7951,-1.93287024973863,3.43649694855965
4,1952,7952,-1.41604770370371,1.79089881695175
4,1953,7953,-0.859371594468433,1.20193838772876
4,1954,7954,-1.78892459786352,2.07063180115648
4,1955,7955,-1.57111644789555,1.90649759853238
4,1956,7956,-2.16463788996933,2.77293116290539
4,1957,7957,-2.19245251985423,2.63187759829391
4,1958,7958,-1.12768556837994,1.32451463168311
4,1959,7959,-1.0752954727633,1.27422459348563
4,1960,7960,-0.900812043506615,1.21487643254636
4,1961,7961,-1.61348427567493,1.68989471816361
4,1962,7962,-1.62603199017108,1.57782589944057
4,1963,7963,-1.13830868414446,1.41605742551348
4,1964,7964,-1.70602860952651,1.63267105330147
4,1965,7965,-1.03695757077045,2.22702376295326
4,1966,7966,-1.02875701463091,1.53644781943195
4,1967,7967,-0.596447784065592,2.30630985184291
4,1968,7968,-1.24917486023657,2.58102627481931
4,1969,7969,-0.769183246118225,2.37005769660213
4,1970,7970,-1.25894929457389,2.18637546345124
4,1971,7971,-1.25924684268959,1.68927556735045
4,1972,7972,-2.83494782530183,3.73607825735597
4,1973,7973,-2.28005636121307,1.29906719364102
4,1974,7974,-1.90881611182388,2.07052438647671
4,1975,7975,-1.8891481133933,2.16752904177275
4,1976,7976,-2.6850104197871,1.99899103813928
4,1977,7977,-2.53976754722642,2.00857260617796
4,1978,7978,-2.17789703417505,1.85899632760665
4,1979,7979,-2.17788048358927,1.78595056830604
4,1980,7980,-2.00438315276446,2.21552418314187
4,1981,7981,-2.18854173444112,1.85350823084135
4,1982,7982,-2.54526817520293,1.89658943829184
4,1983,7983,-2.17882918090942,1.25758359755601
4,1984,7984,-1.19276572544792,1.62787440737898
4,1985,7985,-1.42744859006768,1.48936056602953
4,1986,7986,-1.80060300339349,1.28060510080374
4,1987,7987,-2.17082981029776,2.22460456692246
4,1988,7988,-1.84075376921466,1.85379331056162
4,1989,7989,-2.16529468246502,2.00556417689737
4,1990,7990,-1.88212333799159,2.06774918515701
4,1991,7991,-1.8388636529096,1.3059899385543
4,1992,7992,-2.12789152830451,1.81654564036606
4,1993,7993,-3.71024023798337,1.85631682928708
4,1994,7994,-2.37431501872382,1.34098784051386
4,1995,7995,-3.36751964032605,1.55525845484632
4,1996,7996,-2.0708490903719,1.86605260679312
4,1997,7997,-2.18745719537715,2.04589808858796
4,1998,7998,-3.0494768455003,1.99701157131958
4,1999,7999,-2.53454256556228,2.84510605249904
4,2000,8000,-1.7928969112831,2.78613185068686
