".chain",".iteration",".draw","b_Intercept","sd_author_year__Intercept"
1,1,1,-1.51423766306132,2.42099464521318
1,2,2,-1.65544380033981,1.18608281640658
1,3,3,-3.66913869981056,2.34834217646747
1,4,4,-1.35937721872952,1.05358098166511
1,5,5,-1.37769579234468,1.26822638148027
1,6,6,-2.66913451946609,1.88757785995272
1,7,7,-2.39966952991132,1.52210415099657
1,8,8,-2.24764593303669,1.33451415901458
1,9,9,-1.34144672733532,1.5826829668702
1,10,10,-1.55337825376609,1.62810427554261
1,11,11,-1.99307647809145,2.48680235852946
1,12,12,-1.66210273989973,1.44769949398394
1,13,13,-1.62314652852569,1.15282721144171
1,14,14,-1.88573355838083,1.0762952019847
1,15,15,-2.41590300071054,1.73510926251198
1,16,16,-2.06430882521959,1.30479926108489
1,17,17,-2.51517281602407,1.50447112583786
1,18,18,-3.02536295705586,2.76848076144602
1,19,19,-3.13199623379008,2.06530576760258
1,20,20,-3.08164568118547,2.43477941298982
1,21,21,-2.32005470235759,1.8880262284023
1,22,22,-3.58045730801102,3.4814172435319
1,23,23,-2.75437411140157,2.86757706641037
1,24,24,-3.73394190482814,2.33832153179632
1,25,25,-3.88955915969677,2.25415410368547
1,26,26,-3.37136214955161,2.14282128874648
1,27,27,-2.90923900591155,1.6840520902046
1,28,28,-2.30192004998775,1.57647300031056
1,29,29,-0.91837989643813,2.58732668860958
1,30,30,-1.62624875029437,2.37061620414387
1,31,31,-1.86801137437908,2.33959943570944
1,32,32,-2.46569197526078,2.23787446658258
1,33,33,-2.47514215556183,1.24547227144086
1,34,34,-2.64736999038285,1.65759888276076
1,35,35,-3.56820351688286,1.89211295574638
1,36,36,-3.51557712026943,1.94427707954274
1,37,37,-3.16534107984386,1.660129296586
1,38,38,-2.89470629740452,1.32457586791932
1,39,39,-2.92543242252199,1.32632961798965
1,40,40,-3.25775223605468,1.86772687802453
1,41,41,-3.0508034543186,2.14692146702506
1,42,42,-3.08023213047663,1.93576124678704
1,43,43,-3.80460245634545,2.38119769123175
1,44,44,-3.66733859592494,3.47284613540245
1,45,45,-3.38623752748099,3.12139344921366
1,46,46,-2.67068065894523,2.0158554384092
1,47,47,-2.53635153379936,1.56454468334274
1,48,48,-2.69365612661626,1.65572557337353
1,49,49,-3.35224320634339,2.08127291159821
1,50,50,-2.62065118350475,1.96567757173676
1,51,51,-2.50227279764567,1.82317728659667
1,52,52,-2.45310958779493,1.89814720443963
1,53,53,-2.05325021449035,1.87650456562991
1,54,54,-2.39084380453551,1.99751245121897
1,55,55,-2.36674249763975,1.72697329653125
1,56,56,-2.08839868519788,1.20507420583024
1,57,57,-1.51939007651336,1.43312496625928
1,58,58,-1.46772019039687,1.96476081951148
1,59,59,-1.37289360958165,2.15665426812159
1,60,60,-2.2093075164656,1.91556663222216
1,61,61,-1.31575564102023,3.41874532664223
1,62,62,-1.44054387513451,2.01578074357661
1,63,63,-1.38180083272977,1.98210433967822
1,64,64,-1.51355538026924,1.68695669403125
1,65,65,-1.48465342727567,1.84197325309951
1,66,66,-0.735291940129085,1.65952992915407
1,67,67,-1.07699842755355,1.83687704240073
1,68,68,-1.24309044965176,1.34780003933748
1,69,69,-2.27326324035097,1.85949756453618
1,70,70,-2.21219058077695,2.24052072056251
1,71,71,-2.65011044138303,2.06296028272064
1,72,72,-2.9483140820551,2.11151914244395
1,73,73,-2.20686289837553,1.98508740316789
1,74,74,-1.39227193648879,1.68101086555606
1,75,75,-2.03002867029863,1.37485981263403
1,76,76,-1.38794127538999,1.0474692626599
1,77,77,-1.88826968706246,1.59611967366179
1,78,78,-1.58117529343665,1.48889939034851
1,79,79,-1.65948696424362,1.38816446829289
1,80,80,-1.84205220825984,1.46284024694471
1,81,81,-1.68955651027376,1.49307813170747
1,82,82,-1.79745793278513,1.29827980452796
1,83,83,-1.26373160181646,1.60267567076925
1,84,84,-2.65109813887152,1.78267704997348
1,85,85,-2.39932273070052,1.90240275401275
1,86,86,-2.69907335965025,2.96986567990336
1,87,87,-1.28596389473259,2.16703300658125
1,88,88,-1.37673628725023,2.50334229849366
1,89,89,-2.00670868217086,2.32763842423838
1,90,90,-1.82108730897756,2.36410342743461
1,91,91,-1.85624570167046,2.23954775048157
1,92,92,-1.8754295508857,2.32338099510055
1,93,93,-1.81574511185615,1.83985689141329
1,94,94,-1.67647951078703,1.74270605917063
1,95,95,-1.74048964216605,1.96092852285557
1,96,96,-2.2072576956086,3.8274897700656
1,97,97,-2.30334315180771,1.7895128868257
1,98,98,-2.4735443088835,2.04506311483937
1,99,99,-2.70280892115504,2.21054603585347
1,100,100,-2.58161841416696,2.14110776440917
1,101,101,-2.19649273730569,1.82867028202952
1,102,102,-2.90768117501424,1.78329487037505
1,103,103,-2.88127628012615,1.82486012580695
1,104,104,-3.02081837508231,2.08078850687036
1,105,105,-2.34843108460509,2.71176811016114
1,106,106,-1.5039962673884,1.42756290878565
1,107,107,-1.68188564581174,3.02163942313925
1,108,108,-0.869868861441702,2.01092627939752
1,109,109,-2.31743118690482,2.12331308822158
1,110,110,-2.31203060454072,2.12524012955728
1,111,111,-2.12796175431323,1.7111036124214
1,112,112,-2.8142709328811,2.40020332962019
1,113,113,-2.62406096075968,2.46529609428403
1,114,114,-2.42131626198051,2.37654073599637
1,115,115,-2.34831038882137,2.54668724877899
1,116,116,-2.10376651888876,1.08853673004624
1,117,117,-2.0710564095875,1.20877229483551
1,118,118,-1.25634860055062,1.70871075944614
1,119,119,-1.3633416348967,1.08449473822157
1,120,120,-1.27362342782797,1.47617686737388
1,121,121,-4.16409743104356,1.79677702505679
1,122,122,-4.0456317187937,1.79205727204927
1,123,123,-2.42378182175943,1.56049379113162
1,124,124,-3.34010982122253,1.52303228122221
1,125,125,-1.83989871085493,1.17156663681651
1,126,126,-1.82614727150536,1.23361900765056
1,127,127,-2.00029472502268,1.52034563755413
1,128,128,-2.36823209276859,1.76410620463342
1,129,129,-1.83526333341124,1.91555161797531
1,130,130,-1.79533546217088,1.4660627369835
1,131,131,-2.59415051611779,2.51953583990074
1,132,132,-3.06366335657979,1.91721570789396
1,133,133,-2.04459792786267,2.36092989431923
1,134,134,-2.54736018831049,2.04678953264445
1,135,135,-2.65703194048449,2.38790826187405
1,136,136,-2.09617763713114,1.78246313018284
1,137,137,-2.80621893165144,2.34658831233074
1,138,138,-3.18387936991815,2.01170013687155
1,139,139,-2.9204301618298,2.56268421948659
1,140,140,-3.71389776064257,1.93723120822262
1,141,141,-2.78042906324567,2.11478457228755
1,142,142,-1.65264777402752,1.27648340637139
1,143,143,-0.974101121731359,2.12538196010861
1,144,144,-1.49179320057294,2.02119835359066
1,145,145,-2.13607757886652,3.39441486038078
1,146,146,-1.92709844276367,2.40785000518436
1,147,147,-2.0337821283419,2.61745366217915
1,148,148,-2.56198321026624,1.92317931064718
1,149,149,-2.15362131592041,2.81180924976237
1,150,150,-1.40338692682219,1.77614677429877
1,151,151,-3.41234747663039,1.43130420811642
1,152,152,-2.1967013750271,1.6076505277607
1,153,153,-2.05368227045673,1.66411916159491
1,154,154,-2.06355556094494,1.82908957578461
1,155,155,-1.725715195991,3.2957271837403
1,156,156,-2.01666507293906,1.49746925118918
1,157,157,-2.13585181492343,2.22460560050348
1,158,158,-2.09178164768779,1.42275074551364
1,159,159,-1.6219486940033,1.67706971540482
1,160,160,-2.22875335196074,1.52473059366055
1,161,161,-3.31625250642773,2.16963118768064
1,162,162,-2.93328869708901,1.847243514619
1,163,163,-2.50174298877542,1.37783570376726
1,164,164,-2.32305462958133,1.16374455545747
1,165,165,-3.0604520060804,2.32114812829419
1,166,166,-2.21007114645737,1.6368818190772
1,167,167,-3.59103868326988,2.77665844980352
1,168,168,-2.94548509527803,1.77735629586096
1,169,169,-2.23627147087997,1.68650192315376
1,170,170,-2.68325017243981,1.84005561134815
1,171,171,-1.92421314567834,1.70043441257255
1,172,172,-2.54084731380791,2.06962690444329
1,173,173,-2.47785180588019,2.24517174429266
1,174,174,-2.34797055943752,1.98296155171605
1,175,175,-2.56930644773776,2.02433887874836
1,176,176,-2.41134869645374,2.63686799101723
1,177,177,-2.0125273024334,1.3965962286682
1,178,178,-2.14811878212329,1.45700143459984
1,179,179,-2.93709549985088,1.7839314427761
1,180,180,-2.53823968736638,1.55301125150324
1,181,181,-2.08962140620071,1.78278788662096
1,182,182,-2.14103192642891,1.73166461513918
1,183,183,-1.17695876373361,1.70670675928769
1,184,184,-2.30393601844954,1.32415381819893
1,185,185,-2.84581173462567,1.74850508965429
1,186,186,-2.62458178431341,2.03052173767387
1,187,187,-1.44687202529693,2.17949085598544
1,188,188,-1.95744622617698,2.02612832834745
1,189,189,-1.48311605941959,1.37922560393628
1,190,190,-1.86391119115512,1.92779960897854
1,191,191,-2.37397483564431,1.85463282080806
1,192,192,-2.51269224970955,2.22518961730883
1,193,193,-1.67130507263835,1.56812215546239
1,194,194,-1.72012425481374,1.60914262778697
1,195,195,-1.60352919017332,1.45275491197931
1,196,196,-2.18729788848352,1.84023666857514
1,197,197,-2.2543394400522,1.83973269742672
1,198,198,-2.43818496339401,1.79667806533707
1,199,199,-1.72737922076893,1.91133872107399
1,200,200,-2.12741985050627,1.96341223993972
1,201,201,-1.88655661993669,1.97372370031965
1,202,202,-1.93330848274561,2.29850994587299
1,203,203,-2.01327014213686,2.71195212592915
1,204,204,-1.29019395724618,2.65109505566713
1,205,205,-1.88342894500165,2.89976186317641
1,206,206,-1.90766448636783,2.63605797660426
1,207,207,-2.55767774285275,2.48758517463385
1,208,208,-3.27729190498177,2.66676864926392
1,209,209,-3.35242882901777,2.5408465610467
1,210,210,-2.37664202059213,1.28399828376137
1,211,211,-3.08829894805522,2.54470474073512
1,212,212,-3.03789730693004,2.58812740153505
1,213,213,-1.95848975138467,1.86369507866125
1,214,214,-2.25259832043047,1.5524092730036
1,215,215,-2.22183030994048,1.3724640168549
1,216,216,-1.97308001961768,1.14497919954258
1,217,217,-1.53173076798885,1.03826972326073
1,218,218,-2.38787142776868,1.85654795153295
1,219,219,-2.06098260867097,2.61895065480304
1,220,220,-2.08678589922522,1.65344393744909
1,221,221,-3.50375123867161,1.87341683078604
1,222,222,-2.33278547331814,2.54145685140968
1,223,223,-2.03534489736908,1.90000196107766
1,224,224,-2.00637315702405,2.51686657224177
1,225,225,-1.35342644175578,1.91703760785167
1,226,226,-2.64359558192695,1.71248321951621
1,227,227,-2.34737585882795,2.42648201988002
1,228,228,-2.60464402566934,2.29821060570065
1,229,229,-1.50482160799112,1.6685336555182
1,230,230,-2.83247932102012,2.16341154355425
1,231,231,-2.5940466527172,1.60473254743944
1,232,232,-1.93330921859258,2.30694247311132
1,233,233,-2.36937184324261,2.79220714458675
1,234,234,-2.40651542780141,2.92841275568847
1,235,235,-1.98890462330395,1.56240826772465
1,236,236,-1.7784970459359,1.45932973316733
1,237,237,-2.85677474627421,2.44260401766735
1,238,238,-2.69143951105389,1.85074677427205
1,239,239,-2.92012442027406,1.36415460263323
1,240,240,-2.68206128087212,1.04037740400924
1,241,241,-2.21853092716431,1.10017077510947
1,242,242,-3.082420276899,2.1843654700041
1,243,243,-3.19393977971746,2.13378049010266
1,244,244,-1.79758920355676,2.42265883630336
1,245,245,-1.25400900493304,1.76211952338652
1,246,246,-1.08322878600238,2.22532896415087
1,247,247,-1.33147423478967,2.08795025902237
1,248,248,-1.25146824757882,2.08301031683458
1,249,249,-1.68482314416128,3.35224080627647
1,250,250,-1.52158303385323,1.83131915940898
1,251,251,-1.82587197028568,1.14935217475112
1,252,252,-2.25873239075251,2.22538648128406
1,253,253,-3.31335811872164,1.44480472607551
1,254,254,-2.6801309555886,1.6677539499176
1,255,255,-2.29509976970156,1.46551270039382
1,256,256,-2.07100789512018,1.84157474544896
1,257,257,-2.11647863937777,1.30572752071404
1,258,258,-2.77963869175075,1.55186126762726
1,259,259,-2.74523624417055,1.43286966175334
1,260,260,-2.24334989974938,1.8027302424385
1,261,261,-2.31095968984621,1.63414647600646
1,262,262,-2.88711746957173,1.72900918630409
1,263,263,-2.40000269176968,1.36058051411244
1,264,264,-2.70090772254536,1.93876331811233
1,265,265,-2.09058365736601,1.35212262585589
1,266,266,-2.31825933912906,1.02560040692871
1,267,267,-2.38344114546966,1.03447916044285
1,268,268,-1.5346920665918,0.798822443794049
1,269,269,-1.8936160257624,0.79557300377621
1,270,270,-2.01722492386483,1.60847763387474
1,271,271,-2.81569993768549,1.9039889120726
1,272,272,-2.13455666602549,2.70655752105711
1,273,273,-1.50370999835907,1.78791894504573
1,274,274,-2.59900105613861,1.60532918717194
1,275,275,-1.61561691332117,1.19547861377133
1,276,276,-1.68652536922265,1.17257424873761
1,277,277,-1.92265830357353,1.29560239584552
1,278,278,-1.80086827847593,1.68379395729394
1,279,279,-1.37106019887512,1.13705752321877
1,280,280,0.0741383698031495,2.61102704472259
1,281,281,-0.796369087722668,3.09503669439133
1,282,282,-0.0361577028635198,2.00278332057281
1,283,283,-1.97246777245218,1.91607213924126
1,284,284,-1.43516839316714,1.46903007645181
1,285,285,-2.27259892734701,2.05794452887518
1,286,286,-0.858966529858739,0.966470590880211
1,287,287,-1.89800105622823,1.28010782764774
1,288,288,-1.50550892565074,1.46497667560467
1,289,289,-2.51050932945861,1.41251307941918
1,290,290,-2.37825197541698,1.18530771907471
1,291,291,-2.58002204067155,1.79832600425536
1,292,292,-2.17980416205216,2.2986633013815
1,293,293,-2.21802408165518,2.38736662385689
1,294,294,-2.6834306996841,1.37663725737234
1,295,295,-2.11925852153029,1.27922140557677
1,296,296,-2.20862464147409,1.09231624213129
1,297,297,-2.22829916294882,3.10137047689813
1,298,298,-2.35014246697586,1.97750056883419
1,299,299,-2.36980030225138,2.02728066756411
1,300,300,-2.67027055812596,1.84419620160811
1,301,301,-1.90019577218823,1.70627100545246
1,302,302,-1.89925592955013,1.40734972599414
1,303,303,-1.69197145373862,1.00836644606526
1,304,304,-2.25501847357251,1.26508982110797
1,305,305,-2.4234324908884,1.19984920097955
1,306,306,-2.61081900304729,1.45203829546122
1,307,307,-3.0492820717214,1.6154799522814
1,308,308,-3.62123006803164,1.77795463054756
1,309,309,-2.88268456670985,1.70877353722341
1,310,310,-2.5076283437931,1.32467601819542
1,311,311,-1.84881141252647,1.71440340033034
1,312,312,-2.27499732872383,1.78116963678413
1,313,313,-1.71037640761086,1.68924610222133
1,314,314,-1.24802706379894,2.31816292838042
1,315,315,-1.61034676342946,1.38238957475907
1,316,316,-1.23999860592778,1.38018757300687
1,317,317,-0.925005948473759,1.6973456303527
1,318,318,-1.04049307497476,2.26367631453505
1,319,319,-2.90379807641517,2.04669278829724
1,320,320,-2.57262432202364,2.07677139632779
1,321,321,-3.17740801629291,1.55707431837538
1,322,322,-2.08577981127117,1.06801911543194
1,323,323,-2.8957897397829,1.85563887895588
1,324,324,-2.83779975194913,1.69415752379728
1,325,325,-2.91741426605754,1.75694069584777
1,326,326,-2.49713078342303,1.48880548191955
1,327,327,-2.55722675348052,1.59056897501825
1,328,328,-2.64031232339419,2.46542202960295
1,329,329,-2.76554058359911,2.2543885080238
1,330,330,-2.83070473098457,1.75916444516216
1,331,331,-3.62395911337139,2.0144008464102
1,332,332,-2.79990713239009,1.75588858773816
1,333,333,-2.47073275901621,1.2508739530047
1,334,334,-2.02445709490041,1.59446849812951
1,335,335,-1.7105381141831,2.176375350425
1,336,336,-1.92188600032776,1.95053129414224
1,337,337,-2.13802285698774,1.42809525946781
1,338,338,-1.72610381742272,1.82638775788514
1,339,339,-1.29860868863638,1.28082729869938
1,340,340,-1.2330484652019,1.31357443174902
1,341,341,-1.67521778131634,1.28468944734451
1,342,342,-1.70832371686971,1.34516265100447
1,343,343,-2.10085965298482,1.28409632208717
1,344,344,-1.91729189169075,1.16632236385931
1,345,345,-2.22658970575822,1.73555245575449
1,346,346,-1.18797465836879,1.29648318066261
1,347,347,-1.16487074771046,1.98653959399098
1,348,348,-2.69409272804402,1.69082522228946
1,349,349,-3.02357226800188,2.62326043271162
1,350,350,-2.19570929490681,1.39750615049727
1,351,351,-2.61421803396599,1.44210989939463
1,352,352,-2.77350841225766,1.42554102084898
1,353,353,-2.52184983891879,2.51022180184705
1,354,354,-2.72827164067217,1.7362563525453
1,355,355,-3.06395202987894,2.63301401642852
1,356,356,-2.31572049699327,1.61486125716129
1,357,357,-2.69430233445945,2.14164187662565
1,358,358,-3.17312628930203,2.70620641039212
1,359,359,-3.07005635383735,1.54250248736581
1,360,360,-3.25238094489063,1.55141105790374
1,361,361,-3.18326251558224,1.5312258242095
1,362,362,-2.61823291641944,1.54853143893955
1,363,363,-2.85709589418209,1.98119770286288
1,364,364,-1.88707714904932,2.1631679268535
1,365,365,-2.15476124269282,2.24973266609505
1,366,366,-1.93410461821061,1.1226293101206
1,367,367,-2.35478061007565,1.44558099570147
1,368,368,-2.15996958713207,1.16709357157829
1,369,369,-2.6252479524386,1.43870147401899
1,370,370,-2.7881734137474,1.42069469227419
1,371,371,-3.39295655598673,1.99379193296415
1,372,372,-2.51396574358834,2.49901176432459
1,373,373,-2.08728688161369,1.47765311235651
1,374,374,-2.30459152069414,1.81428092955199
1,375,375,-2.22738821674094,1.94067832771023
1,376,376,-2.18874293929698,1.56309251588919
1,377,377,-2.06668119258717,1.6360813597993
1,378,378,-2.50282239245428,1.22724396330442
1,379,379,-2.71576712250138,2.27703569769466
1,380,380,-2.9269562879243,2.75271016530392
1,381,381,-2.49029461313007,2.28052192282232
1,382,382,-1.64873491803369,1.80086436566645
1,383,383,-1.70141609410997,1.69682988564013
1,384,384,-1.80978488123587,1.39710249658374
1,385,385,-1.59065398441891,2.05918758749583
1,386,386,-1.52436945141976,1.51045638429734
1,387,387,-1.57426638882032,1.62452402311171
1,388,388,-1.11906888327922,1.97343650164346
1,389,389,-1.32653446275519,1.84830337638285
1,390,390,-1.41541215271503,1.68365176226562
1,391,391,-1.52438527378437,2.57682459578773
1,392,392,-1.53814664846753,3.04979303071144
1,393,393,-2.15331151196536,1.58305130459165
1,394,394,-2.96356706319076,2.6367390826176
1,395,395,-2.25332178732404,3.43618162003019
1,396,396,-1.84349721644466,1.16779316939889
1,397,397,-1.86341769917443,1.5386920047879
1,398,398,-2.18410625902513,1.5463480353668
1,399,399,-2.28681932119796,1.6550922806554
1,400,400,-2.09922022949488,2.23570213753336
1,401,401,-1.87597202739323,1.99478191467428
1,402,402,-1.44644847470889,1.79719861429827
1,403,403,-2.18483112880556,2.38886223648123
1,404,404,-2.32560329060371,2.51239961802537
1,405,405,-3.16047222181723,3.6354128587346
1,406,406,-2.93745499629317,2.4385047389469
1,407,407,-2.6151253279546,2.00436873158925
1,408,408,-2.92190252460948,2.03474679903786
1,409,409,-2.48775053033539,1.52856798145229
1,410,410,-2.70342092921738,1.90260902698931
1,411,411,-3.16618049774895,1.76595841882997
1,412,412,-1.83697824802593,1.65818176619518
1,413,413,-2.19215961478499,1.74549983303878
1,414,414,-2.08303689461445,1.95904204116858
1,415,415,-1.93811595272318,2.42271208804851
1,416,416,-1.76787969971485,2.54915123857236
1,417,417,-2.39429023659594,1.63244515310002
1,418,418,-1.82630379249023,2.45582074792005
1,419,419,-2.10722021466841,1.49404018396631
1,420,420,-1.88713505519552,2.27774688278056
1,421,421,-2.94293731760312,2.35879258064957
1,422,422,-2.11897300485571,2.35697300228216
1,423,423,-1.9617355848538,1.83687405158363
1,424,424,-2.58651897617373,1.86789871490817
1,425,425,-2.25207053036682,1.17900737095055
1,426,426,-2.48660545336553,1.40931874279136
1,427,427,-2.59169932513797,1.79921511523798
1,428,428,-2.9519480146822,1.72332599168402
1,429,429,-2.00892888791032,1.26358024801098
1,430,430,-1.91984506111423,1.34987852863912
1,431,431,-2.22213867138309,1.57747200775386
1,432,432,-1.75340769060502,2.65541027724224
1,433,433,-1.61520918633818,1.62266923580663
1,434,434,-2.41012553833272,2.66046086910362
1,435,435,-2.52168738658691,1.82756337776719
1,436,436,-1.78853813876764,1.5795059371958
1,437,437,-2.28453585799882,1.76981367636523
1,438,438,-1.37377887182246,1.60291160313951
1,439,439,-1.85957332650172,1.33769574769085
1,440,440,-3.06863980710605,1.74706863747541
1,441,441,-2.92026680338139,2.53397074557239
1,442,442,-2.22875709771482,1.04184599183335
1,443,443,-1.79516206711096,2.08806918066788
1,444,444,-1.695810761772,2.00095902303136
1,445,445,-1.94464262273808,1.93184576444444
1,446,446,-2.0161980154731,1.47071042124668
1,447,447,-2.31605578489754,1.84681344471572
1,448,448,-2.16642093092894,1.12332617103437
1,449,449,-1.68103257741589,0.997748586106116
1,450,450,-2.08550171700452,1.22382308988998
1,451,451,-2.46849153227167,1.24519777540836
1,452,452,-2.08432179768589,1.05654082277018
1,453,453,-2.44913442736483,2.02236480524642
1,454,454,-2.65487545637152,1.67950485297699
1,455,455,-2.82545436041372,2.49859477323756
1,456,456,-1.69660525897344,2.29462139225115
1,457,457,-1.13661485946398,2.22765198524894
1,458,458,-1.25891886157389,2.50837249826355
1,459,459,-0.911431557684936,1.53504371730159
1,460,460,-1.43763031448218,1.93485561449695
1,461,461,-0.660887299561996,1.715542449571
1,462,462,-0.941280792332126,2.18870188195865
1,463,463,-2.90536839506171,2.52870667391897
1,464,464,-2.98865523410433,2.983915398168
1,465,465,-2.06010381358008,2.31353783229477
1,466,466,-3.0763616772144,1.63532702091453
1,467,467,-2.64634538035805,1.90849819674505
1,468,468,-2.24487210734165,1.64671252276408
1,469,469,-2.2782319615366,1.26681071086734
1,470,470,-2.19409273073327,1.40079098337265
1,471,471,-1.97055734813715,1.97169078670736
1,472,472,-2.25642569868531,2.06823083931317
1,473,473,-2.94133807977658,1.27320071253945
1,474,474,-2.18786527006384,1.48191533263459
1,475,475,-3.25693388602993,1.58705261480206
1,476,476,-3.15207914032914,1.35632514643122
1,477,477,-1.9386634808045,1.21373666782939
1,478,478,-2.52102534428597,1.14410940642259
1,479,479,-2.22939417864284,1.70158508880202
1,480,480,-2.95233511086303,1.55904612104892
1,481,481,-2.96585712048756,1.4244539691447
1,482,482,-2.42553825680987,1.52545417475682
1,483,483,-3.09348921695624,1.87858673441198
1,484,484,-2.24887863952222,2.05613594020466
1,485,485,-1.80326947747574,1.06717914073788
1,486,486,-1.82072152372581,0.887110021902153
1,487,487,-2.88802766695149,2.31811914506839
1,488,488,-1.92643915919663,1.04881800327328
1,489,489,-2.28973729184437,2.05934057104144
1,490,490,-1.82977230383158,1.92391002877619
1,491,491,-2.37715217641167,1.72646024313726
1,492,492,-2.40609251762589,1.94752205640628
1,493,493,-2.85178489277806,1.84794418034516
1,494,494,-2.77299812108303,1.83841093655999
1,495,495,-2.88360793008089,1.541552905609
1,496,496,-2.83247775186964,1.29063960410198
1,497,497,-2.88334290346661,1.60050833142151
1,498,498,-2.75696191466774,1.43047784169569
1,499,499,-2.67530330620997,1.95445266191344
1,500,500,-2.18544569239336,1.45887617661376
1,501,501,-3.11665159774144,1.88229976180563
1,502,502,-2.80125882207813,1.24459893270243
1,503,503,-3.18558978095212,3.05029063879981
1,504,504,-3.31168913374018,2.83456066584807
1,505,505,-2.96174972017585,1.96654939193868
1,506,506,-2.77551082868926,2.08774971086027
1,507,507,-3.28555428980963,1.78184881050445
1,508,508,-2.04158371230669,1.25983749427613
1,509,509,-2.20295287756699,1.33451337721868
1,510,510,-2.023834593913,1.50222719643397
1,511,511,-1.98176583859158,1.49304367286561
1,512,512,-1.74693648266101,1.41514126921368
1,513,513,-1.47189252045789,1.12064165452427
1,514,514,-1.58280040104133,1.80184158877439
1,515,515,-1.46428772268842,2.04348383960558
1,516,516,-0.838233218183058,2.18882854907302
1,517,517,-0.87585853747318,1.71466138800567
1,518,518,-1.12859933818606,2.68256763301727
1,519,519,-1.34295610861738,2.32168894730556
1,520,520,-2.32539515894671,2.39918716777328
1,521,521,-2.45207536718557,2.59859110192241
1,522,522,-1.5564797893429,2.09837941311978
1,523,523,-1.77496811852864,2.00351533409359
1,524,524,-2.81878042982769,2.13683345274264
1,525,525,-2.00056295734279,1.07634802797995
1,526,526,-2.50926999158816,2.38487954264199
1,527,527,-2.41915490277817,2.09159855495221
1,528,528,-1.34928248586055,1.06677036120102
1,529,529,-2.00477953000055,1.86257115530462
1,530,530,-1.48405776007414,1.1074087934984
1,531,531,-1.72092103999643,1.47852626006236
1,532,532,-2.02895147602694,1.69963561043531
1,533,533,-2.00385985160891,2.09094567230984
1,534,534,-1.9760476901817,1.41821606104988
1,535,535,-2.30270426258678,1.70079291508313
1,536,536,-1.88275337990392,1.74753760575344
1,537,537,-1.93531673469777,1.43815891396347
1,538,538,-1.87001039104151,2.21968568502882
1,539,539,-0.958626054069903,2.20015044562109
1,540,540,-1.05246152074891,2.64035938196061
1,541,541,-2.31448954493114,1.12196696796834
1,542,542,-2.81944654180695,1.31211806529604
1,543,543,-2.8448950898483,1.3110300120237
1,544,544,-2.33324324767772,1.65329854260241
1,545,545,-1.52866817700414,3.21324190287392
1,546,546,-1.98082051914059,2.33686881763878
1,547,547,-2.8790075262308,3.30699902198299
1,548,548,-2.71475311040361,1.63830058166888
1,549,549,-2.87167310082614,1.89260986833011
1,550,550,-2.80592502605494,2.13487300927099
1,551,551,-2.7478958862165,2.77864840866728
1,552,552,-3.11159135650939,1.82463394560196
1,553,553,-2.12826853442287,1.37644516585067
1,554,554,-1.98312370159004,1.37362312330116
1,555,555,-2.68207692815621,1.28882718509364
1,556,556,-1.9540493129474,1.84605310375494
1,557,557,-2.96177431754243,2.00732912975429
1,558,558,-2.22026804845775,2.11893944998587
1,559,559,-2.95883864720289,1.7093179881581
1,560,560,-2.90534375809557,1.66123608117281
1,561,561,-3.14032501819468,2.05863374880747
1,562,562,-2.91902346148936,2.07898537626216
1,563,563,-2.72014231318595,1.61026169230675
1,564,564,-2.32164078043089,1.37507303628171
1,565,565,-3.60217770859041,2.07954057654388
1,566,566,-3.13514763827864,2.04673100029665
1,567,567,-3.15840442103105,1.36096594127284
1,568,568,-2.63664195814891,0.958217949397946
1,569,569,-2.79388311080555,1.50722948877516
1,570,570,-2.4070189877485,1.12538866080582
1,571,571,-2.32342381101926,1.15308114457933
1,572,572,-2.09653901504092,1.55108411620839
1,573,573,-2.21997875770716,1.45686844578899
1,574,574,-1.6765443952932,1.31895673306527
1,575,575,-1.7052502975458,1.58165625746596
1,576,576,-1.82538096794858,1.26837225772013
1,577,577,-1.82373191267526,1.62217811312559
1,578,578,-2.11927470403641,2.25563635145077
1,579,579,-1.67893376975845,2.4677279576873
1,580,580,-1.71111555409918,2.45826090536072
1,581,581,-2.64015847639475,2.78466468808661
1,582,582,-2.27097768208749,1.77727948255219
1,583,583,-3.58909061614031,1.59506529483754
1,584,584,-2.36527611200295,1.00082751713708
1,585,585,-3.1652690546355,1.78530884905302
1,586,586,-2.9140232095718,1.35933989363174
1,587,587,-3.34202241040453,1.51489152551692
1,588,588,-1.91965118044126,2.22461229324769
1,589,589,-2.37066307556791,2.38772723180187
1,590,590,-1.98053677685026,1.89636990266319
1,591,591,-2.01792448558247,2.64267315885476
1,592,592,-2.21119890834744,2.8916314171268
1,593,593,-2.24668458039269,3.36887469067101
1,594,594,-3.39285660557777,2.87554330210219
1,595,595,-2.26334962159147,2.13598430060105
1,596,596,-3.32414547578783,2.1901987898719
1,597,597,-2.80881693538761,2.6607082130307
1,598,598,-2.74491217682507,2.22602408733161
1,599,599,-2.38595023095359,2.08449549781184
1,600,600,-3.00413977931926,1.95988064478762
1,601,601,-2.22564601273364,1.49025870879905
1,602,602,-2.96656963924868,1.7945288651777
1,603,603,-2.91701481685223,1.67640546030194
1,604,604,-2.21044192313944,1.6300658182594
1,605,605,-2.72962812198283,1.73433956356174
1,606,606,-2.74414854868066,1.94587714406775
1,607,607,-2.42026050406126,1.71111720070136
1,608,608,-2.89726451595956,1.71316411164051
1,609,609,-2.92976467269976,1.62605387454585
1,610,610,-2.19851539083068,1.38146064437249
1,611,611,-2.26108444516306,1.42113139211058
1,612,612,-2.25020921657856,1.69361832758179
1,613,613,-2.63042698494065,1.9198292947155
1,614,614,-2.40881139358114,1.39744547245717
1,615,615,-1.32007130899209,1.95153984081877
1,616,616,-1.26467560660349,1.42564355429321
1,617,617,-2.04790968922772,1.91687631052045
1,618,618,-1.45628215266085,1.62309106658989
1,619,619,-1.9796153660389,1.50440056877943
1,620,620,-1.71278422678138,1.67827187075209
1,621,621,-2.1376250589809,1.70507395107425
1,622,622,-1.64794413209561,1.50666595555625
1,623,623,-1.61397209094736,1.01214820162193
1,624,624,-1.98697531903098,1.30904371314204
1,625,625,-1.69420387882137,1.38291828030601
1,626,626,-1.89337491008329,1.40032062971264
1,627,627,-1.98913364191285,1.62418489880069
1,628,628,-1.3741825488929,1.69148324488945
1,629,629,-2.08875638402175,1.34427201231234
1,630,630,-1.37874710680279,1.73021583919075
1,631,631,-1.25550456838572,1.83789246267679
1,632,632,-1.37023053050924,1.7503425330422
1,633,633,-1.39620736930809,2.28230713617034
1,634,634,-1.30755455288474,2.17571118702931
1,635,635,-1.61465927612795,1.65774500048258
1,636,636,-2.10189108217148,1.54806967737706
1,637,637,-2.26662682515019,1.52833216570579
1,638,638,-1.96937176086279,1.71835380337762
1,639,639,-2.2814992286949,1.38448420404811
1,640,640,-2.60218299035229,2.05452551820766
1,641,641,-3.094889831566,2.08341239700551
1,642,642,-2.22275803962216,1.99248668637999
1,643,643,-2.66374735730779,2.51583631975278
1,644,644,-2.22637391891892,1.24120749918253
1,645,645,-2.09622707835373,1.21127837479131
1,646,646,-2.53843553434805,1.07581543113439
1,647,647,-3.39973402526842,1.58106143165359
1,648,648,-3.04633394866066,1.49271444035983
1,649,649,-3.47095141418433,1.53850693464089
1,650,650,-2.64311447576176,1.20310392893778
1,651,651,-3.06866777993922,1.23433349803135
1,652,652,-2.29155326729743,2.2105140663406
1,653,653,-2.22283180716512,2.37876002970438
1,654,654,-1.49658731257125,2.64875910443281
1,655,655,-1.47399575130319,2.44813369001413
1,656,656,-1.52167251456568,2.16175297604335
1,657,657,-2.51273718809494,1.46516578813207
1,658,658,-3.32209784717367,2.25583231329583
1,659,659,-3.47529786010333,2.43166114106133
1,660,660,-1.96450167435851,2.11267917125778
1,661,661,-1.70501302671646,2.04689075676747
1,662,662,-1.56292395383554,2.27222144412007
1,663,663,-2.2427098554643,1.63529537428743
1,664,664,-0.981723934933126,2.24296944577346
1,665,665,-1.16812457079863,2.88465037164466
1,666,666,-1.13808196312084,3.38927643074739
1,667,667,-3.09372821702353,1.13936498644799
1,668,668,-2.72941568149084,3.38753292308874
1,669,669,-1.81258459916896,1.41082364740891
1,670,670,-1.59735132790016,1.22929824666104
1,671,671,-2.74738065586497,1.58052723041952
1,672,672,-2.56468391573452,1.48366197826757
1,673,673,-2.62431244845172,1.76611288126322
1,674,674,-1.88440398922363,0.999169795666773
1,675,675,-2.79398992603358,1.63624887419182
1,676,676,-2.20764790119367,1.44408866756371
1,677,677,-2.48550401565949,1.34230482435834
1,678,678,-3.26457642024791,1.85121413592127
1,679,679,-2.09616669127709,1.33335314943958
1,680,680,-2.42842835300697,0.913331708608386
1,681,681,-2.55669011821088,1.35787245813113
1,682,682,-2.66116562388203,1.77171779471929
1,683,683,-2.05730707542795,1.94784841376744
1,684,684,-1.58436587431696,1.4343291200184
1,685,685,-3.10539730276156,2.4411702783689
1,686,686,-2.53178425559791,1.53106471492482
1,687,687,-2.64891490931917,1.27099072523305
1,688,688,-2.76433808482895,1.47608271331795
1,689,689,-2.65650932836648,1.51675043281568
1,690,690,-3.32027530517779,2.12894756491909
1,691,691,-3.30471853652571,2.21433268186106
1,692,692,-3.28014084692814,1.80542288431916
1,693,693,-2.78600806171554,3.55697618677179
1,694,694,-2.84741895816318,3.73990399494492
1,695,695,-1.90202301869425,1.48095251207369
1,696,696,-1.97932963003499,2.5273365684753
1,697,697,-3.03061004954649,1.3921116874891
1,698,698,-2.31110046082895,2.32259963945769
1,699,699,-2.88301499316588,1.55921036464324
1,700,700,-2.37781623154249,1.80010150708411
1,701,701,-2.83762567561071,1.76236455074382
1,702,702,-3.25118590808314,1.82922596032096
1,703,703,-2.9190376203256,1.81999996513479
1,704,704,-2.78537583247419,1.55936131936702
1,705,705,-3.11135098443558,1.99261809524063
1,706,706,-2.99983710831407,1.81402008710805
1,707,707,-2.35480577364255,1.91383438547403
1,708,708,-2.39049493943962,2.41671545651797
1,709,709,-1.68376361404637,1.26072445568984
1,710,710,-1.68117697605614,1.20259049652449
1,711,711,-1.96572272279112,1.32116096027746
1,712,712,-2.19919178753404,1.82460904510482
1,713,713,-1.45398499249689,1.41060088420536
1,714,714,-1.93874924167379,1.57843328696871
1,715,715,-2.21194602352819,1.69169064077174
1,716,716,-2.51728662711799,1.79785711320639
1,717,717,-2.15315540562209,1.33799588472294
1,718,718,-1.56889383088005,1.32393157687644
1,719,719,-2.21361329106536,2.6382724253216
1,720,720,-2.20159685076596,2.00509679405963
1,721,721,-1.93034058367963,1.7312661462962
1,722,722,-1.94076855531854,1.69750237176353
1,723,723,-2.01768686514834,2.63042185565879
1,724,724,-3.12841180284636,1.49963277692987
1,725,725,-3.52003937793344,2.21798927628049
1,726,726,-1.91661448527363,2.16743045919118
1,727,727,-2.04804022789591,1.65865175836407
1,728,728,-2.05013680442117,2.12443591340623
1,729,729,-1.33837007777592,2.25889145980895
1,730,730,-1.5616753112119,1.29062681445225
1,731,731,-1.77286552979691,1.95427203758255
1,732,732,-2.55832993001933,1.40518163551224
1,733,733,-1.95452486858146,1.44477238765844
1,734,734,-2.18980133758088,1.63212220093677
1,735,735,-2.40741214582241,1.37412310449976
1,736,736,-2.16533636358221,1.16659959857315
1,737,737,-2.13455191585891,1.53319524918363
1,738,738,-2.31839924940667,1.38096197442312
1,739,739,-3.53588008551634,2.11894861768738
1,740,740,-3.27339389334751,2.09086364743064
1,741,741,-2.54511014207806,1.50881480371765
1,742,742,-2.17175916701146,1.23045140913139
1,743,743,-1.98133444814366,1.28423098086472
1,744,744,-2.81581810509541,1.88979899079845
1,745,745,-2.42345828481691,1.72122147723813
1,746,746,-1.1561273942092,1.81310446829196
1,747,747,-1.96899230644207,1.21224356223477
1,748,748,-2.14792258006756,1.51812302523715
1,749,749,-1.84753882396613,1.27489645852719
1,750,750,-1.90201423505638,1.2144026920593
1,751,751,-1.85805537982136,1.10218478229223
1,752,752,-2.09670691460279,1.18359253865925
1,753,753,-2.91093003189738,1.47427917075126
1,754,754,-2.06369160712216,1.78713264097756
1,755,755,-2.66843126791512,1.13306537264673
1,756,756,-2.00505777344117,1.23046781214147
1,757,757,-2.14047649892403,1.66206253607761
1,758,758,-2.66738926791281,1.95763955121851
1,759,759,-2.52268405121561,1.69728988799202
1,760,760,-2.39355043772846,1.01246958766042
1,761,761,-3.52184722895135,1.9861671738694
1,762,762,-2.98766419042311,1.38955748048955
1,763,763,-2.988943102591,2.16570074387307
1,764,764,-3.24542343466215,1.65053158310518
1,765,765,-1.36428187750972,1.35454980056917
1,766,766,-2.55610170494335,1.0605617392065
1,767,767,-1.9578076036837,0.873280856381223
1,768,768,-2.61570545998757,1.3387111015937
1,769,769,-1.09015835907958,1.70358765476882
1,770,770,-1.322383444546,2.1678463869284
1,771,771,-1.43118748611686,1.52592449346518
1,772,772,-2.75780923724756,1.62860253417804
1,773,773,-2.08846051928832,1.06769409357895
1,774,774,-2.35093195357566,2.64273630158868
1,775,775,-2.73760894443131,2.63160185776488
1,776,776,-2.47893987876603,1.89797546301151
1,777,777,-2.83621231919098,2.34962433610688
1,778,778,-2.85867761144006,2.4176632858283
1,779,779,-2.79957727373159,1.76669470099476
1,780,780,-2.45536948645478,1.73650367042172
1,781,781,-2.46922590491052,1.67106893088537
1,782,782,-2.30715022184054,1.73566934468679
1,783,783,-2.50400047637919,2.2811950957657
1,784,784,-1.91603232254661,2.31358317303652
1,785,785,-1.90621457853521,2.78807189248282
1,786,786,-1.82904157155649,2.78300375704832
1,787,787,-2.1101297333819,1.58063618187838
1,788,788,-1.59121074108655,1.68731274141733
1,789,789,-2.31122546232383,2.05335239352611
1,790,790,-2.4974481039354,2.2490089604627
1,791,791,-2.27649260868134,2.33459990157892
1,792,792,-2.37163846285665,1.16548972359825
1,793,793,-2.24538030708824,0.964681807009752
1,794,794,-2.64453048600391,1.52729107696167
1,795,795,-3.50778007702019,1.46078163286996
1,796,796,-2.67132877147043,2.17969635221598
1,797,797,-2.40562027618059,1.24704806470982
1,798,798,-2.06567251213885,1.19903333197971
1,799,799,-3.35587746441247,2.15233115385942
1,800,800,-2.65655255156739,1.70431542856957
1,801,801,-1.82971881448595,1.49377003613433
1,802,802,-2.15412258624071,1.91482560680253
1,803,803,-2.30593431248336,1.97491231994841
1,804,804,-1.59905308788545,2.44870269671496
1,805,805,-2.06094965785813,2.10866856101662
1,806,806,-2.00996572380615,1.74240221819202
1,807,807,-2.90228568090597,1.64276735851378
1,808,808,-2.95990037149876,1.85667027172291
1,809,809,-1.12330223984311,3.0944741568711
1,810,810,-1.15009716305269,2.97240627116408
1,811,811,-1.21545507237079,3.07939864326793
1,812,812,-2.39117998370025,1.8572887371176
1,813,813,-2.31761957886291,1.90767766270844
1,814,814,-2.4249718445499,1.96789555464003
1,815,815,-2.62525509133762,2.27518138186001
1,816,816,-2.27645308951694,1.36974351193335
1,817,817,-2.25402476704708,1.75323736365801
1,818,818,-2.17045984723747,1.82593092894076
1,819,819,-1.65139645262376,1.7363329672015
1,820,820,-1.8179070784832,1.50551849471699
1,821,821,-2.06637615845927,1.7052858781215
1,822,822,-1.41209736604177,1.46741152836425
1,823,823,-1.467483752847,2.63413547267579
1,824,824,-1.14355684238937,2.54272003685493
1,825,825,-1.74751592427407,2.65068575711598
1,826,826,-1.47250243030449,2.46113137662176
1,827,827,-1.40924632236046,2.66983742849598
1,828,828,-1.43981273330379,2.83143075773944
1,829,829,-1.19475495458315,2.13029762707496
1,830,830,-1.33985691440731,2.66908272107239
1,831,831,-1.38960267194848,2.21241968324138
1,832,832,-2.22241796052613,2.39027446704238
1,833,833,-2.52220470013646,1.63665149533556
1,834,834,-2.37348683601955,1.76253533664975
1,835,835,-2.40008889971658,1.78905943924214
1,836,836,-1.87707798196422,1.75744399311392
1,837,837,-3.4110483113754,2.84101377288515
1,838,838,-3.33101982566644,3.06572270658903
1,839,839,-2.67934068323845,2.32860749922475
1,840,840,-1.75072724066219,2.39301165388125
1,841,841,-2.2365920071223,2.52369226532606
1,842,842,-1.59093402362837,2.01044890024241
1,843,843,-2.2161813140379,1.69744661275154
1,844,844,-2.04687289049168,1.31400675841365
1,845,845,-2.64476181757231,1.45662094972161
1,846,846,-1.66686082573638,1.65101842071286
1,847,847,-1.36259074942172,1.29487624962669
1,848,848,-2.01116553478035,1.4952464037012
1,849,849,-2.66036518762473,2.53286581282711
1,850,850,-3.48935594768471,2.40741820443903
1,851,851,-4.03567717962055,2.52654131962591
1,852,852,-4.09359015411265,2.69286048813203
1,853,853,-2.83619781779417,1.38214620961853
1,854,854,-3.35522566045646,2.20971397142607
1,855,855,-3.03804599863666,2.17451423184322
1,856,856,-2.92027867565068,1.8817875727149
1,857,857,-2.65238497163962,2.08166762963574
1,858,858,-2.29488053859021,1.7112832123425
1,859,859,-1.81968854825557,2.4541874337012
1,860,860,-1.93502247785013,2.32643663836624
1,861,861,-2.62453798123789,2.61222335003971
1,862,862,-2.14811224953571,2.14318210491957
1,863,863,-2.16650157622949,2.03343790525903
1,864,864,-1.97629829604522,1.93530704355655
1,865,865,-3.73859920464096,2.4837748663384
1,866,866,-3.80301110739812,2.51586041498502
1,867,867,-2.46380821286004,1.66271294770557
1,868,868,-3.47054831807626,2.63702229116249
1,869,869,-3.97195903281628,3.86026218136541
1,870,870,-3.76366637995412,4.19385065931074
1,871,871,-3.73952410403641,4.09486427771118
1,872,872,-2.3520612816017,1.55224981080364
1,873,873,-2.77757962648072,1.53816341811992
1,874,874,-2.40449361328313,1.86493664668054
1,875,875,-2.63208035188513,1.45026985305699
1,876,876,-2.47730887380585,1.81115315103704
1,877,877,-2.77822927289883,1.22383680456234
1,878,878,-2.96438745736555,1.65892713787174
1,879,879,-2.30763466099241,1.1874465615253
1,880,880,-1.5801816893794,3.05352497273247
1,881,881,-1.00202080996319,1.09084170481441
1,882,882,-1.09282989490773,1.95764152322957
1,883,883,-1.87236970465257,1.78736429603604
1,884,884,-1.54750860248669,1.5928904576253
1,885,885,-1.88473833943266,1.43551236197285
1,886,886,-2.45341578044383,1.70969707790939
1,887,887,-2.6148164409636,1.97157815561353
1,888,888,-2.04927459409799,2.65710785732612
1,889,889,-2.24616806650822,3.69142568861707
1,890,890,-2.42447387479819,3.61771098454827
1,891,891,-3.0865410838667,3.23704461980639
1,892,892,-1.77669583834504,1.40460691277008
1,893,893,-2.90711081788379,1.51658584520519
1,894,894,-2.2401819828402,1.64838876277289
1,895,895,-2.43254250580782,1.4753807647991
1,896,896,-2.21091480323902,1.18662418656267
1,897,897,-2.35726109406962,2.37778995428893
1,898,898,-2.16163573327996,2.26774079963756
1,899,899,-2.92194937792781,2.0295506576923
1,900,900,-2.3723911364685,1.69577621411721
1,901,901,-2.37991205974393,1.72433672880858
1,902,902,-2.19392206983569,1.33933428658001
1,903,903,-2.46947814452381,1.31334051105676
1,904,904,-3.10518692550704,1.97587938226139
1,905,905,-2.80174307939362,2.62077005616225
1,906,906,-2.83663715347167,2.25233523105635
1,907,907,-2.97253038490395,2.01090584551104
1,908,908,-2.18897485961903,1.62852352607199
1,909,909,-3.06606604699437,1.95523288988806
1,910,910,-2.50648224539091,2.07121565951873
1,911,911,-2.2897678373663,2.07322172814835
1,912,912,-1.9840704789504,1.75440565362025
1,913,913,-3.02818454749082,2.10553811362471
1,914,914,-2.15509669430388,1.32643264744429
1,915,915,-2.6570818933897,2.52400090467804
1,916,916,-2.69560726646499,2.49573535148515
1,917,917,-2.11799888463802,2.19169430407151
1,918,918,-1.73986330130177,3.37944405252592
1,919,919,-1.74258309445714,3.30957606816064
1,920,920,-1.65087879008878,2.33291580422664
1,921,921,-2.05189979394298,2.51965514497892
1,922,922,-2.34385629336049,1.12592235424966
1,923,923,-2.65497607122619,1.1228215016766
1,924,924,-2.87831442166705,1.12891787332082
1,925,925,-2.18847051775992,1.4039335043082
1,926,926,-2.34815387100603,1.65813277769747
1,927,927,-1.75697154666495,1.53008253728502
1,928,928,-2.01832121088292,1.20386975714295
1,929,929,-1.95523974485952,1.19471712038408
1,930,930,-2.07429641655802,1.14153418449371
1,931,931,-2.00007935621277,1.1002673028117
1,932,932,-2.8130379101445,1.86570634601334
1,933,933,-2.95227353241973,1.97262313830593
1,934,934,-2.83728488142836,2.00261922087281
1,935,935,-2.30326608052416,1.82188261064248
1,936,936,-2.36656907219957,1.91839640483617
1,937,937,-1.86482152089647,1.68028126431145
1,938,938,-2.1017803674054,2.04970673855415
1,939,939,-2.27263680331076,1.7934222801316
1,940,940,-1.89639907498805,1.12010977481483
1,941,941,-1.41431375567446,2.37998384294628
1,942,942,-1.53169833130166,1.8556285209579
1,943,943,-1.6106205604354,2.29329717048921
1,944,944,-1.64213915392125,1.65487934271312
1,945,945,-1.97115856216144,1.87483469372292
1,946,946,-1.6939672091754,1.80987659074365
1,947,947,-1.67490460829091,1.5432252792892
1,948,948,-1.6527719446013,1.60428532005691
1,949,949,-2.37206041669166,1.76750413708263
1,950,950,-2.27197251241926,1.85072850740128
1,951,951,-3.08464437717666,2.01882695846357
1,952,952,-2.96100216668893,1.59286414302326
1,953,953,-3.2378606763873,2.4421683069463
1,954,954,-2.86291954695235,2.03278542007892
1,955,955,-2.80175016161471,1.63524021704956
1,956,956,-2.29434971528286,1.25451778548845
1,957,957,-2.08193189221034,2.43396792977833
1,958,958,-1.6529668243856,1.59947382264173
1,959,959,-1.76083007565444,1.50701316125094
1,960,960,-1.72446864101126,1.74720541833098
1,961,961,-2.36669347752768,1.83249940891258
1,962,962,-2.24817259539315,1.73883836164927
1,963,963,-2.94650781298803,1.72572622035051
1,964,964,-3.26763033939204,2.61136294846214
1,965,965,-3.1257452743119,2.7172862046675
1,966,966,-2.49222066159172,1.37755675964543
1,967,967,-2.98853824818975,1.47081519624836
1,968,968,-1.90802312892011,1.03141172035619
1,969,969,-2.77357522984556,3.0204875227409
1,970,970,-2.65801561641191,2.06900142949901
1,971,971,-3.32488101525627,2.653026097554
1,972,972,-3.13685232320651,2.30101906316498
1,973,973,-2.97612993996194,1.57481540033136
1,974,974,-3.4324709941892,1.49858112322941
1,975,975,-2.87517279401752,1.60961441651904
1,976,976,-3.48043446358672,1.52922119623954
1,977,977,-2.43191890492953,1.28910245137617
1,978,978,-3.0402915654923,1.53873190148616
1,979,979,-3.83190556256738,2.12833244805611
1,980,980,-2.74693114528165,1.57607504703745
1,981,981,-2.49982925047301,1.76113408192087
1,982,982,-2.78035882324916,1.41446974316699
1,983,983,-2.67590957244636,2.28729411013419
1,984,984,-2.55546129956567,1.70612741009427
1,985,985,-1.88916792760685,1.26234702451155
1,986,986,-1.62915834778926,1.38290045819416
1,987,987,-2.16364044107516,1.50160423681054
1,988,988,-2.20302677246999,1.37562322314477
1,989,989,-2.03920236174571,1.80496819256527
1,990,990,-2.10852212319263,1.82709113091395
1,991,991,-2.85216253949419,2.02205317211634
1,992,992,-2.45788826722744,2.23191392455575
1,993,993,-2.27627503566847,1.46763963026138
1,994,994,-2.05576808520865,3.02532186512703
1,995,995,-1.44787649510603,1.82701093305589
1,996,996,-2.09968489842246,2.1301741434132
1,997,997,-2.16349868610725,1.67566979846524
1,998,998,-2.3803041212584,1.81071218892823
1,999,999,-2.89502517381057,1.45914576085339
1,1000,1000,-1.20490894749347,2.10098987133214
1,1001,1001,-1.46997790431967,1.53234821489275
1,1002,1002,-1.37722670067664,1.3198893603123
1,1003,1003,-2.56416310370795,1.40586231986496
1,1004,1004,-2.21545790687677,1.04431127078142
1,1005,1005,-2.90582402730018,1.58800276007264
1,1006,1006,-2.41760271409299,1.51023250581062
1,1007,1007,-2.1420259738834,2.06899100981659
1,1008,1008,-2.29179223126613,1.8021688222708
1,1009,1009,-1.68044810903017,1.79956847991288
1,1010,1010,-2.35612182193132,2.20877399535073
1,1011,1011,-2.56185556831955,2.25260760631816
1,1012,1012,-3.42829179109624,1.28265380853223
1,1013,1013,-2.37212640092909,1.54366948324181
1,1014,1014,-2.65033145254267,1.5005695468412
1,1015,1015,-1.65367401800794,1.15152257956053
1,1016,1016,-2.68998122730164,1.35489969655764
1,1017,1017,-2.72745736981367,1.39912998100512
1,1018,1018,-1.86338463539165,1.18915387469284
1,1019,1019,-2.4353442897803,1.11687320449266
1,1020,1020,-1.96348484250913,0.819321638872405
1,1021,1021,-2.69723225070016,1.03208536438659
1,1022,1022,-2.26854239203157,1.57218215816693
1,1023,1023,-3.27000265902777,2.71404180268713
1,1024,1024,-1.8479298794262,1.33405928753235
1,1025,1025,-2.75466130312344,1.58487171157739
1,1026,1026,-2.04506874629631,2.08692540277731
1,1027,1027,-2.25753935610093,2.31993081485538
1,1028,1028,-2.57590254161901,2.19885589266983
1,1029,1029,-1.63029201317374,1.99773005961412
1,1030,1030,-0.934943559065549,1.81483076826871
1,1031,1031,-2.06621406299832,2.23909728138323
1,1032,1032,-2.26404899449848,1.68404863711969
1,1033,1033,-2.17503604223836,1.8290186541852
1,1034,1034,-2.71639264491447,2.07427591609092
1,1035,1035,-2.65261708215085,2.52425363568171
1,1036,1036,-1.50513139396352,2.24546696306653
1,1037,1037,-2.82150121782233,1.66781827797002
1,1038,1038,-2.1274030968686,1.12567354130226
1,1039,1039,-2.88747754042129,1.3946725698384
1,1040,1040,-1.5417031370533,1.09805925418163
1,1041,1041,-2.55106139750967,2.48163197205074
1,1042,1042,-2.47188987078925,1.35638897701005
1,1043,1043,-3.1042583756206,1.72167134425682
1,1044,1044,-2.97066125072016,2.24444971068703
1,1045,1045,-2.67463903261657,2.05776204170508
1,1046,1046,-2.49823501901154,1.97777656062165
1,1047,1047,-2.16955461518589,2.09452779144075
1,1048,1048,-2.24726707146107,1.86689234262196
1,1049,1049,-1.87571869729635,1.63844347271109
1,1050,1050,-1.67785003539954,1.41433149272592
1,1051,1051,-1.77415655260031,1.41143823042945
1,1052,1052,-1.59622190105588,1.55835259612653
1,1053,1053,-2.22763769428579,1.84836743972434
1,1054,1054,-3.01180257644968,1.68616687842715
1,1055,1055,-2.72232908030544,1.99054858233693
1,1056,1056,-2.27150525398883,1.17415525962788
1,1057,1057,-2.88499666680417,3.52524962121463
1,1058,1058,-2.73730348750535,2.27262943285464
1,1059,1059,-3.07083771545249,1.96982041208773
1,1060,1060,-2.04045819818644,2.01651261723558
1,1061,1061,-2.20852066010318,2.05170803004455
1,1062,1062,-2.48922496612787,1.57960918828666
1,1063,1063,-2.57807579814455,2.40120714593748
1,1064,1064,-1.97563837003247,1.53296671657772
1,1065,1065,-3.46395041718147,2.53520443025775
1,1066,1066,-3.32456185225644,2.51365659203227
1,1067,1067,-3.55667369817486,2.31751284365365
1,1068,1068,-2.40213108599322,1.31535955472255
1,1069,1069,-2.71788263195032,1.21112440100971
1,1070,1070,-2.91636897538171,1.55224540499496
1,1071,1071,-1.29668791438775,2.67664270964991
1,1072,1072,-1.68589046608335,1.9526445737614
1,1073,1073,-2.27482117305901,1.87539348351632
1,1074,1074,-2.66879839102707,1.6597189809195
1,1075,1075,-2.43400304483134,1.9738148768707
1,1076,1076,-2.73020574829834,2.79103637163937
1,1077,1077,-2.68281036777132,2.64213341861997
1,1078,1078,-2.92034718637765,2.1423062279969
1,1079,1079,-2.76108076152653,1.76592995727968
1,1080,1080,-2.09818427714303,1.89674752071115
1,1081,1081,-2.342716647367,1.36958646570677
1,1082,1082,-2.60297691224905,1.38436462998854
1,1083,1083,-2.05313790543511,1.19686221662196
1,1084,1084,-2.83974936772564,2.42736880932518
1,1085,1085,-2.57400973420802,1.65445623562499
1,1086,1086,-2.34829908226244,1.96179564926276
1,1087,1087,-2.61977399021756,1.26900705492558
1,1088,1088,-2.1493341192075,1.48408388148941
1,1089,1089,-2.4876037904866,1.41087551404486
1,1090,1090,-3.5718960691846,2.00238974591082
1,1091,1091,-4.14474321609258,2.93949419867275
1,1092,1092,-1.45397453843016,1.69961051643489
1,1093,1093,-2.36773907726321,2.45586223246641
1,1094,1094,-2.4581701222854,1.87785308335457
1,1095,1095,-2.04556318105747,1.9870014920051
1,1096,1096,-2.073902834927,1.80808925280329
1,1097,1097,-1.65844348100363,1.22984174879596
1,1098,1098,-2.52470238606432,2.1947147789551
1,1099,1099,-2.95759785548846,1.18069756034089
1,1100,1100,-2.67107262015477,1.22732452982889
1,1101,1101,-2.08050283289382,1.68244950970189
1,1102,1102,-1.39073119457574,1.88238826650246
1,1103,1103,-0.539340282938181,2.04676631872809
1,1104,1104,-1.89839181207675,3.18277687685984
1,1105,1105,-2.029648737147,2.67718178126537
1,1106,1106,-2.56697890901559,2.93092846280799
1,1107,1107,-2.42349546611199,3.34197292012461
1,1108,1108,-3.08285574758217,1.45565438191856
1,1109,1109,-3.66961581852885,1.81132128507226
1,1110,1110,-2.76628736511088,1.60139760245412
1,1111,1111,-3.56008606062747,2.14537908424355
1,1112,1112,-2.09794324411116,1.44342815947678
1,1113,1113,-2.77446426518191,1.71566831323825
1,1114,1114,-2.80783095337622,1.88333336031302
1,1115,1115,-2.54702015466401,1.57943836163222
1,1116,1116,-2.91434450479869,1.55728118189662
1,1117,1117,-3.20063551727454,1.19659085235293
1,1118,1118,-2.24560095772785,1.76550894311947
1,1119,1119,-2.50701891273545,1.62501283298404
1,1120,1120,-1.8385540147873,1.73079663782999
1,1121,1121,-2.62968266029852,1.45099434323584
1,1122,1122,-2.02633879012316,1.20610644142284
1,1123,1123,-1.72727447207446,1.2517736243291
1,1124,1124,-1.28479307710788,1.69194060521793
1,1125,1125,-1.63498745230358,1.85715689950821
1,1126,1126,-2.52200702251266,2.41360321109118
1,1127,1127,-2.35021309222688,1.86274614456653
1,1128,1128,-2.69256875665649,1.70202144274129
1,1129,1129,-2.3563795997946,2.09200699534952
1,1130,1130,-0.969274762644747,1.20895655394624
1,1131,1131,-1.91101636201401,1.19220516210829
1,1132,1132,-1.59573521198039,1.01062315975142
1,1133,1133,-2.37429375235312,1.85115802562647
1,1134,1134,-1.81061119040627,1.7364061372025
1,1135,1135,-1.85282801666326,1.82314754057134
1,1136,1136,-1.68417866455887,1.82649494551029
1,1137,1137,-1.2021942995051,2.22709556370375
1,1138,1138,-1.43348478243886,2.42340627629526
1,1139,1139,-1.79379648158216,2.72030756283312
1,1140,1140,-1.70904366650169,2.25180192492965
1,1141,1141,-2.2820207097698,3.07300461342373
1,1142,1142,-2.49379602495405,2.02516104081705
1,1143,1143,-2.77339514700021,1.9072482909142
1,1144,1144,-2.18796881120288,3.6172408252079
1,1145,1145,-2.7413504810712,2.89483918017906
1,1146,1146,-1.20767705672127,2.04317946920648
1,1147,1147,-1.78056278353036,2.76167498879227
1,1148,1148,-1.98348701906841,2.38308638788177
1,1149,1149,-1.79622239592551,1.83605321679439
1,1150,1150,-1.68779416963328,2.07549114061224
1,1151,1151,-1.64420697249951,2.62858769188511
1,1152,1152,-1.35210751353905,1.88239379721956
1,1153,1153,-1.68563043664502,1.15583403239493
1,1154,1154,-2.22945165524153,1.02672884118461
1,1155,1155,-1.75698252402965,1.63655865954026
1,1156,1156,-2.60310885466116,1.77160973137514
1,1157,1157,-1.84222143606468,1.73676517332985
1,1158,1158,-1.84130443198964,1.39921605926277
1,1159,1159,-2.22705051324329,1.65024369183198
1,1160,1160,-2.11431949849148,1.58927390451195
1,1161,1161,-2.29234929232742,1.46986112009694
1,1162,1162,-2.08216522754897,1.65855089601663
1,1163,1163,-1.73643964997957,1.64047699082031
1,1164,1164,-1.32795848048405,2.4539449397334
1,1165,1165,-1.73565644300979,2.6659184631777
1,1166,1166,-1.50293949482898,2.46665939295677
1,1167,1167,-1.36948673115569,2.11050490423422
1,1168,1168,-2.06464488332167,2.01338462940139
1,1169,1169,-1.86530911357192,2.31486333197607
1,1170,1170,-1.53089988547244,2.03584483837004
1,1171,1171,-1.39461209108491,2.13817206776403
1,1172,1172,-0.434439592377427,2.68837473636426
1,1173,1173,-1.22936778094715,1.30225674837536
1,1174,1174,-0.795878670883585,2.76498158485451
1,1175,1175,-0.720314157693323,2.82527645650444
1,1176,1176,-0.826332925656887,2.38296098956909
1,1177,1177,-0.68957030013797,2.40494363636091
1,1178,1178,-1.42405438424404,1.6434140046517
1,1179,1179,-1.18738666762998,2.17776220394579
1,1180,1180,-1.52029607876056,1.60339698062221
1,1181,1181,-2.50296967760983,1.6039420260171
1,1182,1182,-1.03121630424664,1.35469510418757
1,1183,1183,-1.03423374770032,1.37872510768876
1,1184,1184,-0.902376284460938,1.59996858818828
1,1185,1185,-1.0256819736877,2.03258432163049
1,1186,1186,-2.00866076325827,1.09657368098775
1,1187,1187,-2.04404766081977,1.03245407339555
1,1188,1188,-1.49658301329676,1.22470130723347
1,1189,1189,-2.8020320204334,2.13248212183587
1,1190,1190,-3.159564620565,1.85419773775483
1,1191,1191,-3.14706886845316,1.86717547621194
1,1192,1192,-2.80564983554887,2.36886054130767
1,1193,1193,-2.72520601100014,1.63140064215374
1,1194,1194,-2.92481933911621,1.21387392916118
1,1195,1195,-2.34773585588468,1.20872535213054
1,1196,1196,-2.11954405877128,0.878382885897354
1,1197,1197,-2.01335290443375,1.25580316581278
1,1198,1198,-2.11195881664677,1.22950303123331
1,1199,1199,-1.37735539166302,1.41718189262119
1,1200,1200,-2.3970772079693,1.54982949336668
1,1201,1201,-1.87629168535206,1.10181175904646
1,1202,1202,-1.78592718155986,1.90785927357163
1,1203,1203,-2.83065510563258,2.5140531691776
1,1204,1204,-2.53806704175523,1.78339654453126
1,1205,1205,-2.96917624074542,1.84309340325675
1,1206,1206,-1.81179964544127,2.43930985400209
1,1207,1207,-2.83227819407699,2.61332469324989
1,1208,1208,-2.16127487567464,3.02369304657802
1,1209,1209,-1.83588999286621,1.79491402167407
1,1210,1210,-2.21339124040739,1.33888904788379
1,1211,1211,-2.31174036236179,1.5201660479578
1,1212,1212,-2.59568203056595,1.49505439574752
1,1213,1213,-3.33801474504771,1.66832583474101
1,1214,1214,-2.37272387892785,1.90619067990723
1,1215,1215,-2.03949094789342,1.48972818013901
1,1216,1216,-2.4737673610685,1.73588692696033
1,1217,1217,-1.96249024683802,2.22462842296001
1,1218,1218,-2.67838083041102,2.07582546633922
1,1219,1219,-2.49702282788592,1.58248865729547
1,1220,1220,-2.4596941268213,1.7628385686154
1,1221,1221,-1.47637532851554,2.04639052716026
1,1222,1222,-2.34284767009239,1.8735638451166
1,1223,1223,-1.76630977615082,1.48203289534992
1,1224,1224,-2.56432478179381,2.30719632891887
1,1225,1225,-2.65078701834813,2.08860182196032
1,1226,1226,-2.63625924596167,2.15046333156794
1,1227,1227,-2.68209479336859,2.66989494853776
1,1228,1228,-2.37367105193058,1.25033576336823
1,1229,1229,-3.04727628978161,2.32734155527735
1,1230,1230,-3.14520318060602,2.64616933211582
1,1231,1231,-2.36005850517871,1.67282062394246
1,1232,1232,-2.33684872672897,1.42312225585434
1,1233,1233,-2.56607814208707,1.66228543195656
1,1234,1234,-1.61136049011625,1.01597341867566
1,1235,1235,-1.25794782637172,0.933041777537992
1,1236,1236,-1.294178501869,0.959459343357593
1,1237,1237,-2.05489550628068,1.66552304004895
1,1238,1238,-2.236715955328,2.00682738572116
1,1239,1239,-2.2701144582433,1.94238751318026
1,1240,1240,-1.8697845999647,2.18933325922035
1,1241,1241,-2.56343530801537,1.44107994282035
1,1242,1242,-2.80884755432572,1.76541342893549
1,1243,1243,-3.05821123329443,2.76821569507962
1,1244,1244,-1.75894615056559,0.918728995106405
1,1245,1245,-2.82182026627836,1.75143388523109
1,1246,1246,-3.97439547368293,1.55997060357346
1,1247,1247,-2.24566994215715,1.18279335044193
1,1248,1248,-2.70407232092561,1.26014175179699
1,1249,1249,-1.92801835554986,1.11053178923304
1,1250,1250,-3.41905555597888,1.55704536373178
1,1251,1251,-2.37356630095979,1.26360197627072
1,1252,1252,-4.40763773806879,2.22465375435956
1,1253,1253,-1.46406450335037,1.12042502672184
1,1254,1254,-2.13906454677156,1.17894921422444
1,1255,1255,-1.50002436042547,0.908392408752621
1,1256,1256,-1.61731763344894,0.879353979335297
1,1257,1257,-2.61211361412177,1.53439184888349
1,1258,1258,-1.87964057041877,1.32138433153798
1,1259,1259,-2.44137162404338,1.51928627200163
1,1260,1260,-1.97655130891916,1.84972635123476
1,1261,1261,-2.63509921161661,1.26257286411919
1,1262,1262,-2.44357259188799,1.23324133336815
1,1263,1263,-2.405249989927,1.4237465027704
1,1264,1264,-2.70343322401502,1.21197589176791
1,1265,1265,-2.14601735326554,1.90854001266125
1,1266,1266,-2.68910603838254,1.69511502846535
1,1267,1267,-2.18746346540564,1.86693536664261
1,1268,1268,-2.91808209204038,2.03386924146074
1,1269,1269,-3.01009671874367,2.32413060623448
1,1270,1270,-2.23312115391542,1.64400110513461
1,1271,1271,-2.74909832447614,1.26830523697408
1,1272,1272,-2.62011683777561,1.09429261353399
1,1273,1273,-3.59185989252938,2.37629627732347
1,1274,1274,-1.96969151337872,1.13466989589833
1,1275,1275,-2.5663601100037,2.12744790585087
1,1276,1276,-1.62709147230755,2.03149250329852
1,1277,1277,-2.33977929675769,1.86172818274835
1,1278,1278,-2.2448725030409,2.02002896034252
1,1279,1279,-1.97432358107058,1.71794508104002
1,1280,1280,-1.81982520408025,1.48707871622643
1,1281,1281,-1.92122598263408,1.55031859971411
1,1282,1282,-2.36111015129508,1.77585638295725
1,1283,1283,-1.95827838514884,2.075342199629
1,1284,1284,-1.58378845908315,2.995572615335
1,1285,1285,-2.14328177204409,1.54082532569249
1,1286,1286,-2.58839068331242,1.80091034554055
1,1287,1287,-2.67121884680177,1.85216852302937
1,1288,1288,-2.65787225246028,2.0196506476887
1,1289,1289,-2.18715067127601,2.42891988022065
1,1290,1290,-2.40714785860716,1.44608711311529
1,1291,1291,-2.91219315302539,1.78415250287535
1,1292,1292,-2.8937685291826,1.78073596934228
1,1293,1293,-1.50299657031072,1.70915968933836
1,1294,1294,-1.17684113392983,1.46342585308346
1,1295,1295,-1.52238529706962,2.08771082986418
1,1296,1296,-1.44877329061412,1.94362135433314
1,1297,1297,-1.86733284918243,1.63871151928066
1,1298,1298,-0.898445102977132,1.5660388692299
1,1299,1299,-3.00118488354344,3.23666835553097
1,1300,1300,-2.23557651742021,1.57039339757423
1,1301,1301,-2.27863271673083,1.68267844873458
1,1302,1302,-2.8750671057107,2.00090522139769
1,1303,1303,-2.27801029141935,2.02984034514183
1,1304,1304,-2.13054055356264,0.911031717258017
1,1305,1305,-2.48799844039779,0.833972349081528
1,1306,1306,-2.91201740508545,1.0286434288823
1,1307,1307,-2.14771507951867,0.783249860799532
1,1308,1308,-2.32198520519762,1.42338216077546
1,1309,1309,-2.6047933364069,1.80220602766911
1,1310,1310,-1.9225579712959,1.84606109057456
1,1311,1311,-1.48599341099595,1.47503363371679
1,1312,1312,-1.13419932271952,1.65536582521025
1,1313,1313,-1.44519294652576,2.04975242175891
1,1314,1314,-1.1534671392548,1.50337867935832
1,1315,1315,-2.05643332297569,1.39569820866678
1,1316,1316,-2.74641173713142,1.49581834646387
1,1317,1317,-3.67425042939626,2.06681036345651
1,1318,1318,-3.77996002798911,1.71739769627905
1,1319,1319,-3.68954013241125,3.75566875556219
1,1320,1320,-1.98059902343171,1.29742806468277
1,1321,1321,-2.09432762673942,1.28974061520212
1,1322,1322,-1.68804810102499,1.13080299387072
1,1323,1323,-2.26649210053295,1.04063593369204
1,1324,1324,-1.68878740404275,1.36018430585017
1,1325,1325,-1.54807419528073,1.80580807245092
1,1326,1326,-1.36269819787875,1.44294355693379
1,1327,1327,-1.54373103058621,1.56447151794751
1,1328,1328,-1.69385933196718,1.66264189413
1,1329,1329,-1.93704350233204,1.4716204636403
1,1330,1330,-2.717391312085,1.90877444808349
1,1331,1331,-1.65870602340005,1.65650027297802
1,1332,1332,-2.03271122368303,1.78245596135747
1,1333,1333,-1.69274780827301,1.64278195768233
1,1334,1334,-2.14688887730701,1.68430276670957
1,1335,1335,-2.18635917895666,1.78780574035748
1,1336,1336,-2.14129012373431,1.78622015245814
1,1337,1337,-1.48433735067489,2.03188180593387
1,1338,1338,-1.4241054861765,2.05567409980057
1,1339,1339,-1.89348967541942,1.51989434956096
1,1340,1340,-1.21356177796267,2.26758233788079
1,1341,1341,-2.82210901024773,1.96668948220723
1,1342,1342,-1.6839869982286,1.45598285968269
1,1343,1343,-1.89874171438136,1.37414723654556
1,1344,1344,-2.20504227361393,1.88692982151939
1,1345,1345,-1.73356626311423,1.70397435186736
1,1346,1346,-1.40532443912277,1.67691870092747
1,1347,1347,-2.20157093938161,1.52922144845335
1,1348,1348,-2.38155641012955,1.55938083504258
1,1349,1349,-2.85578394211776,2.95771732531558
1,1350,1350,-2.67033750989817,2.51961070161382
1,1351,1351,-2.58199659873032,2.46478885683756
1,1352,1352,-2.07369319394101,2.5875625123669
1,1353,1353,-2.27478182060128,1.30668937038378
1,1354,1354,-2.24445767377019,1.54254898926618
1,1355,1355,-3.31068630979743,1.85218527537207
1,1356,1356,-3.34600286655738,1.1915806959559
1,1357,1357,-3.11565249187883,1.33513263531949
1,1358,1358,-4.20558027913189,2.09984664829092
1,1359,1359,-3.49458358152197,2.42628258198931
1,1360,1360,-4.12397115472654,2.25593192160214
1,1361,1361,-3.24175094276808,2.0048847556914
1,1362,1362,-2.58381887159754,1.71292084924887
1,1363,1363,-2.52496668020814,1.73014577281413
1,1364,1364,-2.16046450340841,1.44239371137247
1,1365,1365,-2.21665320381403,1.27309587989744
1,1366,1366,-2.12206218327376,1.50043908317819
1,1367,1367,-1.64390199265825,1.48113869169465
1,1368,1368,-1.67556710537578,1.46077875836575
1,1369,1369,-2.67235099692547,1.89359178160556
1,1370,1370,-1.56572399356065,1.10436668235898
1,1371,1371,-2.0551847649602,1.67957484495345
1,1372,1372,-0.751212115389488,1.34300151718092
1,1373,1373,-3.16917239463891,1.48263397159479
1,1374,1374,-2.77356981087374,1.39705465601693
1,1375,1375,-2.21640141845411,1.0755607174006
1,1376,1376,-1.57458701744063,0.859960343793146
1,1377,1377,-4.6663920127335,3.45222674520999
1,1378,1378,-3.20525150471727,1.78259376935633
1,1379,1379,-3.33575034234387,2.02456849085721
1,1380,1380,-3.25656974054069,1.71948734774386
1,1381,1381,-4.26383904213855,2.57335495614938
1,1382,1382,-3.95441231396621,1.66973476907991
1,1383,1383,-4.36226146439299,1.79893662278942
1,1384,1384,-1.71069210310227,1.74292805569987
1,1385,1385,-3.7840984670791,2.63699230533806
1,1386,1386,-1.97764671011953,1.64724067473487
1,1387,1387,-2.78725696338966,1.48153133379556
1,1388,1388,-2.45224860095682,1.79728161354206
1,1389,1389,-1.53776214778543,2.2216385203438
1,1390,1390,-1.60436894386253,2.06050185949368
1,1391,1391,-1.67854562321582,1.6302623044524
1,1392,1392,-2.09764119676158,1.7206005120796
1,1393,1393,-1.74841045965023,1.84316579827138
1,1394,1394,-3.09762546121131,2.82325135920722
1,1395,1395,-2.55396090518126,2.15126747515227
1,1396,1396,-2.87156806190658,1.95732558141957
1,1397,1397,-3.19432772589291,2.14265668218618
1,1398,1398,-3.23992448197857,2.13275082524913
1,1399,1399,-3.19669560688127,2.56698996250384
1,1400,1400,-3.12367236013147,2.07624795306851
1,1401,1401,-2.33628383108068,1.90410172854963
1,1402,1402,-2.21486408537765,1.53606606093403
1,1403,1403,-2.0250792759668,1.16459014737686
1,1404,1404,-2.20627093683337,1.63634458320925
1,1405,1405,-2.30025358591745,1.79138883281635
1,1406,1406,-2.08248590547258,1.08010925009192
1,1407,1407,-2.93360632748296,2.39619831340959
1,1408,1408,-3.41433338897584,1.94262432976893
1,1409,1409,-3.88153043249471,2.27341797896975
1,1410,1410,-3.89328602331162,2.22260541681891
1,1411,1411,-2.71553480106332,1.68318092535885
1,1412,1412,-1.81423807932443,0.975360730891125
1,1413,1413,-2.68934263229651,1.78812758558858
1,1414,1414,-2.40661435005285,1.30700474087879
1,1415,1415,-1.85751092016353,1.25683281831578
1,1416,1416,-1.99536118941311,1.27248806439417
1,1417,1417,-2.71556303590988,1.16177194003402
1,1418,1418,-0.978315422361695,1.8558255764645
1,1419,1419,-1.44050789809271,1.90719008364151
1,1420,1420,-1.16034111789977,1.76936710559408
1,1421,1421,-1.38606672087373,2.03632757086553
1,1422,1422,-2.83253502516967,1.41443926934112
1,1423,1423,-2.70023771180609,1.56564351601312
1,1424,1424,-1.95911955456429,1.30641153426739
1,1425,1425,-2.28285232501249,2.25811345746825
1,1426,1426,-2.96348687713056,2.19275861213822
1,1427,1427,-2.8237962305184,1.68832719365062
1,1428,1428,-2.98378170981611,1.90044871258267
1,1429,1429,-3.01761728595224,1.46527335892301
1,1430,1430,-2.65017600457285,2.57879549680645
1,1431,1431,-2.4358845981099,1.65388295318797
1,1432,1432,-2.32156821483529,1.45351550833861
1,1433,1433,-2.71829928002552,1.47141122346661
1,1434,1434,-1.45164824318553,1.78401733980016
1,1435,1435,-2.01085406416869,1.4433070612393
1,1436,1436,-2.50266951222559,2.38708115235035
1,1437,1437,-2.96858136489137,1.94067713981182
1,1438,1438,-2.28329131447211,2.25322229688334
1,1439,1439,-2.95402128245383,2.38008582671213
1,1440,1440,-3.15099638414805,2.12637470982271
1,1441,1441,-2.16669229610858,2.22227527137703
1,1442,1442,-2.90121750918521,1.87492167728958
1,1443,1443,-2.47447547970293,1.8848943311666
1,1444,1444,-2.24516103091751,1.60457185774585
1,1445,1445,-2.08408422088402,1.82937902563722
1,1446,1446,-1.68570059245644,1.27217648337489
1,1447,1447,-2.07560488700087,1.47085499870376
1,1448,1448,-1.36035682012351,1.23816596919414
1,1449,1449,-1.75218958648482,1.15283216834589
1,1450,1450,-2.60713233154056,1.39834444195309
1,1451,1451,-3.15361413377969,1.15138961269977
1,1452,1452,-2.27290945891584,1.02060279388031
1,1453,1453,-2.55230208514486,1.23400427622062
1,1454,1454,-2.39260730023419,1.329492688968
1,1455,1455,-2.68884972277913,1.4534532829389
1,1456,1456,-2.34726324423821,1.4234971977099
1,1457,1457,-2.62348824076794,1.77036835918818
1,1458,1458,-2.0545416208796,2.02968955218583
1,1459,1459,-2.15145701394556,1.23555336371743
1,1460,1460,-2.3235926160335,1.25549049010785
1,1461,1461,-2.90833620742727,1.29091639219945
1,1462,1462,-3.06161090059654,1.63709752437818
1,1463,1463,-3.15201292556249,1.52398456866126
1,1464,1464,-1.85493704359802,1.66797561036741
1,1465,1465,-1.61084507996455,1.49826012409999
1,1466,1466,-1.82943313971417,1.49781427104953
1,1467,1467,-1.42970674949234,1.72847509354007
1,1468,1468,-2.12878537757998,1.51426808603956
1,1469,1469,-2.49070773186127,2.00599379386083
1,1470,1470,-2.93075310518787,2.14352571656449
1,1471,1471,-3.01796276703687,1.89162778854377
1,1472,1472,-2.95389659700934,1.51631532854061
1,1473,1473,-2.34995021487856,1.4710811429558
1,1474,1474,-2.12676849488975,1.55634251056693
1,1475,1475,-2.16678428284839,1.9135530197099
1,1476,1476,-1.7683322671391,1.55345263279422
1,1477,1477,-1.84473987910724,1.53701742948648
1,1478,1478,-2.14948822773554,2.08928133205183
1,1479,1479,-2.24849958245065,1.03704262546328
1,1480,1480,-1.41883721340109,1.48597885550152
1,1481,1481,-2.39855747839164,1.68973554489129
1,1482,1482,-1.78143457542544,1.83332155775796
1,1483,1483,-2.59206752047677,1.21872483735348
1,1484,1484,-2.48799091260974,1.21520561460522
1,1485,1485,-2.69839204354166,1.76205430995957
1,1486,1486,-3.02506418891339,1.77007605783732
1,1487,1487,-2.69584513158209,2.91053303040612
1,1488,1488,-2.2089755312657,1.23521052287321
1,1489,1489,-3.00585192284428,1.39907036911318
1,1490,1490,-1.76848597292531,0.524192420392333
1,1491,1491,-3.04203328039534,1.24617376385082
1,1492,1492,-1.84965356143356,1.14421227816075
1,1493,1493,-2.07473779400539,1.20713049125063
1,1494,1494,-2.49010010228458,1.38370938946013
1,1495,1495,-1.82103817584788,1.06721881904931
1,1496,1496,-2.50081138837905,1.25059335700024
1,1497,1497,-2.45893175004402,1.56655959442619
1,1498,1498,-2.87438051317437,1.83607607759249
1,1499,1499,-2.70019554842867,2.4536063509461
1,1500,1500,-2.54809624321573,2.1567574662512
1,1501,1501,-1.56747057488925,1.46440332224238
1,1502,1502,-1.71844022824452,1.49380668321777
1,1503,1503,-2.11383722180741,1.68186061340107
1,1504,1504,-1.62353358780015,3.11055829647024
1,1505,1505,-1.27894414726886,2.93316027894569
1,1506,1506,-1.25853374056144,1.92439898793974
1,1507,1507,-1.27868535721578,2.11903779194881
1,1508,1508,-1.4921429226549,2.27900058317155
1,1509,1509,-2.67546023390979,1.73896422475031
1,1510,1510,-3.02047793269845,1.71210581439268
1,1511,1511,-2.85794554123571,2.02152923489207
1,1512,1512,-1.62545451193769,1.61351414956169
1,1513,1513,-1.51281438662148,1.58361043043737
1,1514,1514,-1.61062547990407,1.63323552628468
1,1515,1515,-2.39899498781953,1.61312322896852
1,1516,1516,-1.56481130131095,2.04013896446221
1,1517,1517,-1.27027412242282,3.06959763634008
1,1518,1518,-2.29768542964766,1.88225652996862
1,1519,1519,-2.16169107335197,0.707174807931585
1,1520,1520,-2.07613010488319,1.02189364420626
1,1521,1521,-2.68999397510237,1.4296132544835
1,1522,1522,-2.5812608452116,1.36281376233264
1,1523,1523,-2.08245118655928,1.15698276784936
1,1524,1524,-2.82607814158391,2.02814409612724
1,1525,1525,-2.69690797228851,1.54317714096669
1,1526,1526,-3.04221559442353,1.5298234528743
1,1527,1527,-2.81380847724647,1.56505663352928
1,1528,1528,-4.33884684080749,2.6179474311701
1,1529,1529,-2.28549708155048,1.06689471177757
1,1530,1530,-2.19225042838683,2.6032862383306
1,1531,1531,-1.64264874028279,1.36980445747123
1,1532,1532,-1.85540806614685,1.55402283143489
1,1533,1533,-2.65301092270177,1.85507045179434
1,1534,1534,-2.39312297314272,1.74841468982195
1,1535,1535,-2.09372946830766,1.71315829096114
1,1536,1536,-2.22545373678694,1.74449394736374
1,1537,1537,-1.85842880689518,1.68933012708124
1,1538,1538,-2.43306173997583,1.75022868368344
1,1539,1539,-2.10458829078758,2.19210633578484
1,1540,1540,-0.496491373077718,3.15857924930523
1,1541,1541,-1.19451762873514,4.75918420319024
1,1542,1542,-1.68608640191722,4.00088301881941
1,1543,1543,-1.65246183226604,3.29548006900464
1,1544,1544,-1.43614148244581,1.80890128296177
1,1545,1545,-1.17861461943915,2.06414563834882
1,1546,1546,-1.63401093124035,2.21119537239418
1,1547,1547,-2.09082801758891,1.83477253698261
1,1548,1548,-1.79403791799475,1.81092148695582
1,1549,1549,-2.47079511551012,1.8693655503954
1,1550,1550,-2.31704045671786,1.81900230562809
1,1551,1551,-1.73865571364018,1.75433845635809
1,1552,1552,-1.4055382547403,1.6938925911982
1,1553,1553,-2.81597810305635,2.44016402171986
1,1554,1554,-2.67026115227331,1.48430176211962
1,1555,1555,-2.49279440308685,1.39726900638496
1,1556,1556,-2.49162190716747,2.00582182191919
1,1557,1557,-2.56009732594371,1.7896914849398
1,1558,1558,-2.88222602222067,2.39247308264503
1,1559,1559,-2.21876444699802,1.6839850685295
1,1560,1560,-2.82466033248005,2.18710467391337
1,1561,1561,-2.12047048236022,2.49016852513693
1,1562,1562,-2.68267199103646,1.81776342316215
1,1563,1563,-2.14896995984584,2.06763729493568
1,1564,1564,-1.73182431662512,1.35904356218849
1,1565,1565,-1.62299965208553,2.32325376491078
1,1566,1566,-2.08934230389773,1.26196781385475
1,1567,1567,-2.28060899118692,1.60622109414387
1,1568,1568,-2.51415644685956,1.10899829886731
1,1569,1569,-1.81354006102783,0.765280448009212
1,1570,1570,-3.27911782227674,2.2122706007723
1,1571,1571,-2.18975222991987,0.997335437688791
1,1572,1572,-1.9964211525119,0.979522619298567
1,1573,1573,-3.27991379367895,2.01074447235333
1,1574,1574,-1.4428969605316,1.12784483020091
1,1575,1575,-1.21205365569142,0.95647391178642
1,1576,1576,-1.37742333365381,1.23779569353154
1,1577,1577,-1.68875604365714,1.76971110819299
1,1578,1578,-1.5305301523632,1.6630635703225
1,1579,1579,-2.24493814328628,1.53953113214985
1,1580,1580,-1.87578248331249,1.543509226409
1,1581,1581,-2.01586664024878,1.81657510915809
1,1582,1582,-2.29478882445541,2.23375199092358
1,1583,1583,-2.16483923196366,1.91031358084023
1,1584,1584,-2.8830397301352,1.82348589431421
1,1585,1585,-2.82465330292187,1.87858389991771
1,1586,1586,-1.89915509514878,1.79188675130431
1,1587,1587,-2.06240296732317,1.54486510415129
1,1588,1588,-2.27971340824266,1.53861431292335
1,1589,1589,-1.7850758762416,1.81606547231194
1,1590,1590,-1.87048268252053,1.46473552637395
1,1591,1591,-2.3692480703641,2.14590259776846
1,1592,1592,-2.1260759638899,1.94742649745502
1,1593,1593,-2.32576054020985,2.31551247485872
1,1594,1594,-2.00587370669534,1.94612576789061
1,1595,1595,-2.07846773924007,2.04168622765949
1,1596,1596,-1.78587197210279,1.60811223202992
1,1597,1597,-2.21409515797195,1.882422868041
1,1598,1598,-1.69530662112428,1.47237282045911
1,1599,1599,-2.60598643677119,1.66306584194359
1,1600,1600,-1.72862259082554,1.01680684176533
1,1601,1601,-2.02603190234121,0.974515579285534
1,1602,1602,-2.35798081013686,1.21335820705108
1,1603,1603,-1.63345643450982,1.54361675439097
1,1604,1604,-1.72184715016966,1.60118335946512
1,1605,1605,-2.22987321562425,2.02034652210736
1,1606,1606,-1.61044001453968,2.69275081890179
1,1607,1607,-2.42732213816304,1.35210959724442
1,1608,1608,-3.7010772954797,1.69868930844678
1,1609,1609,-2.43603245129795,1.16891543513089
1,1610,1610,-2.86688703115788,1.49131479655357
1,1611,1611,-2.9328682993876,2.54053861955241
1,1612,1612,-2.73609439226378,1.94528248510087
1,1613,1613,-2.75323365089434,1.78729341383208
1,1614,1614,-2.64327699270362,1.73324023461752
1,1615,1615,-2.70303964597471,1.64739986549054
1,1616,1616,-1.93134435469685,1.4286174748251
1,1617,1617,-1.55732482189145,1.44553998527142
1,1618,1618,-2.2648256996482,1.51225423627295
1,1619,1619,-2.23554651416883,1.44184233345124
1,1620,1620,-2.57004836041186,1.79307741734418
1,1621,1621,-2.26745656868698,2.24948657527668
1,1622,1622,-2.87756805302829,1.58682715121227
1,1623,1623,-2.25906719298947,1.638507547735
1,1624,1624,-2.08453580427568,1.17440406517232
1,1625,1625,-3.06812680524328,1.36533481130781
1,1626,1626,-2.28225121463041,1.46635540278088
1,1627,1627,-2.73035690211982,2.0646150283343
1,1628,1628,-3.29821283320408,1.78751390090404
1,1629,1629,-1.28019595334888,1.60443261943212
1,1630,1630,-1.98431923879764,1.40950982730627
1,1631,1631,-1.58911251073758,1.50774491958608
1,1632,1632,-1.71904158091481,1.62524001763064
1,1633,1633,-1.53273155636401,1.57024505152303
1,1634,1634,-3.05167471344526,1.84072932686855
1,1635,1635,-2.63454171738044,1.85958025073171
1,1636,1636,-2.11000408488867,1.36095178640295
1,1637,1637,-2.86541031848823,2.00940097413605
1,1638,1638,-3.09601637427097,2.48523318675326
1,1639,1639,-3.37286544633133,2.43169744199087
1,1640,1640,-1.98990552354935,1.34448993743633
1,1641,1641,-1.99360216308601,1.54775860248073
1,1642,1642,-1.75949998018874,1.16692285654025
1,1643,1643,-2.35327614579326,1.56996252392797
1,1644,1644,-2.20236511978193,1.76273800720586
1,1645,1645,-1.99382598111434,1.53211898541081
1,1646,1646,-1.95157106002834,1.47789596149489
1,1647,1647,-1.93523762598491,1.41404159660523
1,1648,1648,-2.47428022964125,0.981460357065017
1,1649,1649,-2.34317843625805,1.44546792651379
1,1650,1650,-1.62411482373274,1.86241198706677
1,1651,1651,-3.02744591889657,2.10018065407047
1,1652,1652,-1.89113396005181,1.55867929519553
1,1653,1653,-1.38469316520724,1.55474789013797
1,1654,1654,-1.57458976138488,1.91662457820483
1,1655,1655,-1.69958924247718,1.84545880913374
1,1656,1656,-1.95594792776842,2.42731178795509
1,1657,1657,-2.71625110794097,1.70039678873897
1,1658,1658,-2.42507876861143,2.04021158093719
1,1659,1659,-3.10113067500403,1.90710898797507
1,1660,1660,-2.35013122444831,1.56327140394771
1,1661,1661,-2.95141198249607,1.4502781058754
1,1662,1662,-2.56578888679174,1.37268262760883
1,1663,1663,-3.21239771821039,1.79991334016227
1,1664,1664,-2.75516072634581,1.32196961275725
1,1665,1665,-4.01877329430889,1.82793620050383
1,1666,1666,-3.02204918792509,1.7062438934208
1,1667,1667,-2.77049038588281,1.94837758904353
1,1668,1668,-2.93023281098798,1.73103403766951
1,1669,1669,-2.87419227222516,1.63120374839063
1,1670,1670,-2.69758511229924,1.841029661447
1,1671,1671,-2.44621989254121,1.96389986597458
1,1672,1672,-2.38260198376112,1.77425276275792
1,1673,1673,-1.32552824973672,1.98634211069547
1,1674,1674,-1.39959073674209,1.7393593205476
1,1675,1675,-1.57400247657096,1.77527618745757
1,1676,1676,-2.5095506067668,1.77021673874297
1,1677,1677,-2.34452105902892,1.67939868531538
1,1678,1678,-2.23250879146104,1.67692106434083
1,1679,1679,-2.47250683712035,1.76274503973237
1,1680,1680,-2.87933260276294,1.72193061111382
1,1681,1681,-2.73105895469428,1.29138184859663
1,1682,1682,-2.91327100220235,1.25208670435191
1,1683,1683,-1.95054330764176,2.10867417716646
1,1684,1684,-2.26379656793897,1.08469429098915
1,1685,1685,-3.26237088014276,1.71709197176883
1,1686,1686,-2.90664004973136,1.35586414845493
1,1687,1687,-2.89936012592346,1.42698137834384
1,1688,1688,-3.18400307616365,1.96284534007988
1,1689,1689,-2.51073352919161,2.39496979518325
1,1690,1690,-2.32702839288587,2.15487368587416
1,1691,1691,-1.81760007965757,1.5267902450399
1,1692,1692,-2.81894899177467,2.46079928320769
1,1693,1693,-2.60050416613127,1.48439474044415
1,1694,1694,-2.78359204502829,2.46000671618022
1,1695,1695,-1.72757354575546,1.34248606241937
1,1696,1696,-2.68143937429795,1.85748112480945
1,1697,1697,-2.31120811312483,1.52914406547043
1,1698,1698,-2.57156066153262,2.01460450548284
1,1699,1699,-2.11844055280456,1.59335648001985
1,1700,1700,-2.7601799895343,2.11826332317241
1,1701,1701,-2.99393778960131,2.50722862724765
1,1702,1702,-2.29835740025399,3.75218899634141
1,1703,1703,-2.51022827414177,2.97946516766981
1,1704,1704,-1.66507524321823,2.6473029189964
1,1705,1705,-1.88820153060937,2.92117028781785
1,1706,1706,-1.95412852896018,2.37353849387251
1,1707,1707,-1.71365351756544,2.39894866655513
1,1708,1708,-1.45515384770433,2.99969323709628
1,1709,1709,-1.53943416797053,1.62790631973769
1,1710,1710,-2.41890353504239,2.19252333592134
1,1711,1711,-2.83269997111301,2.33416936915398
1,1712,1712,-2.41531132438002,2.14541889081219
1,1713,1713,-1.30653575175746,1.93565882620134
1,1714,1714,-2.92622645322213,2.07185792956198
1,1715,1715,-2.65138610844288,2.10798907493961
1,1716,1716,-2.61582985177171,1.88023871624987
1,1717,1717,-4.13803980784007,2.29670740983574
1,1718,1718,-4.33021049871177,1.79434281930329
1,1719,1719,-3.03093160341852,2.56243452616322
1,1720,1720,-2.13080339463198,1.74013328067182
1,1721,1721,-2.79561550483581,2.61837508216739
1,1722,1722,-1.93750645033018,1.43386500988566
1,1723,1723,-2.02022578568484,2.27328367992713
1,1724,1724,-2.31583434893061,1.82323627107552
1,1725,1725,-2.06649286206381,1.70428253596679
1,1726,1726,-2.41031745719898,1.71000762462901
1,1727,1727,-2.41429218264946,0.858284642324235
1,1728,1728,-1.32405777662687,0.980750753117649
1,1729,1729,-1.27250152253204,1.07827688629328
1,1730,1730,-1.3144500696596,0.923963862125623
1,1731,1731,-2.99931865608546,2.17249446613324
1,1732,1732,-1.25475488545969,1.31190584686337
1,1733,1733,-2.24616504899363,1.80528389940355
1,1734,1734,-2.53307846205574,1.4201550447596
1,1735,1735,-2.21337697790338,1.69112604084391
1,1736,1736,-2.22190924107004,1.29323188196504
1,1737,1737,-1.67445905157907,1.47350312457993
1,1738,1738,-1.72709419290296,1.66212213835015
1,1739,1739,-1.70169674477888,1.65169077619764
1,1740,1740,-1.86281366376031,1.33584458749766
1,1741,1741,-1.63726675656164,1.1913230965278
1,1742,1742,-1.24178932974716,1.09554434332748
1,1743,1743,-3.15249595495424,1.9363477544048
1,1744,1744,-2.5997462627058,1.68574346832977
1,1745,1745,-2.17686346229238,1.6902699229874
1,1746,1746,-2.10465620897697,2.04817466392716
1,1747,1747,-2.54727693387979,1.98199466490927
1,1748,1748,-2.7320168913027,2.31557817790503
1,1749,1749,-2.18900793755313,2.26525561962855
1,1750,1750,-1.87965796150368,2.00238069024794
1,1751,1751,-2.05402857597495,1.54289843911222
1,1752,1752,-1.99326028807054,1.89612921827739
1,1753,1753,-2.00931494737279,2.18169457909638
1,1754,1754,-2.86257387825842,2.01936726085471
1,1755,1755,-2.80178509282091,2.09756157367361
1,1756,1756,-1.72477042051784,3.02709680295934
1,1757,1757,-2.07716541020745,2.2282884776061
1,1758,1758,-2.50962376559843,1.86918249938415
1,1759,1759,-1.89469592553927,1.84080740749287
1,1760,1760,-1.86235663633827,1.42095142307557
1,1761,1761,-1.84187658450061,1.4698084908944
1,1762,1762,-1.54490327307317,1.52351532047592
1,1763,1763,-1.61457702154087,1.58758625106246
1,1764,1764,-1.9075950907173,1.07315181716285
1,1765,1765,-2.30839072840126,1.71706084747751
1,1766,1766,-2.67617659956814,1.91207451210368
1,1767,1767,-2.11211539893317,1.64150714403017
1,1768,1768,-1.74512251846518,1.17810012763623
1,1769,1769,-1.99031573351098,1.50397044775805
1,1770,1770,-1.62928273131209,1.28733904880063
1,1771,1771,-1.67507436540683,2.34497584666002
1,1772,1772,-1.0996130808645,1.23413719684738
1,1773,1773,-1.54399534498735,1.91883786538106
1,1774,1774,-1.14624611239392,1.57664718256332
1,1775,1775,-2.00787445071856,2.06609559288174
1,1776,1776,-2.92546842746207,1.73109120913224
1,1777,1777,-2.91341973706706,1.63306116285371
1,1778,1778,-4.18669596994625,2.03903663104751
1,1779,1779,-3.47258530731983,2.11907239861572
1,1780,1780,-2.98170878995247,1.87039875786173
1,1781,1781,-2.39066394831551,1.7644645237256
1,1782,1782,-1.6484098348102,2.59498577364494
1,1783,1783,-2.16134664081394,2.1218579307707
1,1784,1784,-1.36230315184046,1.31060976355003
1,1785,1785,-2.90775593411363,1.97040318791607
1,1786,1786,-2.25578600413475,1.32854174929544
1,1787,1787,-3.39838247446248,2.08026483035338
1,1788,1788,-3.36741860239163,1.99189355495558
1,1789,1789,-2.98058919940377,1.14959999503488
1,1790,1790,-2.14433645919185,1.7549987484189
1,1791,1791,-2.36618194267887,2.09038289306979
1,1792,1792,-3.12567621525991,1.6122329827993
1,1793,1793,-2.54148696809299,1.26426421219162
1,1794,1794,-3.06788885190468,1.88463688870438
1,1795,1795,-2.73057466619403,1.56076679614567
1,1796,1796,-3.21594360393885,2.42438594339713
1,1797,1797,-3.27262861530957,2.58865018448995
1,1798,1798,-3.41744918303657,2.12820495438791
1,1799,1799,-3.169027564552,2.17499089125618
1,1800,1800,-2.69590598905797,2.32133346088551
1,1801,1801,-2.15311117691761,1.53739439689493
1,1802,1802,-2.57964275642137,1.15463288971783
1,1803,1803,-2.51783581337978,1.22071189408206
1,1804,1804,-3.23340979934254,2.23452597293366
1,1805,1805,-2.19666385257632,1.32564910553001
1,1806,1806,-2.86580958869663,1.43033689583541
1,1807,1807,-1.50623216645533,1.25597805326469
1,1808,1808,-1.7255650318583,1.51192759932916
1,1809,1809,-2.3830697661938,1.75216463778947
1,1810,1810,-2.57395506334484,1.11937383652458
1,1811,1811,-2.48694890263916,1.19642717572327
1,1812,1812,-2.48005024899569,1.50336970744859
1,1813,1813,-3.00126450010618,1.2465523403835
1,1814,1814,-2.89394554386455,1.25553246286578
1,1815,1815,-2.93041381219218,1.00585014196715
1,1816,1816,-2.36438861810243,0.884733571371748
1,1817,1817,-3.43066616010973,1.34354229778562
1,1818,1818,-2.81275252690287,2.07646958308044
1,1819,1819,-2.45121228964345,1.6423774859178
1,1820,1820,-2.33110116847034,1.64373349954016
1,1821,1821,-2.13430198591737,1.56491545444076
1,1822,1822,-1.8800890922829,1.44927806736101
1,1823,1823,-2.04614923538155,1.30113601745439
1,1824,1824,-2.38180579769863,2.19779238930097
1,1825,1825,-1.79732289267209,1.7817707971375
1,1826,1826,-2.16502875897271,1.75856612748416
1,1827,1827,-3.08336590402199,1.62925646074281
1,1828,1828,-3.25971769946477,2.09815834322016
1,1829,1829,-2.80880505099512,1.91192343059029
1,1830,1830,-2.8211086661829,1.65615512094459
1,1831,1831,-2.06523141772072,1.58683346085494
1,1832,1832,-1.63366716508409,1.41647419933941
1,1833,1833,-2.47018284727551,2.27956629669293
1,1834,1834,-2.49358150426923,1.4369785835215
1,1835,1835,-2.50928751764807,1.50889019003679
1,1836,1836,-3.26094468381957,1.61708538042675
1,1837,1837,-3.0660434747741,1.91698173179953
1,1838,1838,-4.00505839195398,1.81999021378649
1,1839,1839,-4.20723616039447,1.68915535686815
1,1840,1840,-4.15851164967003,1.77139465574079
1,1841,1841,-3.94564198139669,2.30379504040439
1,1842,1842,-3.68513931439208,1.79417948599542
1,1843,1843,-3.545894934315,2.03486616829893
1,1844,1844,-3.09924546681052,1.52939729162362
1,1845,1845,-3.05722050354027,1.55476840058183
1,1846,1846,-3.07250408284522,1.45330279279411
1,1847,1847,-2.25521904777,2.17391982724571
1,1848,1848,-2.96884759638687,1.49358042932147
1,1849,1849,-2.31310524389294,2.1334242368687
1,1850,1850,-1.61971182763918,2.70607787255705
1,1851,1851,-1.50737718027418,2.62851784200544
1,1852,1852,-3.80839224052485,2.30152494124241
1,1853,1853,-2.62104060066968,2.20912511155068
1,1854,1854,-2.4889430626279,1.66803870250259
1,1855,1855,-1.82890915492601,2.05665636884974
1,1856,1856,-2.88035700604906,1.69041898394242
1,1857,1857,-2.37218122426847,1.98494499390016
1,1858,1858,-3.11331636312253,1.81602080859593
1,1859,1859,-2.36842394548961,1.75055736716973
1,1860,1860,-2.66806951855738,2.01245742163795
1,1861,1861,-2.51117681423712,1.50842302870608
1,1862,1862,-3.85164235561123,2.20241475961745
1,1863,1863,-3.99623040292691,2.43773677311675
1,1864,1864,-3.65544606391144,2.10416609593901
1,1865,1865,-3.44646511176201,1.88947338819872
1,1866,1866,-2.58816404034273,1.97946233036793
1,1867,1867,-2.18804402815522,2.21977846123674
1,1868,1868,-2.59606281639162,1.59779613469864
1,1869,1869,-2.155555046744,1.90058759224281
1,1870,1870,-2.09427028137747,2.06322815397686
1,1871,1871,-1.82562957941691,1.88942735459107
1,1872,1872,-1.69246851960086,1.65116514514294
1,1873,1873,-1.63719245721636,2.08607483813548
1,1874,1874,-1.72841307985939,2.33852045251318
1,1875,1875,-1.94275738444523,1.86578385343962
1,1876,1876,-1.89173563371937,2.46913122423083
1,1877,1877,-2.92643615048463,2.24192565114159
1,1878,1878,-1.90178067417557,1.8257514130533
1,1879,1879,-1.99393060884582,2.53112377025923
1,1880,1880,-1.76749766019317,1.67686273978136
1,1881,1881,-1.4105595381947,1.23097054266266
1,1882,1882,-1.71588125215442,2.00522553311965
1,1883,1883,-1.27249849659407,1.77142795040468
1,1884,1884,-0.686971484254263,1.73831626905201
1,1885,1885,-1.64413940342357,1.72562754940172
1,1886,1886,-3.38857591901789,3.83905197998386
1,1887,1887,-3.51610685685037,3.20209448272646
1,1888,1888,-1.50959177662804,2.05738224535323
1,1889,1889,-1.57974687975938,1.76679481470193
1,1890,1890,-1.74446768340812,2.3293868781474
1,1891,1891,-2.45010913528268,1.96964811800822
1,1892,1892,-2.71026084344397,1.9045985631367
1,1893,1893,-1.66515205475628,2.40594991360167
1,1894,1894,-1.89998583461388,2.29784291245681
1,1895,1895,-1.01898737924107,1.91605580863081
1,1896,1896,-1.8265236718612,1.70154627395221
1,1897,1897,-1.76745364678209,1.95140610869156
1,1898,1898,-1.92874837512671,2.10516247383515
1,1899,1899,-2.02554889388908,2.24277058170726
1,1900,1900,-1.22178006607279,1.80290171201947
1,1901,1901,-1.42791303726223,2.45741383130971
1,1902,1902,-1.19939013743278,2.1545925937722
1,1903,1903,-1.44166771959854,2.17255263856809
1,1904,1904,-1.8951728049565,1.67474337249587
1,1905,1905,-1.93528918943539,1.56008014866879
1,1906,1906,-2.73544486312717,1.77335790084862
1,1907,1907,-2.87495685350534,1.78936349578599
1,1908,1908,-2.66161196935357,1.93151404784902
1,1909,1909,-1.92977022745654,1.98032709572335
1,1910,1910,-1.19225099131889,1.30046565396119
1,1911,1911,-1.95459012688938,1.98785156130373
1,1912,1912,-2.18254225443357,1.26724889252535
1,1913,1913,-2.17389784413051,1.15481909797013
1,1914,1914,-2.29286639056469,0.996162340111214
1,1915,1915,-2.18463063262908,0.886887892700998
1,1916,1916,-2.92522479462456,1.81120504767025
1,1917,1917,-2.28636857506203,1.08821720052185
1,1918,1918,-2.26856237248623,1.35619497712141
1,1919,1919,-2.36228227938332,1.33846813314267
1,1920,1920,-2.53116316648764,1.25461257712874
1,1921,1921,-2.63905986812065,2.32762956247179
1,1922,1922,-1.69645540258127,1.32548250587987
1,1923,1923,-2.42843548260819,1.568229808387
1,1924,1924,-1.96228573433784,1.21470895364638
1,1925,1925,-2.76720270452552,1.85480488948394
1,1926,1926,-2.45914683138307,2.39292433781132
1,1927,1927,-2.11660249916881,1.60837598693031
1,1928,1928,-1.65973164247606,1.26523840037924
1,1929,1929,-3.71131798029001,2.07585599193507
1,1930,1930,-2.55995191103456,3.4871405946444
1,1931,1931,-2.37932020765131,4.0217886299737
1,1932,1932,-1.80306735551653,2.94011724358021
1,1933,1933,-1.66834945988229,2.20837427675315
1,1934,1934,-2.04574581765713,2.05044784470524
1,1935,1935,-1.89466145952474,1.65507045708495
1,1936,1936,-2.3960192961685,1.65307695561663
1,1937,1937,-1.7488862177447,1.53443971322662
1,1938,1938,-2.59338951952556,1.45873583432584
1,1939,1939,-2.15106519245658,1.33080913792773
1,1940,1940,-1.55132434452957,1.87167768137553
1,1941,1941,-1.82894755924843,1.59065859914123
1,1942,1942,-1.98239075956812,1.67489017047892
1,1943,1943,-2.10504163939808,1.86669829700177
1,1944,1944,-1.7490933738383,2.3384746616097
1,1945,1945,-1.91789134418332,2.09514187104724
1,1946,1946,-2.0564844924128,2.17607141041367
1,1947,1947,-1.63282374486404,2.16291434470726
1,1948,1948,-1.85129210044182,2.21979368173517
1,1949,1949,-1.59681780525903,1.74985112542522
1,1950,1950,-2.2496992047231,1.29307988584618
1,1951,1951,-1.76993197877865,1.08162883002487
1,1952,1952,-2.37169496581711,1.27846875243652
1,1953,1953,-1.39029503853391,0.989107616741292
1,1954,1954,-2.52320876924358,2.71619677508037
1,1955,1955,-1.83560682142319,2.02215518139749
1,1956,1956,-2.34932996606786,1.8697042986876
1,1957,1957,-2.29238179188608,2.78546539654079
1,1958,1958,-2.23296606234977,1.80129028798857
1,1959,1959,-1.57154145522089,2.09022807005939
1,1960,1960,-1.56052336351685,1.59131775414329
1,1961,1961,-1.75258771081562,1.9230077763125
1,1962,1962,-1.91119542984622,2.64709514671272
1,1963,1963,-1.21479256997415,2.47940092887514
1,1964,1964,-1.68201618099952,1.6358987766605
1,1965,1965,-1.62135002431527,1.39224183056872
1,1966,1966,-1.82068200037604,0.924353100948614
1,1967,1967,-1.40614374951814,1.371607420032
1,1968,1968,-3.1880856003918,2.53505207347555
1,1969,1969,-3.13000860754546,2.48662691179616
1,1970,1970,-2.07936238334923,1.80860619944129
1,1971,1971,-2.21484222097703,1.49209544896437
1,1972,1972,-1.45344012980992,1.51619303203042
1,1973,1973,-1.9728091735493,1.79873836462188
1,1974,1974,-2.02682028947529,2.40151595899966
1,1975,1975,-1.88642289205785,1.72697782490925
1,1976,1976,-2.33575268578555,1.86856732509012
1,1977,1977,-2.50758311299337,2.33202813721041
1,1978,1978,-2.48299492699451,2.42877543273036
1,1979,1979,-2.3590560557548,1.20541939459283
1,1980,1980,-2.0290942685266,1.66854174742513
1,1981,1981,-2.44978171512341,1.80001754492663
1,1982,1982,-1.26711782181051,1.14058422894525
1,1983,1983,-1.71405226839162,1.0761397756134
1,1984,1984,-2.12591323082222,1.8293472566423
1,1985,1985,-2.57278082485966,1.41132605688558
1,1986,1986,-1.76778746932987,1.14899929681651
1,1987,1987,-1.54067018613268,1.6642639319379
1,1988,1988,-1.47914185628912,1.24938463705511
1,1989,1989,-2.05806425132175,1.36920057022228
1,1990,1990,-2.05554724556379,1.50339725758345
1,1991,1991,-2.71198193632844,2.11344820047167
1,1992,1992,-2.92138071510878,2.10767078150468
1,1993,1993,-3.37672094171205,2.30517109555869
1,1994,1994,-3.29072322905036,2.38019406079568
1,1995,1995,-3.209802517335,2.27250123067272
1,1996,1996,-2.47455551251656,1.54064023187935
1,1997,1997,-2.60566522929051,2.33282353573136
1,1998,1998,-2.22409927348349,1.41281883941372
1,1999,1999,-1.88218877738246,1.10225260491567
1,2000,2000,-1.79045110210657,1.05508995514306
2,1,2001,-3.20654772382889,3.00997794137194
2,2,2002,-2.6837588414279,1.60463501902527
2,3,2003,-1.51173598458087,2.09563012953266
2,4,2004,-0.530788382661725,1.58475879869773
2,5,2005,-0.899029922820589,1.66145759715303
2,6,2006,-1.65030583754117,2.30930587153196
2,7,2007,-2.49523631406655,1.95242171511517
2,8,2008,-2.15500450595575,1.84769553818659
2,9,2009,-2.54426909460101,2.16072216892569
2,10,2010,-2.80681635471126,2.50262175288543
2,11,2011,-2.39608640278671,1.32662897641975
2,12,2012,-2.93306611890151,1.39372744665568
2,13,2013,-3.03645540156027,1.64752775074669
2,14,2014,-2.70073675964758,2.05975848068451
2,15,2015,-3.23916251829242,2.58661911505552
2,16,2016,-2.40947768488547,2.05961327034392
2,17,2017,-2.40760445885972,2.04455836358336
2,18,2018,-2.51221839113198,1.88123620169035
2,19,2019,-1.7472765926987,1.57930953577044
2,20,2020,-2.4828045330172,2.91136312615401
2,21,2021,-2.37166026734163,1.35849676029678
2,22,2022,-1.96827260974111,1.43621244770864
2,23,2023,-2.01068148047836,1.91638935548829
2,24,2024,-2.50192687660496,1.85740522822032
2,25,2025,-2.97121537767712,1.80673059966696
2,26,2026,-2.91172137221823,3.34429270018968
2,27,2027,-2.51300617599213,1.67935435455719
2,28,2028,-1.68351786171398,1.19500559232515
2,29,2029,-1.7247648654565,1.33487897011754
2,30,2030,-1.72859321142184,1.19517766769083
2,31,2031,-1.87581780944005,1.51904493918799
2,32,2032,-2.85559026162985,1.42640044998551
2,33,2033,-3.49084315377509,2.13919699703359
2,34,2034,-3.45846746554197,2.09415848201563
2,35,2035,-2.69875812961075,1.63409085651436
2,36,2036,-2.36491415245255,1.95828474690393
2,37,2037,-3.20406430179124,2.31509352050973
2,38,2038,-2.21920625113688,2.08509087183476
2,39,2039,-3.77773412846477,2.58837995204068
2,40,2040,-3.71118781110766,2.06376916330298
2,41,2041,-2.02418738697723,1.21186139221371
2,42,2042,-2.16666330093168,1.54976563412681
2,43,2043,-1.42845336284116,1.2840175783117
2,44,2044,-1.65644159859665,2.45595284575571
2,45,2045,-1.5757807079863,3.03995755005764
2,46,2046,-1.59003967567646,2.95533985427653
2,47,2047,-1.85971862441651,1.41302312152327
2,48,2048,-1.97239288817364,1.24255442575456
2,49,2049,-2.05436493094088,1.66980137357975
2,50,2050,-1.5653155023435,2.88938285220441
2,51,2051,-1.22829105154175,1.68887694137221
2,52,2052,-1.38071363376213,1.5398980794206
2,53,2053,-1.75782338727195,2.90137474782464
2,54,2054,-2.70785847412444,2.42660364520785
2,55,2055,-2.06209771161047,2.0587495657252
2,56,2056,-2.51179503479668,2.26985886819142
2,57,2057,-1.97313093643443,1.97652247794274
2,58,2058,-2.03130340740559,1.83726886368525
2,59,2059,-2.24742498068362,1.95001127643878
2,60,2060,-1.61242893132209,1.07549498678297
2,61,2061,-2.34023890203036,1.17713911636131
2,62,2062,-1.57866256491079,2.33003133538947
2,63,2063,-1.51871552632076,1.63383269904722
2,64,2064,-1.74596260620021,2.02377000406646
2,65,2065,-1.95286445494364,2.16267747434077
2,66,2066,-2.53108926493711,2.25025888260444
2,67,2067,-2.07449212272961,2.01008702883858
2,68,2068,-2.5175640395478,2.46366102787396
2,69,2069,-1.9802613011543,1.47396752451103
2,70,2070,-1.87216067939523,1.39730745069475
2,71,2071,-1.75285349151954,1.40264947717255
2,72,2072,-1.58870204317184,1.49732503075301
2,73,2073,-1.62792877404655,1.87696199410869
2,74,2074,-1.83038207128402,1.7502677189964
2,75,2075,-2.18688449052739,2.03512635719206
2,76,2076,-1.71743148523618,1.70761900473479
2,77,2077,-1.82617164386694,2.15362419373017
2,78,2078,-2.32402427440561,2.20315957147721
2,79,2079,-1.92718306445946,1.28086098057024
2,80,2080,-1.82223108081205,2.3259260323324
2,81,2081,-2.373450479545,2.07047043195645
2,82,2082,-2.07890902516085,2.13291704876037
2,83,2083,-1.91218832190953,3.26137859456303
2,84,2084,-3.13954182043353,2.33764156659004
2,85,2085,-2.97364831362413,1.51084057143502
2,86,2086,-2.55452956106323,2.11079946049197
2,87,2087,-2.53226238980021,1.78948174372336
2,88,2088,-1.40510118963022,2.451876535917
2,89,2089,-0.948472686836006,2.11553186267651
2,90,2090,-1.38915102718994,1.20895077354305
2,91,2091,-2.42693647194869,1.85559188056892
2,92,2092,-2.63696881334519,3.30684322418504
2,93,2093,-3.81599045744426,1.6805125142033
2,94,2094,-2.8725740959268,1.96808047841734
2,95,2095,-3.16867994422547,1.89682602757917
2,96,2096,-3.05562510029714,2.35510597743333
2,97,2097,-3.03601171149213,2.34334286721076
2,98,2098,-3.07552702939931,1.88578524590024
2,99,2099,-2.69878585746941,1.68135574372025
2,100,2100,-1.95043240687624,1.7582972215258
2,101,2101,-2.10132422369033,2.29390437267286
2,102,2102,-2.14676225753299,2.00416478606284
2,103,2103,-1.84910908716253,2.28035393156997
2,104,2104,-1.90115410539542,2.84832254034704
2,105,2105,-1.17856545239657,1.37023086726361
2,106,2106,-1.75040924171055,2.2735576049748
2,107,2107,-1.29272337567697,1.94085915470581
2,108,2108,-2.2070985575715,2.53792240943416
2,109,2109,-1.98468078459391,1.70724479617802
2,110,2110,-2.7582683393873,1.44919050234442
2,111,2111,-1.65646859378681,1.73803341984458
2,112,2112,-1.84976507895852,1.13053620136815
2,113,2113,-2.03445223048258,2.17054980706551
2,114,2114,-1.92562810422918,2.05044983366259
2,115,2115,-1.57964127024988,1.67211514430396
2,116,2116,-1.6998387417987,1.90126075046231
2,117,2117,-1.64497890478787,1.8113381521818
2,118,2118,-2.33470387667686,1.46979424615392
2,119,2119,-2.41058878585013,1.62308973555366
2,120,2120,-2.31893059106337,1.37837022266816
2,121,2121,-2.83927812637448,1.61983468355625
2,122,2122,-2.75758570055555,1.6909685773425
2,123,2123,-1.78708978445904,0.867319088137969
2,124,2124,-2.17467465897273,2.05102158369151
2,125,2125,-1.82788218346774,2.07315516913646
2,126,2126,-1.36540614907616,1.5255949961554
2,127,2127,-2.03836998159305,1.77256559440736
2,128,2128,-1.70362870225797,1.4966047497059
2,129,2129,-0.811251323256206,2.23283396513904
2,130,2130,-2.13013716231222,1.87974752669568
2,131,2131,-1.73213398783611,2.17486817961477
2,132,2132,-2.42870813548041,1.21033364639631
2,133,2133,-2.31028093462016,1.20109082501629
2,134,2134,-2.60671850441323,1.96964046410843
2,135,2135,-2.21901363174537,1.37775756589442
2,136,2136,-2.36493442135176,1.21025254297997
2,137,2137,-2.32913837113932,1.10674649377233
2,138,2138,-2.39799538257164,0.913377142703711
2,139,2139,-1.30836801344656,1.41391968330629
2,140,2140,-2.7863820622745,1.80385402819906
2,141,2141,-2.08721484448765,1.54665627818571
2,142,2142,-3.30856066908452,1.81628308386302
2,143,2143,-1.6337639650997,1.02253205470969
2,144,2144,-2.6913285537377,2.19626642094184
2,145,2145,-2.49901092110319,1.89314978812995
2,146,2146,-2.91689844670068,2.30188743770452
2,147,2147,-3.14690310591577,2.82713264347767
2,148,2148,-3.33635207451134,4.17301795641565
2,149,2149,-3.1782395508364,3.79252429164048
2,150,2150,-2.30592838731191,2.20660501456432
2,151,2151,-2.81616328681006,2.09779578982691
2,152,2152,-2.87463742487717,3.37057838397555
2,153,2153,-1.93558917298491,1.80107596859408
2,154,2154,-1.98215772877262,1.40037204807444
2,155,2155,-1.43989653389231,1.31252236371609
2,156,2156,-2.12162829247309,1.89340670714312
2,157,2157,-1.25632090114477,1.23657888709816
2,158,2158,-0.992893161799241,1.23465677463835
2,159,2159,-1.98704864489905,2.19670157006822
2,160,2160,-2.55083284812512,1.46006676701849
2,161,2161,-2.22619498034657,2.02509272716246
2,162,2162,-2.82596391744794,1.88099480700371
2,163,2163,-3.4842291473864,2.02545089124181
2,164,2164,-3.71280704542576,1.99887579614886
2,165,2165,-2.6693379092286,1.69869512747414
2,166,2166,-3.28045479967661,2.17652156658614
2,167,2167,-1.74840435578979,2.83572894271981
2,168,2168,-1.83990143805709,1.64987044087036
2,169,2169,-2.47118538550995,2.00774561398712
2,170,2170,-3.21333835510676,1.86617380184103
2,171,2171,-3.61937700448905,2.02294303796095
2,172,2172,-3.22472533037736,1.4885256094652
2,173,2173,-2.3763950408526,2.00216055418701
2,174,2174,-2.32179257506111,1.71918506006191
2,175,2175,-2.22668892409311,1.96004137659492
2,176,2176,-3.28547887636535,1.81206794238895
2,177,2177,-2.05801238096339,1.36072080413313
2,178,2178,-2.47754551803936,1.24982820071315
2,179,2179,-2.21713421307824,1.1711939005679
2,180,2180,-1.80118153634662,1.15827315929587
2,181,2181,-1.98675975222219,1.08257654308365
2,182,2182,-2.86643557212316,2.83098517236413
2,183,2183,-1.8321848643291,1.83739825502866
2,184,2184,-2.20553602104509,1.70268616721329
2,185,2185,-1.70875986820091,2.10932417496996
2,186,2186,-1.28695181641725,1.76928751658754
2,187,2187,-1.6097037623595,2.33959858258221
2,188,2188,-2.17221702284544,1.55552662924727
2,189,2189,-1.60544698980576,2.34594977404389
2,190,2190,-2.2039393853462,1.33401172552306
2,191,2191,-3.07543213336738,2.70883598621519
2,192,2192,-1.64144060854558,1.55784837552241
2,193,2193,-1.55073878493515,2.25468759559167
2,194,2194,-1.5146982646863,2.09435800592691
2,195,2195,-1.7753612642668,1.91279916183077
2,196,2196,-1.19543597697579,2.16385547000885
2,197,2197,-2.08939028579293,1.97492766140161
2,198,2198,-2.4895158661439,2.74593650210051
2,199,2199,-2.25959525781995,2.45395390292765
2,200,2200,-3.11727388644064,2.9224440547307
2,201,2201,-2.84369493217258,1.8213469871474
2,202,2202,-3.90791312432562,2.20159135801606
2,203,2203,-2.5179169533935,2.08448140679939
2,204,2204,-2.41614206925064,1.81410370976345
2,205,2205,-2.36175457334165,1.97236867832594
2,206,2206,-2.62260012640538,1.36091080146039
2,207,2207,-3.04720879168323,2.14443347845964
2,208,2208,-2.69959391007379,1.76022507804442
2,209,2209,-3.07104984348988,2.40300638409267
2,210,2210,-3.2611993333423,1.97337972287177
2,211,2211,-2.86241829645451,2.23400082812466
2,212,2212,-2.43283484677135,1.78430619476894
2,213,2213,-2.47891205275065,1.75563159206893
2,214,2214,-2.94210966066564,1.65254298161844
2,215,2215,-2.61507215142344,2.14270330452321
2,216,2216,-2.14547503123094,1.4608709561991
2,217,2217,-2.94731468195891,1.60630579513894
2,218,2218,-2.44501614171519,2.07486163478247
2,219,2219,-2.19859165401176,2.40918965311777
2,220,2220,-1.52973758902446,1.74986397206795
2,221,2221,-1.90162308098267,1.68787699306334
2,222,2222,-1.43128589863366,2.18224890870679
2,223,2223,-3.05258496320538,1.85662370762376
2,224,2224,-1.82075800014548,1.65705029225114
2,225,2225,-1.84889143816028,1.52215692997768
2,226,2226,-1.56000479352412,1.97333426807296
2,227,2227,-3.37256486694402,1.97053372385842
2,228,2228,-3.79240025049439,2.4496990565602
2,229,2229,-3.27815300751664,2.63906224068037
2,230,2230,-1.89219885009076,1.16557338907956
2,231,2231,-2.12542471875971,1.18034705159878
2,232,2232,-1.69356910272,1.21210668693315
2,233,2233,-2.75623950230325,1.75777215379632
2,234,2234,-2.15906382228141,1.61962338022854
2,235,2235,-2.2253619642097,1.63377192279903
2,236,2236,-2.43513033850216,2.29491721619141
2,237,2237,-2.86759989420601,3.12900077191627
2,238,2238,-1.65208950656949,2.86638135411183
2,239,2239,-2.2282834654686,2.09889332124019
2,240,2240,-1.61834033371889,1.79492897008745
2,241,2241,-2.17542877103551,1.69904559196121
2,242,2242,-2.10556749270692,1.03515524054032
2,243,2243,-1.98449561597615,1.07269699889219
2,244,2244,-2.57646892781237,1.67274183030032
2,245,2245,-2.2308349269953,1.35176579263207
2,246,2246,-3.16631697043108,1.38389108288059
2,247,2247,-2.14880756067103,1.55122447575081
2,248,2248,-2.42968269780551,1.46730203612401
2,249,2249,-1.68156601648329,1.17695232358631
2,250,2250,-2.09672238436569,1.7599223406837
2,251,2251,-1.86929573183605,1.17225962214855
2,252,2252,-3.4414109002597,2.14214581267119
2,253,2253,-2.65821609770463,1.46698751503062
2,254,2254,-2.1847391108218,1.87924988805352
2,255,2255,-1.36238871060579,1.4619082593352
2,256,2256,-2.01661695831656,2.79043392789169
2,257,2257,-1.99286684950234,2.23957740915206
2,258,2258,-2.1383246404905,1.95759372514976
2,259,2259,-2.19906004782936,1.36320755795664
2,260,2260,-2.78540056879772,1.13697336625244
2,261,2261,-2.33362378271613,1.28217425847878
2,262,2262,-2.40585876865867,1.66915426663244
2,263,2263,-1.43479440139373,1.66822878826236
2,264,2264,-2.34286090861162,1.45520031472793
2,265,2265,-2.1079062288132,1.23294328249741
2,266,2266,-1.35759879335914,1.5289755454253
2,267,2267,-1.18902466255412,1.56235395708749
2,268,2268,-1.97059611987309,2.32538393567908
2,269,2269,-2.37348100044203,2.8936494269567
2,270,2270,-2.54053576913879,2.23794530439798
2,271,2271,-2.53661695595563,2.95987377444258
2,272,2272,-2.29837660288103,2.63320592680836
2,273,2273,-1.79292744259303,1.51616700081443
2,274,2274,-1.82784826972255,1.3508377244733
2,275,2275,-2.25346578464165,1.66726595372761
2,276,2276,-1.74588191255717,1.33024895613065
2,277,2277,-2.21349366916295,2.10946363411592
2,278,2278,-1.81804712653994,2.18225949601299
2,279,2279,-2.55181496000155,2.05890950917423
2,280,2280,-2.24333838556332,2.11341353122334
2,281,2281,-2.44419871129068,1.25829886343027
2,282,2282,-3.42349745291593,2.38687958817452
2,283,2283,-2.46565163192681,1.7628498129665
2,284,2284,-2.94064257988689,2.78047027964353
2,285,2285,-2.90272483225871,1.72989396515695
2,286,2286,-2.14048601295999,2.24933955877969
2,287,2287,-2.13637200229004,1.58830350676903
2,288,2288,-2.20952075101631,1.8234798533659
2,289,2289,-1.97974470655291,1.23960173839222
2,290,2290,-3.54947984647187,2.85729320879842
2,291,2291,-2.821848559117,3.19203134813401
2,292,2292,-2.85163042253274,2.98878876177518
2,293,2293,-3.26586522748674,2.609552995665
2,294,2294,-3.12115589977155,2.40131129285426
2,295,2295,-3.24917073696185,1.64381611466993
2,296,2296,-3.2719713588696,1.64000605034715
2,297,2297,-1.93100043756675,2.06030374426014
2,298,2298,-2.16638749410566,2.13327907151791
2,299,2299,-2.13422012042488,1.6789674680045
2,300,2300,-1.73830947998427,1.64614355254842
2,301,2301,-2.59919203877838,1.38322161283972
2,302,2302,-2.21645289857731,2.28020666515754
2,303,2303,-2.81577722724997,1.77328766625773
2,304,2304,-3.00647851024566,2.04665529198019
2,305,2305,-2.22380025316474,1.50303086761545
2,306,2306,-2.82535975938001,1.95646904446188
2,307,2307,-1.96970578828324,3.19039482093072
2,308,2308,-2.94108394258846,1.36437071765787
2,309,2309,-3.01092105402587,1.84873761618726
2,310,2310,-2.72599223424066,1.69398037005227
2,311,2311,-2.58189906268332,1.6011337203298
2,312,2312,-1.76270880006005,1.2188557514908
2,313,2313,-1.95997899123998,1.94623149905285
2,314,2314,-1.77756927795235,1.85214736837209
2,315,2315,-2.14175040764164,1.72461955460825
2,316,2316,-1.55716256272719,1.34013941336995
2,317,2317,-1.53760504217729,1.73739020200462
2,318,2318,-1.60791644933801,1.48629059429249
2,319,2319,-1.70121176710388,1.48892463722723
2,320,2320,-1.93129419132808,1.63507881567401
2,321,2321,-1.40596837238981,1.94083421344052
2,322,2322,-1.63329245170396,1.33948122421188
2,323,2323,-2.71107572660031,2.26157324175369
2,324,2324,-2.48665028359285,1.89361287929911
2,325,2325,-1.86084531484803,2.64234438443955
2,326,2326,-2.31597731769621,2.45193955302324
2,327,2327,-2.39557999264072,1.37600863369472
2,328,2328,-2.81296274944294,2.37460953502215
2,329,2329,-2.71379440237558,1.60258216457137
2,330,2330,-2.58872066488831,1.38778913171237
2,331,2331,-2.60500850065439,1.59039304345116
2,332,2332,-2.28110882828647,1.25997753052916
2,333,2333,-2.34690779020184,1.2192749871886
2,334,2334,-1.9875141516222,2.05736185949136
2,335,2335,-1.34745630411108,2.45116127989162
2,336,2336,-1.37644263641443,2.50405264237657
2,337,2337,-2.72835627791687,2.03014191664938
2,338,2338,-2.40549828319262,1.85125667998071
2,339,2339,-2.17421264813151,1.37262228340625
2,340,2340,-1.92361970596436,1.21622463671798
2,341,2341,-1.94789022567548,1.89653616645749
2,342,2342,-1.8609153226834,1.85048350939474
2,343,2343,-2.99497842523335,1.88229075289969
2,344,2344,-2.67054254829436,1.56018849448077
2,345,2345,-2.56423447404889,1.93738085393438
2,346,2346,-2.69556510341557,2.26205857785435
2,347,2347,-2.73815422607496,1.80852613976211
2,348,2348,-1.72486044418369,1.10114183897267
2,349,2349,-2.38608703999037,2.06847120410394
2,350,2350,-1.76144922950684,1.3376146409385
2,351,2351,-2.62053913506097,1.45421703130752
2,352,2352,-1.45875685339227,1.27070425061173
2,353,2353,-2.43372707508443,2.13241818988811
2,354,2354,-1.71147826517375,1.47835676717398
2,355,2355,-3.17413509835353,1.42119195647507
2,356,2356,-1.99751650907281,1.52860654235485
2,357,2357,-2.19943178493361,1.44657732376577
2,358,2358,-2.74716553957777,1.44828209929148
2,359,2359,-2.29216899329276,1.17850835440383
2,360,2360,-1.98040410208735,1.01497806783243
2,361,2361,-2.36024312225467,1.97684176453958
2,362,2362,-2.89971443552416,1.56832270054305
2,363,2363,-2.91441981926287,1.51513449583461
2,364,2364,-1.97637575986839,1.32601482585214
2,365,2365,-1.78786124710018,1.26619380840415
2,366,2366,-2.4630232624817,1.04879023427163
2,367,2367,-2.37268324152619,1.93979220302804
2,368,2368,-2.65503633079245,1.957039420231
2,369,2369,-1.52323450027886,2.01795045165972
2,370,2370,-1.76395146922772,1.48518929134425
2,371,2371,-2.58759449997565,1.8228654149149
2,372,2372,-1.76599075093312,1.45439071688395
2,373,2373,-3.13213469627876,2.40810494965134
2,374,2374,-2.82859705775874,1.87937078705118
2,375,2375,-2.96425726644003,1.86245782880751
2,376,2376,-3.1708853832753,2.66519181698217
2,377,2377,-2.20808878774639,1.42665007108168
2,378,2378,-2.53668813012614,1.72056235271619
2,379,2379,-2.60135012441726,1.50458075953742
2,380,2380,-2.59330892627363,1.96343388791408
2,381,2381,-2.56626878607042,1.37554226312947
2,382,2382,-2.30902636531916,2.71280068627658
2,383,2383,-2.80953232331361,2.47830221354473
2,384,2384,-2.24657686203949,1.80302504423983
2,385,2385,-2.86913620879017,1.78945546862072
2,386,2386,-2.94282513704325,2.11807335014808
2,387,2387,-2.43086289647962,1.75103715226703
2,388,2388,-2.49640188603853,2.03568852238095
2,389,2389,-2.27076797454149,2.04241801958348
2,390,2390,-2.25367295160514,1.91175079404998
2,391,2391,-1.29122421709776,2.95474318845537
2,392,2392,-1.63727763983461,1.80340403099187
2,393,2393,-2.14183643964488,2.55239867539905
2,394,2394,-1.97790308467298,2.62316053735386
2,395,2395,-1.70348924072711,2.01737790519769
2,396,2396,-2.19885212053756,1.75695256784359
2,397,2397,-2.82203906985635,2.95687807514578
2,398,2398,-2.89601896005819,3.18216164724192
2,399,2399,-1.98427190774949,2.00452608800072
2,400,2400,-2.16304175117772,2.6156902586311
2,401,2401,-1.61718244092561,1.37144524690584
2,402,2402,-1.47204588587052,2.23260419755937
2,403,2403,-2.72557560169342,1.52241648872776
2,404,2404,-2.76627034746776,1.75181097476013
2,405,2405,-2.84192626458343,3.55922015103468
2,406,2406,-3.10488580660678,3.64079892985994
2,407,2407,-2.67551823001437,2.85156457508049
2,408,2408,-1.53606524892726,1.65555332706273
2,409,2409,-1.04974952062332,1.27780704328647
2,410,2410,-3.82998004389779,2.78348754010951
2,411,2411,-4.15954884706941,2.94375251030463
2,412,2412,-3.01473501879925,2.43231477460434
2,413,2413,-3.07787314660582,1.8491936071268
2,414,2414,-2.96318054485319,1.75214927216304
2,415,2415,-1.75287561440601,3.33352185688005
2,416,2416,-1.3628425593942,2.25118525224624
2,417,2417,-1.46609041216955,2.32389989225331
2,418,2418,-1.67358027017556,1.25583555500587
2,419,2419,-1.435138328872,2.10194481672044
2,420,2420,-2.55803543881241,1.63040981058791
2,421,2421,-1.57678862562914,1.81296262584982
2,422,2422,-2.08761012172066,2.44606707867753
2,423,2423,-2.37853922046916,1.78249690546143
2,424,2424,-2.84049137873081,1.41641127446224
2,425,2425,-1.46708692411182,1.30210288282187
2,426,2426,-1.92492677378391,1.35617010860996
2,427,2427,-1.90496941885769,1.70949415175856
2,428,2428,-2.71840286620574,1.71394876413268
2,429,2429,-2.4939395274318,2.08156478769771
2,430,2430,-2.26681985053104,1.35666588329333
2,431,2431,-1.8844718704495,1.4056290083222
2,432,2432,-2.08469627622694,2.3850092901498
2,433,2433,-2.79006986147591,1.74567985885498
2,434,2434,-3.14369851052295,1.56321109728134
2,435,2435,-2.80258889659128,1.16169214346502
2,436,2436,-2.04694302705372,1.85029809459916
2,437,2437,-2.50327488501141,1.86080710803776
2,438,2438,-1.7342348806669,1.81267373501771
2,439,2439,-2.61922179126432,1.1187231891759
2,440,2440,-3.12367479592553,1.48292137567393
2,441,2441,-2.73819931238862,2.62773815320284
2,442,2442,-2.9161127676895,3.44570938176148
2,443,2443,-2.04058003184782,3.24217006236306
2,444,2444,-2.74176168956323,2.39012584264653
2,445,2445,-2.00160280197962,2.51416054379729
2,446,2446,-1.69894073531639,2.63123021209053
2,447,2447,-1.73376934952621,2.23597711445373
2,448,2448,-2.02023397817081,1.96787147249314
2,449,2449,-1.63435394742589,1.43057005476712
2,450,2450,-1.90447534198001,1.22700293588172
2,451,2451,-2.04234317102761,1.39732200835624
2,452,2452,-1.43202728561785,1.31373517634944
2,453,2453,-2.16175994866236,1.68571926764484
2,454,2454,-2.76205330143348,1.24257860793596
2,455,2455,-2.96617137805847,1.45849602339694
2,456,2456,-2.91321749091439,1.63332170945577
2,457,2457,-2.06503575734806,1.87490192716672
2,458,2458,-1.24587901275622,1.10202718496753
2,459,2459,-1.88879909311128,1.40419796660096
2,460,2460,-1.66953499241617,1.62403507579239
2,461,2461,-2.30454944562306,1.94184847865455
2,462,2462,-2.28556083296064,1.9650288362509
2,463,2463,-3.26825391591321,2.0485449580089
2,464,2464,-3.1886726152439,1.91656692985162
2,465,2465,-2.45212115851081,1.5340881012666
2,466,2466,-1.81953184405252,1.20120741834002
2,467,2467,-2.30784923735132,1.31436880603409
2,468,2468,-2.37799594835195,1.57862864523947
2,469,2469,-1.17088928374773,1.08045546935286
2,470,2470,-2.14841202143145,1.55009222730105
2,471,2471,-1.83760787194022,1.26792898499357
2,472,2472,-3.49406342234402,1.79511578821854
2,473,2473,-1.25621822534672,1.42447072525919
2,474,2474,-1.49940353678591,2.39438548082604
2,475,2475,-1.89345030650383,1.65117018306311
2,476,2476,-1.97315180039645,2.29300798207722
2,477,2477,-1.30277766588451,1.88289391354258
2,478,2478,-1.0459863199656,1.80860075873487
2,479,2479,-0.0178740338792205,2.71937689823956
2,480,2480,-1.06990662249519,2.8512568518878
2,481,2481,-1.1387740952588,2.74727026345083
2,482,2482,-1.06081981299196,3.7207686931738
2,483,2483,-1.27160680480392,1.60496224167823
2,484,2484,-1.90851409697916,1.73856583649888
2,485,2485,-0.964142701467802,1.63495682985527
2,486,2486,-2.25291694598059,2.36835194241814
2,487,2487,-2.46958620884581,2.43582417756094
2,488,2488,-2.40687412820163,1.76361831725997
2,489,2489,-2.78651883700581,1.78456835682034
2,490,2490,-3.97421106300669,3.3512427057333
2,491,2491,-3.59482659466414,2.75491146155
2,492,2492,-3.4666949630795,2.10103591879105
2,493,2493,-3.02597138704943,2.20200593594216
2,494,2494,-2.90777166725306,2.02886146972857
2,495,2495,-1.61628813753932,2.09462981337913
2,496,2496,-1.89138107705417,2.70879716716017
2,497,2497,-2.03054197044463,2.92526177422314
2,498,2498,-2.25571640056187,2.03117091689232
2,499,2499,-1.79888316880002,1.89209533088484
2,500,2500,-2.01100798395529,0.900663949170118
2,501,2501,-1.56082381474354,1.65430646893356
2,502,2502,-2.84329141379683,1.67684211293681
2,503,2503,-2.06309037345784,1.94493492657398
2,504,2504,-1.8203657781425,1.83362118487342
2,505,2505,-2.23581868571851,1.07688906304044
2,506,2506,-1.75237894384578,0.995097649557228
2,507,2507,-1.35369656658772,1.0048170922112
2,508,2508,-2.6214497312034,2.11224333303573
2,509,2509,-1.8116012459416,1.3445212180605
2,510,2510,-3.40257115933592,2.33093034603027
2,511,2511,-2.0531732892612,1.72684681020499
2,512,2512,-1.31375415129206,1.66819916608042
2,513,2513,-1.02412100899104,2.16379274276849
2,514,2514,-0.986173987605396,2.6522150388478
2,515,2515,-0.232186056963909,2.0874726340339
2,516,2516,-0.948421018874441,2.23093935909185
2,517,2517,-1.62680181232645,1.50879027558763
2,518,2518,-2.91098786468761,2.0150271420143
2,519,2519,-2.9386064411186,2.53422690394094
2,520,2520,-2.92369180697888,2.34351187926502
2,521,2521,-2.5616031056917,2.30898129610709
2,522,2522,-2.25364422370934,1.7486419954756
2,523,2523,-1.89236631525518,1.86598715719632
2,524,2524,-1.81730886626747,1.609167229218
2,525,2525,-1.57887513658865,2.31102923410403
2,526,2526,-3.13856115985357,2.04563600273164
2,527,2527,-2.73948809952942,1.704065953572
2,528,2528,-3.33734314325691,2.0427698623748
2,529,2529,-2.00977154502306,2.6456407443063
2,530,2530,-1.56505461999387,1.76659461640155
2,531,2531,-2.01382832125482,2.61543280647238
2,532,2532,-2.24174149872185,1.53042699901362
2,533,2533,-2.36566236696991,1.08914756597853
2,534,2534,-2.05190261579816,1.47235257868732
2,535,2535,-2.15459379489445,1.14094509820492
2,536,2536,-1.90964309167311,1.16470742586318
2,537,2537,-2.23615906875795,1.88050505642326
2,538,2538,-1.06961705074759,1.48345362210735
2,539,2539,-3.01510861809021,3.4907607529551
2,540,2540,-1.96141500574834,1.73405283339903
2,541,2541,-1.49083398861868,2.47691160767788
2,542,2542,-2.1057879612881,1.60434513897634
2,543,2543,-1.91405003540477,1.7253521034279
2,544,2544,-1.7029951625235,1.82778205916501
2,545,2545,-1.86545080361327,2.66896771274826
2,546,2546,-1.49304355280047,2.2314292124277
2,547,2547,-3.00427981441636,1.62322609391809
2,548,2548,-3.34455807488976,1.22581632558514
2,549,2549,-2.9361754321058,1.36338860738939
2,550,2550,-2.67602488277548,1.20104236716883
2,551,2551,-2.63581988221952,2.25527361959576
2,552,2552,-2.74894698952447,2.43614489562769
2,553,2553,-3.06269560135138,1.82516288099553
2,554,2554,-3.67541826243253,2.72098729062437
2,555,2555,-1.68449599359152,2.0734357726819
2,556,2556,-1.72886590952991,1.96654285768152
2,557,2557,-1.60173632849226,1.54550111577221
2,558,2558,-2.97278274314715,2.11560307840102
2,559,2559,-1.99618886522781,1.51797778849626
2,560,2560,-1.89878837482139,1.5332273900619
2,561,2561,-1.7817452530787,3.28310137741372
2,562,2562,-1.46856634038166,3.28721344169641
2,563,2563,-2.16527668767566,1.10660915887484
2,564,2564,-2.20746116755997,0.917420875475985
2,565,2565,-2.2370081483228,1.06056976131261
2,566,2566,-3.03684103523047,1.96323691924498
2,567,2567,-2.92813915249189,1.29168226547385
2,568,2568,-2.74641993729752,1.61016152622262
2,569,2569,-2.8145035373956,1.79809255942893
2,570,2570,-2.63036930535544,1.69311592734941
2,571,2571,-2.88417867515585,1.34271840470675
2,572,2572,-1.04037596916933,2.20559806036067
2,573,2573,-1.76470383408992,1.83607468611904
2,574,2574,-1.77084107794115,1.51728917455722
2,575,2575,-1.71503839180836,2.4014243124723
2,576,2576,-1.28914651797746,2.33034965405997
2,577,2577,-2.69085094882102,1.40461032972837
2,578,2578,-2.31925148123006,2.09632057702138
2,579,2579,-2.20025280881893,1.35834318343904
2,580,2580,-2.16215907320522,1.35486655624271
2,581,2581,-2.28494243342625,1.66546343175009
2,582,2582,-2.61211464099119,1.67997448591919
2,583,2583,-2.5258635722587,1.45950071101278
2,584,2584,-2.8030799166517,1.68905976837658
2,585,2585,-2.84123550996153,1.72276040088983
2,586,2586,-2.66898187840808,1.67971635419356
2,587,2587,-2.37349565591694,1.33304808158476
2,588,2588,-2.8872134305651,1.68908522938629
2,589,2589,-4.06002365660595,2.73490206722512
2,590,2590,-2.93060650668746,2.17780038261521
2,591,2591,-3.64795725298561,1.87633340343835
2,592,2592,-3.64295178308978,2.25120130455933
2,593,2593,-3.68156410867947,2.27843807425456
2,594,2594,-1.76845788523666,1.48960144379332
2,595,2595,-2.21749416857354,1.14934665900811
2,596,2596,-2.17835330342055,1.10941325020601
2,597,2597,-1.73245773888289,0.942723479470703
2,598,2598,-2.00821464372394,1.19399415617144
2,599,2599,-2.23948230244861,1.32865864078351
2,600,2600,-2.31604514645106,1.05505155093055
2,601,2601,-2.88576489897124,1.6849304271234
2,602,2602,-2.3968006584064,1.29261464931227
2,603,2603,-2.72716883562209,1.37079684525324
2,604,2604,-2.59352479868284,0.998719204800379
2,605,2605,-2.3787611099752,1.29558088013381
2,606,2606,-2.31929659234405,1.52044021551661
2,607,2607,-2.50106425071583,1.64609704850821
2,608,2608,-2.68710366639073,1.79432236584643
2,609,2609,-1.77835025896864,2.11314987274522
2,610,2610,-1.5054586960132,1.83312429075995
2,611,2611,-2.97416298913529,2.2582594756776
2,612,2612,-2.21529724715988,1.5019659713474
2,613,2613,-2.3292428164008,1.61175305087174
2,614,2614,-2.43912490522083,1.79503486351247
2,615,2615,-3.03613910319885,2.4471234677328
2,616,2616,-3.15902205691888,1.71933995004601
2,617,2617,-3.03136709160106,1.53488147481476
2,618,2618,-3.20425779647554,1.70205679958248
2,619,2619,-2.78771526465047,2.65960791952762
2,620,2620,-3.41188126173263,2.47764429706562
2,621,2621,-2.67961844025976,2.45484522294476
2,622,2622,-3.62674858266137,3.35271038709015
2,623,2623,-3.65500239004725,3.44174720860972
2,624,2624,-2.96981750908061,3.5453043550877
2,625,2625,-2.95137526305986,3.53978296021788
2,626,2626,-2.3314076309752,1.843846977583
2,627,2627,-2.59612122173914,1.74790020986393
2,628,2628,-3.06353987054824,1.66746288015859
2,629,2629,-3.0996779489841,1.61597760710484
2,630,2630,-3.41205915468529,1.79572503769373
2,631,2631,-2.68545206023054,1.92052918061949
2,632,2632,-2.76564564864104,1.32379886613141
2,633,2633,-3.0193688430235,1.60792472272637
2,634,2634,-2.0516092963154,1.0287137210991
2,635,2635,-1.90310429841484,0.845562047550662
2,636,2636,-3.26551639402925,1.73984004035447
2,637,2637,-2.80929661174964,1.57489547235609
2,638,2638,-3.57331944804849,1.74102806140305
2,639,2639,-2.58144455468679,2.49573999492344
2,640,2640,-2.44592099186764,1.10497489853385
2,641,2641,-2.88446593456841,1.20987334273157
2,642,2642,-3.37368329049911,2.48853157368726
2,643,2643,-2.83328475896849,2.09584082346863
2,644,2644,-1.75483840567362,1.35592957436695
2,645,2645,-2.7181654846077,1.50657371912054
2,646,2646,-2.28098977445816,1.1790587817014
2,647,2647,-1.91984315875321,2.10865077511219
2,648,2648,-2.45606852964773,1.91948374690431
2,649,2649,-1.53766489150911,1.0929496434515
2,650,2650,-2.00625542951029,1.86489785338345
2,651,2651,-2.27766406478204,1.09935843001845
2,652,2652,-2.53366247630465,1.34276001248566
2,653,2653,-3.19293004480872,2.33190510896481
2,654,2654,-1.63951320074339,1.2894885616691
2,655,2655,-2.93182465283539,2.37471105168039
2,656,2656,-2.83908967723627,2.29518772216139
2,657,2657,-2.13190506016152,1.74901202609947
2,658,2658,-2.09747243511506,1.55708408245842
2,659,2659,-1.60573101720253,2.88690223736226
2,660,2660,-1.28352267081724,2.26726370089543
2,661,2661,-2.33049464514311,1.57666292134691
2,662,2662,-2.82400906168483,1.90958331623448
2,663,2663,-2.35946476284538,1.67288628005674
2,664,2664,-2.06269797514161,2.34217115113527
2,665,2665,-0.806113232997089,2.83101531099066
2,666,2666,-1.08037701268819,2.56604587617881
2,667,2667,-1.10762606576846,2.5710615141345
2,668,2668,0.0784665913710546,3.79391128345239
2,669,2669,-1.4560595672018,2.6585194387823
2,670,2670,-1.486361020359,1.97503470467804
2,671,2671,-2.17918798436883,1.93259600712456
2,672,2672,-1.37690890832542,2.3224908345642
2,673,2673,-1.50319448398128,2.11109140493031
2,674,2674,-1.84597884350778,2.19341310720337
2,675,2675,-2.14316435025227,2.24583459239667
2,676,2676,-2.36542299189685,1.36762682555412
2,677,2677,-2.00995130054574,1.63438652818843
2,678,2678,-2.50922053197487,1.84316178160907
2,679,2679,-2.49327092047259,1.05525629165739
2,680,2680,-2.12392428196257,1.61985605353148
2,681,2681,-2.18232411327886,1.88417374629229
2,682,2682,-2.474550323864,1.08922210977434
2,683,2683,-2.18841460879947,1.08757975426373
2,684,2684,-2.85678271845998,1.20896430475134
2,685,2685,-2.6715968776232,2.41727056397248
2,686,2686,-2.52882116686734,2.16953960358241
2,687,2687,-2.41415953996952,1.63814727206417
2,688,2688,-2.95050929967696,1.43770711093416
2,689,2689,-2.50834161354686,1.8167003697704
2,690,2690,-2.51118631170234,1.43266327192983
2,691,2691,-1.3264088394547,1.5274204250539
2,692,2692,-1.01847124193232,1.62157196655263
2,693,2693,-1.59964668487555,1.47647042361005
2,694,2694,-1.18416731600256,1.34362820189126
2,695,2695,-1.24415096475126,1.80851018414728
2,696,2696,-1.1426731310181,2.16281781270319
2,697,2697,-2.35178099017292,1.4396135709557
2,698,2698,-2.64440720609307,1.99695640279486
2,699,2699,-3.00065827702659,1.60400856411312
2,700,2700,-2.22531941827182,1.25875622322997
2,701,2701,-2.16607371500384,1.27984920568434
2,702,2702,-3.18927386580392,1.67909566087612
2,703,2703,-3.08897117157222,1.6045986485836
2,704,2704,-1.84920046691165,1.26144314411399
2,705,2705,-2.22937585178372,1.72661873161004
2,706,2706,-2.36899175200917,2.12553600809603
2,707,2707,-2.144582977313,1.93922531081298
2,708,2708,-2.99469675187634,1.92375328950685
2,709,2709,-2.94691055589472,1.86314140313555
2,710,2710,-2.82070205994147,1.7182460775302
2,711,2711,-2.3259776724928,1.57160789986214
2,712,2712,-2.51628094174248,1.71335942694803
2,713,2713,-2.31241593358171,2.72816097483316
2,714,2714,-2.07225159619744,2.4774439656557
2,715,2715,-2.51301756570371,1.89488433804283
2,716,2716,-2.54270315836101,1.64682845654253
2,717,2717,-3.12182330966221,1.52101639097588
2,718,2718,-1.71534952048743,1.65455006474725
2,719,2719,-2.32816557389179,1.63438617423246
2,720,2720,-2.1805907136742,1.39740543327954
2,721,2721,-1.9542420492155,1.05731267489898
2,722,2722,-1.93288958856482,2.54857684956333
2,723,2723,-2.28324458209035,1.78288879295341
2,724,2724,-1.7651749235409,1.21994038676241
2,725,2725,-1.48841271011889,1.39689117181073
2,726,2726,-0.855702449375243,1.26378523075546
2,727,2727,-1.48192788749392,1.27226364777717
2,728,2728,-1.25445985508388,2.07643197234296
2,729,2729,-2.44421178086763,1.59312119211445
2,730,2730,-3.21836898907711,2.40254876105508
2,731,2731,-2.28867655139553,1.97838832928522
2,732,2732,-2.34405490128384,2.08349201482021
2,733,2733,-2.50570749687712,1.75441350283775
2,734,2734,-1.66875013535508,1.69731226359069
2,735,2735,-1.90801662810986,1.93289101748585
2,736,2736,-2.08992554420514,1.9801576052986
2,737,2737,-1.29917242142756,1.14749435811101
2,738,2738,-1.39144070932068,1.70550563076164
2,739,2739,-2.35065262545161,3.13777111342785
2,740,2740,-2.82884412787975,2.07867044058929
2,741,2741,-3.2452146175888,2.12250935646825
2,742,2742,-2.35322466583303,1.70871088734365
2,743,2743,-2.88450844567456,1.70137921740501
2,744,2744,-1.83166216196408,1.4873637250295
2,745,2745,-1.99758098761728,1.88507212288557
2,746,2746,-2.26787771866617,1.57325125645647
2,747,2747,-1.76929638483012,2.27899590740577
2,748,2748,-0.608157568604262,1.57641972028317
2,749,2749,-2.21723941071806,2.33628087390556
2,750,2750,-2.9881314438119,1.92759692134798
2,751,2751,-2.44277939932,1.28524651703532
2,752,2752,-2.35564677577124,1.61145173940668
2,753,2753,-3.27655026446155,1.8987275933643
2,754,2754,-1.79635284491233,2.23955713261529
2,755,2755,-2.50379590970383,1.59027149803219
2,756,2756,-1.9953757450032,1.8720823939284
2,757,2757,-1.86337365957216,1.49887011117403
2,758,2758,-1.83016064462396,1.35055138169098
2,759,2759,-2.07092454221434,1.72524395566747
2,760,2760,-2.04520676694078,1.82645942997664
2,761,2761,-2.01472062734323,2.73765165101513
2,762,2762,-1.01568675637723,1.51952500493823
2,763,2763,-2.68925216768332,2.10554937607121
2,764,2764,-2.80851670930552,2.2297576947055
2,765,2765,-2.6995046260682,1.3733443658922
2,766,2766,-2.86389418810696,1.35216740524962
2,767,2767,-2.48638617136418,1.2801628848536
2,768,2768,-2.4738537741775,1.27355509421759
2,769,2769,-2.0793790909642,1.258030236976
2,770,2770,-2.75662130277546,3.26102346902753
2,771,2771,-2.3413042799914,2.84520688405682
2,772,2772,-3.17567152598938,1.88792604291642
2,773,2773,-2.94122755713781,2.19455958701968
2,774,2774,-2.46167760101873,1.47563706527177
2,775,2775,-2.57917450954698,1.76351623023626
2,776,2776,-2.81971656007632,2.66879883097004
2,777,2777,-2.60911806112182,2.34641862282578
2,778,2778,-2.29210201774433,1.52063257143805
2,779,2779,-2.97981519108619,2.51480025801548
2,780,2780,-3.32830667399108,2.17861021669601
2,781,2781,-3.13568505035261,3.11373603041579
2,782,2782,-2.02502505754728,1.35235955070484
2,783,2783,-1.47018258280052,1.0394242810439
2,784,2784,-2.73266256827036,1.76776070382824
2,785,2785,-1.85000037131714,1.2340255299682
2,786,2786,-1.53582527808463,2.43748106292776
2,787,2787,-1.76614932833702,2.19599749352033
2,788,2788,-2.38426654500979,2.14880552736192
2,789,2789,-2.22569946476618,2.13019233295918
2,790,2790,-2.60929599198186,1.81748047130542
2,791,2791,-2.66365731332187,1.63101977709088
2,792,2792,-2.38721109905967,1.42768024687353
2,793,2793,-3.24085196750513,2.12221603121252
2,794,2794,-2.39485229851931,1.68404193109471
2,795,2795,-2.96758589865308,2.01348831653976
2,796,2796,-2.6789531086492,2.3526681558802
2,797,2797,-3.06323161008076,2.2846041071253
2,798,2798,-2.82451692766606,1.88239473113304
2,799,2799,-1.94874806037352,1.16581940981823
2,800,2800,-3.05837115313715,1.68085844228325
2,801,2801,-2.13543158861615,2.00835646555553
2,802,2802,-1.9653426315613,1.55089561647005
2,803,2803,-1.83335668223944,1.56146442559596
2,804,2804,-2.59935178008798,1.54115667303129
2,805,2805,-2.30493192009896,1.77202363496597
2,806,2806,-2.38439406618101,1.87813551015056
2,807,2807,-1.87753527282697,2.05530203598087
2,808,2808,-1.98055623572984,1.99437094993952
2,809,2809,-0.962399862291728,1.66787273111166
2,810,2810,-1.63644963715456,2.74851848056157
2,811,2811,-2.57684576926173,1.6409359252182
2,812,2812,-2.76408075138238,1.58270116313683
2,813,2813,-2.63509396193769,1.61449179435189
2,814,2814,-2.67238433842056,1.67448834439001
2,815,2815,-2.86110545758642,1.04820093164966
2,816,2816,-2.88482353685108,1.48805463777097
2,817,2817,-2.42625656037497,1.8484413948963
2,818,2818,-2.2402429392245,1.53221041117933
2,819,2819,-3.00659631598024,1.86109308384169
2,820,2820,-3.21877193567349,2.23094441593567
2,821,2821,-3.0388327937728,2.23577344002392
2,822,2822,-3.42373002458712,2.06087754621128
2,823,2823,-3.11989039949216,1.97113059100581
2,824,2824,-3.21531349813091,1.92129770778407
2,825,2825,-2.54380985593156,1.72925393524667
2,826,2826,-2.32330104632765,1.85521958974671
2,827,2827,-2.73897674216063,1.88369503905382
2,828,2828,-3.29471099804284,2.09843798922985
2,829,2829,-2.67169664904963,2.37833878140706
2,830,2830,-2.18648631753979,1.83526956629287
2,831,2831,-1.72164767135135,1.7426438373352
2,832,2832,-2.09911729460339,1.48596747375991
2,833,2833,-1.60107592707132,1.85092314031496
2,834,2834,-1.49990615793833,1.63892600750404
2,835,2835,-2.91133874181836,2.13329595406571
2,836,2836,-2.51811562002314,1.88670016127301
2,837,2837,-2.38088495966944,1.92324657799157
2,838,2838,-2.44088928302181,1.86938513141451
2,839,2839,-2.43590951379667,1.70495617302519
2,840,2840,-2.53925658017066,2.24287712355266
2,841,2841,-2.43143334384567,2.36222222837783
2,842,2842,-3.82441268386188,2.34313214599328
2,843,2843,-3.1734513251344,3.2388840983825
2,844,2844,-2.98256624849276,2.52806042634209
2,845,2845,-3.82674389376871,3.07274628456731
2,846,2846,-3.37062973868365,2.94868110090644
2,847,2847,-4.21730224214786,2.3443352834889
2,848,2848,-2.41181684615667,0.898378047255427
2,849,2849,-2.45943605288715,1.01097829530114
2,850,2850,-3.77222718995802,1.70332617654194
2,851,2851,-2.45521177799796,1.55692379783926
2,852,2852,-2.61960520513404,2.15502607853668
2,853,2853,-2.60956426657398,1.73073770226716
2,854,2854,-2.09311705915749,1.44018014867028
2,855,2855,-1.76865723035439,1.60681110835549
2,856,2856,-2.09232822845584,1.79205677592733
2,857,2857,-1.51510441948564,1.42732605206622
2,858,2858,-2.54699476729453,1.7845021796144
2,859,2859,-2.21471776333752,0.863459529023697
2,860,2860,-2.32633762830254,1.41920068701847
2,861,2861,-2.09201484490349,1.74533220649264
2,862,2862,-2.43949766088069,1.80217777146737
2,863,2863,-1.55647061177012,1.78756752423601
2,864,2864,-2.90796018196545,2.18011418455952
2,865,2865,-1.92269369630237,1.35452073392155
2,866,2866,-2.59940930160697,1.97467853929017
2,867,2867,-2.5865182083229,1.74717195688186
2,868,2868,-2.74797479467419,1.49529027011133
2,869,2869,-2.11335433456343,1.18368235909157
2,870,2870,-2.0155871728656,1.83547201472889
2,871,2871,-2.47619349927449,2.31341619692536
2,872,2872,-2.11265205800697,1.67356313675458
2,873,2873,-1.58369343390725,2.2856290715656
2,874,2874,-0.481927846925476,1.95836968585155
2,875,2875,-0.991454656759396,1.29888616547242
2,876,2876,-1.38051924532335,1.3376184428686
2,877,2877,-0.942033467626965,1.29705195871608
2,878,2878,-1.70400696266415,2.00554493502287
2,879,2879,-1.8922676301605,1.8382324129118
2,880,2880,-1.8386662435115,1.16318148477082
2,881,2881,-1.69205809372374,1.97672373164315
2,882,2882,-2.27746510723598,1.87877693801112
2,883,2883,-2.6177647976809,1.273960478302
2,884,2884,-2.51926874540726,2.19948076688679
2,885,2885,-2.6482432367394,1.62142107885274
2,886,2886,-2.84404628748857,1.65764534909458
2,887,2887,-2.54195305842922,1.66418209032358
2,888,2888,-2.58358298523572,1.51700781689161
2,889,2889,-2.50365343091475,1.64035956276631
2,890,2890,-2.29608584814472,1.7530455275131
2,891,2891,-1.87267936109958,1.77057825898478
2,892,2892,-1.60761023750666,1.22461793602319
2,893,2893,-1.71828305522915,1.07087042730254
2,894,2894,-1.61710822466252,1.63807645615772
2,895,2895,-2.53797879634175,1.69545031418814
2,896,2896,-1.01076717530885,1.97479934025273
2,897,2897,-1.30360424119216,2.43576803637771
2,898,2898,-0.978620682913443,2.80393037367606
2,899,2899,-1.68276395728011,2.44031133734124
2,900,2900,-2.06658990210581,1.85136421097581
2,901,2901,-1.90317901685802,1.4946877835125
2,902,2902,-1.66934166220432,1.3434475504094
2,903,2903,-2.20688443598074,2.06340675301113
2,904,2904,-2.36894715819623,1.05435656482739
2,905,2905,-2.85376601366536,1.42963139773081
2,906,2906,-1.68474280722757,1.39562417131126
2,907,2907,-1.54775723026852,2.41659956754377
2,908,2908,-1.34989902018839,1.81094261159237
2,909,2909,-1.28821061109322,2.33804059428449
2,910,2910,-2.79410845857432,2.59068167510276
2,911,2911,-2.57769224066967,1.63178390536979
2,912,2912,-2.52187676307502,2.14610843079437
2,913,2913,-2.11008996437365,2.02650210035293
2,914,2914,-2.96101759964553,2.18396887413401
2,915,2915,-3.26936273850544,2.43009397374234
2,916,2916,-2.36661032659271,1.67407583985408
2,917,2917,-2.4813240199731,1.52647843301434
2,918,2918,-2.6207234588984,1.7921298499696
2,919,2919,-2.16485535359548,1.53099854353587
2,920,2920,-2.21677312108182,2.33327107920773
2,921,2921,-2.09222664745573,2.29925692025831
2,922,2922,-2.26275285373351,2.14045563656329
2,923,2923,-2.64829696780826,1.99097883392031
2,924,2924,-2.38736807905187,1.39321979645088
2,925,2925,-2.06225645869063,1.72545155552782
2,926,2926,-2.19460986820285,1.4707612757193
2,927,2927,-1.70700343423843,2.35545726770037
2,928,2928,-2.00220968854896,2.45276020270436
2,929,2929,-3.07319626914386,2.20163415939227
2,930,2930,-2.7415077143166,1.76172678271168
2,931,2931,-2.70944540039939,1.6823492229175
2,932,2932,-2.30817898506523,1.44666907966635
2,933,2933,-0.684016081671509,1.60976457006287
2,934,2934,-2.02714908907974,2.27090621189556
2,935,2935,-2.94107066214734,1.3735380869601
2,936,2936,-2.5851902602931,1.55403802328423
2,937,2937,-2.22151172155844,1.40325312585874
2,938,2938,-2.05115993461475,1.40806982774983
2,939,2939,-3.04125634247977,1.91017966545572
2,940,2940,-2.45680107884704,1.31277417392197
2,941,2941,-1.69146872478844,1.09838288437934
2,942,2942,-2.52393583023169,1.91499423684456
2,943,2943,-2.2756865896347,1.74241747322202
2,944,2944,-2.81205774431706,2.66295409478038
2,945,2945,-1.78226772649481,2.46245419381616
2,946,2946,-2.70936774456879,1.85850451492761
2,947,2947,-2.13405659539508,1.82425393107052
2,948,2948,-0.961389895003129,1.84501669439382
2,949,2949,-0.76682043579205,2.98513557122596
2,950,2950,-2.31023004681901,1.89899526891115
2,951,2951,-2.64852197200334,1.7290533673572
2,952,2952,-1.00632078275739,1.39486709719753
2,953,2953,-2.09057883124608,1.80370105733577
2,954,2954,-2.48510691189282,1.92603938752739
2,955,2955,-2.27122791574913,1.45957184173095
2,956,2956,-2.54282099890724,1.36996122215565
2,957,2957,-1.47508960323169,1.86608404775724
2,958,2958,-2.12289894925868,1.51845000182765
2,959,2959,-2.6024843211406,1.35157752374632
2,960,2960,-2.64731272515061,1.78003410260343
2,961,2961,-3.14757029159364,1.96743224753815
2,962,2962,-3.17198333539357,2.03248819149763
2,963,2963,-3.15748545229852,2.38454521882289
2,964,2964,-1.63541341974415,1.53772736702128
2,965,2965,-1.32573001143459,1.22995090027914
2,966,2966,-1.31178067428678,1.7038504390186
2,967,2967,-0.741031322242876,2.22214159190389
2,968,2968,-0.705634814775088,2.70571993957465
2,969,2969,-1.2563905877115,2.61902954964037
2,970,2970,-2.19462495157237,1.62399209293414
2,971,2971,-2.55301183377649,1.8629980654536
2,972,2972,-3.01003188267383,1.71388144987137
2,973,2973,-2.59724863877691,1.59580731296723
2,974,2974,-2.03744597225341,0.998951312632532
2,975,2975,-2.31175000053086,2.03292213387252
2,976,2976,-2.35007142203852,1.97589215746985
2,977,2977,-2.85538994744017,1.91419685343922
2,978,2978,-2.30214448396847,1.67000560222677
2,979,2979,-2.54635176109316,1.55522459128795
2,980,2980,-2.49089842789824,2.04353196617727
2,981,2981,-3.13184708716295,2.55953974082996
2,982,2982,-3.42805899987457,2.70956283790852
2,983,2983,-1.6407942529343,1.6689357030166
2,984,2984,-2.3286026688232,1.55105640964221
2,985,2985,-1.931880360888,2.2217538533957
2,986,2986,-2.07447319959051,1.08183988457986
2,987,2987,-2.91348614428043,2.82685933922964
2,988,2988,-3.05735920573316,2.92574683275468
2,989,2989,-2.02900441177548,1.88929165485253
2,990,2990,-2.05572650668345,2.13754432431047
2,991,2991,-1.82122359873904,2.04658881808542
2,992,2992,-1.93193494379392,2.41616075710628
2,993,2993,-2.63974287613118,2.03157844738738
2,994,2994,-2.1480997765847,1.37424169571413
2,995,2995,-3.41131073807273,1.72979440197571
2,996,2996,-2.5056607507695,1.26906017677093
2,997,2997,-2.8640722038915,1.94044554115647
2,998,2998,-2.68379836369009,1.75900104775365
2,999,2999,-2.12092547323383,1.61342685968551
2,1000,3000,-2.64878587968406,1.65989184101325
2,1001,3001,-2.80726475607436,1.55197574752559
2,1002,3002,-2.83864762573699,1.41816696699041
2,1003,3003,-2.41938948075898,1.93243159519262
2,1004,3004,-2.02601176967609,2.1427921914993
2,1005,3005,-1.64191872471236,1.03219708253218
2,1006,3006,-2.14724669499672,1.71807707817892
2,1007,3007,-1.56094566314446,0.771790167536259
2,1008,3008,-1.90414296449664,0.7800177581186
2,1009,3009,-2.04834277467436,1.86390427161553
2,1010,3010,-2.15159888260288,0.772778030499775
2,1011,3011,-2.04829504295415,1.04150874573288
2,1012,3012,-2.88733537629111,1.44733845278145
2,1013,3013,-2.97440690041399,1.68192057754565
2,1014,3014,-3.47808104107827,1.56522464437972
2,1015,3015,-2.6425438467699,1.88366838031283
2,1016,3016,-2.66808831529968,1.64831935581489
2,1017,3017,-2.34299522202496,2.15073387887913
2,1018,3018,-2.64376557215438,2.95929193655286
2,1019,3019,-1.70113629278243,1.71287883924274
2,1020,3020,-1.87098441429093,1.560504775828
2,1021,3021,-1.85795790541449,1.25474252532785
2,1022,3022,-1.7756013972779,1.39878236224908
2,1023,3023,-2.03158259666181,1.54251992559755
2,1024,3024,-1.13721975896001,1.77818283718289
2,1025,3025,-1.84455297440775,2.3407014662449
2,1026,3026,-2.71164732175169,1.98464167158359
2,1027,3027,-2.76890821866218,1.83306298084916
2,1028,3028,-2.80771884663553,1.83218897218629
2,1029,3029,-2.69894376389945,2.07004189218106
2,1030,3030,-2.20157045804795,1.94293612734941
2,1031,3031,-1.67316972176737,1.97009276997233
2,1032,3032,-2.00455798553796,2.54123746593007
2,1033,3033,-1.95929376745035,2.44566980499984
2,1034,3034,-1.82008504893675,2.5667542682741
2,1035,3035,-1.77397117472971,1.86952669852215
2,1036,3036,-1.952546319903,1.54476506314268
2,1037,3037,-2.6859003192933,1.87875432729119
2,1038,3038,-2.04924531870934,2.04798626081372
2,1039,3039,-2.06460991034717,2.13526941554061
2,1040,3040,-1.91811109635758,2.29208160916717
2,1041,3041,-1.73305025726014,1.64739927733846
2,1042,3042,-1.70582824631565,1.55452593881308
2,1043,3043,-1.53866161864194,1.54072092938905
2,1044,3044,-1.5283482897142,0.918688768026064
2,1045,3045,-3.0436850475006,2.13435357295864
2,1046,3046,-1.18707865970368,1.79978185437417
2,1047,3047,-2.62200478112272,1.89185650391289
2,1048,3048,-2.39787000662362,1.06456070802524
2,1049,3049,-2.60658464479389,0.970611308231338
2,1050,3050,-2.96680005704996,1.03563131929928
2,1051,3051,-2.91559891027265,1.49922433251767
2,1052,3052,-2.30851929394904,1.28552875681002
2,1053,3053,-2.53234451857062,1.14820503068062
2,1054,3054,-2.15693775015566,1.20071620905869
2,1055,3055,-3.2101389266212,2.83970162618172
2,1056,3056,-3.18289994304945,2.02444817227312
2,1057,3057,-2.46728762616401,2.13998509515309
2,1058,3058,-2.25823266357107,1.61780473785609
2,1059,3059,-1.92542877170684,1.03244917090665
2,1060,3060,-2.64819681071392,1.23209124770381
2,1061,3061,-2.10028386825076,1.58461282102262
2,1062,3062,-2.24357698439944,1.52752943684956
2,1063,3063,-2.40973020813967,1.53320858134251
2,1064,3064,-2.57386843220505,1.76958169314707
2,1065,3065,-1.93420352569874,1.93255586753767
2,1066,3066,-2.59747395865428,2.6349766514732
2,1067,3067,-2.19200658219515,1.24873662499243
2,1068,3068,-1.96639523404002,1.13069321562403
2,1069,3069,-1.76310015181193,1.32425628665546
2,1070,3070,-1.87999542654714,1.12984739784883
2,1071,3071,-2.7962473858284,1.32928116708377
2,1072,3072,-1.43191675427943,0.868183812059825
2,1073,3073,-0.697067268541789,1.59093512827336
2,1074,3074,-1.50121683098883,2.47377998349147
2,1075,3075,-1.29919987904215,2.47716054526323
2,1076,3076,-2.07670105669696,2.46698305202603
2,1077,3077,-2.46864943389725,2.62787006180134
2,1078,3078,-2.11483718395046,2.22013762188282
2,1079,3079,-2.94631111053977,1.91587190899412
2,1080,3080,-2.37746712382384,2.36476710404214
2,1081,3081,-1.72544536358118,1.82033830658639
2,1082,3082,-2.33984458268517,2.87061625735108
2,1083,3083,-2.39729450114546,2.82752207550995
2,1084,3084,-2.0566140617831,2.37392451847966
2,1085,3085,-2.1485541190393,1.52825434626085
2,1086,3086,-2.30191296912896,1.88164447872304
2,1087,3087,-2.28280980687064,1.78950098671183
2,1088,3088,-2.57492915525634,1.89234217695036
2,1089,3089,-2.21505356973698,1.5376273372686
2,1090,3090,-1.80367992222752,1.83885227884976
2,1091,3091,-1.78028234308836,1.43767543850834
2,1092,3092,-2.30587149697743,1.58179584000576
2,1093,3093,-1.65618624332671,1.53256198573626
2,1094,3094,-1.97825399597188,1.4523505895927
2,1095,3095,-2.22114958048297,0.990625792830743
2,1096,3096,-2.65822249728714,1.64319585193642
2,1097,3097,-3.16381369548235,2.08179367621777
2,1098,3098,-3.18231500905388,1.71123004614178
2,1099,3099,-2.81241651966956,1.95565526832998
2,1100,3100,-2.3654911461953,1.96341025484722
2,1101,3101,-1.4775050605799,1.697139915436
2,1102,3102,-3.06540239815438,2.19982846779542
2,1103,3103,-2.71392079367219,1.91972361292353
2,1104,3104,-3.61717325055972,2.11583013227378
2,1105,3105,-3.08660474256739,1.41765820532488
2,1106,3106,-2.92665290379617,1.88435484332333
2,1107,3107,-3.14462047390592,1.88026092157505
2,1108,3108,-1.9816520051553,2.59671357041871
2,1109,3109,-2.5889303964819,2.18449123769428
2,1110,3110,-2.76334432777178,2.34801204100453
2,1111,3111,-2.32598372298947,3.15074776069627
2,1112,3112,-2.06735465363238,2.55813798189473
2,1113,3113,-2.97157154800175,2.79747301821322
2,1114,3114,-3.34210325599458,3.17167720561464
2,1115,3115,-2.53742298867912,2.19480710849288
2,1116,3116,-1.95723259374403,1.20175548231337
2,1117,3117,-1.02051901227738,1.12995989365113
2,1118,3118,-2.83201503846142,1.94298726937695
2,1119,3119,-2.62792317885552,2.10617562667618
2,1120,3120,-2.6512301297365,1.9370060151211
2,1121,3121,-3.27720334411049,2.08162767531733
2,1122,3122,-3.29837333573416,2.11643055351215
2,1123,3123,-3.36089001622271,2.08410308212254
2,1124,3124,-3.56890124479234,2.58043669252066
2,1125,3125,-2.95072719968989,2.16211165331247
2,1126,3126,-2.97399274647933,2.69614911474178
2,1127,3127,-2.8701274127573,1.76092075810281
2,1128,3128,-1.45989288795563,1.33976239994697
2,1129,3129,-2.14830378031802,1.55244259515003
2,1130,3130,-1.70165118137855,1.56411727947456
2,1131,3131,-1.51976566768004,1.54195671185188
2,1132,3132,-2.23521941161542,1.40957416886475
2,1133,3133,-2.33720513254575,2.10985140270928
2,1134,3134,-1.60308072668102,0.978759148369744
2,1135,3135,-1.53401958687426,0.927961606461039
2,1136,3136,-2.08399289171595,1.16568531634807
2,1137,3137,-2.71760959483495,1.06181922578043
2,1138,3138,-2.54643095282564,1.42756561714021
2,1139,3139,-2.32467712073102,1.22021816425738
2,1140,3140,-1.93856689692933,1.69331521737586
2,1141,3141,-2.86774873130336,1.9232279250602
2,1142,3142,-2.22238322793389,1.83803892738069
2,1143,3143,-2.40728038186155,1.76636170923252
2,1144,3144,-3.16913853397089,1.78920074957704
2,1145,3145,-2.48637728366639,1.14532287703618
2,1146,3146,-0.677784001912538,1.67573759439501
2,1147,3147,-2.6419908225962,2.92415048115631
2,1148,3148,-1.92658694839885,2.07042874060006
2,1149,3149,-1.99552418880683,2.06688013370003
2,1150,3150,-2.12994733605162,2.67069824165392
2,1151,3151,-2.12307784617911,1.97153407551657
2,1152,3152,-2.06877788225272,2.3258424130156
2,1153,3153,-2.4544851410249,1.80657410579491
2,1154,3154,-2.00839666460788,2.41080475441019
2,1155,3155,-1.73717438408306,1.57712956711457
2,1156,3156,-1.96544527673775,1.79912001780693
2,1157,3157,-2.28726246391447,1.35938197787135
2,1158,3158,-2.24948520916341,1.51610031152226
2,1159,3159,-1.43307297664102,1.20134439473405
2,1160,3160,-1.13540838043615,1.48490137754808
2,1161,3161,-3.0086727930502,1.35980172908489
2,1162,3162,-2.54124536032693,1.81148528987767
2,1163,3163,-3.23336119508085,1.67206490306109
2,1164,3164,-2.24389797431805,1.61948068495438
2,1165,3165,-2.07561096951602,1.43710047187421
2,1166,3166,-2.88286799040566,1.1887091603552
2,1167,3167,-2.82654350513444,1.42803678292792
2,1168,3168,-2.29214930183244,1.39213946796264
2,1169,3169,-2.37828954791581,1.58816469197355
2,1170,3170,-2.41447904645911,2.23030893129362
2,1171,3171,-1.84556440735576,1.10221648080141
2,1172,3172,-3.07668436129782,1.39506563441617
2,1173,3173,-2.46411010010792,1.34920400854791
2,1174,3174,-2.16500441267748,1.27323649427963
2,1175,3175,-2.61256722052201,1.47625832509763
2,1176,3176,-2.11613400049748,2.00766194498847
2,1177,3177,-2.11086541667649,1.94693100904457
2,1178,3178,-1.04869123605755,1.3359953300347
2,1179,3179,-2.09933853531793,1.92468036723712
2,1180,3180,-2.2815754533596,2.46271953205005
2,1181,3181,-2.11736009726919,1.69095121891807
2,1182,3182,-2.61564500059313,1.83201909131555
2,1183,3183,-2.34097740093382,1.66575746974721
2,1184,3184,-2.15740114714512,1.46210816704405
2,1185,3185,-2.53063092861074,1.57399882889759
2,1186,3186,-2.65951330230322,1.55466562664743
2,1187,3187,-2.44732081873218,1.3917354405512
2,1188,3188,-2.84486326618479,1.90966323201272
2,1189,3189,-2.79434317302825,1.91129285541367
2,1190,3190,-3.129808220435,2.12240676495709
2,1191,3191,-2.51856508021117,1.60643994908267
2,1192,3192,-2.20929524615153,1.81812473807451
2,1193,3193,-2.27123643119571,1.83168669547126
2,1194,3194,-1.94801511128969,1.34139427381102
2,1195,3195,-2.50551743941503,1.6711398609632
2,1196,3196,-2.29684279911515,1.77003864322432
2,1197,3197,-1.44490236096652,1.49670447007839
2,1198,3198,-1.8664821409623,1.36338539313923
2,1199,3199,-2.07300544746954,1.1986495970438
2,1200,3200,-1.47682615077963,0.880095255652345
2,1201,3201,-1.95920759618528,1.00949442382885
2,1202,3202,-1.76064019309837,1.04884984943754
2,1203,3203,-2.71939210317548,2.23168009969058
2,1204,3204,-2.35662543603953,1.42394031034446
2,1205,3205,-3.07183169696464,1.77117778266883
2,1206,3206,-3.66062330579746,1.68901129326663
2,1207,3207,-2.24013285398289,2.06790242591368
2,1208,3208,-2.20902860478971,1.11130367290406
2,1209,3209,-2.73601476604917,1.84528956005711
2,1210,3210,-1.83108943577069,1.56397132864143
2,1211,3211,-2.26215195165587,1.09427513170322
2,1212,3212,-2.99507165075433,2.22319244783132
2,1213,3213,-2.63797376433759,1.9642832283022
2,1214,3214,-1.56625622412691,1.18485067484115
2,1215,3215,-2.15269562947913,1.13796750362433
2,1216,3216,-2.41376257196132,1.83095125125856
2,1217,3217,-2.44542062349857,1.97379851732311
2,1218,3218,-2.2107359133083,1.70485540415291
2,1219,3219,-2.37449244712521,1.69965883006352
2,1220,3220,-1.46669752877592,1.43203123000555
2,1221,3221,-1.38870156611493,1.16627215514395
2,1222,3222,-2.24740690646163,1.22241462027506
2,1223,3223,-2.10795453622354,2.07371819436646
2,1224,3224,-2.09606638363436,1.44875906559983
2,1225,3225,-0.977794152174608,1.90167532407745
2,1226,3226,-1.78717404717614,1.08953019261688
2,1227,3227,-1.93467876808781,1.26404447028059
2,1228,3228,-1.89204188407642,1.31983196363215
2,1229,3229,-2.13765753518003,2.2258332537752
2,1230,3230,-2.58289957243424,1.84209754077799
2,1231,3231,-2.53790372899896,1.68568777749614
2,1232,3232,-1.76891511803645,1.29724630626913
2,1233,3233,-1.61404453499338,1.51032051671202
2,1234,3234,-1.69139619118812,1.18887168519656
2,1235,3235,-1.59627272571024,1.80678024309925
2,1236,3236,-1.6857033052708,1.83153467747804
2,1237,3237,-1.66086164756417,2.1483323825322
2,1238,3238,-3.05306277968077,2.17383829633402
2,1239,3239,-3.17889165231131,2.11086573280868
2,1240,3240,-3.89336826870557,1.79377867849758
2,1241,3241,-3.91748789634192,2.53975071973446
2,1242,3242,-3.84995604932033,2.60813909742301
2,1243,3243,-2.33058090840842,1.79764112622412
2,1244,3244,-1.31314917952557,3.75012772837775
2,1245,3245,-1.25309469820766,3.80336326904068
2,1246,3246,-1.36226221504785,3.15934923420786
2,1247,3247,-1.44365150862692,2.66188432615028
2,1248,3248,-1.42188260772659,2.5432513025132
2,1249,3249,-0.934209299530703,2.38776359877264
2,1250,3250,-0.450327701521805,2.48326331622624
2,1251,3251,-0.487390860167803,3.1130010892069
2,1252,3252,-0.270844056883485,2.70467394121
2,1253,3253,-1.12293354968485,1.75513947622527
2,1254,3254,-1.90707842477918,1.6840380751907
2,1255,3255,-2.38157240866435,1.57018041688164
2,1256,3256,-3.00224538875757,1.686315311595
2,1257,3257,-1.69605620492482,1.40395905886479
2,1258,3258,-1.63624794930548,1.72848086472107
2,1259,3259,-2.04076111404513,2.16631307355054
2,1260,3260,-2.93385031610339,1.47418789056861
2,1261,3261,-2.83852300601378,1.75136381429273
2,1262,3262,-1.92473274695894,1.92947170509792
2,1263,3263,-2.10741844319829,1.36967765122297
2,1264,3264,-2.21398815682634,1.698197504807
2,1265,3265,-1.74806660732953,1.35695877707249
2,1266,3266,-2.56762227916341,1.88606048809444
2,1267,3267,-2.82778615136787,1.52506881123689
2,1268,3268,-2.11662234442915,1.92044277995597
2,1269,3269,-2.39404194905572,1.79792392613365
2,1270,3270,-3.89274488793777,2.68123949410178
2,1271,3271,-2.29410714541117,1.45668037613249
2,1272,3272,-1.68369030424895,1.46773725759967
2,1273,3273,-2.82121135447602,2.05341813637562
2,1274,3274,-3.03386392622013,2.03965794679401
2,1275,3275,-2.61835691406228,1.88287668258043
2,1276,3276,-2.48987951058184,2.72081711153755
2,1277,3277,-1.5862004663275,1.60802344647954
2,1278,3278,-3.30816215931385,1.70335804990693
2,1279,3279,-2.44295704063025,2.10091694762148
2,1280,3280,-3.63406838900698,1.7709740113701
2,1281,3281,-2.43562943427833,1.98852792158592
2,1282,3282,-2.80551720599689,1.95493092476779
2,1283,3283,-2.977483244577,1.3667133394624
2,1284,3284,-3.08220660685583,1.43423481271102
2,1285,3285,-2.16384736842241,2.84119992049943
2,1286,3286,-2.02864041118109,2.48548001733041
2,1287,3287,-2.23800166967173,1.6125084843528
2,1288,3288,-1.62379389122885,2.42135676765284
2,1289,3289,-1.67115158390975,2.63470419402407
2,1290,3290,-3.481702693907,3.08480868389965
2,1291,3291,-3.06749058161555,3.3535369261416
2,1292,3292,-1.91722590662631,2.18271196444105
2,1293,3293,-2.67823837136974,2.51671235225729
2,1294,3294,-2.32240020907523,2.71908842612429
2,1295,3295,-2.21391165870071,1.62151535249425
2,1296,3296,-4.29454148607663,2.78199424466936
2,1297,3297,-2.29483101253713,1.57178841528214
2,1298,3298,-2.90108749278492,1.83435568836541
2,1299,3299,-2.46175322067945,1.47627629817082
2,1300,3300,-2.39669734539099,2.69847163587189
2,1301,3301,-2.59860654078555,2.22245502403281
2,1302,3302,-2.63540145438456,2.65419304602987
2,1303,3303,-2.7884346278425,2.13074670364314
2,1304,3304,-2.40596240158941,2.45243306122095
2,1305,3305,-2.36232809160447,2.78828750341591
2,1306,3306,-3.2546866998388,1.63776900851118
2,1307,3307,-2.32340190295692,1.66765438936005
2,1308,3308,-2.49817779887047,1.83318318567627
2,1309,3309,-2.62946806234978,1.35384571629754
2,1310,3310,-2.47081534209961,1.65770286684628
2,1311,3311,-2.74443107764266,1.68293333898325
2,1312,3312,-2.71686614839195,1.36093568921666
2,1313,3313,-2.59550036185331,1.29829526972912
2,1314,3314,-2.83253244674538,1.0494968571808
2,1315,3315,-2.07137832020646,1.50748810681995
2,1316,3316,-2.78637145890982,1.76375259334509
2,1317,3317,-1.84426205648112,2.25685090568889
2,1318,3318,-1.76202702987389,1.97095155118237
2,1319,3319,-2.29880338321375,1.43022735392632
2,1320,3320,-2.43355529761607,1.77292080579976
2,1321,3321,-2.58321810322401,1.49965004121261
2,1322,3322,-2.85033770251669,1.26722051920378
2,1323,3323,-2.91716524925551,2.10084312773031
2,1324,3324,-2.58296422144373,2.0290874941628
2,1325,3325,-2.86922058078742,2.95208191749223
2,1326,3326,-2.90739337175813,2.26694185914786
2,1327,3327,-2.95859758446394,1.59805580879947
2,1328,3328,-2.72839575285676,2.01628666859366
2,1329,3329,-2.37107516060911,1.59339766669527
2,1330,3330,-2.01922709890002,1.61182881731722
2,1331,3331,-1.96887246548659,1.71616071029797
2,1332,3332,-1.47825743083318,1.3437495629065
2,1333,3333,-2.35574771782468,1.81894324832134
2,1334,3334,-2.51123308781662,1.97869303238386
2,1335,3335,-2.55121533169034,1.40862795952495
2,1336,3336,-3.19159491795797,1.15237302628167
2,1337,3337,-2.35808011600666,1.28400981689748
2,1338,3338,-2.57242206132916,1.46746150015882
2,1339,3339,-2.55627029301638,1.09723579779578
2,1340,3340,-1.87576978433644,1.5799869218458
2,1341,3341,-1.14409792087298,1.16285600246275
2,1342,3342,-1.929330581419,2.02156364198357
2,1343,3343,-1.50520662106215,1.65655242624141
2,1344,3344,-1.6403267798163,1.74365908246713
2,1345,3345,-1.6323159402288,1.99600077571034
2,1346,3346,-3.12874018418494,2.16928946992838
2,1347,3347,-2.11208286680266,2.43985095278888
2,1348,3348,-2.24276369008555,3.63486083205652
2,1349,3349,-2.27883596364691,3.12023858536287
2,1350,3350,-2.03381506723347,1.56646431167914
2,1351,3351,-2.37727311904061,1.55998936115938
2,1352,3352,-2.81612415884078,2.2167775582882
2,1353,3353,-2.44270021737106,1.75290613539135
2,1354,3354,-3.00561229681091,2.04436435651652
2,1355,3355,-2.91534390503922,1.26381522595765
2,1356,3356,-1.63949496672362,1.75810351960374
2,1357,3357,-1.27688266365209,2.41357923454809
2,1358,3358,-1.21605926337606,1.79995081953409
2,1359,3359,-1.08891545290051,3.59876457202717
2,1360,3360,-1.78418730906089,2.23200930422049
2,1361,3361,-2.66007683906768,1.82218618658648
2,1362,3362,-2.65580391295481,1.35584770541373
2,1363,3363,-2.06469214027457,1.40555335793688
2,1364,3364,-2.10772043527178,1.28259022774455
2,1365,3365,-2.49237586538974,1.65726566861039
2,1366,3366,-2.22073158411809,1.75401846126099
2,1367,3367,-2.302770780282,1.92082234741778
2,1368,3368,-1.71598828208356,1.75877651976122
2,1369,3369,-1.86456780840347,1.84026129771719
2,1370,3370,-2.65674475008818,1.95798691078507
2,1371,3371,-2.49393332796367,2.03189464563331
2,1372,3372,-1.92404572449334,1.82780362345323
2,1373,3373,-2.44875092103773,2.53077421400743
2,1374,3374,-2.28730973700185,1.48790015810403
2,1375,3375,-2.14281384489383,1.49849745069966
2,1376,3376,-2.46132395001034,1.86515423164078
2,1377,3377,-2.79612777779157,1.57138828836532
2,1378,3378,-2.07767971128269,2.55073420902919
2,1379,3379,-2.1242891951306,1.54436334304772
2,1380,3380,-1.82742055075262,1.28129695947318
2,1381,3381,-2.6017674266463,1.44841475330675
2,1382,3382,-2.63747544053586,1.50277294261406
2,1383,3383,-2.27119538698474,1.83855082237033
2,1384,3384,-2.7017605343484,2.00619863304284
2,1385,3385,-1.64476411769557,1.66712760244107
2,1386,3386,-3.07002639004807,1.58838831746564
2,1387,3387,-1.77227276131992,1.54541700462289
2,1388,3388,-1.95128611090428,1.46201771951909
2,1389,3389,-1.89386432179835,1.76595346457285
2,1390,3390,-2.04579950039808,1.85771506019784
2,1391,3391,-1.46891550415881,1.96907280369657
2,1392,3392,-1.60070487897942,1.99008497300432
2,1393,3393,-1.01975979594281,2.04684177161891
2,1394,3394,-2.73006988506701,2.40009422864584
2,1395,3395,-1.56858566703898,1.72566833567073
2,1396,3396,-1.88773067304188,2.35609554750562
2,1397,3397,-2.15709782446269,2.2328940469306
2,1398,3398,-2.53012716579626,1.88234377326798
2,1399,3399,-2.4091305566107,1.82699223885486
2,1400,3400,-1.60533460677048,2.0474221285199
2,1401,3401,-1.92938092214944,2.3765992509059
2,1402,3402,-0.936086459865989,1.774026567182
2,1403,3403,-1.25452622181652,1.97042784025509
2,1404,3404,-0.799437008430627,2.13538854959296
2,1405,3405,-1.48418764532106,1.47385036151464
2,1406,3406,-1.62326341572309,1.73828711374021
2,1407,3407,-1.50554629277817,1.6161152809274
2,1408,3408,-2.71695879087043,2.00757983992648
2,1409,3409,-1.52231082945469,1.28328633404578
2,1410,3410,-2.71957671718529,2.03241173377623
2,1411,3411,-2.40070682466955,2.46481854133636
2,1412,3412,-2.95625264862269,1.74746459602459
2,1413,3413,-2.09733244334065,1.30622586747124
2,1414,3414,-2.20679573923637,1.40357144446588
2,1415,3415,-2.63501517616407,1.49808837423702
2,1416,3416,-2.11224352318497,1.24555330680242
2,1417,3417,-2.21891430309216,1.64243379018783
2,1418,3418,-1.27543130647429,2.57366240132556
2,1419,3419,-2.68818582176772,1.93342594685099
2,1420,3420,-2.85240355988496,2.42390981859996
2,1421,3421,-1.29282109852223,3.56097995969218
2,1422,3422,-1.08525609298724,3.37701386423971
2,1423,3423,-1.24264039132877,4.21798902447529
2,1424,3424,-1.13612340182859,4.52075284497178
2,1425,3425,-1.13612340182859,4.52075284497178
2,1426,3426,-1.24696142331423,3.78621974837486
2,1427,3427,-1.34907382930864,3.63573750595415
2,1428,3428,-1.19071734180394,3.16433832192426
2,1429,3429,-1.84655688708592,1.7326110725247
2,1430,3430,-1.60521845534731,1.62662123651316
2,1431,3431,-2.84323279720154,1.64049747757552
2,1432,3432,-1.46859017800513,1.7354293043358
2,1433,3433,-2.07724336009601,1.84993149392111
2,1434,3434,-1.76917399715466,1.01737819067092
2,1435,3435,-1.86422798720796,1.47890329970309
2,1436,3436,-2.34841106712759,1.29421856435882
2,1437,3437,-1.99989419535628,1.34912512101529
2,1438,3438,-2.23928406365196,1.40297830304474
2,1439,3439,-2.57049583405441,1.59804179102171
2,1440,3440,-1.38670745172863,1.50632523334331
2,1441,3441,-1.80679958716981,1.45579261448299
2,1442,3442,-1.8371656645637,1.49805684480212
2,1443,3443,-2.60230882901904,1.6959958206872
2,1444,3444,-2.52745148451178,1.83763812782769
2,1445,3445,-2.09630870278025,1.73835826846155
2,1446,3446,-1.90704772709732,1.64648437304055
2,1447,3447,-2.02264011327824,1.25832962196002
2,1448,3448,-1.35980972698981,1.35497806932674
2,1449,3449,-1.80963991217619,1.54898303655324
2,1450,3450,-2.62838762791786,1.45808988903572
2,1451,3451,-2.88742111152538,1.87205372752076
2,1452,3452,-2.34822274313448,1.74838771630905
2,1453,3453,-2.69901847078481,1.99059162405507
2,1454,3454,-2.36758398517506,1.94477855864222
2,1455,3455,-1.41097164670527,1.42326575840382
2,1456,3456,-2.02722297949353,2.02655542449895
2,1457,3457,-2.07589823371089,2.18613453990088
2,1458,3458,-2.02894789979982,2.37545697786133
2,1459,3459,-1.6623784945101,3.28252262595769
2,1460,3460,-1.63256321878114,3.68009652371627
2,1461,3461,-1.66639579801405,2.61713102698501
2,1462,3462,-0.510737685082961,2.79314607783239
2,1463,3463,-1.3255424428704,1.81559971703563
2,1464,3464,-1.68686162620963,1.82529060741085
2,1465,3465,-1.29291505676787,1.66959925713022
2,1466,3466,-2.81064136880644,2.55932296893041
2,1467,3467,-2.91029126268098,1.73726062319919
2,1468,3468,-2.23565148670121,1.45365022047497
2,1469,3469,-2.16563685041387,1.38618971598305
2,1470,3470,-1.98712205801253,2.10922403829189
2,1471,3471,-2.06641563504768,2.58367461900897
2,1472,3472,-1.54214180586603,3.21296327412673
2,1473,3473,-0.777934240365282,2.02969421380434
2,1474,3474,-0.825847700111201,2.03623308219798
2,1475,3475,-1.71896132830631,1.19417344062995
2,1476,3476,-2.93329995711262,1.87458718542132
2,1477,3477,-2.5330234393839,1.83379652513399
2,1478,3478,-2.00933621200554,1.47035305663466
2,1479,3479,-2.13949412589561,2.47221039450533
2,1480,3480,-1.88204569885566,1.98935490830772
2,1481,3481,-2.39483774431774,2.2675705626728
2,1482,3482,-2.62041253161104,2.19324870180798
2,1483,3483,-2.1824199393116,2.79773779684612
2,1484,3484,-3.43374472825261,2.3674157983158
2,1485,3485,-3.3569206460004,2.64415128121153
2,1486,3486,-1.52981035966831,2.33790719373232
2,1487,3487,-2.04551552293917,2.68146865656376
2,1488,3488,-2.36866574018296,2.65461359484157
2,1489,3489,-1.91884878885591,1.97810527325404
2,1490,3490,-2.57394741985561,2.21119934719277
2,1491,3491,-2.71848072922196,2.01546613359306
2,1492,3492,-2.76475099218037,1.75259193958473
2,1493,3493,-2.19212432707539,1.77337694442612
2,1494,3494,-1.528100735885,2.99803969258686
2,1495,3495,-1.63945506442051,3.00159277661395
2,1496,3496,-2.42595257591722,1.64499755249326
2,1497,3497,-1.78664155011856,2.43300080206517
2,1498,3498,-2.14995686377245,3.56185361683132
2,1499,3499,-2.45248012406431,1.55509730018763
2,1500,3500,-2.20249386106195,2.35068242177657
2,1501,3501,-2.1292723049547,2.443345507654
2,1502,3502,-1.17335914619867,2.40999480048975
2,1503,3503,-1.48156271875878,2.39263213564339
2,1504,3504,-1.6712646414595,2.10259689116943
2,1505,3505,-1.53224302806287,2.10646095187041
2,1506,3506,-1.6376727839797,1.21985455353616
2,1507,3507,-2.27140542175868,1.48792491670919
2,1508,3508,-2.92038485822108,2.25796714666228
2,1509,3509,-2.78354892721074,2.35363566757999
2,1510,3510,-2.86048214997821,2.30999080748722
2,1511,3511,-2.13583659596746,2.56185001541522
2,1512,3512,-2.52927106897408,2.27890799802189
2,1513,3513,-1.35430186785329,2.32624786878362
2,1514,3514,-1.49551716430797,1.32354749715163
2,1515,3515,-2.28174930783486,1.77853003346577
2,1516,3516,-1.98749402030191,1.74944073897642
2,1517,3517,-2.23084093901382,1.43185704647181
2,1518,3518,-1.5791663496884,1.24086381967623
2,1519,3519,-1.50216793266578,1.32978554894635
2,1520,3520,-1.52651008307749,1.70938126071236
2,1521,3521,-1.59208623240014,2.19741813514499
2,1522,3522,-2.56606417482539,2.05872385653988
2,1523,3523,-2.19058556799927,1.83243430730756
2,1524,3524,-2.47396852401492,1.69675395616605
2,1525,3525,-1.43933409100738,2.49244772636482
2,1526,3526,-1.6236654606023,1.1405230181723
2,1527,3527,-2.21959141397076,1.90036377767927
2,1528,3528,-1.941692136555,2.1101901203166
2,1529,3529,-2.71983301404833,2.1484076373144
2,1530,3530,-1.94803323166499,1.34036884234861
2,1531,3531,-1.54953997893208,1.89803491014605
2,1532,3532,-3.00260543585653,1.51855190390185
2,1533,3533,-2.30977329746145,1.64372748219929
2,1534,3534,-2.81197202174834,1.36126940762399
2,1535,3535,-3.09723926878878,2.1353889515227
2,1536,3536,-1.87997069397779,2.39145225814538
2,1537,3537,-2.74460772917375,2.09399622089768
2,1538,3538,-2.18699411691944,1.86385280513759
2,1539,3539,-2.17717403322949,2.20965709809984
2,1540,3540,-2.54376414460114,2.13035853945795
2,1541,3541,-2.66497474096948,2.80083003450375
2,1542,3542,-2.3118925973128,3.17843806995616
2,1543,3543,-1.88301919413412,1.12404786489338
2,1544,3544,-2.1314150759721,1.17299149128988
2,1545,3545,-2.26367379562257,1.59287584965147
2,1546,3546,-2.35933336068503,1.55541813760902
2,1547,3547,-1.89188900508138,2.11036809096233
2,1548,3548,-1.67845749527123,2.34638974133603
2,1549,3549,-1.45082233247016,1.80402392911547
2,1550,3550,-2.46587908302639,1.79272951813889
2,1551,3551,-1.84743152834655,1.57725709059337
2,1552,3552,-2.18356864994114,3.19537255528715
2,1553,3553,-2.33612198401143,3.56085756168292
2,1554,3554,-2.98359162656627,2.79220961875421
2,1555,3555,-3.04385740116729,2.7214831732345
2,1556,3556,-2.33003051628961,1.91194582073263
2,1557,3557,-1.73485872951748,1.78177096213048
2,1558,3558,-1.68684870253295,1.97982364049205
2,1559,3559,-2.12982302818862,2.5355127126075
2,1560,3560,-0.824179063778476,2.24137216558811
2,1561,3561,-1.30800320629225,2.17769707149312
2,1562,3562,-2.27376436687294,2.25459209013803
2,1563,3563,-2.31510375490422,2.12482628927608
2,1564,3564,-2.24222111967608,1.86363637482568
2,1565,3565,-3.42606123363277,2.24053606508629
2,1566,3566,-3.49828422284156,2.34688608948908
2,1567,3567,-2.27012960615147,2.4285907836087
2,1568,3568,-2.20303046587643,1.47230210057783
2,1569,3569,-1.30626325220977,1.79846305076751
2,1570,3570,-1.99773704676905,2.80459279580901
2,1571,3571,-1.7405468402132,2.26259292562495
2,1572,3572,-1.4917781279556,2.45370686051628
2,1573,3573,-1.56280982907085,2.41244870434753
2,1574,3574,-1.47140507081444,2.52667213878294
2,1575,3575,-1.63482082915263,1.90498560733153
2,1576,3576,-1.41895365221616,1.85221268891843
2,1577,3577,-1.86852857530983,2.90223731533305
2,1578,3578,-2.09056722120773,1.89981843929514
2,1579,3579,-2.10868902102871,2.27521061493798
2,1580,3580,-1.37305518373105,1.75501565067135
2,1581,3581,-1.44149832443156,1.65265831733207
2,1582,3582,-1.0057575633521,2.20882741535432
2,1583,3583,-2.27351501136493,2.02515423393383
2,1584,3584,-2.25359590754086,1.62140914294449
2,1585,3585,-2.15808371866092,1.2616019834769
2,1586,3586,-2.26524581314019,1.71305523236005
2,1587,3587,-2.42456703547601,1.86389486955597
2,1588,3588,-1.3683849105329,2.42187489987756
2,1589,3589,-1.40943613388131,2.63166959816634
2,1590,3590,-2.42635882260206,2.24765127135813
2,1591,3591,-2.35236986678295,1.73289088557112
2,1592,3592,-2.09224502587627,1.32747213861798
2,1593,3593,-2.67340591801472,1.74851972389514
2,1594,3594,-2.25355587534208,2.7041934316738
2,1595,3595,-1.61760461064337,1.71794632274202
2,1596,3596,-1.6460600596623,1.87474803083753
2,1597,3597,-1.71514525366916,2.20274941231045
2,1598,3598,-2.14981061992627,1.93638532439802
2,1599,3599,-1.98284649247016,1.66552495476467
2,1600,3600,-1.73133000233204,1.20860119030287
2,1601,3601,-2.54415442707356,1.17041232884894
2,1602,3602,-2.47972712649911,1.19852827079436
2,1603,3603,-2.36745133062324,1.42349605650114
2,1604,3604,-2.52359232451197,1.41326573522907
2,1605,3605,-2.52104134386502,1.6493156993952
2,1606,3606,-1.60439184399731,1.13144959300914
2,1607,3607,-2.88224351905977,1.95602121670203
2,1608,3608,-2.93705600104383,2.0219512476146
2,1609,3609,-2.67511865711819,1.66715964849057
2,1610,3610,-2.76365593970912,1.85934363146563
2,1611,3611,-3.69294493086149,2.56029818014913
2,1612,3612,-3.72424637004236,2.0626081540193
2,1613,3613,-2.32460862160903,2.18146169511816
2,1614,3614,-2.44945117184323,1.74221216189769
2,1615,3615,-2.71654583307707,1.56599659377216
2,1616,3616,-2.97371545766048,1.29550103682614
2,1617,3617,-2.60438159472328,1.07328093181269
2,1618,3618,-1.94012316297562,0.959702219609063
2,1619,3619,-2.43431954841935,1.10427298254861
2,1620,3620,-3.55684517770903,2.39477429905289
2,1621,3621,-3.06062673279367,2.37664106428307
2,1622,3622,-3.33214693322303,3.24554416785201
2,1623,3623,-2.14413396156584,1.41855100756378
2,1624,3624,-2.84502476475751,1.99445016137677
2,1625,3625,-2.81259401170657,1.74771973713516
2,1626,3626,-3.23769915796245,1.74895833014689
2,1627,3627,-2.57037611762202,1.87099073337602
2,1628,3628,-3.13651242963412,2.10147880769618
2,1629,3629,-3.24026576937669,2.16474521399574
2,1630,3630,-2.3146461809012,2.00328260584654
2,1631,3631,-2.20597593214708,1.99296873660188
2,1632,3632,-2.94427354777928,2.38392388488735
2,1633,3633,-1.77437013260792,1.0818073774927
2,1634,3634,-1.51074237162165,1.22466823978282
2,1635,3635,-2.4805749710509,1.57485218762853
2,1636,3636,-0.974704038679484,2.21298813884241
2,1637,3637,-1.46845000615686,1.40416932365885
2,1638,3638,-1.58159961162513,2.19837142814033
2,1639,3639,-2.81548708566736,1.62550566625701
2,1640,3640,-2.79556595720774,1.68340381689051
2,1641,3641,-2.39239763626622,1.50934478290044
2,1642,3642,-2.79811677401723,1.78582003030391
2,1643,3643,-2.29908991686696,1.75518886018006
2,1644,3644,-2.07064778981059,1.6806223740156
2,1645,3645,-2.34790644202233,1.93838016722429
2,1646,3646,-2.73602781469683,1.84200238761691
2,1647,3647,-2.78306514295282,1.98996328908732
2,1648,3648,-1.99336830193061,2.01078689643256
2,1649,3649,-3.3528822316398,1.40062953721488
2,1650,3650,-3.1009176253619,1.93134831985983
2,1651,3651,-3.09841939976815,1.93042517800172
2,1652,3652,-3.5284408448072,2.56604674054541
2,1653,3653,-3.20850372092728,2.36616560401188
2,1654,3654,-2.71866190508808,1.67609545268042
2,1655,3655,-2.35566332741516,1.64161301005026
2,1656,3656,-2.0310953764143,1.36151015528437
2,1657,3657,-1.84114952770986,1.36077806939173
2,1658,3658,-1.59479765276873,1.44962947731646
2,1659,3659,-1.49597872093296,2.01855415212432
2,1660,3660,-1.33605435511248,1.50867131157353
2,1661,3661,-1.71042359523907,1.65257070857853
2,1662,3662,-1.98946013108957,2.2908810828846
2,1663,3663,-2.20372973623944,2.2515908336665
2,1664,3664,-2.26760840467566,1.31211581346891
2,1665,3665,-2.4233374347097,2.7691913984815
2,1666,3666,-2.67139662092673,2.45563619691949
2,1667,3667,-1.64714780392283,2.25197944602294
2,1668,3668,-1.45309094378289,1.31308682611094
2,1669,3669,-1.44603978192065,0.815763648679196
2,1670,3670,-1.46167662101924,1.17322903658524
2,1671,3671,-1.8193199125625,1.17608983116533
2,1672,3672,-2.34984468238568,1.37575033324754
2,1673,3673,-1.6092875910548,0.80907079425508
2,1674,3674,-2.0281045281667,0.911022361141328
2,1675,3675,-2.07462339522137,0.955429150117731
2,1676,3676,-3.0237045399763,1.26364393724136
2,1677,3677,-3.3743306369372,2.11419019618105
2,1678,3678,-2.97761619100826,2.20820935157164
2,1679,3679,-2.57629952178419,2.05761331926032
2,1680,3680,-2.21902632701521,1.97375552454193
2,1681,3681,-2.57958162698446,2.12669073155665
2,1682,3682,-2.57220472706629,2.28987552197663
2,1683,3683,-2.35522821350302,2.2876565909081
2,1684,3684,-2.00628400976347,2.03068530970321
2,1685,3685,-2.25568368598672,2.16549503886268
2,1686,3686,-2.12995466408402,2.47814424053818
2,1687,3687,-2.23419548693968,2.25267301024782
2,1688,3688,-3.64033092906728,2.75589359714064
2,1689,3689,-1.65422653192841,1.37723083060078
2,1690,3690,-2.57847871178476,2.02664638819654
2,1691,3691,-2.66296029999327,1.75516182717602
2,1692,3692,-2.4992410425564,1.79303251198244
2,1693,3693,-3.06610736829656,1.52083328295506
2,1694,3694,-2.71182281457545,1.33515155433395
2,1695,3695,-1.38000142580771,2.4594493785167
2,1696,3696,-1.12338502499679,1.52213703212303
2,1697,3697,-1.96722187391081,1.67778597309868
2,1698,3698,-2.56516197235385,1.48820504462787
2,1699,3699,-1.79641438053939,1.77863504232071
2,1700,3700,-2.9837799341382,1.3593234185823
2,1701,3701,-2.46574902258523,1.26938299177235
2,1702,3702,-2.45707969003446,1.25766760930048
2,1703,3703,-2.17906791602387,1.94719702502301
2,1704,3704,-2.32551396471079,1.7233549970057
2,1705,3705,-2.50107864745935,2.29636675891797
2,1706,3706,-2.88538606195731,1.86246986011937
2,1707,3707,-2.78444524281386,1.93476887586755
2,1708,3708,-2.86675615824905,2.21008373805914
2,1709,3709,-2.88379629762538,1.34263739412354
2,1710,3710,-2.91621702797893,1.51495898393224
2,1711,3711,-2.83447333287508,1.48030574718725
2,1712,3712,-2.51609229010089,1.59893297265945
2,1713,3713,-2.38705382065127,1.95944407393182
2,1714,3714,-2.86632174272757,1.48687272627054
2,1715,3715,-1.75807554088174,2.00602785422331
2,1716,3716,-2.78320734245713,2.3101232115231
2,1717,3717,-2.05714114557478,2.39184294500844
2,1718,3718,-1.68367654682447,1.74541150526578
2,1719,3719,-2.21430288939382,2.18617212096206
2,1720,3720,-2.50051733548167,2.31678051235514
2,1721,3721,-2.43848063240347,2.19622089421271
2,1722,3722,-0.650846580253026,1.76567380265246
2,1723,3723,-1.16525683635232,1.97947482011706
2,1724,3724,-1.2616920117498,2.32818892409923
2,1725,3725,-1.73476110156836,1.52052105045052
2,1726,3726,-1.60958662506312,1.67574062761204
2,1727,3727,-3.47515898700685,1.81787727422028
2,1728,3728,-3.62757531105645,1.89120299470217
2,1729,3729,-2.41866011593336,1.40130400827327
2,1730,3730,-2.86256189404766,1.74651084862094
2,1731,3731,-2.500233391329,2.09791441238718
2,1732,3732,-3.15488422328278,1.94904142695162
2,1733,3733,-2.17824750388287,2.70838296891846
2,1734,3734,-1.83901863505552,1.53024301501863
2,1735,3735,-2.67331902714227,2.05100897816987
2,1736,3736,-2.88372318389746,2.19515069117882
2,1737,3737,-2.38361231359233,1.39730329125193
2,1738,3738,-1.92451553425889,1.91031596161375
2,1739,3739,-1.95752354704802,1.36400871374296
2,1740,3740,-2.37086865197741,1.52029365192686
2,1741,3741,-2.03876891079746,1.25981339099527
2,1742,3742,-2.12970140022704,2.45811358253835
2,1743,3743,-2.42506297370922,3.28810341996361
2,1744,3744,-2.92245682626239,1.94772002936443
2,1745,3745,-2.20966198044597,1.6792107362855
2,1746,3746,-3.12363515065861,1.51651433182636
2,1747,3747,-3.09329701566108,1.79502423827343
2,1748,3748,-2.21113679642567,1.78154790753307
2,1749,3749,-2.90213988673372,1.59398230633517
2,1750,3750,-2.20075000682829,1.51666048804764
2,1751,3751,-2.23422044982075,1.63132776747849
2,1752,3752,-1.97486328241774,1.42600460246855
2,1753,3753,-1.28049872616509,1.71336269909691
2,1754,3754,-1.8777914804576,1.74876678427344
2,1755,3755,-2.02573873642962,1.79837533354037
2,1756,3756,-2.20688885789286,2.24569791545617
2,1757,3757,-3.08664976073661,1.81460149191614
2,1758,3758,-3.04357757633931,1.83792195789025
2,1759,3759,-2.63242843489199,2.50515171582651
2,1760,3760,-2.47774678262459,1.95293977148186
2,1761,3761,-2.05272762883338,2.09000893354177
2,1762,3762,-2.25557888672398,2.12366634108596
2,1763,3763,-1.79039890218735,2.04365080092947
2,1764,3764,-1.89147548103233,1.23474697995772
2,1765,3765,-2.11523279299179,1.89207316075088
2,1766,3766,-2.3092656736305,2.5299276573833
2,1767,3767,-1.99768109971358,2.15725621416366
2,1768,3768,-1.85377349540772,2.50561704318646
2,1769,3769,-2.10202261651101,2.5150744177269
2,1770,3770,-2.02006173959439,1.96593156493189
2,1771,3771,-2.64028933878267,2.64764148953297
2,1772,3772,-2.0718553780829,1.97010086078853
2,1773,3773,-2.36125202144965,2.08321048510067
2,1774,3774,-2.94009887918116,1.702946872725
2,1775,3775,-2.56776768131254,1.97809656752836
2,1776,3776,-2.3873245903867,1.93708545824786
2,1777,3777,-2.12521959658568,2.73955284061418
2,1778,3778,-1.76478358575119,2.22745590477621
2,1779,3779,-1.99869079575357,2.5151624814536
2,1780,3780,-1.61421768441742,2.17581946197885
2,1781,3781,-1.95442360045081,1.85004600499808
2,1782,3782,-1.83254192443003,1.58968234520298
2,1783,3783,-1.98706828525677,1.84542903466874
2,1784,3784,-2.06554338493979,1.29758457440396
2,1785,3785,-2.60473462940655,1.72309032207531
2,1786,3786,-2.23567798147288,1.97991109127859
2,1787,3787,-2.41570030291365,1.09057911256708
2,1788,3788,-2.4612133844175,1.03158657884564
2,1789,3789,-3.4793416023651,1.89376594163819
2,1790,3790,-2.35639555328776,1.53287825756773
2,1791,3791,-2.64329163305378,1.59500350357685
2,1792,3792,-3.23602367402127,1.44415991567314
2,1793,3793,-2.72640734617557,0.893121819664648
2,1794,3794,-2.61770765999158,0.852422781148363
2,1795,3795,-3.00299775353778,0.915245990681999
2,1796,3796,-3.09547622617152,0.970343440002785
2,1797,3797,-2.94053167360572,1.76742133631986
2,1798,3798,-2.46033741421455,1.91065096589392
2,1799,3799,-1.01225310537834,2.04558904151929
2,1800,3800,-1.36178812344007,2.1838233672308
2,1801,3801,-1.06787105115627,1.38892067919303
2,1802,3802,-2.01908591752838,1.81508304339519
2,1803,3803,-2.21612609384989,2.03654758580002
2,1804,3804,-2.65478639456749,1.68648574469921
2,1805,3805,-2.73995574976209,2.28690070163899
2,1806,3806,-2.2393312588639,2.64194294233686
2,1807,3807,-1.88732689716038,2.10290386057231
2,1808,3808,-3.45729008008411,3.30420980686225
2,1809,3809,-3.24691484569916,3.27183807324619
2,1810,3810,-1.72481450097928,1.58782346800157
2,1811,3811,-2.13309957386237,1.37846511880925
2,1812,3812,-2.4171184874631,2.0456736940483
2,1813,3813,-2.17221087169643,2.00627385941698
2,1814,3814,-2.95518892487507,1.85215572424587
2,1815,3815,-2.49534650896434,1.03443686383
2,1816,3816,-1.49200236329102,1.97514771866191
2,1817,3817,-1.92950462666399,1.42094960033494
2,1818,3818,-2.12340169188907,1.53101775159558
2,1819,3819,-1.3650114998551,2.24864053448368
2,1820,3820,-2.83426857267024,1.93523598290913
2,1821,3821,-2.43471822234766,1.28909734283374
2,1822,3822,-2.5420344341546,1.19022887851272
2,1823,3823,-1.52617616408821,1.02866303182377
2,1824,3824,-2.31059425875748,1.6287879074519
2,1825,3825,-1.90510985193899,1.2109116705
2,1826,3826,-1.39893112078824,1.35627119470052
2,1827,3827,-1.52437806203801,1.38914852592554
2,1828,3828,-1.89890320437827,1.68439122511522
2,1829,3829,-1.81282223937289,1.57258754317951
2,1830,3830,-2.33782150891223,1.95301967996587
2,1831,3831,-3.75928722526304,1.77614985424897
2,1832,3832,-2.33647236960391,1.34024199806134
2,1833,3833,-2.54158499722005,1.65166414881163
2,1834,3834,-2.15497628039806,1.98862219210246
2,1835,3835,-2.01924364104298,1.57759858780209
2,1836,3836,-0.78083532384121,1.8395310928645
2,1837,3837,-1.98672741058027,1.89125641983061
2,1838,3838,-2.55819694038159,1.39988125705083
2,1839,3839,-2.65209760964835,1.49687863387476
2,1840,3840,-1.76521043676081,1.38979075477779
2,1841,3841,-1.90884143246387,2.00905115212813
2,1842,3842,-2.2076655440508,2.05809517375012
2,1843,3843,-0.747116447264641,2.34689903296479
2,1844,3844,-1.59234514576222,2.15109842891069
2,1845,3845,-2.39302444669014,2.28373690088355
2,1846,3846,-2.77293429152118,2.27363748047947
2,1847,3847,-1.63870243132628,1.60724323091051
2,1848,3848,-2.10582016934307,1.63053697002421
2,1849,3849,-1.96641340142754,2.00690265567096
2,1850,3850,-2.46149771946332,1.61111646238783
2,1851,3851,-2.09228774099755,1.66238757852058
2,1852,3852,-4.07367079007901,2.01343842309059
2,1853,3853,-3.59773822003022,1.71809404557589
2,1854,3854,-3.26232210390362,1.84579840072439
2,1855,3855,-2.50049606089956,1.75019738140733
2,1856,3856,-1.68886694128598,1.77339296039471
2,1857,3857,-2.19038973925217,2.14038319993781
2,1858,3858,-2.32375973806155,3.06507882565088
2,1859,3859,-2.59133368760245,2.46663711257139
2,1860,3860,-1.98133897677,2.47745480524621
2,1861,3861,-1.57953274943646,2.23800721703459
2,1862,3862,-1.79335827113255,1.89291457649566
2,1863,3863,-1.01324790219072,1.92505981057458
2,1864,3864,-1.549391999238,1.85692552328665
2,1865,3865,-1.04110984166006,1.80868832757662
2,1866,3866,-1.5684278807511,1.25160060312533
2,1867,3867,-1.70021532126527,1.70821985730957
2,1868,3868,-1.5400313827043,1.70441450809086
2,1869,3869,-1.45660917273682,1.6440255375087
2,1870,3870,-2.06166202038235,1.98328074638504
2,1871,3871,-2.39296256430449,2.14014053266059
2,1872,3872,-2.6426705544027,1.66608647736186
2,1873,3873,-2.40021288183327,2.3638728742614
2,1874,3874,-3.28204591955557,2.24786081361727
2,1875,3875,-3.52624219452478,2.39791323594382
2,1876,3876,-3.72691125150743,2.38080972763276
2,1877,3877,-3.39291891029359,2.22750373055833
2,1878,3878,-1.95312386831225,1.58245065545963
2,1879,3879,-1.97293520049033,1.91567066384107
2,1880,3880,-1.12203732129038,1.53662550127083
2,1881,3881,-0.802949400176414,2.63667319982312
2,1882,3882,-1.96549596373325,1.28434481180302
2,1883,3883,-1.67185396044065,1.26379051194618
2,1884,3884,-1.47327713242256,1.53377004044636
2,1885,3885,-2.38262044399527,2.14144445836418
2,1886,3886,-2.47935380196671,2.16458051112966
2,1887,3887,-1.76226809367974,1.7522605227788
2,1888,3888,-2.88430214654332,1.7768960762631
2,1889,3889,-1.75565625457879,1.27393644403683
2,1890,3890,-2.26609697467118,1.4389810012163
2,1891,3891,-2.62551040590007,1.70708085658618
2,1892,3892,-1.92298032071281,1.46927800963627
2,1893,3893,-1.69755619776695,1.42697603351568
2,1894,3894,-1.78132439018187,1.20765046917728
2,1895,3895,-2.05217674772922,1.89341446257457
2,1896,3896,-3.09259787525365,2.18875179606494
2,1897,3897,-4.05218413169984,2.23504978991821
2,1898,3898,-3.36460388665285,2.72937735675745
2,1899,3899,-1.52721930980067,0.901483525665654
2,1900,3900,-2.70913014796559,1.15037654929943
2,1901,3901,-1.87593527363503,1.91646111316614
2,1902,3902,-2.20964655386478,2.12777964183507
2,1903,3903,-2.20259476610676,1.99134122899435
2,1904,3904,-2.21357487549314,1.68521967977647
2,1905,3905,-2.06473569820173,2.33651937501615
2,1906,3906,-2.86281672504386,2.34889059136807
2,1907,3907,-2.71977230623309,1.58248879600949
2,1908,3908,-2.70606947799322,1.34272596652247
2,1909,3909,-2.96230318722441,1.6087038552287
2,1910,3910,-3.33193908518201,1.67525156728442
2,1911,3911,-2.79888444445502,1.25832824758602
2,1912,3912,-2.53073867058415,1.50851884010067
2,1913,3913,-1.6956019763592,1.30917221413872
2,1914,3914,-2.77043699018428,0.970736018421562
2,1915,3915,-0.572671473243836,1.56726596770589
2,1916,3916,-1.76667456590401,0.995243290305138
2,1917,3917,-1.59246021408138,1.63199699168696
2,1918,3918,-3.12684432087232,2.13682058766695
2,1919,3919,-2.98662423759291,1.74621966208682
2,1920,3920,-2.67606986736046,1.63336867717339
2,1921,3921,-2.10150117562885,1.59129036555153
2,1922,3922,-2.04698993379726,1.91308303411623
2,1923,3923,-3.05037298614723,1.95647505611145
2,1924,3924,-2.31624675886688,2.15761514701031
2,1925,3925,-2.49021403401214,2.16922552730656
2,1926,3926,-1.69377226228981,1.01466374248803
2,1927,3927,-2.62688123852993,1.56044676928911
2,1928,3928,-1.74451603835691,1.09036361628909
2,1929,3929,-1.89226122395394,1.16229531924431
2,1930,3930,-1.62152660509018,0.900107043307781
2,1931,3931,-1.88965878182706,1.67485282334738
2,1932,3932,-2.38892357258625,1.73830186765299
2,1933,3933,-1.47392299302442,1.71074980509588
2,1934,3934,-1.65535616856616,2.05275200068562
2,1935,3935,-1.92534391209676,2.41457813926842
2,1936,3936,-1.99390575577553,2.40464719037608
2,1937,3937,-2.34795003472683,2.69004809041444
2,1938,3938,-2.08152750089329,2.363305119725
2,1939,3939,-2.45112196404226,2.3843386377837
2,1940,3940,-2.34087690998529,2.26277574766492
2,1941,3941,-3.32240535036451,2.92222613017887
2,1942,3942,-3.13365215882634,2.88465878098171
2,1943,3943,-3.30008936582183,3.35481683394011
2,1944,3944,-3.06113859876286,3.15885590833727
2,1945,3945,-2.74901746812808,2.81646007893367
2,1946,3946,-3.89980822841515,3.86042979119195
2,1947,3947,-3.6470597310825,3.58252265610671
2,1948,3948,-3.3826716050328,2.65131955157066
2,1949,3949,-1.94414149380678,2.76270254038569
2,1950,3950,-3.555017193789,3.02273020121933
2,1951,3951,-3.46634919671726,3.00204441544421
2,1952,3952,-3.75948801873534,2.60900575305949
2,1953,3953,-3.00548365404901,2.55206174993529
2,1954,3954,-1.73221546216005,1.00254854209068
2,1955,3955,-2.73217924455583,1.77549350915074
2,1956,3956,-2.69377890686294,1.34812629756656
2,1957,3957,-3.18050332189945,2.51968957684383
2,1958,3958,-2.69402722141298,1.67334875852422
2,1959,3959,-2.30082599115295,1.60400100442001
2,1960,3960,-2.52872601365416,1.39270248973065
2,1961,3961,-2.39618591920281,1.40456779579117
2,1962,3962,-2.62334661995412,1.84261054293199
2,1963,3963,-2.04389855108341,2.39387591246672
2,1964,3964,-1.83178442179394,2.09841990817549
2,1965,3965,-2.10203634651015,2.0599669129254
2,1966,3966,-1.97474945545967,1.90193760502724
2,1967,3967,-2.73381125072373,2.45644592936116
2,1968,3968,-1.30239714321998,2.07925722849457
2,1969,3969,-0.925370748043057,2.15430530710106
2,1970,3970,-2.46533658744278,1.63841674711982
2,1971,3971,-1.52843698533061,2.1416093181953
2,1972,3972,-2.34406854721063,1.99662266869404
2,1973,3973,-2.44728601696728,2.00718909737233
2,1974,3974,-2.00809510355272,1.89072113489309
2,1975,3975,-2.52663741231263,1.22174389135869
2,1976,3976,-2.62458977977977,1.9283421252404
2,1977,3977,-3.2156669391211,1.42102409686302
2,1978,3978,-2.49491826576056,1.33413018146766
2,1979,3979,-3.07244476458818,1.11544874874957
2,1980,3980,-2.27366181328746,2.06786906424477
2,1981,3981,-2.17669382971826,1.21748017941557
2,1982,3982,-2.29901049085999,1.28123153150658
2,1983,3983,-2.52138823392298,1.71230956677836
2,1984,3984,-2.0188516700074,1.14868780774492
2,1985,3985,-2.62903598091524,1.54017055088846
2,1986,3986,-3.1734875720974,1.93043462619433
2,1987,3987,-1.69869682114881,1.64766294710064
2,1988,3988,-1.91628983794187,1.89294731307318
2,1989,3989,-2.23427904975079,2.04247947645579
2,1990,3990,-3.06170293994918,2.10397622909955
2,1991,3991,-1.80303061640498,2.56930199906257
2,1992,3992,-2.12849272021612,2.28144160108113
2,1993,3993,-1.37479887148277,1.83308312234685
2,1994,3994,-2.25593084583257,2.56435798864747
2,1995,3995,-2.53747230599284,2.0241789422797
2,1996,3996,-1.11472749102918,1.5457083568257
2,1997,3997,-1.22636835205824,1.35021797612027
2,1998,3998,-0.86799027437239,1.57375685702389
2,1999,3999,-1.40685248952576,2.13777976660812
2,2000,4000,-2.54439124617611,1.80447631523636
3,1,4001,-1.9924877565399,1.32314055218966
3,2,4002,-2.24863246887312,2.2928429232363
3,3,4003,-2.41438737310457,1.80821162554144
3,4,4004,-1.76255601597992,2.15052608710683
3,5,4005,-1.38194117873378,1.65922050603271
3,6,4006,-1.78325104441838,1.81695845485332
3,7,4007,-1.5649099041213,1.95610321488181
3,8,4008,-1.67905747937272,1.69171697411491
3,9,4009,-2.35305456290991,2.44327256107431
3,10,4010,-2.32757829796843,1.89186616282977
3,11,4011,-2.58058694049112,2.46244776286792
3,12,4012,-2.08711302182479,2.40219230021638
3,13,4013,-2.12044824759657,1.49726936178385
3,14,4014,-2.10484695541381,1.50895823186793
3,15,4015,-2.02842349149739,2.14339532571234
3,16,4016,-2.53756265973896,1.49987026623511
3,17,4017,-2.82141336153132,1.65716352240688
3,18,4018,-1.82812602571565,2.21020201369616
3,19,4019,-1.86945460768896,1.25297459413761
3,20,4020,-1.55727672499076,1.23770178192485
3,21,4021,-1.96124490221682,1.47153313812854
3,22,4022,-1.48925638546987,1.35801626573934
3,23,4023,-1.39129268384532,1.46109575097145
3,24,4024,-1.88446049587197,1.69339521076194
3,25,4025,-1.25599555387659,2.48665470282892
3,26,4026,-1.88027891356401,2.00317756961575
3,27,4027,-2.76141869260148,1.56656515732993
3,28,4028,-2.71656625285872,1.72439595070096
3,29,4029,-2.49308829753326,1.87232447771412
3,30,4030,-2.63388899733505,1.91106515447679
3,31,4031,-2.37213927164317,1.73067780920027
3,32,4032,-1.76392209629254,2.11775306141945
3,33,4033,-1.76318727663139,2.16911998059394
3,34,4034,-1.8953660264617,2.3445840762429
3,35,4035,-2.86271671229177,1.97998582065976
3,36,4036,-2.35110806265481,3.19724547886746
3,37,4037,-2.63567865073817,3.81763609608257
3,38,4038,-2.55860212766431,3.27943711053047
3,39,4039,-1.9737985647215,2.59230797425027
3,40,4040,-2.51434131922479,2.97400183616056
3,41,4041,-2.12943749387278,1.7459641328538
3,42,4042,-2.56155755441264,1.34572524639061
3,43,4043,-2.79587781428782,2.31650567884291
3,44,4044,-2.8982099730722,2.12772306107361
3,45,4045,-3.58741980422962,4.13677421688857
3,46,4046,-3.70788520520631,4.04058642846327
3,47,4047,-2.80124595086228,2.04934598150388
3,48,4048,-2.85948775580229,2.61587374605337
3,49,4049,-3.64905109215703,2.65619625725823
3,50,4050,-2.4232001799188,1.64729378855506
3,51,4051,-2.72520833057686,1.8093522574584
3,52,4052,-2.98377323636594,2.36161112211633
3,53,4053,-3.08215196890453,2.0960965739727
3,54,4054,-2.38560568076608,1.52404083949406
3,55,4055,-2.76359864307417,1.38431531635001
3,56,4056,-2.54586643943028,1.49468752254986
3,57,4057,-2.7900464523437,1.66182489678711
3,58,4058,-3.14076880673731,2.02998266411856
3,59,4059,-2.81209623239038,1.64706530411278
3,60,4060,-2.75146002482209,1.84497487575819
3,61,4061,-1.27161223729555,1.92837611668613
3,62,4062,-2.69295326461996,2.07202641233169
3,63,4063,-2.55678267870255,2.49002830532049
3,64,4064,-2.52783939288713,2.56773101896463
3,65,4065,-1.4828660390942,1.39444706385447
3,66,4066,-2.11657788546801,2.25016559307644
3,67,4067,-1.91819145219902,2.29909684808265
3,68,4068,-1.63399707062569,2.1830991292246
3,69,4069,-1.78954913543689,2.25575777929375
3,70,4070,-2.53543138875928,2.20607206297544
3,71,4071,-2.95583190885237,1.92863684019079
3,72,4072,-2.70648883046438,2.00867150365873
3,73,4073,-1.44165823481596,1.16103773093537
3,74,4074,-1.98472202049767,2.17289455872389
3,75,4075,-2.13311589844031,1.25853185977487
3,76,4076,-1.49312529193552,1.42373288518343
3,77,4077,-2.02494139168854,1.40030354551517
3,78,4078,-1.67245765467323,1.72678572650696
3,79,4079,-1.71085367496222,2.05743939095207
3,80,4080,-2.2029834413667,1.39775041289585
3,81,4081,-1.88397228378721,1.2670626933408
3,82,4082,-1.65187297310566,1.34059473188611
3,83,4083,-1.30176344261542,2.13077754853901
3,84,4084,-1.81245334006624,1.61298273057538
3,85,4085,-1.74530397002366,1.95054634423091
3,86,4086,-2.00376919778425,2.19714598752317
3,87,4087,-1.96886550837134,2.26532053098575
3,88,4088,-2.38559838751357,2.84033721581601
3,89,4089,-2.31051889173843,2.51910409172863
3,90,4090,-2.6115139634306,3.07217339286436
3,91,4091,-2.41719779038591,2.38818059499871
3,92,4092,-2.13234388643106,1.4272871370145
3,93,4093,-2.62535771121044,2.0322053008202
3,94,4094,-2.67427841843527,2.07075852350455
3,95,4095,-2.06849578255856,1.47920471325837
3,96,4096,-2.37336987805243,1.75751982439481
3,97,4097,-2.42061795449529,1.60895411316778
3,98,4098,-1.86527110239651,1.80672987878205
3,99,4099,-2.9601482049546,2.60485579648815
3,100,4100,-2.80296850660722,1.8660203548614
3,101,4101,-2.41286860343155,1.57416632043501
3,102,4102,-2.6146255525447,1.67428133172227
3,103,4103,-2.63309092102982,1.36050533128068
3,104,4104,-2.7104491090149,2.59882620826744
3,105,4105,-2.88786808627157,2.08508675311164
3,106,4106,-1.65256273838893,1.80555290263845
3,107,4107,-1.94866495016954,1.70296228848594
3,108,4108,-1.935302796925,1.50691709834168
3,109,4109,-1.69699500938127,2.41981739946022
3,110,4110,-2.49569588036417,2.22777475859093
3,111,4111,-1.05227444235981,1.95258954956073
3,112,4112,-2.51900967971648,3.0184374072845
3,113,4113,-2.25909433145909,2.45885847766052
3,114,4114,-2.31844173270107,2.2111727081578
3,115,4115,-2.81235880131365,1.94668925328531
3,116,4116,-3.20660622331286,1.71455225019923
3,117,4117,-1.92826616957172,1.13832735065681
3,118,4118,-2.51453882505644,2.24279932336628
3,119,4119,-1.90691483249852,2.31442192207751
3,120,4120,-2.88247861089351,1.81962583228457
3,121,4121,-2.08666459498198,1.40378490628992
3,122,4122,-1.46040438017713,1.14075699030123
3,123,4123,-1.99217550155781,2.44964158230462
3,124,4124,-1.7131055061124,2.16896523131752
3,125,4125,-1.63045741377976,2.30123301909184
3,126,4126,-1.45345317176623,1.76022514001795
3,127,4127,-1.58790804821788,1.72546927794341
3,128,4128,-1.70877123211817,1.85957075489952
3,129,4129,-1.39593775921382,2.31585910822077
3,130,4130,-1.10737728217393,1.5561704705976
3,131,4131,-2.58489331395629,2.49092522791838
3,132,4132,-1.91027011190641,2.35297741967046
3,133,4133,-2.34188568336314,1.52350225318425
3,134,4134,-2.07765913668025,2.06428409096153
3,135,4135,-2.05788321905243,2.26993108585227
3,136,4136,-1.63476079430825,3.38805051796659
3,137,4137,-1.56684318596734,1.99334390343307
3,138,4138,-1.24529043968641,2.19470053215696
3,139,4139,-1.07608188547363,1.85258381844145
3,140,4140,-1.44674878735421,1.85095112684892
3,141,4141,-2.46029554531017,1.78904537979924
3,142,4142,-1.54380490677268,1.46233361909547
3,143,4143,-1.67329549507239,1.24342216765502
3,144,4144,-2.39745714157535,1.30335579691497
3,145,4145,-3.51514591492745,1.72374534588142
3,146,4146,-3.66384531697728,1.96049245420357
3,147,4147,-2.77751771166187,1.34477951060896
3,148,4148,-4.11123501015811,2.61554707800087
3,149,4149,-3.31683925540807,2.50234576724504
3,150,4150,-2.43156825358554,1.53214866676115
3,151,4151,-2.15471301740482,1.40294399218532
3,152,4152,-2.83030777722451,1.3604674236678
3,153,4153,-2.776896237106,1.02550806175082
3,154,4154,-2.98485129231151,1.22980603834866
3,155,4155,-2.70305173199923,1.25491115226058
3,156,4156,-3.27009358972536,2.33005128060794
3,157,4157,-3.23053755773138,2.13093904711713
3,158,4158,-2.53555113653612,1.75941142340313
3,159,4159,-2.05722285893671,1.10035371219048
3,160,4160,-2.72525515631471,1.89970023666724
3,161,4161,-2.37065411407051,1.54104838004689
3,162,4162,-2.41128948292844,1.69608263286752
3,163,4163,-2.15482455746668,1.23796915496043
3,164,4164,-3.26034552644441,2.11877986512734
3,165,4165,-2.95569580614356,1.40374234193756
3,166,4166,-1.90942340299267,1.61519579331417
3,167,4167,-2.48866258953656,1.20791910419915
3,168,4168,-1.92228848291173,1.61124964905756
3,169,4169,-1.72336814458369,2.17215376766005
3,170,4170,-1.4199794784039,1.63071925499754
3,171,4171,-1.6686151223903,1.03634109589781
3,172,4172,-1.67187208562168,1.03710012609838
3,173,4173,-2.22368732108224,1.9575276523255
3,174,4174,-3.63105349021226,1.60325163916686
3,175,4175,-2.519166098615,1.49823945739174
3,176,4176,-2.72084110882273,1.77488353907337
3,177,4177,-2.92598989593042,1.47591649911165
3,178,4178,-1.95140761850576,1.29001004240635
3,179,4179,-2.38405669415472,1.1305143865364
3,180,4180,-2.0078679119177,1.5103427727556
3,181,4181,-1.59770172410379,1.59648582060313
3,182,4182,-1.95549018549157,1.18346603844842
3,183,4183,-1.73018242273286,1.24717215732228
3,184,4184,-2.22734210136064,1.61703874728932
3,185,4185,-2.66471560311322,2.08498087602483
3,186,4186,-2.73792589271772,2.32322829564475
3,187,4187,-3.21910593034043,2.81975863863506
3,188,4188,-2.43144579698307,2.01752378772253
3,189,4189,-2.56106227934048,2.27426625378546
3,190,4190,-2.48098005003214,1.97922882397855
3,191,4191,-2.47003050078354,2.7592928696796
3,192,4192,-2.28721455405322,2.5484369218581
3,193,4193,-2.3471688106248,1.82066503301591
3,194,4194,-2.02121334571709,2.05041838945348
3,195,4195,-2.15298804404399,2.10302700008984
3,196,4196,-2.519442407052,1.93580754513639
3,197,4197,-2.21043870591612,1.49952073378583
3,198,4198,-2.13686401187494,1.50886718208107
3,199,4199,-1.98423960104124,2.38058651700147
3,200,4200,-2.82283315954984,1.37644439245343
3,201,4201,-3.23237392587753,1.50564255950105
3,202,4202,-1.80338395589913,1.12546053989972
3,203,4203,-2.68065045522957,2.17694797835192
3,204,4204,-2.10612886510421,2.12004728073261
3,205,4205,-2.65248754669167,1.90372517679102
3,206,4206,-2.87167599118429,1.2973014695279
3,207,4207,-2.7898287182346,1.53607222464792
3,208,4208,-2.77961596996241,1.86682840333484
3,209,4209,-2.11346870152284,1.26253029027947
3,210,4210,-3.30121411226331,1.43280461632609
3,211,4211,-2.23347292850011,1.27567316423523
3,212,4212,-2.51896333054151,1.18574506556677
3,213,4213,-2.09353724790125,1.76977337574661
3,214,4214,-2.16713739366649,1.87566077308812
3,215,4215,-2.72968881259127,1.47535141947252
3,216,4216,-1.70853502360394,0.780535966123725
3,217,4217,-2.01261930519089,1.71657184204292
3,218,4218,-1.94519091193226,1.06464575483775
3,219,4219,-2.20678858345372,1.48361934964741
3,220,4220,-2.30282736875238,1.29536143055695
3,221,4221,-2.03056929648205,1.95172634767875
3,222,4222,-2.52338394679173,2.22031303104831
3,223,4223,-2.24578245101906,1.85526909198045
3,224,4224,-2.68121031565823,2.12837523591869
3,225,4225,-2.7928918139648,1.74401446153855
3,226,4226,-2.73697099892535,1.62674505800309
3,227,4227,-3.36130366651702,1.80556531951275
3,228,4228,-3.29862525224123,1.85196664371477
3,229,4229,-2.6945618928093,1.63276169081855
3,230,4230,-3.83427450780314,2.30551509575954
3,231,4231,-2.95754011620508,1.42576209088897
3,232,4232,-2.4151649507274,1.46156764939069
3,233,4233,-1.72530676189643,2.21307974212166
3,234,4234,-1.98392734844813,2.25830579774654
3,235,4235,-1.87975404308937,1.74322976208008
3,236,4236,-1.02466371440874,1.67397430470916
3,237,4237,-1.27083170593175,1.47931510571816
3,238,4238,-1.48016107634817,1.87986466254711
3,239,4239,-2.13426355727669,1.35662283172475
3,240,4240,-2.13795957312515,1.29745228302886
3,241,4241,-1.70851908616908,1.78610540357232
3,242,4242,-2.15151733203229,1.94100275860905
3,243,4243,-1.57820097027793,1.54587917285484
3,244,4244,-1.71400517032576,1.22737904213027
3,245,4245,-2.09922543825499,1.53309318533356
3,246,4246,-2.46817076712435,2.81517621727991
3,247,4247,-1.7663913081707,2.77099526392286
3,248,4248,-1.40930932022235,1.31241912490801
3,249,4249,-1.41787338320873,1.59316400644392
3,250,4250,-1.00327387114618,1.77302891094443
3,251,4251,-1.92828240228987,1.17629014402259
3,252,4252,-1.73433931461758,2.04923765997652
3,253,4253,-1.60447920972,1.36618694535218
3,254,4254,-1.87264660010851,1.47677672538814
3,255,4255,-2.81508340525006,2.37906769916966
3,256,4256,-2.92966548537471,2.93605718310897
3,257,4257,-2.48793137896318,1.66072899897737
3,258,4258,-1.90264542539325,3.29884605599696
3,259,4259,-2.10758761280364,2.28492606511102
3,260,4260,-1.97360111546056,1.87846318802835
3,261,4261,-2.39368976573805,1.85226715581551
3,262,4262,-2.05590757529846,1.12125343702051
3,263,4263,-1.61508040746262,1.9562303152825
3,264,4264,-1.99555867841736,2.60109810005685
3,265,4265,-1.3245418100651,2.45936402824912
3,266,4266,-1.78115771380007,1.60836439445456
3,267,4267,-2.3028235843737,2.14273338730353
3,268,4268,-1.46027397241703,2.15985954192499
3,269,4269,-1.97146085088872,2.30030920563438
3,270,4270,-2.07103318273275,2.06936944977858
3,271,4271,-2.25048140879136,2.12407088489927
3,272,4272,-2.50455963826811,1.98845663610657
3,273,4273,-1.85191508855914,2.20583738722608
3,274,4274,-2.14425147123446,1.74878523097487
3,275,4275,-2.44909762956117,1.56576888412756
3,276,4276,-1.65226514014769,1.0151110659605
3,277,4277,-2.28069751509661,1.19926156305058
3,278,4278,-1.64732587658123,1.17631361282093
3,279,4279,-2.18479340554852,1.38027228952644
3,280,4280,-2.92232500697104,1.2919476348525
3,281,4281,-2.78365568283168,1.07738322422093
3,282,4282,-2.57654617643164,1.23866444853247
3,283,4283,-2.50172742337464,1.29685426002456
3,284,4284,-2.14555545231732,1.3129306708154
3,285,4285,-2.38422720537428,1.27471858041826
3,286,4286,-2.43474704543882,1.71056049026633
3,287,4287,-2.22020719769405,1.15649124946698
3,288,4288,-2.22962080451605,1.34241934056834
3,289,4289,-2.28419128439602,2.07334725857284
3,290,4290,-1.92660548885749,1.4527333050502
3,291,4291,-1.93864933345477,1.36964741335917
3,292,4292,-1.84614208440296,1.57623130234589
3,293,4293,-2.03600032565023,1.39763192143901
3,294,4294,-2.5555026349742,2.37411617298585
3,295,4295,-1.83567419074587,1.27799048145548
3,296,4296,-2.82858641379576,1.59273715744122
3,297,4297,-2.75940310791154,1.97675002764562
3,298,4298,-2.8897323660982,1.98485548423478
3,299,4299,-3.16002180892455,1.74702182349903
3,300,4300,-2.16340904062274,1.35428896772506
3,301,4301,-2.2255381147116,2.1081962380945
3,302,4302,-2.34203443285775,1.60377052065721
3,303,4303,-3.42356968388222,2.18980769177209
3,304,4304,-1.17125323278466,1.42944268069236
3,305,4305,-0.818815736074702,1.22887594047533
3,306,4306,-1.48386995113002,1.09622093589598
3,307,4307,-2.54639510955751,2.57294593592713
3,308,4308,-2.35414499799712,2.35845763137109
3,309,4309,-2.41583957716821,1.50972429003259
3,310,4310,-2.65517844155208,2.36439630852566
3,311,4311,-1.75904807270825,2.01013951720331
3,312,4312,-2.22693760814475,1.37475810707645
3,313,4313,-2.27405404843976,2.42224161977938
3,314,4314,-1.91478402173278,1.2763192090579
3,315,4315,-2.30977448819088,1.7757331352436
3,316,4316,-2.1878315073527,2.55147016200882
3,317,4317,-2.61293907246721,1.82166931397463
3,318,4318,-2.98624549689011,2.17347910371394
3,319,4319,-3.178628818087,2.06449519297825
3,320,4320,-2.99805251815997,2.35935696235629
3,321,4321,-3.00963124321245,2.35515994192167
3,322,4322,-2.28932719264005,1.71039287808859
3,323,4323,-2.14117888264615,1.5307022854604
3,324,4324,-2.49020596084002,1.81599640082776
3,325,4325,-2.07706808537956,2.94380403718415
3,326,4326,-1.83047726510317,2.77565500883821
3,327,4327,-1.494984413709,1.6971753975776
3,328,4328,-2.26042756911962,1.53689894694297
3,329,4329,-2.75508491202016,2.06528294993496
3,330,4330,-2.31063923482639,2.32296372987682
3,331,4331,-1.77074448899937,1.58428121441668
3,332,4332,-2.58404350988877,2.58240153785826
3,333,4333,-1.21709050502873,1.60703810369264
3,334,4334,-2.32487702148591,1.39630924072803
3,335,4335,-1.66738518973465,1.30576157485279
3,336,4336,-2.84059427837072,1.34505215524409
3,337,4337,-2.0340470642274,1.59517838320957
3,338,4338,-2.36837521351039,1.21963586369198
3,339,4339,-2.94493193620217,1.46745147015677
3,340,4340,-2.29181603936515,1.93006785283554
3,341,4341,-3.48257129359017,1.59610700722564
3,342,4342,-2.93850208580909,1.66822423551198
3,343,4343,-3.81129907928521,1.58300086228137
3,344,4344,-3.12508861440578,1.29547302277665
3,345,4345,-1.3685725579767,1.83705198635519
3,346,4346,-2.93794210409756,1.70171656562978
3,347,4347,-1.13606544792216,1.74970677414387
3,348,4348,-3.64355725382059,1.9113193454275
3,349,4349,-2.10150911897078,1.81858573155499
3,350,4350,-3.03951679862898,2.70381419796128
3,351,4351,-2.06244779222145,2.36472539298536
3,352,4352,-3.11315939774082,1.68722701606127
3,353,4353,-2.90877013936055,1.42080723581619
3,354,4354,-3.85518188109487,2.02050268115527
3,355,4355,-2.69283838086561,1.92710681606379
3,356,4356,-2.17481771470739,1.42848387110529
3,357,4357,-3.24342494295524,2.5922039620303
3,358,4358,-3.09479747330783,2.77480759427717
3,359,4359,-1.9023593445898,1.72918164904437
3,360,4360,-1.59763294892233,1.15637214135686
3,361,4361,-1.79117772182918,1.32550971852025
3,362,4362,-1.1409305250017,1.18974554975744
3,363,4363,-0.763533815247612,2.21933038965025
3,364,4364,-0.262012485951621,3.56724292852042
3,365,4365,-0.660807871778441,2.7686480888408
3,366,4366,-1.11778327178523,2.09260676804778
3,367,4367,-1.47495564398895,1.26884418694494
3,368,4368,-1.78901911233182,1.47972717507852
3,369,4369,-1.41215590918096,1.52746054539415
3,370,4370,-1.99724771000942,1.32545159797133
3,371,4371,-1.92192685795597,1.55472620827908
3,372,4372,-1.35284785596347,1.17451601105021
3,373,4373,-1.49619390264182,1.92674825983507
3,374,4374,-1.95021294617854,2.27822367370355
3,375,4375,-1.91018881720023,2.16519619844254
3,376,4376,-2.29871354686123,2.2951794046054
3,377,4377,-2.26228761967782,1.927799380098
3,378,4378,-2.88799626261402,1.44978910806843
3,379,4379,-2.85079414857198,2.06129327043187
3,380,4380,-2.0968786890309,2.09916742564694
3,381,4381,-2.37443933667851,3.04624902343428
3,382,4382,-2.6602541417318,2.90861072951544
3,383,4383,-1.96202528596034,1.48736930330551
3,384,4384,-1.9626467400777,1.79312691267914
3,385,4385,-1.90593260062064,2.25258898905759
3,386,4386,-1.20201977081828,2.32930441806621
3,387,4387,-1.53690966544086,2.3415528583675
3,388,4388,-1.29864123313764,1.58246886556006
3,389,4389,-1.07713733713178,1.8554822606799
3,390,4390,-2.42811383230566,2.71383995758117
3,391,4391,-2.66897666645895,1.9932933321457
3,392,4392,-2.24095533224283,2.38692225230332
3,393,4393,-1.83851545223547,2.42186158991751
3,394,4394,-1.85625469550591,1.4608981715555
3,395,4395,-2.33538779468395,1.34524858700063
3,396,4396,-1.7429335549084,1.18491468486404
3,397,4397,-2.60783082508081,1.35019127355947
3,398,4398,-2.54953896710538,1.38477330920197
3,399,4399,-2.48938961997389,1.30608606454346
3,400,4400,-1.18399284716277,1.28977224890586
3,401,4401,-0.454314143203435,2.45012432755382
3,402,4402,-1.96603296670585,1.37002876803372
3,403,4403,-2.0023432846189,1.35945538965647
3,404,4404,-3.11213901073527,1.53049978009558
3,405,4405,-2.66962800969693,1.62102508445096
3,406,4406,-2.67933144193207,1.92522643966531
3,407,4407,-2.21781455354921,3.44936107292847
3,408,4408,-2.19474765617012,1.24847187589728
3,409,4409,-1.8144592050203,1.3012544536418
3,410,4410,-2.37355488496445,1.52141484481641
3,411,4411,-2.05447360698226,1.58056447405374
3,412,4412,-1.91943561719176,1.51375535943683
3,413,4413,-2.5246532724748,1.54829484245881
3,414,4414,-1.54791708056682,1.26320597532322
3,415,4415,-2.14402442694191,1.11863496801064
3,416,4416,-1.01820982575374,1.42660363815651
3,417,4417,-1.98410847608408,1.54815596749983
3,418,4418,-2.49653787282816,1.1434958066868
3,419,4419,-1.22288289414825,1.46916620955964
3,420,4420,-1.06686146097915,1.881642329716
3,421,4421,-0.969861233724148,1.70209568569736
3,422,4422,-2.61113422113741,1.81037469645646
3,423,4423,-2.39486188932234,1.67007402742422
3,424,4424,-2.73988808175292,1.6722121673934
3,425,4425,-2.41692924406985,1.3146886587133
3,426,4426,-2.26369337053207,1.344649509642
3,427,4427,-2.40875557011233,1.2765610090753
3,428,4428,-3.333848185024,1.74461683960268
3,429,4429,-3.1067263742456,1.78025221373829
3,430,4430,-2.63930370559686,1.89728024071735
3,431,4431,-3.13764052482451,1.61623065841481
3,432,4432,-2.61454958316362,1.45586335821745
3,433,4433,-3.00840130063178,1.68423661266372
3,434,4434,-2.4588231556382,1.80823459484074
3,435,4435,-1.62031778163915,2.5541959687853
3,436,4436,-1.23614099041181,2.44478694189008
3,437,4437,-2.43712293913264,1.26837709234576
3,438,4438,-1.36271500828931,1.70374404861175
3,439,4439,-1.19055198692207,2.12410169337888
3,440,4440,-1.97245120867409,2.06908862107024
3,441,4441,-1.90889451118055,2.81766829777718
3,442,4442,-1.90600320327422,3.00202757082081
3,443,4443,-0.904324079965932,3.40902213359213
3,444,4444,-1.28965962458497,2.47932767846628
3,445,4445,-1.55202395593367,2.1817566621105
3,446,4446,-1.77045731226031,2.19446858078513
3,447,4447,-2.85225598571083,1.94378350997188
3,448,4448,-2.76791995523096,1.97795781111966
3,449,4449,-3.06494455730014,2.60306302725106
3,450,4450,-2.19137746460372,1.87126957391921
3,451,4451,-3.58953817933555,1.99729623147568
3,452,4452,-2.85064367214019,1.8902060427603
3,453,4453,-3.23275875569183,2.03234917293393
3,454,4454,-2.87974798806819,1.29566619547181
3,455,4455,-2.78492429862591,1.54272125734921
3,456,4456,-2.32155746548689,1.52834158907642
3,457,4457,-1.90973614392161,1.17783194478748
3,458,4458,-1.87576825168662,1.20032729190577
3,459,4459,-2.62995356121684,1.39780869791508
3,460,4460,-2.02534617459238,1.70264875144358
3,461,4461,-2.93323337344946,1.93865467863084
3,462,4462,-2.47503989567311,1.90587530830322
3,463,4463,-2.60536665602055,3.14892121346587
3,464,4464,-2.54101423197039,2.05840027561928
3,465,4465,-1.45519061347029,1.73111094993726
3,466,4466,-3.08911606568023,1.69331245880823
3,467,4467,-2.92718414222581,1.8197178266737
3,468,4468,-2.59672926001994,1.65284016708927
3,469,4469,-2.54366723949327,1.58864823860061
3,470,4470,-2.93081556876235,2.02940390283466
3,471,4471,-2.27392374323965,1.92971901647658
3,472,4472,-2.78516181593119,2.56554754805101
3,473,4473,-1.81665314593787,1.80353992858819
3,474,4474,-2.22355381437792,1.88567422951388
3,475,4475,-2.07352804806751,1.90275673899892
3,476,4476,-2.06397746590037,1.97741289817039
3,477,4477,-1.94348562400729,1.73784605929721
3,478,4478,-1.59038440796628,4.11096196410251
3,479,4479,-1.69110130551435,2.65970985464213
3,480,4480,-1.63200201799832,2.68273560914804
3,481,4481,-2.18734213479873,2.8984453831723
3,482,4482,-1.96605873272068,2.14877416959812
3,483,4483,-2.67050369029733,2.3450362246105
3,484,4484,-2.48222191902905,2.64190082204027
3,485,4485,-2.19033372667054,1.98685378384209
3,486,4486,-2.92913874820894,2.36934280574678
3,487,4487,-2.21505248657809,1.0304883817654
3,488,4488,-3.10758962064401,1.76293744829056
3,489,4489,-2.32951058033076,1.47691073348371
3,490,4490,-2.40053297036218,1.49398507943885
3,491,4491,-2.35156312809869,1.34722174679168
3,492,4492,-2.86147663372216,1.61947051579502
3,493,4493,-1.93789571578514,1.18152964139724
3,494,4494,-2.20576724620395,1.12267563595666
3,495,4495,-1.99088905570953,0.873648572304486
3,496,4496,-1.55892683405508,1.76009281910561
3,497,4497,-1.32963298924319,0.765594094633004
3,498,4498,-2.7966230911889,2.81130534113463
3,499,4499,-3.16096437842858,1.98214837590672
3,500,4500,-2.74861667616661,1.9335044743699
3,501,4501,-3.08033650596326,2.24373921967814
3,502,4502,-2.7766574805894,1.94056802028291
3,503,4503,-1.70047701050898,1.6567230703617
3,504,4504,-1.02279432626439,1.52608102173698
3,505,4505,-1.72421499264136,1.42640882768106
3,506,4506,-1.50753736141406,1.27573600811581
3,507,4507,-1.87443589015651,1.26899464107995
3,508,4508,-2.83284104616287,3.25992450868402
3,509,4509,-2.90098616229144,3.29021952974588
3,510,4510,-2.60295084497653,3.77965269968057
3,511,4511,-1.82276743410609,2.02296058373367
3,512,4512,-1.50443466619957,2.26854702738756
3,513,4513,-2.07808189395022,1.92562503370071
3,514,4514,-2.32878759857316,1.69089010154832
3,515,4515,-2.54220885799129,1.77659367429172
3,516,4516,-3.03053495873871,1.91358885318317
3,517,4517,-2.88454117223369,1.85390015625641
3,518,4518,-2.67421134439432,1.99724161117441
3,519,4519,-2.81555141967396,2.12107832583076
3,520,4520,-2.83922471458747,1.86139253887554
3,521,4521,-2.34959841622323,1.76616493323265
3,522,4522,-2.22054291869568,1.2446177344758
3,523,4523,-1.484211844709,1.62613681924875
3,524,4524,-1.59496144977835,2.00982515633785
3,525,4525,-1.25053941928457,1.50682251790202
3,526,4526,-1.1620767918292,1.92483759410091
3,527,4527,-0.674171061568402,1.41841912010077
3,528,4528,-1.84643227701611,1.15142943050166
3,529,4529,-1.84524925920603,1.11266457901472
3,530,4530,-2.06055189019235,1.11651153348188
3,531,4531,-1.78432802757077,1.17724071244356
3,532,4532,-1.36169962066972,0.86727806969528
3,533,4533,-3.36374150886968,1.72325162089369
3,534,4534,-2.52825822770059,1.26962438651443
3,535,4535,-2.51746411698725,1.08936460018599
3,536,4536,-1.65024315448847,0.97114565110215
3,537,4537,-1.82793069588388,1.14698609537004
3,538,4538,-1.70975913412092,1.11230365359541
3,539,4539,-1.79393786814248,1.78644837415905
3,540,4540,-1.94654719144934,1.31302350974502
3,541,4541,-2.28417478585883,1.96764363568508
3,542,4542,-0.789906985463592,0.996172863785167
3,543,4543,-1.47661893221897,1.44952575761809
3,544,4544,-1.51935573263506,2.06271208689987
3,545,4545,-1.30313756335358,1.85647532431987
3,546,4546,-1.4340966771735,2.12763101260521
3,547,4547,-2.45490345349885,1.27815903389199
3,548,4548,-3.34287003891578,1.81549941572114
3,549,4549,-3.19285502152256,1.74845482794558
3,550,4550,-2.70183416186116,1.31120081762755
3,551,4551,-3.02233567828395,2.64409039942812
3,552,4552,-2.67330436603628,1.61877783958553
3,553,4553,-2.67461583589453,2.16480831019439
3,554,4554,-2.9515380074368,2.19539089413351
3,555,4555,-2.76714511269651,1.67434613558511
3,556,4556,-3.31284907135343,2.31719927878808
3,557,4557,-2.54453141218827,1.29510201165778
3,558,4558,-1.86884852664678,1.19757155084424
3,559,4559,-1.46923436979941,1.58256104963547
3,560,4560,-2.13066353342253,2.19634384228166
3,561,4561,-1.65671624861258,1.25634377771789
3,562,4562,-2.83456792627419,1.25257960837447
3,563,4563,-2.62849963000028,1.18758811742174
3,564,4564,-2.0792504604447,1.35235092620682
3,565,4565,-2.12334154823765,2.34660304203225
3,566,4566,-1.94030980469614,2.08513394527373
3,567,4567,-1.71991482812489,1.68575905017252
3,568,4568,-1.57172516510515,2.12831592306776
3,569,4569,-1.65012581816237,1.92999615781629
3,570,4570,-1.01450784055754,2.14466614829662
3,571,4571,-1.06431805171733,1.98624547320064
3,572,4572,-1.76855921463846,2.20673125754569
3,573,4573,-1.12689210068987,2.99329303007656
3,574,4574,-1.48097048730042,2.72728823194956
3,575,4575,-1.85359017245855,1.95007382370205
3,576,4576,-2.16898293858227,1.13065461082307
3,577,4577,-2.63396954363865,1.47677187531644
3,578,4578,-2.62108477181383,2.1642118866018
3,579,4579,-2.57309906462036,1.7468093713722
3,580,4580,-2.57058804365393,1.79245976124124
3,581,4581,-2.2981590946901,1.52937270014159
3,582,4582,-2.81508074793053,2.12869613113677
3,583,4583,-2.46966154849865,1.36398139903703
3,584,4584,-2.38327309646246,1.36107134649246
3,585,4585,-3.29260857678911,1.48535325393788
3,586,4586,-2.95594155112424,1.44625204366163
3,587,4587,-2.25396252752672,1.24450854024995
3,588,4588,-2.14583796080567,1.2640927052623
3,589,4589,-1.62420480181664,1.48092465225
3,590,4590,-2.42889229760583,1.94883960401876
3,591,4591,-2.013557669754,1.766941287922
3,592,4592,-2.9295527131101,2.51595884564243
3,593,4593,-2.44914711881261,1.22136718526396
3,594,4594,-3.50554821403702,1.89034861155695
3,595,4595,-2.43656032836662,1.39615990905531
3,596,4596,-2.60716634900826,1.58136522527207
3,597,4597,-2.12622043902646,1.70539720967703
3,598,4598,-1.44423631927835,2.10602766973741
3,599,4599,-2.00568360057866,1.6687884394021
3,600,4600,-1.66077663000805,1.92385601159559
3,601,4601,-2.50350473965056,2.00035269894101
3,602,4602,-2.50628629203034,2.47319445550094
3,603,4603,-2.72597058383172,1.86529952449696
3,604,4604,-2.73935981241615,1.79309007751548
3,605,4605,-2.77584999997565,2.00984279392429
3,606,4606,-3.0012820590315,1.75114934763985
3,607,4607,-3.46066793492711,1.93139090352834
3,608,4608,-3.10290407032633,1.76361775741213
3,609,4609,-2.8152967756579,1.55804893710545
3,610,4610,-3.12417975409935,2.05565789095522
3,611,4611,-2.65824302638076,1.78573923341677
3,612,4612,-1.84333407653881,2.29651390975163
3,613,4613,-2.3413796440052,1.86604194329594
3,614,4614,-2.1873694320578,2.14785219896975
3,615,4615,-2.38203699426004,1.40113557365125
3,616,4616,-0.943429856764032,1.35135143323917
3,617,4617,-0.817823634443123,1.40976093819146
3,618,4618,-1.07155188658534,1.92774198194607
3,619,4619,-1.44640216970871,1.90406414547657
3,620,4620,-1.67328552649845,1.19420353808094
3,621,4621,-2.06391726081388,1.64880812546121
3,622,4622,-2.00212999008277,2.58251218981235
3,623,4623,-1.95536344112882,2.87919869294078
3,624,4624,-1.79025088342939,2.40013209970548
3,625,4625,-1.42257566609377,1.68897123691322
3,626,4626,-2.46218040798767,2.06897850084489
3,627,4627,-2.6660419969582,2.36288029833422
3,628,4628,-2.11592827365014,1.59279334819316
3,629,4629,-2.11991446665634,1.81039516711946
3,630,4630,-2.53286997301341,2.90224952243452
3,631,4631,-2.52694283075178,2.03005368175229
3,632,4632,-3.06793817503949,2.40360922071381
3,633,4633,-2.01099119165941,2.23445472128462
3,634,4634,-2.19387783729948,3.56277599398365
3,635,4635,-2.16991346920711,2.0320571633264
3,636,4636,-2.55199109358735,2.11474404546967
3,637,4637,-2.94928855356773,2.13823346553413
3,638,4638,-2.14044674626826,2.76451381780861
3,639,4639,-2.15789160540443,1.16442483338184
3,640,4640,-2.04472667347564,1.33239597149626
3,641,4641,-3.23750388687103,1.87560169812163
3,642,4642,-1.88835424617003,1.65490759819509
3,643,4643,-2.38482504503268,1.18370725620205
3,644,4644,-2.17510596952077,1.3663044136981
3,645,4645,-1.9620780292349,1.3671009087485
3,646,4646,-1.79148920336012,1.26355069505977
3,647,4647,-1.55966713772035,1.95097236158593
3,648,4648,-1.13002174197846,2.65255292657473
3,649,4649,-2.25514383819303,3.29343045508163
3,650,4650,-2.05104858402676,2.73108975845952
3,651,4651,-2.5704017827947,1.9149196413902
3,652,4652,-2.14870209680921,1.69972307808795
3,653,4653,-2.87204712679093,1.58800088045419
3,654,4654,-2.00104075312867,1.62607790586298
3,655,4655,-2.44463569808004,1.91950802603395
3,656,4656,-2.62798159952027,2.62130055626455
3,657,4657,-1.80789649592884,1.95630782043926
3,658,4658,-2.73337078458784,1.2507339467991
3,659,4659,-1.87521417793942,1.03958062255202
3,660,4660,-2.6086912102058,1.37224935862232
3,661,4661,-1.5789772964394,1.04498973602822
3,662,4662,-2.48919699212788,1.16076513338665
3,663,4663,-2.58412973298822,1.15837775168703
3,664,4664,-2.41391531831974,2.05163917252411
3,665,4665,-2.46798578120421,2.00172531424135
3,666,4666,-2.71221864904951,2.32719346388555
3,667,4667,-2.59834142765072,1.81445258218459
3,668,4668,-2.28763698563282,1.78627905219273
3,669,4669,-2.58735827939477,1.5497091523839
3,670,4670,-1.10079916911379,1.62129514735733
3,671,4671,-1.19940080285459,1.54183712247921
3,672,4672,-2.17423678569368,1.66592726528145
3,673,4673,-2.07714408659167,1.66924089857327
3,674,4674,-3.41010364400291,1.32098306618836
3,675,4675,-1.98094515504292,1.8506460299152
3,676,4676,-1.48426373398495,1.74980810343767
3,677,4677,-2.78076431584195,1.07248234476517
3,678,4678,-1.90991570933173,1.51654194820335
3,679,4679,-1.48039367558912,1.34453014399514
3,680,4680,-1.15356998757892,1.03305078128375
3,681,4681,-2.50892909870083,2.53070971746059
3,682,4682,-2.14513660439906,1.958033215576
3,683,4683,-2.42014428835285,1.69015242069483
3,684,4684,-1.89378003730198,0.991601531711584
3,685,4685,-1.90967119811952,2.34331800184328
3,686,4686,-1.97401885045542,2.23025037793914
3,687,4687,-1.6108237447968,2.40252086319842
3,688,4688,-2.6132004612142,2.82392564291869
3,689,4689,-2.25121060500143,2.99741193693519
3,690,4690,-1.60973427622216,4.05641038588045
3,691,4691,-0.808048665559289,2.50264968444213
3,692,4692,-1.97888880783082,2.21880057549224
3,693,4693,-2.03563925591534,1.88701498584099
3,694,4694,-1.79059467170192,1.97061565561271
3,695,4695,-3.32631912281608,2.41070337718296
3,696,4696,-2.80434665246897,2.3447057684481
3,697,4697,-3.06649159873115,2.00548249343038
3,698,4698,-2.79490556200336,1.67200634140181
3,699,4699,-2.75211328919622,1.45630742146319
3,700,4700,-2.19852922837011,2.06667707245695
3,701,4701,-2.35189107208186,1.61357968517264
3,702,4702,-1.87835159643122,1.83444726379404
3,703,4703,-1.78233749107346,1.46340833916458
3,704,4704,-2.52961313409129,1.93440427024733
3,705,4705,-2.29407565802516,1.5623911292551
3,706,4706,-2.5493569906419,1.70969069267291
3,707,4707,-2.24098299290115,1.7120454204616
3,708,4708,-2.0769800799652,1.55632974805555
3,709,4709,-2.35638573217517,2.51375553696597
3,710,4710,-2.34256343731687,1.4615616721408
3,711,4711,-2.96853470574262,1.68566961833338
3,712,4712,-2.5699908373907,2.2854842373577
3,713,4713,-1.91123611595932,1.89790019541712
3,714,4714,-2.03160166473792,1.66456436938156
3,715,4715,-2.46923436605845,1.30614480016408
3,716,4716,-2.57018793690395,1.45237693198194
3,717,4717,-2.98047823742695,1.73837024410553
3,718,4718,-2.27666139390678,1.47902089689735
3,719,4719,-1.83455196869287,1.46395481190705
3,720,4720,-2.96877618638164,1.97328633351432
3,721,4721,-3.20591193623154,2.00637757797938
3,722,4722,-3.87588262035491,2.11753138068467
3,723,4723,-1.86743851287033,1.25644600460598
3,724,4724,-2.35596613746395,1.33040868433784
3,725,4725,-1.76792256241675,1.06483372558721
3,726,4726,-3.03940722573657,2.20718793090201
3,727,4727,-2.0857844075644,1.63509449547249
3,728,4728,-2.15307092083575,1.75895460618816
3,729,4729,-2.30415034774385,2.08148660341143
3,730,4730,-1.84643366188618,1.34225683826263
3,731,4731,-2.8526210100577,1.30371847009334
3,732,4732,-2.58725510146776,1.29229985815268
3,733,4733,-2.81958913724043,1.31471710242924
3,734,4734,-2.99539119835105,1.75713229523526
3,735,4735,-2.30358281125366,1.23992297122466
3,736,4736,-1.7849535925927,1.88096821164943
3,737,4737,-2.02532323393827,1.71626015674605
3,738,4738,-2.28362182867628,1.45394321727371
3,739,4739,-2.71585862636373,1.48031181341764
3,740,4740,-2.91477762557709,1.63033472921298
3,741,4741,-2.88872581222547,1.45758807083645
3,742,4742,-3.07897299861517,1.6317145598853
3,743,4743,-2.9670494874695,1.6034449377202
3,744,4744,-3.00719491809627,1.45413071113216
3,745,4745,-3.20207470161619,2.39814447358428
3,746,4746,-2.91997054220998,1.69537411400036
3,747,4747,-1.8312321981845,1.92532623694479
3,748,4748,-2.0506970444719,2.02493435383517
3,749,4749,-2.76751355369928,1.49680187668692
3,750,4750,-2.36718436280022,1.7086297645448
3,751,4751,-2.57938253423003,1.42598648506757
3,752,4752,-2.26408873197131,1.56692976785018
3,753,4753,-2.72301256447125,1.79857781096084
3,754,4754,-2.95985828538827,2.06485485102782
3,755,4755,-2.85689575464797,1.42292550166018
3,756,4756,-2.13964676177568,1.24351007119648
3,757,4757,-2.3507611250593,1.49229810848134
3,758,4758,-1.4741361999095,1.92753891430863
3,759,4759,-1.50595250483543,1.6002787630388
3,760,4760,-1.43507313489317,1.63969583594014
3,761,4761,-1.44678766518445,1.67904428597753
3,762,4762,-1.0928084825307,2.34144079970925
3,763,4763,-1.24023472633303,2.14442571743602
3,764,4764,-1.314306605628,1.82233662759085
3,765,4765,-1.3874641329401,2.06453226308107
3,766,4766,-1.53639910599597,1.67804699647636
3,767,4767,-1.75387853851558,1.97774403714614
3,768,4768,-1.83113402247645,1.5852803011503
3,769,4769,-2.23566048154494,2.71172975617507
3,770,4770,-2.46013722230811,1.5654877535905
3,771,4771,-1.7180136662468,1.42989404423999
3,772,4772,-1.66148464742484,1.74738985769351
3,773,4773,-2.23827886890818,2.47661255889811
3,774,4774,-1.95348532490296,1.65579954316393
3,775,4775,-1.2588795072304,1.13555114797116
3,776,4776,-1.65529291090088,1.6515378125352
3,777,4777,-1.92001152352006,1.76348524927502
3,778,4778,-1.71207253505923,1.56994431251795
3,779,4779,-2.08200442790549,2.04219943542432
3,780,4780,-1.42741500515629,2.11524482450774
3,781,4781,-1.91781267037421,2.55627589704581
3,782,4782,-1.51885942534198,2.27597338880285
3,783,4783,-2.33803433199866,1.3912701036525
3,784,4784,-2.96012277970493,1.96934329598816
3,785,4785,-1.40195427848824,1.55723392354466
3,786,4786,-2.3617379764561,2.24502228428217
3,787,4787,-2.49137171886677,2.6229500689892
3,788,4788,-2.7323995569678,3.39965256618486
3,789,4789,-2.71826097217917,2.28030875845751
3,790,4790,-1.62360334851842,1.76005800073328
3,791,4791,-1.60168112677227,2.79317339734497
3,792,4792,-1.57874283872287,1.15171114012207
3,793,4793,-1.01358503639762,4.68481821716694
3,794,4794,-1.13288734737594,4.20738361515098
3,795,4795,-1.11094655755571,2.74294847824078
3,796,4796,-3.05376684262343,2.0248319011444
3,797,4797,-1.70015411879988,1.19812825308624
3,798,4798,-2.50935734901217,1.50913748819369
3,799,4799,-2.38945433695483,1.45976171955398
3,800,4800,-2.19096500278146,1.49012907143113
3,801,4801,-1.7935206930241,1.47552087424813
3,802,4802,-1.57191831896702,1.39327578559593
3,803,4803,-2.20371104087742,1.10099456253135
3,804,4804,-1.96053277047379,1.07206462502269
3,805,4805,-2.05310431979267,1.27048809132462
3,806,4806,-2.37255412996831,1.39515300160427
3,807,4807,-2.32827194445993,2.0663417933606
3,808,4808,-2.49984810595481,1.96672827302013
3,809,4809,-2.74106708482047,2.21542913371354
3,810,4810,-1.68223370916799,1.38285211988868
3,811,4811,-1.80940778794565,1.68012801501288
3,812,4812,-1.44017022475285,1.66633894821358
3,813,4813,-2.39279836664003,1.97725378248799
3,814,4814,-2.5287229321115,2.06891650167985
3,815,4815,-1.37760380478693,2.1527638250275
3,816,4816,-1.57520644003216,2.19955373720624
3,817,4817,-1.53077531226198,1.88948429654322
3,818,4818,-1.91115085284307,2.85986260807972
3,819,4819,-1.33079207307151,2.23157114760719
3,820,4820,-0.896265483536494,2.52948032866696
3,821,4821,0.0203527171960693,3.40604543904787
3,822,4822,-0.236140188959957,3.15971084906482
3,823,4823,-0.869933802555457,3.09736561440554
3,824,4824,-0.823616611786653,1.64011221548018
3,825,4825,-2.54193247053085,2.13471881896674
3,826,4826,-2.60689589602287,1.6289733591662
3,827,4827,-2.5234031528375,1.52581715504819
3,828,4828,-1.87312339782196,1.82922728685543
3,829,4829,-1.95028243343341,1.53423103506659
3,830,4830,-1.8028055386524,1.54253572245744
3,831,4831,-2.6702628904269,1.77150458720774
3,832,4832,-2.37361087748558,1.36676952311435
3,833,4833,-2.77817311585149,1.80462648324488
3,834,4834,-2.53548740444288,1.76779587103866
3,835,4835,-2.48908947960996,1.46892883764311
3,836,4836,-2.51250914777093,1.42304913349277
3,837,4837,-2.71587146502613,1.94111846290342
3,838,4838,-2.30163796192908,1.67719201807035
3,839,4839,-2.64442086040761,2.0019188388313
3,840,4840,-2.57600176843974,1.75493581335656
3,841,4841,-2.50478550580121,1.53462657053099
3,842,4842,-2.52209574733457,1.27853354049822
3,843,4843,-3.10262879434512,2.14653157638754
3,844,4844,-1.6416456610632,1.17051595619198
3,845,4845,-1.95609329061043,1.36205561623399
3,846,4846,-2.4527704666575,1.33830641205006
3,847,4847,-2.91526126812788,1.22337628358232
3,848,4848,-2.94162389657292,1.84125841019011
3,849,4849,-2.53165194363664,1.90887816317736
3,850,4850,-2.27942899347596,1.6492516729014
3,851,4851,-2.38735347024249,3.05575638644933
3,852,4852,-2.04539292100299,2.57431425275329
3,853,4853,-3.32041205389761,2.71348029211397
3,854,4854,-1.62208521168836,2.07889761446465
3,855,4855,-1.72302604792459,2.04824179039082
3,856,4856,-1.60751674964998,2.34855302230847
3,857,4857,-1.06855890942455,1.89941813532452
3,858,4858,-1.08688425343987,2.02535536707679
3,859,4859,-0.79121046775113,2.05831579629012
3,860,4860,-1.63963694799459,1.72968698254646
3,861,4861,-1.65014250553209,1.67037643741963
3,862,4862,-2.7859652993289,1.60925055194014
3,863,4863,-1.62017373821337,1.77345458499772
3,864,4864,-1.69211489457391,1.59095629999898
3,865,4865,-2.39692742981561,1.76493284890166
3,866,4866,-2.12355430593896,1.59046165832554
3,867,4867,-2.67442100194279,2.71088434987312
3,868,4868,-2.41897844515036,1.57972872621004
3,869,4869,-2.31398667317274,1.53128678842064
3,870,4870,-1.77754090425269,1.42504752370854
3,871,4871,-1.50329143520431,1.80578661994669
3,872,4872,-1.3169180745058,1.72777874729723
3,873,4873,-1.73975272380358,1.4596442643999
3,874,4874,-3.23257120325482,1.68032473286647
3,875,4875,-2.20184115453812,1.61587096199859
3,876,4876,-2.28983242640019,1.07210687400317
3,877,4877,-2.28080004284481,1.51582710429733
3,878,4878,-2.05300023290972,1.74912742490171
3,879,4879,-1.55962940774555,2.16950324631333
3,880,4880,-2.19182242462879,1.89387316944637
3,881,4881,-2.44107704911807,2.14212851155416
3,882,4882,-2.32273574603203,1.28929250398294
3,883,4883,-2.23809134100242,1.22740112091781
3,884,4884,-2.31103505673623,1.76854705951814
3,885,4885,-2.69380430725415,1.71261751490401
3,886,4886,-3.308836891696,1.48599801973203
3,887,4887,-3.67216737622516,2.05652359888402
3,888,4888,-3.23264445079441,1.88376429050636
3,889,4889,-3.29202294865939,2.10970665271612
3,890,4890,-3.23176711432112,2.60236146655133
3,891,4891,-2.3153718545746,2.84912572629789
3,892,4892,-2.45581353652988,2.89912408019511
3,893,4893,-2.43295863006447,1.52857062191669
3,894,4894,-2.64485245307907,1.4341918507635
3,895,4895,-3.84120293752808,3.84238421961816
3,896,4896,-3.68859547337952,2.33292934401388
3,897,4897,-2.43640003628258,1.58987912089111
3,898,4898,-2.93843036490841,2.26928564954874
3,899,4899,-2.66092945808432,2.40761614435299
3,900,4900,-2.44238570014807,1.94235877279928
3,901,4901,-3.20282356206818,2.1713744537791
3,902,4902,-2.57227461965915,1.38272252555807
3,903,4903,-2.11770401110502,1.25318057507661
3,904,4904,-2.37513104253976,1.1086363821337
3,905,4905,-2.15954230297821,1.68809785162986
3,906,4906,-2.51321850738239,2.25452737693786
3,907,4907,-2.66646739160118,2.40294051178622
3,908,4908,-2.19833524920655,1.82419147794491
3,909,4909,-2.49669825764442,2.27608478169115
3,910,4910,-2.36506827717297,1.94809580240383
3,911,4911,-1.85619846638075,1.30479861723728
3,912,4912,-2.08097636873887,1.6633845403088
3,913,4913,-2.01603486638354,1.48821019684671
3,914,4914,-2.45167774749848,1.63341708138785
3,915,4915,-2.51429362710308,2.14538418079112
3,916,4916,-2.16893255873858,2.38852602400476
3,917,4917,-1.47525596861335,1.54433500278774
3,918,4918,-1.85158249886258,1.56001360650803
3,919,4919,-2.32607638642186,3.1618797009402
3,920,4920,-1.95267868706822,2.50791556109306
3,921,4921,-2.40636999371768,1.66873187258379
3,922,4922,-1.61093742500853,1.59547963955624
3,923,4923,-2.40999401299649,1.80496639045091
3,924,4924,-2.45146726331358,2.00912153573282
3,925,4925,-2.45893638142758,2.43544502034079
3,926,4926,-2.35860751186879,1.91508482827666
3,927,4927,-1.78003240139142,3.02744306335576
3,928,4928,-1.97585494723813,2.54181443691484
3,929,4929,-1.63873453498852,2.77786309190308
3,930,4930,-2.32536436972925,3.16100776736605
3,931,4931,-2.08666534603292,2.69486944215654
3,932,4932,-2.56708373257976,2.2810508241744
3,933,4933,-2.32199931751001,1.95895882771818
3,934,4934,-2.63685123556668,1.99721389539791
3,935,4935,-3.33881720568146,2.61363249494579
3,936,4936,-3.0014989764744,2.41897194271134
3,937,4937,-2.58919243051169,2.34376665481404
3,938,4938,-2.82803014558302,2.06118731480279
3,939,4939,-2.07926535856444,1.16076042240399
3,940,4940,-3.00588344337445,1.74711189149669
3,941,4941,-1.97506473064361,1.05559365208622
3,942,4942,-1.91304698834129,1.06268222493106
3,943,4943,-1.82273484215379,1.39028982782347
3,944,4944,-1.9796522764574,1.11731335310999
3,945,4945,-2.74591068277135,1.07797668705929
3,946,4946,-1.97432563395214,1.77481338332083
3,947,4947,-1.66916643674434,1.6595221290869
3,948,4948,-1.43151059421848,1.93040235041144
3,949,4949,-1.9026127685483,1.84988574908855
3,950,4950,-2.06993086079175,1.66176332259422
3,951,4951,-1.95184313472082,2.04086363596996
3,952,4952,-2.48540518549674,2.16535013880885
3,953,4953,-2.47229705700811,1.98227039029316
3,954,4954,-2.05313000929489,2.23384676952464
3,955,4955,-2.92680348096369,1.47720659115741
3,956,4956,-1.94442866466088,1.32098179781666
3,957,4957,-1.76665332739698,1.38880370771172
3,958,4958,-2.31029957450554,1.50037750657596
3,959,4959,-2.10818368661166,1.32113484212912
3,960,4960,-2.25160929772276,1.89919484988041
3,961,4961,-1.6117162630165,1.36539249427706
3,962,4962,-1.64914258906833,2.17308012123782
3,963,4963,-1.89759965786603,1.27666503459293
3,964,4964,-1.46989564324999,1.28175143714422
3,965,4965,-1.67415213212148,1.61810981851279
3,966,4966,-0.636949558803736,2.08376052398203
3,967,4967,-1.60114801221295,1.21810385923972
3,968,4968,-1.60801758652133,1.28032520826253
3,969,4969,-1.34962281817925,1.61970577932789
3,970,4970,-1.76789920804009,2.01530069581135
3,971,4971,-2.42810350673583,1.404529715638
3,972,4972,-0.90262864396788,0.93925079926914
3,973,4973,-2.1860250449125,1.36755828762675
3,974,4974,-1.75168916065338,2.84116193421319
3,975,4975,-1.74513237177376,2.64863152090424
3,976,4976,-1.97762277065879,1.38094102903531
3,977,4977,-2.0132065846827,2.70638770141807
3,978,4978,-2.60122300975965,1.9499058586121
3,979,4979,-3.01945456093723,1.46433722923039
3,980,4980,-2.30506592057692,1.31601006374402
3,981,4981,-2.59427101132076,1.39991542037969
3,982,4982,-2.4979799766029,1.8343531068667
3,983,4983,-2.4199435203538,2.3707805793963
3,984,4984,-1.96150482516624,2.17968398995986
3,985,4985,-2.34370445702821,1.52473382969038
3,986,4986,-2.93013858653172,1.45640195229087
3,987,4987,-2.97647680129714,1.86752999001369
3,988,4988,-2.86348064198072,1.91891059213976
3,989,4989,-3.1400330602866,2.06599304745768
3,990,4990,-2.93489647180776,1.94981889799311
3,991,4991,-2.93665107234531,2.55901295051205
3,992,4992,-2.97336143597193,1.45164982317776
3,993,4993,-2.20750293324602,1.59091416700055
3,994,4994,-2.23072821879845,1.60395051748409
3,995,4995,-2.05389459455497,1.46539695669752
3,996,4996,-2.6056751068531,1.47229445842873
3,997,4997,-2.5246230928944,1.6793106546816
3,998,4998,-2.28759557814691,1.71575742370746
3,999,4999,-2.19988416899883,1.74353931457633
3,1000,5000,-2.14037078772124,1.6183827468613
3,1001,5001,-2.14136386888474,1.47203002552644
3,1002,5002,-2.15866238237266,1.32599324831403
3,1003,5003,-3.60541645853445,1.43191531288658
3,1004,5004,-2.75348586573209,1.16109808821693
3,1005,5005,-2.90529041733815,1.70043006479852
3,1006,5006,-2.40374602919084,1.51198562668149
3,1007,5007,-2.58574576228152,1.1878720331815
3,1008,5008,-2.88070788099656,1.25933276427632
3,1009,5009,-2.37352872259948,1.12147096931216
3,1010,5010,-3.36084740865697,1.0466177637228
3,1011,5011,-3.32134391099251,1.00818729451141
3,1012,5012,-0.800591698120069,1.52922899028005
3,1013,5013,-2.07079522541036,1.27781140047046
3,1014,5014,-0.970171689982568,1.04499306293803
3,1015,5015,-1.21759866247077,1.04049392418905
3,1016,5016,-2.50939075783688,1.56869283555789
3,1017,5017,-2.7130512081809,2.99687218389265
3,1018,5018,-2.73459716140755,2.34455418673641
3,1019,5019,-1.5884571875009,1.71418827447268
3,1020,5020,-2.80682423902173,1.99368432850215
3,1021,5021,-3.07907971405549,2.01264620290866
3,1022,5022,-1.52735760488972,2.20084411404567
3,1023,5023,-1.6164001848297,1.38526577743035
3,1024,5024,-1.7009782246185,1.36848621772548
3,1025,5025,-2.76477121297771,3.12800443820374
3,1026,5026,-3.83453368345088,2.23491486709274
3,1027,5027,-2.23686817140383,2.43221107849368
3,1028,5028,-1.94764628999208,1.8114893257359
3,1029,5029,-1.47674719580774,1.56460096865098
3,1030,5030,-1.95802370698215,1.43743906155552
3,1031,5031,-2.8235441807068,1.92531582856922
3,1032,5032,-2.91079147151922,2.04774259041132
3,1033,5033,-2.58001757542293,1.68061470109778
3,1034,5034,-2.49658825851456,1.2993109456785
3,1035,5035,-3.03255010443111,1.41020101818418
3,1036,5036,-2.81061610261647,1.5636454833188
3,1037,5037,-3.09702581441121,1.52872581073882
3,1038,5038,-2.74423622588611,1.57273753886709
3,1039,5039,-2.12074638435238,2.18869441973757
3,1040,5040,-2.38999840268643,2.41589115522174
3,1041,5041,-1.68046709581138,1.82590296826661
3,1042,5042,-2.26513738538709,1.94590422548769
3,1043,5043,-2.43836872815327,2.34430770730538
3,1044,5044,-2.36714229469395,1.59550080046182
3,1045,5045,-2.83639176705945,1.770174977096
3,1046,5046,-3.65500823596311,2.24362308210788
3,1047,5047,-3.29311807507346,2.21543047214461
3,1048,5048,-2.96040963112958,1.65367174650067
3,1049,5049,-2.84636966907358,1.83218261421393
3,1050,5050,-3.1962425710248,1.43520456680955
3,1051,5051,-2.87933830909962,2.79785825431412
3,1052,5052,-3.02111502332236,2.37343847096993
3,1053,5053,-3.49340660620009,2.81609123492649
3,1054,5054,-2.40534799192581,1.89199825784896
3,1055,5055,-3.19045487688327,2.27910810385426
3,1056,5056,-3.19585062665958,2.26489132597346
3,1057,5057,-2.43112913972141,2.27205675162904
3,1058,5058,-2.00599661641828,2.03294507867856
3,1059,5059,-1.99303607249796,2.04647549167044
3,1060,5060,-1.85337222231522,2.2307833118927
3,1061,5061,-2.10918487459236,1.79106397844111
3,1062,5062,-2.74988659693808,1.27255930020113
3,1063,5063,-1.5666234047377,2.43184107921244
3,1064,5064,-1.1353137479865,1.50036562366642
3,1065,5065,-2.2672845554083,2.38873118301359
3,1066,5066,-3.34663281440323,2.17733207264765
3,1067,5067,-3.13864958167709,2.15967693655651
3,1068,5068,-3.22891358661577,1.82350217337863
3,1069,5069,-2.84906109561035,1.87766044411605
3,1070,5070,-2.87513467594015,2.08183413999834
3,1071,5071,-1.47026185168311,1.46159151700806
3,1072,5072,-2.24220570679302,2.10611289872823
3,1073,5073,-1.21135191522848,2.31909923282011
3,1074,5074,-2.12142054662549,1.74571013730194
3,1075,5075,-2.16918006960774,1.22111909106761
3,1076,5076,-2.08032582048988,1.92288623661863
3,1077,5077,-1.9011295321806,1.6900493935448
3,1078,5078,-1.19179229655974,1.89115054365426
3,1079,5079,-1.36548251547168,1.93059672765537
3,1080,5080,-0.712730240008456,2.21979398263807
3,1081,5081,-0.816193792103158,2.36284705336373
3,1082,5082,-1.40448713966191,2.47941840872736
3,1083,5083,-2.2571992509797,1.66376969767611
3,1084,5084,-1.85545568872227,1.08188853680159
3,1085,5085,-1.35863059920927,1.08504289699022
3,1086,5086,-2.16391918221429,1.41584758840457
3,1087,5087,-2.03121627059719,1.34921017000396
3,1088,5088,-1.92561836937181,1.90273267998929
3,1089,5089,-2.74978537522117,1.65517098929492
3,1090,5090,-1.7475923280446,1.4788018625395
3,1091,5091,-2.03113085409781,1.35425731129519
3,1092,5092,-3.0058623010589,2.03857370120156
3,1093,5093,-3.20993407687347,2.16900927076752
3,1094,5094,-3.34201156459984,2.14545937964799
3,1095,5095,-3.06900561792435,2.06040505627627
3,1096,5096,-4.23877809904857,1.96943694476355
3,1097,5097,-3.7931098505419,2.33127016057692
3,1098,5098,-3.89982520716876,2.53839834430542
3,1099,5099,-3.54717663978032,1.85657659966992
3,1100,5100,-2.95399848186342,1.74785725098822
3,1101,5101,-3.31219229125975,2.13615222765493
3,1102,5102,-2.44547030126804,2.3804672993815
3,1103,5103,-3.03351339263893,1.78772455985786
3,1104,5104,-0.381365546043694,2.38218850095036
3,1105,5105,-0.348539847554626,4.23971970948245
3,1106,5106,-0.289248491541785,3.75782622366937
3,1107,5107,-3.10744075750743,2.02237832559472
3,1108,5108,-2.29400046003125,1.51124664647874
3,1109,5109,-1.95210633898146,1.56841217882345
3,1110,5110,-1.7039952022599,1.53599609386034
3,1111,5111,-1.72946740665724,2.02396044948986
3,1112,5112,-1.65200004855505,2.65912149424964
3,1113,5113,-1.85775447547353,2.59016374262382
3,1114,5114,-3.41987229841338,2.92707479131792
3,1115,5115,-2.61384423581811,1.81684698667605
3,1116,5116,-1.86597641174829,1.31520855327664
3,1117,5117,-2.13382262761259,1.83917272144565
3,1118,5118,-1.50329918697796,2.0738899197979
3,1119,5119,-2.20254347274686,1.40396425439098
3,1120,5120,-1.727834109194,1.99884677803091
3,1121,5121,-2.22620584075706,2.11060644762581
3,1122,5122,-2.2917725711209,1.43718760118405
3,1123,5123,-2.24597548728164,1.45969158889092
3,1124,5124,-1.33342294181739,2.68855536744299
3,1125,5125,-1.46608870781046,2.62738815064533
3,1126,5126,-2.3709669199912,1.95801256367565
3,1127,5127,-2.51483063619204,2.54159537347979
3,1128,5128,-1.8404808154248,1.39860195911754
3,1129,5129,-1.69788627500766,1.47891797125614
3,1130,5130,-1.86167879751281,2.54887195585528
3,1131,5131,-1.59136994996962,2.6350724407997
3,1132,5132,-1.75145948471677,2.77737334787171
3,1133,5133,-1.28577642760317,1.61478645397019
3,1134,5134,-2.39065075156205,1.94174066683946
3,1135,5135,-2.18760015607853,2.16985178138944
3,1136,5136,-2.37758708538834,2.13824380992598
3,1137,5137,-1.4256960411456,1.29315528515334
3,1138,5138,-2.31642482212097,1.67566767747829
3,1139,5139,-1.29368028546378,2.34844105219889
3,1140,5140,-1.40579335308802,1.31956971590116
3,1141,5141,-1.16717181308194,1.29831823944444
3,1142,5142,-1.99012223048012,1.66485688693134
3,1143,5143,-1.69759660328872,1.64680308574798
3,1144,5144,-1.51678575128837,1.5465118677426
3,1145,5145,-2.48843887785782,1.51001015263049
3,1146,5146,-2.22233370007345,1.15982755240781
3,1147,5147,-2.61244982871156,1.59711590404514
3,1148,5148,-2.82218868013327,1.40548412990559
3,1149,5149,-1.81775448984059,1.57732249846202
3,1150,5150,-3.14185244911144,1.59255466886901
3,1151,5151,-2.40241017058103,2.15909073122724
3,1152,5152,-2.43615436888678,1.36287097955173
3,1153,5153,-2.07558930383607,1.69284706108907
3,1154,5154,-2.42087105086431,2.28682745720783
3,1155,5155,-2.65198971161694,2.60223230686591
3,1156,5156,-2.57114784840658,1.73995874309063
3,1157,5157,-2.30192808785926,1.40705994619353
3,1158,5158,-2.46639463901831,1.91724685671821
3,1159,5159,-2.19310303507226,1.54177448296965
3,1160,5160,-2.06566870368148,1.5444619879161
3,1161,5161,-2.22470270744063,2.05076923178445
3,1162,5162,-2.09681094606267,2.15851077101069
3,1163,5163,-2.25745774604676,3.08195052091043
3,1164,5164,-2.50356695108448,1.50392648861034
3,1165,5165,-2.59056427285414,1.40342057005908
3,1166,5166,-1.87416185030871,0.89763219403909
3,1167,5167,-2.39745198211923,2.18794337503338
3,1168,5168,-2.65572881824147,1.39888285257576
3,1169,5169,-2.42413944961489,1.60830984371204
3,1170,5170,-2.21633639395358,1.49816623191167
3,1171,5171,-2.16686243837904,1.51344620619239
3,1172,5172,-2.17430725452569,1.8454278071405
3,1173,5173,-2.11417397788925,1.54169259555457
3,1174,5174,-2.47043054862786,2.26260934548425
3,1175,5175,-2.44760369943242,2.43130390827735
3,1176,5176,-1.80602851832557,1.85322047265571
3,1177,5177,-1.72086573156085,2.15217104360493
3,1178,5178,-2.21565120652574,2.00326792255758
3,1179,5179,-2.63592417564435,1.54473626566352
3,1180,5180,-2.51332240792839,1.57247925600972
3,1181,5181,-2.21721087328421,1.5156981233326
3,1182,5182,-1.63635747971422,1.54421904319204
3,1183,5183,-1.63781379919222,1.33686248185382
3,1184,5184,-1.24440622990028,3.92306548271592
3,1185,5185,-1.46332019464689,2.95624026596978
3,1186,5186,-1.23005724660287,3.71299154098687
3,1187,5187,-1.82203463124003,3.14522664673677
3,1188,5188,-2.81886183753844,1.98688835701523
3,1189,5189,-3.00594073931751,2.86979172004546
3,1190,5190,-1.48396994390153,2.61634216973095
3,1191,5191,-2.70904018957058,1.82330669278632
3,1192,5192,-1.81037678644673,1.90231616840076
3,1193,5193,-2.10313854267405,1.54910996874515
3,1194,5194,-1.52218252202385,1.56102734641718
3,1195,5195,-2.41786779351211,1.97015164962711
3,1196,5196,-2.66867395473455,2.09641084029967
3,1197,5197,-1.88704776750108,2.23033509536975
3,1198,5198,-2.88428239815936,4.67476351945873
3,1199,5199,-2.05365973519097,2.16394469666261
3,1200,5200,-2.0034280108028,1.85951581986295
3,1201,5201,-1.85272617130358,1.75808373121075
3,1202,5202,-2.36161344423497,2.76155447423294
3,1203,5203,-2.09747276594764,2.7508410878894
3,1204,5204,-2.06410995489376,2.54188559976039
3,1205,5205,-2.11093503169206,2.0850068717086
3,1206,5206,-2.09671802390103,2.09889846194034
3,1207,5207,-1.48443947073867,1.0561988469544
3,1208,5208,-3.86898570108176,2.41139075428127
3,1209,5209,-3.03788695944389,1.0561046564886
3,1210,5210,-2.88340455283655,1.05915234813124
3,1211,5211,-2.23629168357164,1.81738310642156
3,1212,5212,-2.88656563497972,1.73220565131743
3,1213,5213,-3.3828270372629,2.156565647337
3,1214,5214,-2.92535209824288,1.74432803663451
3,1215,5215,-2.76594393810303,1.17405748687351
3,1216,5216,-2.83838420800038,1.94489176074161
3,1217,5217,-2.55805863462055,1.55349878793216
3,1218,5218,-2.93701028006614,1.3190000179642
3,1219,5219,-4.1869626705986,2.98576537880473
3,1220,5220,-4.59315363784197,3.32381818050951
3,1221,5221,-2.94392495162082,2.46297655695002
3,1222,5222,-3.09232065885456,2.1967859068526
3,1223,5223,-2.49415059289257,2.07005460130127
3,1224,5224,-1.63931794902657,1.83863265031627
3,1225,5225,-2.91338706522505,2.11068119277075
3,1226,5226,-1.76925469468006,2.03200173678803
3,1227,5227,-1.4516952084741,1.75101954503498
3,1228,5228,-1.54280192561619,1.79025987658103
3,1229,5229,-1.75887936579952,2.31173838066409
3,1230,5230,-1.51995033212847,2.16892364240196
3,1231,5231,-0.488007536921063,3.03065850270373
3,1232,5232,-0.530137065749334,2.84956186902081
3,1233,5233,0.785254652338854,3.23998411815206
3,1234,5234,-4.00282973909608,1.29515458638561
3,1235,5235,-4.03053187667777,1.30085765774112
3,1236,5236,-4.13579353577447,1.42015168798539
3,1237,5237,-3.11567874550532,1.17640634373802
3,1238,5238,-3.29133496051348,1.51027480459268
3,1239,5239,-3.56953070492704,1.67831469600201
3,1240,5240,-2.95239225070499,1.43724117498324
3,1241,5241,-1.77069735559044,1.86250864240965
3,1242,5242,-2.1273825509748,1.97037703929514
3,1243,5243,-1.62707829302616,1.53791186536831
3,1244,5244,-2.27027504837471,2.25072350563911
3,1245,5245,-2.43181491033063,1.79376334794032
3,1246,5246,-2.75450938558389,1.78541508567202
3,1247,5247,-2.41649174130671,2.41889962319136
3,1248,5248,-2.38076920118928,2.06766447028188
3,1249,5249,-1.23479285988497,1.65597211169268
3,1250,5250,-2.5647933919451,1.5633324804806
3,1251,5251,-1.99056268956021,1.7868967416963
3,1252,5252,-1.45738270290854,1.35935697964187
3,1253,5253,-1.12353356775758,1.77046136078524
3,1254,5254,-1.04708827091233,1.81023358380728
3,1255,5255,-1.78443742609183,1.56644179796424
3,1256,5256,-1.7870364494034,1.6094206570188
3,1257,5257,-1.77804781348172,2.58193164139056
3,1258,5258,-1.81513428018345,1.77122359147974
3,1259,5259,-1.79151908110741,2.04439254332692
3,1260,5260,-1.99086865044716,1.44562405884666
3,1261,5261,-1.84021155178408,1.68665334422378
3,1262,5262,-2.57106041584857,1.84716687676621
3,1263,5263,-2.83768278185835,1.59633681581278
3,1264,5264,-3.28646938228531,1.92921145956533
3,1265,5265,-2.76729260812104,1.84963112322782
3,1266,5266,-2.15901934139068,2.37395331582776
3,1267,5267,-2.80715773190094,1.76410502403351
3,1268,5268,-2.30783659024421,1.72972668677553
3,1269,5269,-2.87934238655673,2.05102525014011
3,1270,5270,-2.80701038539607,2.32742606650498
3,1271,5271,-2.98825277502299,1.90521174113165
3,1272,5272,-2.70176490760018,1.7649317466038
3,1273,5273,-1.34640778321124,1.17213782904275
3,1274,5274,-1.36129343125037,1.00033704146169
3,1275,5275,-2.47000398221487,1.35720973617991
3,1276,5276,-2.16335721499602,1.36776189605259
3,1277,5277,-2.37610250604703,2.14023997696488
3,1278,5278,-2.12710755245941,1.65544735990763
3,1279,5279,-3.15238263455455,1.77502534925979
3,1280,5280,-3.21275221401511,2.10409266180218
3,1281,5281,-2.16009151591736,1.43626210201022
3,1282,5282,-2.45867825541258,2.00499492420692
3,1283,5283,-2.78313342117362,2.51617833280961
3,1284,5284,-2.14218664524222,1.97052555026718
3,1285,5285,-1.87404183219026,2.08966164816667
3,1286,5286,-2.15152748486107,1.71395053901887
3,1287,5287,-3.75465900034685,2.53276880639654
3,1288,5288,-2.95389248036846,2.67852237485445
3,1289,5289,-4.44031489117527,2.3683645822232
3,1290,5290,-2.99500686837924,1.5965008397336
3,1291,5291,-3.04000730613244,1.51155866555043
3,1292,5292,-1.26190092843549,2.05153506027384
3,1293,5293,-1.58173540733929,1.80976271266671
3,1294,5294,-1.90987305762527,2.46179798982419
3,1295,5295,-1.81293894756334,1.84796573627764
3,1296,5296,-1.92289634823885,2.86449442669102
3,1297,5297,-2.51369933551739,2.89046887144004
3,1298,5298,-2.5214021220125,1.58577491495989
3,1299,5299,-2.6550897607368,1.85124834394334
3,1300,5300,-2.53205847063216,2.36471136652788
3,1301,5301,-2.49547845916873,1.95547498839702
3,1302,5302,-2.22588596412692,2.05160697606274
3,1303,5303,-2.10391542561574,1.71887261771713
3,1304,5304,-2.56593498960894,2.0658784790762
3,1305,5305,-2.69492916541729,1.62525196245151
3,1306,5306,-1.57534201802908,1.798842880085
3,1307,5307,-2.04254975309981,3.01880219736173
3,1308,5308,-2.41836358849146,4.39294496713313
3,1309,5309,-1.48198423562444,1.98596706247887
3,1310,5310,-2.33423160828459,1.4337077378663
3,1311,5311,-3.32909385524974,2.82785072992584
3,1312,5312,-3.45431998067947,2.2134632951394
3,1313,5313,-2.71412623926333,1.27586208178063
3,1314,5314,-2.85310069287872,1.20488687013107
3,1315,5315,-2.8426146169347,1.50553414559342
3,1316,5316,-1.97029295144325,1.44802689778106
3,1317,5317,-1.59920696505933,1.58254730902636
3,1318,5318,-2.66607541043088,2.40537521061068
3,1319,5319,-2.62933056007831,2.40356045073548
3,1320,5320,-3.17754627279944,2.35613088536272
3,1321,5321,-2.57269439158278,1.61955684512445
3,1322,5322,-2.77480164781047,2.40370079608337
3,1323,5323,-2.50148126895062,2.79173855720519
3,1324,5324,-2.68832440930296,1.48413135980129
3,1325,5325,-2.07978556705097,2.01230976173732
3,1326,5326,-2.17199870764207,1.28122751488059
3,1327,5327,-3.19477641919811,1.56664220925128
3,1328,5328,-2.34318668258768,1.60242977149641
3,1329,5329,-2.43877481505701,1.72909735429596
3,1330,5330,-2.00734070918904,1.81698116963076
3,1331,5331,-2.80678565223594,1.26288016211489
3,1332,5332,-2.59967435091919,1.4907599593754
3,1333,5333,-2.63586068361813,1.41648565915297
3,1334,5334,-2.90415431320821,1.66256873523988
3,1335,5335,-2.61666388542298,1.49889034097638
3,1336,5336,-2.41738828639055,1.12743713161984
3,1337,5337,-1.88819645049248,1.36338453209516
3,1338,5338,-2.05863574491266,2.67351189156247
3,1339,5339,-1.73505938645446,1.72432462612119
3,1340,5340,-2.3213272659596,2.43579143321782
3,1341,5341,-1.66976648640518,1.93036302687667
3,1342,5342,-1.4368204676643,2.14000220360188
3,1343,5343,-1.60280753051146,1.81208307077366
3,1344,5344,-1.54915394499917,1.1764842380757
3,1345,5345,-2.4121747406716,1.54747424136671
3,1346,5346,-3.33428227733459,1.7630861960802
3,1347,5347,-2.60739702860097,1.51734442132413
3,1348,5348,-2.53746709627353,1.58798582418994
3,1349,5349,-3.11456027009714,2.64043195636252
3,1350,5350,-2.66822915673389,2.03752553514206
3,1351,5351,-2.35819315209377,2.11141543794406
3,1352,5352,-2.24071245733094,1.91639581042838
3,1353,5353,-2.69458473936714,1.15977536727908
3,1354,5354,-2.79551904823438,1.33618307916865
3,1355,5355,-1.81026062604725,2.27810483682003
3,1356,5356,-2.62231262899035,2.37897449885724
3,1357,5357,-2.37783296836752,1.59083816080723
3,1358,5358,-2.094998822282,1.61136331299346
3,1359,5359,-2.39346501841731,1.38136178751046
3,1360,5360,-2.77355631841914,1.71143300715582
3,1361,5361,-2.57933413439517,1.68487286388182
3,1362,5362,-2.64850169782872,1.7930116174954
3,1363,5363,-2.61489496737882,2.06712819287476
3,1364,5364,-2.56120423160051,2.23822609694528
3,1365,5365,-1.69138753714629,1.3602314698105
3,1366,5366,-1.52508045693825,1.76137602338017
3,1367,5367,-1.37764123628455,1.96910296999179
3,1368,5368,-1.42850173820045,2.87250648314736
3,1369,5369,-1.57914961010519,1.83148007341723
3,1370,5370,-2.36408457395109,1.53926947996235
3,1371,5371,-2.603546887599,1.81673267693346
3,1372,5372,-2.70500339581138,1.52766036510734
3,1373,5373,-2.21986455822678,1.27538491014603
3,1374,5374,-2.2371487679494,1.12627419877818
3,1375,5375,-2.88710442353463,1.32746225412174
3,1376,5376,-2.79405487072112,1.33558665999019
3,1377,5377,-2.03980896874073,1.36952785065872
3,1378,5378,-3.02200578316638,1.86871223996011
3,1379,5379,-3.20890944454477,1.98368646948502
3,1380,5380,-2.5617478947158,1.34987897050653
3,1381,5381,-2.36539802481488,0.923729181877484
3,1382,5382,-2.48530384907567,1.25659312125205
3,1383,5383,-2.64932577348211,1.56476416525177
3,1384,5384,-2.05019311007143,1.35081197388665
3,1385,5385,-1.59621732323005,1.30982892692593
3,1386,5386,-1.57596383238293,1.76942132065822
3,1387,5387,-3.31870853323328,2.236002793928
3,1388,5388,-2.09160974160888,1.33226461038426
3,1389,5389,-2.19922108710049,1.58791911368198
3,1390,5390,-2.0667164041107,1.6207795203938
3,1391,5391,-2.0929469679103,1.96031772251202
3,1392,5392,-2.20645000742063,1.71877331462224
3,1393,5393,-2.05245257122404,1.65009803221747
3,1394,5394,-1.71821106621701,1.45690917964889
3,1395,5395,-1.72451306513403,1.43224378011621
3,1396,5396,-2.92569169842729,1.83010522297851
3,1397,5397,-3.20529624114589,2.11892966768796
3,1398,5398,-3.03660185098255,2.40993988472589
3,1399,5399,-2.88725920876516,2.20687165245502
3,1400,5400,-3.05651854385726,2.33938410946758
3,1401,5401,-1.97176358457507,1.38872880214324
3,1402,5402,-2.1638287711963,1.60822993783804
3,1403,5403,-2.05858650656403,1.56383073394014
3,1404,5404,-2.84184257240956,1.67687623989657
3,1405,5405,-3.01865853228288,1.89616450755455
3,1406,5406,-2.59352655244208,1.09661657174444
3,1407,5407,-3.09761391037579,1.57948779998462
3,1408,5408,-2.58373382140763,1.418763607417
3,1409,5409,-3.33448289377887,2.57316728494879
3,1410,5410,-3.02718226661466,2.61875263909036
3,1411,5411,-2.82248951330363,2.10058928476212
3,1412,5412,-2.8523252303026,2.48770662086865
3,1413,5413,-2.14486555583766,2.42571190954352
3,1414,5414,-2.06011546740136,2.26513792821442
3,1415,5415,-1.55044948249522,1.64224743145611
3,1416,5416,-1.86433885241793,1.56290601152353
3,1417,5417,-3.04133098907212,1.7628915524413
3,1418,5418,-1.81738943570733,2.07633942031292
3,1419,5419,-1.41416811236559,1.80961248706418
3,1420,5420,-1.42843649224489,1.77929703521475
3,1421,5421,-0.979800345983783,1.968850956864
3,1422,5422,-2.57927068806389,1.82425894881856
3,1423,5423,-2.70361714149223,2.02589044556386
3,1424,5424,-1.89347214300634,1.24922328226202
3,1425,5425,-1.73496978791676,1.28321457422512
3,1426,5426,-1.78706254099575,1.45081436061063
3,1427,5427,-1.68884788910289,1.83590766459624
3,1428,5428,-2.7620430479811,2.32632266249527
3,1429,5429,-2.71215910513493,1.66182655076791
3,1430,5430,-2.8096694637269,1.22638428655207
3,1431,5431,-2.64462404005352,1.77155500959347
3,1432,5432,-2.21219790646242,1.79158273532477
3,1433,5433,-1.66769280364258,1.40778679175252
3,1434,5434,-2.62158952472593,1.93371256234292
3,1435,5435,-2.42193486477231,2.04759307188588
3,1436,5436,-1.87905935397248,1.6003682882175
3,1437,5437,-1.76358175745451,1.6657623638016
3,1438,5438,-2.23348828350479,1.69443931317379
3,1439,5439,-2.25316448026282,1.8709190555408
3,1440,5440,-2.06056681000719,0.914229721359028
3,1441,5441,-1.92221859623806,1.4219874166731
3,1442,5442,-2.44592986968764,1.55788559737444
3,1443,5443,-2.24940997856726,1.4390936287722
3,1444,5444,-2.98001706244302,1.89650182069552
3,1445,5445,-2.97904594995739,1.88512079560802
3,1446,5446,-2.50915684535943,1.67859570594996
3,1447,5447,-3.64436950535296,2.24403460463258
3,1448,5448,-3.02776163974208,2.40311294973495
3,1449,5449,-2.64715951085919,2.5527737438056
3,1450,5450,-2.69365714313309,3.0027160507119
3,1451,5451,-2.75873100139631,2.63434107746049
3,1452,5452,-1.39427999267876,1.79732555755738
3,1453,5453,-1.27855139978058,1.76503372438984
3,1454,5454,-1.62185243837501,2.5164947770982
3,1455,5455,-1.96536317741328,1.64685665300533
3,1456,5456,-1.91793579599869,2.05833234195535
3,1457,5457,-1.71587076081552,2.15221742934882
3,1458,5458,-2.19288856452617,1.4436579069635
3,1459,5459,-1.93178625672781,3.01426393518861
3,1460,5460,-2.59655884496518,2.81856424872626
3,1461,5461,-2.42799204279041,2.71037674883266
3,1462,5462,-2.0108349253517,1.5766535720275
3,1463,5463,-1.87093701889204,1.49553587379486
3,1464,5464,-1.86350586664573,1.7633312795146
3,1465,5465,-1.74945930966702,1.5149113075276
3,1466,5466,-2.28880250942257,1.45891092869885
3,1467,5467,-1.94590567548113,1.43802613925807
3,1468,5468,-2.05943450375439,1.25895895100388
3,1469,5469,-2.42599061466711,1.58232062311091
3,1470,5470,-2.03544825427193,1.58802387285723
3,1471,5471,-2.56870538443319,1.76470818444749
3,1472,5472,-2.31035695533313,1.89726278371869
3,1473,5473,-2.28592366008583,1.33448538683981
3,1474,5474,-2.61700994541851,1.4030285824467
3,1475,5475,-2.06188236393234,1.43066193579639
3,1476,5476,-2.31168447111656,1.33485968127546
3,1477,5477,-2.61825186013335,2.2391457625801
3,1478,5478,-3.32682108054643,1.57486030660397
3,1479,5479,-2.99605461131296,1.53435133325677
3,1480,5480,-2.54814103197855,1.9261304247982
3,1481,5481,-3.84114765163836,2.29254537255243
3,1482,5482,-3.45719208153314,2.13149499520866
3,1483,5483,-2.4643720003029,1.99284253799988
3,1484,5484,-2.63819790547307,2.29948267920655
3,1485,5485,-1.55762275494306,2.2102413181226
3,1486,5486,-3.85857887697437,2.77801836844542
3,1487,5487,-1.69554102011165,1.92943114512301
3,1488,5488,-2.8137092288975,2.41678311145902
3,1489,5489,-1.89406481955699,1.89681120928186
3,1490,5490,-2.60614231005775,1.80640139172109
3,1491,5491,-2.288563800924,1.76043932667701
3,1492,5492,-2.84277747990776,1.95983807618186
3,1493,5493,-2.78769510403538,1.76551435509475
3,1494,5494,-2.91076934667759,1.97135356702792
3,1495,5495,-2.24903135806204,2.10287281566794
3,1496,5496,-3.60790105303672,1.67803772699788
3,1497,5497,-2.7801422873561,1.33813531213798
3,1498,5498,-3.19907017229233,1.60402653239754
3,1499,5499,-3.65632863893419,1.87381575131285
3,1500,5500,-3.60462573100479,1.94778568141968
3,1501,5501,-1.46001030707315,1.53268159681709
3,1502,5502,-2.52175520141722,1.89026784593358
3,1503,5503,-1.79815398294217,2.07598576476902
3,1504,5504,-1.94817345207079,3.53481390564868
3,1505,5505,-1.8265381747142,2.73383253140824
3,1506,5506,-2.69138041002845,2.27328160420281
3,1507,5507,-1.75207716089706,1.82921302600842
3,1508,5508,-2.07994879004628,1.91425164552643
3,1509,5509,-2.05894164031222,1.6336441224106
3,1510,5510,-1.96759413125931,1.7078229670086
3,1511,5511,-2.16195065519721,1.94460364692178
3,1512,5512,-1.93631350158403,2.54530758667527
3,1513,5513,-0.773790406568859,1.95862124366322
3,1514,5514,-1.49434860244317,3.02536886387885
3,1515,5515,-1.28485375713894,2.97900475453841
3,1516,5516,-1.63003807204829,2.21210469488887
3,1517,5517,-3.08004448754764,1.46955958147616
3,1518,5518,-2.50686836891184,2.15709617329315
3,1519,5519,-3.20907401519029,2.51740541624784
3,1520,5520,-2.1785987636493,2.14287345134422
3,1521,5521,-2.56602015651416,1.91152271918908
3,1522,5522,-1.79663103969681,1.85637420389509
3,1523,5523,-1.82375270281061,1.16968541731872
3,1524,5524,-1.93447108587229,1.20194823745587
3,1525,5525,-1.77238662571619,1.07149826223671
3,1526,5526,-2.55533475750025,2.8310251791991
3,1527,5527,-2.90070739925654,2.33869120971828
3,1528,5528,-2.86769797980455,2.94114714559912
3,1529,5529,-3.17713601855786,2.04403460064706
3,1530,5530,-2.99430578218555,2.04860409964758
3,1531,5531,-3.07857697836042,1.79101386515436
3,1532,5532,-2.97733159130139,1.77596902756943
3,1533,5533,-2.68855945490359,2.1737521043805
3,1534,5534,-1.64662719698231,1.75929228893845
3,1535,5535,-1.38872832357889,1.66093592323871
3,1536,5536,-1.65128423795715,2.08371102943648
3,1537,5537,-2.28199631525968,1.50214698937049
3,1538,5538,-2.18953669020567,1.97691506415108
3,1539,5539,-1.42983891084014,1.77150519194595
3,1540,5540,-2.50668768623818,2.58826149220487
3,1541,5541,-2.38046058920334,2.64009764421536
3,1542,5542,-2.70030299476804,2.44836390666175
3,1543,5543,-2.88007898843352,1.81540452294298
3,1544,5544,-3.50245385791784,2.47164366617727
3,1545,5545,-3.33206812301756,2.57296726137572
3,1546,5546,-3.20203263511846,2.07831078487442
3,1547,5547,-2.55421183976806,2.06490199133552
3,1548,5548,-1.55966007937868,1.78027982616874
3,1549,5549,-1.87984108654947,1.57784693617924
3,1550,5550,-2.20941686095315,2.00602427488035
3,1551,5551,-2.93152906178481,1.65234673529743
3,1552,5552,-1.83495542174683,1.91034480198364
3,1553,5553,-2.54308151158986,1.11537762885574
3,1554,5554,-3.3672632690838,1.62615245548899
3,1555,5555,-2.83807570025999,2.07522436025788
3,1556,5556,-3.10486668392323,2.11251718506069
3,1557,5557,-2.44392415196801,2.07296689892561
3,1558,5558,-2.48364790341392,1.69289023408061
3,1559,5559,-2.42012894320424,2.0699747131855
3,1560,5560,-2.67916438516059,1.8292575733494
3,1561,5561,-2.43405918172224,1.70071331812903
3,1562,5562,-2.31110990507534,1.28457782294642
3,1563,5563,-2.96427097772544,1.47191165479559
3,1564,5564,-2.71767221526506,1.13752681048753
3,1565,5565,-2.75246356187345,2.45024533431711
3,1566,5566,-2.03899344791829,1.66262794501565
3,1567,5567,-1.60759954432269,1.2735540437608
3,1568,5568,-2.24434096760493,1.61047831384527
3,1569,5569,-1.84184865419684,1.57144070693068
3,1570,5570,-2.09547002448425,2.23134752695074
3,1571,5571,-1.73022915094457,1.4852465596766
3,1572,5572,-2.21182679282792,1.41268416853579
3,1573,5573,-1.62112931032674,0.840039770041735
3,1574,5574,-2.12670739881632,1.20853113883721
3,1575,5575,-2.11243259427643,1.15910910507101
3,1576,5576,-1.9737720671463,1.0503516451474
3,1577,5577,-1.73095943823077,1.11644791038284
3,1578,5578,-1.60417121366364,0.883276152844239
3,1579,5579,-2.61314835993022,1.09431429917812
3,1580,5580,-1.94934375020314,1.2164215180893
3,1581,5581,-1.74292507994163,1.67094196243745
3,1582,5582,-2.61062935227311,1.58701258689064
3,1583,5583,-1.51483370218999,1.91724788251288
3,1584,5584,-1.42960775410445,1.67773347843695
3,1585,5585,-1.91258624759532,1.54716156802628
3,1586,5586,-1.52739810923393,1.11686163615752
3,1587,5587,-1.85242424752758,1.44546584969679
3,1588,5588,-2.16233953342552,1.10342826745844
3,1589,5589,-2.15544915409802,1.35481252159875
3,1590,5590,-2.82733962913919,1.50925023520667
3,1591,5591,-2.47798956619318,3.08086534597338
3,1592,5592,-1.87426046053575,2.47371099419182
3,1593,5593,-2.11430952845288,2.25994867163178
3,1594,5594,-1.35416065274107,2.23457456705291
3,1595,5595,-0.109420930952042,3.08188535330889
3,1596,5596,-0.73790721768388,3.56249352622621
3,1597,5597,-1.40695215664559,2.82843745281538
3,1598,5598,-1.53177789601268,1.74681939614806
3,1599,5599,-0.858197780355503,1.34371412887076
3,1600,5600,-1.47464869999804,1.3790025172851
3,1601,5601,-0.998055910169962,2.02735782504756
3,1602,5602,-0.706643278099933,2.2797553056522
3,1603,5603,-1.42127398661431,1.38545335361198
3,1604,5604,-1.32444654950652,1.17871218753803
3,1605,5605,-1.97138423008729,2.80296886831719
3,1606,5606,-2.66911524003055,1.40612424483499
3,1607,5607,-1.60799029956186,2.0275507506818
3,1608,5608,-1.91922835628678,0.955645115557018
3,1609,5609,-1.66479028431423,0.978270319229985
3,1610,5610,-2.25682466412164,0.916472104930308
3,1611,5611,-1.9589334441722,1.14748792403147
3,1612,5612,-1.70615230616811,1.25508975902369
3,1613,5613,-2.02602916433101,1.80313395925607
3,1614,5614,-2.96524704502127,1.96296286933287
3,1615,5615,-2.51386572604062,1.67634554170596
3,1616,5616,-2.60774745457779,1.50212149414984
3,1617,5617,-2.95605156270628,1.37491898557603
3,1618,5618,-2.81745578252558,1.71648608910972
3,1619,5619,-2.45153254306032,1.76610902301154
3,1620,5620,-2.27320476527813,1.56068184354909
3,1621,5621,-1.62430946478413,1.32663941103624
3,1622,5622,-2.23035974474532,2.49388689441874
3,1623,5623,-2.3639288672245,2.65792125579766
3,1624,5624,-2.8826304771922,1.72096610827551
3,1625,5625,-2.98477721614735,1.86001637752164
3,1626,5626,-2.57958753351483,2.14390539505054
3,1627,5627,-2.39723653500402,1.66661416033124
3,1628,5628,-2.8019545313877,2.42618531373794
3,1629,5629,-2.50900760769174,1.91487207044978
3,1630,5630,-1.91864746307193,1.93144780786146
3,1631,5631,-1.86712719714722,1.95554374333044
3,1632,5632,-2.11577245044137,2.00979163988522
3,1633,5633,-2.25792705629626,2.80821907027892
3,1634,5634,-2.16131954863308,2.41765174360983
3,1635,5635,-2.16534711225078,1.97376130859811
3,1636,5636,-2.49983479274655,3.1179452631847
3,1637,5637,-1.94740445643628,2.52448659112394
3,1638,5638,-1.93567990859972,1.46662050818999
3,1639,5639,-1.03328569938099,1.43145036009515
3,1640,5640,-1.45071892897844,1.69409106473426
3,1641,5641,-1.48771243127452,1.53051759685649
3,1642,5642,-2.06607914170779,1.73776959885976
3,1643,5643,-2.76621554541073,1.62852779086545
3,1644,5644,-2.66648177447114,1.63478776159015
3,1645,5645,-2.95855011047195,1.77187238492309
3,1646,5646,-2.95240420341571,1.94229509376484
3,1647,5647,-2.17172610078806,1.94376148905547
3,1648,5648,-1.86458613087104,2.18761415853977
3,1649,5649,-2.22822147066391,1.42232151415479
3,1650,5650,-2.58244123712906,1.92275880845405
3,1651,5651,-2.37592604862712,1.82348648816917
3,1652,5652,-2.89743537383611,1.9228587162404
3,1653,5653,-2.80760494223043,1.56682480935695
3,1654,5654,-2.45301926462153,1.62338305561592
3,1655,5655,-2.33960270104444,1.74866132397316
3,1656,5656,-2.38248307351677,1.72173201388414
3,1657,5657,-2.27219170864552,1.65635041751462
3,1658,5658,-1.98498257525167,1.85844113453862
3,1659,5659,-2.04814441998336,1.30826402994293
3,1660,5660,-2.4291590444083,1.49484822469414
3,1661,5661,-2.70487749290786,2.18163096372047
3,1662,5662,-2.26861294499615,2.5004162766833
3,1663,5663,-1.8792936023196,2.36539628580639
3,1664,5664,-1.94642616689563,2.18045351466468
3,1665,5665,-2.70311186689305,1.45713469760198
3,1666,5666,-2.9001663551523,3.17513929081916
3,1667,5667,-0.566937299212601,2.26192464562203
3,1668,5668,-1.34711106486676,1.32795985163891
3,1669,5669,-1.89819441622676,2.96178564258233
3,1670,5670,-2.45237388350941,1.46873928194666
3,1671,5671,-2.73384381256357,1.86442172628087
3,1672,5672,-2.68579449652498,1.9908610633697
3,1673,5673,-2.72443287648583,1.44244723797263
3,1674,5674,-2.81683233937684,1.43432052553448
3,1675,5675,-3.06011917901122,1.94627177345075
3,1676,5676,-3.48458066392013,1.67830476260063
3,1677,5677,-2.46781820262521,1.75604962717918
3,1678,5678,-2.7119045100351,1.07077572164804
3,1679,5679,-3.06599580026508,1.99653203033208
3,1680,5680,-2.72095822795702,1.80003451462414
3,1681,5681,-3.22901921686997,2.6906692254985
3,1682,5682,-2.86562888327244,2.57601779685696
3,1683,5683,-3.50871070965724,2.45995887646993
3,1684,5684,-3.99360190364559,2.38848645329731
3,1685,5685,-4.38211681825598,2.63460073553256
3,1686,5686,-4.35566002022216,2.55124947661284
3,1687,5687,-3.9401588497693,2.05783353168526
3,1688,5688,-2.62262036320614,1.83952133204947
3,1689,5689,-2.50344827102453,1.59067363479599
3,1690,5690,-2.46193159500163,2.02849825335781
3,1691,5691,-2.05253194218591,1.33245950989591
3,1692,5692,-1.87187063391286,1.34197056742625
3,1693,5693,-1.85639762699465,1.26630601508957
3,1694,5694,-1.38641892647859,2.13128863176436
3,1695,5695,-1.06406273523085,3.02360602967542
3,1696,5696,-0.976746649994386,3.10143961367343
3,1697,5697,-0.677140748083686,2.7758778416553
3,1698,5698,-0.864522230851775,2.6629940199918
3,1699,5699,-2.67238733692869,1.53413925806171
3,1700,5700,-2.95010929359855,1.32207748811255
3,1701,5701,-0.981688811666655,2.55520196479899
3,1702,5702,-0.967935653313235,3.41166210907556
3,1703,5703,-1.18271357421873,3.0278268307938
3,1704,5704,-0.673894604707088,2.8357674026142
3,1705,5705,-1.6527528175617,1.67474920653198
3,1706,5706,-1.22739266279775,1.74326231659998
3,1707,5707,-2.03543932100828,2.21370081800336
3,1708,5708,-1.93723197017948,2.25040508854222
3,1709,5709,-2.30349953885654,1.82416453246112
3,1710,5710,-2.38199551680981,2.48479676204278
3,1711,5711,-2.73140797772958,1.67011012957063
3,1712,5712,-1.87159856467295,2.13497320531737
3,1713,5713,-1.69303852533626,1.80168831051986
3,1714,5714,-2.05795462303553,2.15027594890595
3,1715,5715,-2.21488793587674,1.97420776812671
3,1716,5716,-2.04595566336618,1.784799817741
3,1717,5717,-2.32041766868391,2.59947053876054
3,1718,5718,-3.13772060252705,2.06629910832265
3,1719,5719,-2.92036105120326,2.18853245877553
3,1720,5720,-1.59313836993075,1.75154749775692
3,1721,5721,-2.59659098150861,1.89895182377214
3,1722,5722,-3.30381472017822,2.0387612437636
3,1723,5723,-2.50030683803047,2.13883312948723
3,1724,5724,-3.79595696176131,2.48741004039096
3,1725,5725,-3.54244374819424,3.64570201537049
3,1726,5726,-3.65630432270632,3.41506787915008
3,1727,5727,-1.94720669813825,1.51238683640364
3,1728,5728,-3.3418843068636,2.05477319150234
3,1729,5729,-2.4171357087065,1.96450915248753
3,1730,5730,-1.85029612361857,1.61548077008896
3,1731,5731,-2.03872094857696,2.04809293274372
3,1732,5732,-2.6920748235338,1.55980216281288
3,1733,5733,-2.51993587489182,1.7875793387528
3,1734,5734,-2.8483187762311,1.56960448312462
3,1735,5735,-2.66757700640933,1.43132275427543
3,1736,5736,-1.50165711165933,2.06748938516192
3,1737,5737,-1.54823210952718,2.25533521676603
3,1738,5738,-1.9310992364245,1.54984948059544
3,1739,5739,-1.97022575450495,1.49908476012851
3,1740,5740,-1.66740836410504,1.37684660257916
3,1741,5741,-1.32050256717939,1.36828044419606
3,1742,5742,-1.60672367736076,1.78638943094132
3,1743,5743,-2.5120837124469,1.31800773668531
3,1744,5744,-2.50784377239817,1.31115442441776
3,1745,5745,-3.18790102545801,1.43658878943264
3,1746,5746,-1.73914491131055,1.4485809766058
3,1747,5747,-2.01366775332631,1.79484231457688
3,1748,5748,-2.39305142599075,1.49680790232416
3,1749,5749,-2.25472716539048,1.4962629181925
3,1750,5750,-2.07544075639977,1.49651579211581
3,1751,5751,-1.74534153871531,1.48670259365709
3,1752,5752,-2.21684571407589,1.82695530894494
3,1753,5753,-1.68336183580365,3.56586943315103
3,1754,5754,-1.88998788065524,3.35264978711541
3,1755,5755,-1.8258839118512,3.02897690927026
3,1756,5756,-1.90259533553187,3.27432998836433
3,1757,5757,-1.3307118071355,1.4048579731736
3,1758,5758,-1.4655993259251,2.51526226705226
3,1759,5759,-2.15778557018961,1.4125365148001
3,1760,5760,-0.773468027553719,0.630182507655671
3,1761,5761,-1.99017246794076,0.950801918318373
3,1762,5762,-1.74431005038359,2.20235252974652
3,1763,5763,-0.474152544685392,2.56667210751258
3,1764,5764,-1.83822078467698,1.34079440086317
3,1765,5765,-1.01057822359017,2.52705945227596
3,1766,5766,-2.05362193677728,2.06304391239793
3,1767,5767,-1.86634124899787,1.65134164831032
3,1768,5768,-2.44813574605678,1.89044145232439
3,1769,5769,-3.424637732751,3.07226508581911
3,1770,5770,-3.45653549571993,2.83483103247072
3,1771,5771,-2.89450750535379,1.73606649712895
3,1772,5772,-1.721785150297,1.61415126753511
3,1773,5773,-2.29588790767453,1.40968044094725
3,1774,5774,-2.75894084985695,2.27413092599207
3,1775,5775,-2.89698459004646,1.74860238313176
3,1776,5776,-2.2025131096474,1.31165039737208
3,1777,5777,-2.39124777985529,1.56342419140262
3,1778,5778,-1.83219495729707,1.81135881869004
3,1779,5779,-2.35102013115568,2.29549630736025
3,1780,5780,-3.09268011463195,2.01298414980366
3,1781,5781,-3.02566333261585,2.14105047965103
3,1782,5782,-1.77905158172192,3.6904007349036
3,1783,5783,-1.65031672902994,3.61578570189685
3,1784,5784,-1.69606000279642,3.02494757781144
3,1785,5785,-1.87516812272587,2.48920811153756
3,1786,5786,-2.38155268648538,2.70519533773031
3,1787,5787,-2.07773908303409,1.82431213444606
3,1788,5788,-2.1116985295205,2.59706554016214
3,1789,5789,-1.80727559464849,1.20984165069651
3,1790,5790,-2.17846554687006,1.98765359492251
3,1791,5791,-2.47069087172919,1.67132035498304
3,1792,5792,-1.70347348017082,1.11000640854498
3,1793,5793,-2.56528323660026,2.10926513653496
3,1794,5794,-2.96923515698176,1.961823478083
3,1795,5795,-2.47976370738137,1.94848493621524
3,1796,5796,-1.88204688222818,1.77597931424623
3,1797,5797,-1.95209653581347,1.53389804010802
3,1798,5798,-2.06969656757718,1.96628456266842
3,1799,5799,-2.40100279396809,2.13717629036448
3,1800,5800,-1.27901696833486,0.986395853244941
3,1801,5801,-0.60834670988356,1.56159070100585
3,1802,5802,-0.898699866874134,2.73749640509448
3,1803,5803,-1.27989543482113,2.8072133592219
3,1804,5804,-1.1375922853597,1.77222888184806
3,1805,5805,-2.19955064682913,3.76251364217442
3,1806,5806,-2.45738025406253,4.30792220982591
3,1807,5807,-1.91239238167378,3.50642399529362
3,1808,5808,-2.12312059168775,3.01494071142906
3,1809,5809,-0.874431371111387,2.35708043740834
3,1810,5810,-1.17612934157161,2.29998189710141
3,1811,5811,-1.42656425462879,2.2210518922948
3,1812,5812,-1.2848754682665,1.60483021052204
3,1813,5813,-1.92532807674006,1.77281971335236
3,1814,5814,-1.76614072730517,1.12163571468819
3,1815,5815,-1.51829659471284,1.80129186087116
3,1816,5816,-1.86561085818882,2.05977934938268
3,1817,5817,-1.88497883875103,1.69148698081281
3,1818,5818,-1.97219948392254,1.64482459547212
3,1819,5819,-1.93771818241654,1.87496991863901
3,1820,5820,-1.7205447656071,0.942570414404814
3,1821,5821,-1.60926771452987,1.44162257462084
3,1822,5822,-2.04287182118623,1.51387036355715
3,1823,5823,-1.04011313403161,2.61318504763857
3,1824,5824,-1.10129617989316,2.6699966379552
3,1825,5825,-2.03454030888269,2.22415557730479
3,1826,5826,-2.42299779687883,2.06197951746636
3,1827,5827,-2.15257783923591,1.77792685872771
3,1828,5828,-1.49378077899055,1.6688459866436
3,1829,5829,-1.78157295356915,2.0705340700258
3,1830,5830,-2.51152009156592,1.89105258880501
3,1831,5831,-2.00831625316331,1.92751310616237
3,1832,5832,-2.16237428893477,1.72925615476753
3,1833,5833,-2.71260174097571,1.65065950131728
3,1834,5834,-2.08612369767395,1.76968241134885
3,1835,5835,-2.46738926353503,1.75335722284216
3,1836,5836,-2.10249470352979,1.86917299181633
3,1837,5837,-1.87697430190923,1.49685703878182
3,1838,5838,-2.16297113224716,1.4215774991989
3,1839,5839,-2.05413503132345,1.72192429348238
3,1840,5840,-2.15432994800749,1.42950086765517
3,1841,5841,-2.57451933458052,2.11456318828427
3,1842,5842,-2.94081116797356,1.73700893517856
3,1843,5843,-2.77817923300675,1.76974887082403
3,1844,5844,-3.86156671416338,1.89181308055554
3,1845,5845,-2.82321858321679,1.51393453196259
3,1846,5846,-3.23252103210533,1.19698755790635
3,1847,5847,-2.9379114469056,1.94780705181874
3,1848,5848,-2.25746458194285,1.28722883056284
3,1849,5849,-1.40866374531304,1.34941933720386
3,1850,5850,-1.69312174961913,1.61443078503904
3,1851,5851,-2.53653106968113,1.9201199188047
3,1852,5852,-2.86590301674764,2.36363041012299
3,1853,5853,-1.72440232301624,1.56837518809787
3,1854,5854,-3.45631310948558,2.75853492972711
3,1855,5855,-3.5512988559351,2.74108804494814
3,1856,5856,-3.16206436327167,2.79625330293484
3,1857,5857,-2.51349061695668,1.99840651377106
3,1858,5858,-2.29299659397932,1.93791394334412
3,1859,5859,-1.93951996300887,1.60524332746145
3,1860,5860,-2.1662094634267,1.70929621083059
3,1861,5861,-2.46181910644119,2.01867213987936
3,1862,5862,-2.69758291045529,1.65682580857058
3,1863,5863,-2.15239169856936,2.03776710700197
3,1864,5864,-2.25421207077809,2.04324652987994
3,1865,5865,-2.05024577261845,1.16599859239904
3,1866,5866,-2.4335798585726,2.06322808033591
3,1867,5867,-2.96687576151653,2.29219609499397
3,1868,5868,-2.98732294076383,1.79499744401269
3,1869,5869,-2.20021429694535,1.74742086681007
3,1870,5870,-2.88603176402041,2.25864033631012
3,1871,5871,-2.83167257288961,2.40992120980586
3,1872,5872,-2.40245411902232,1.69384831008365
3,1873,5873,-2.03922248838879,1.68614511155507
3,1874,5874,-2.40434940431846,1.69834969037414
3,1875,5875,-2.48099693975322,1.71568778946452
3,1876,5876,-2.78790393342324,2.37463803603393
3,1877,5877,-2.14706806541282,1.5822775155746
3,1878,5878,-2.71656605171134,1.21857373007816
3,1879,5879,-2.36810260183514,2.42013206322355
3,1880,5880,-2.84060909355319,2.28094874069376
3,1881,5881,-1.84800356555124,1.98403027074545
3,1882,5882,-2.44222139602396,2.00356880054265
3,1883,5883,-2.41004535808442,1.82406356925801
3,1884,5884,-1.6348973276316,3.3279954640564
3,1885,5885,-2.06439384031101,3.64986439056567
3,1886,5886,-3.05101818912285,1.92192093607271
3,1887,5887,-1.99927742747001,1.51655099340089
3,1888,5888,-1.76353046040636,2.18766049759473
3,1889,5889,-2.14651371528468,1.31169733212854
3,1890,5890,-2.71713564580718,1.38822945847591
3,1891,5891,-2.52681611332169,1.18898999723823
3,1892,5892,-1.80805328698715,1.33777002288653
3,1893,5893,-2.21517309483504,1.41679745424056
3,1894,5894,-2.04693342309078,1.60339084950253
3,1895,5895,-2.03393049870148,1.7313166470483
3,1896,5896,-2.17396250681566,1.6379692066007
3,1897,5897,-2.2767969705114,1.94480058133878
3,1898,5898,-1.75843670576552,1.96482617216306
3,1899,5899,-1.63676173817006,2.20815878932501
3,1900,5900,-2.16240534232556,2.71042398112213
3,1901,5901,-1.47804506087974,2.01453733679297
3,1902,5902,-2.73969569048283,3.19383021305688
3,1903,5903,-1.87429371745903,2.0462366161664
3,1904,5904,-1.75164649196328,1.86069578966149
3,1905,5905,-1.58384993613195,1.70239278634847
3,1906,5906,-2.74688862083988,2.07298987186648
3,1907,5907,-1.74231788322882,1.43249114209961
3,1908,5908,-2.45288086083693,1.24271230651083
3,1909,5909,-2.49660193121594,1.77797944334899
3,1910,5910,-2.74986200016449,2.36707493057752
3,1911,5911,-2.7283113922082,2.83305882776882
3,1912,5912,-2.84973352296652,2.97140169126482
3,1913,5913,-2.14666582804062,1.43514561231832
3,1914,5914,-2.34992151515098,2.05964111793747
3,1915,5915,-2.05644361987429,1.74770479327864
3,1916,5916,-2.63343963528409,1.72430414368371
3,1917,5917,-2.6372326371345,1.79114277545169
3,1918,5918,-2.59373275898984,1.90617635647743
3,1919,5919,-2.16519066454256,2.78242098368727
3,1920,5920,-2.00079903275863,2.47927635501333
3,1921,5921,-2.58269343963428,2.8981093674638
3,1922,5922,-3.73805987972363,2.92528107614587
3,1923,5923,-3.58926876255648,2.8779015552516
3,1924,5924,-3.70669661078665,3.01519230305676
3,1925,5925,-3.24481170162499,2.31865703734076
3,1926,5926,-3.27017737536441,2.38616396828166
3,1927,5927,-3.14473275538415,1.79368757737358
3,1928,5928,-2.76566904367971,1.23442259814899
3,1929,5929,-2.49682615932604,2.07134736873866
3,1930,5930,-2.57918980293467,1.98062620474506
3,1931,5931,-3.02669592765036,1.50969581314139
3,1932,5932,-2.49751330342404,1.70678280895438
3,1933,5933,-1.96421113014957,1.92952467213643
3,1934,5934,-2.41011341129004,2.23856678002668
3,1935,5935,-2.77285462518934,1.914380444702
3,1936,5936,-1.31932625168841,1.2508541256823
3,1937,5937,-2.27317765188303,2.4385615337818
3,1938,5938,-3.25659189441472,2.49535541140157
3,1939,5939,-3.25322492659331,2.32007711720021
3,1940,5940,-2.25148318888389,2.26367748025246
3,1941,5941,-2.53258797886277,2.25184689333324
3,1942,5942,-2.43557450294693,2.80200079742064
3,1943,5943,-2.47390928571782,1.33211739208899
3,1944,5944,-2.71264923484058,1.44027632647
3,1945,5945,-2.1385047364115,1.46339859007991
3,1946,5946,-2.80840191698039,2.07310153899981
3,1947,5947,-2.32345273974902,2.07863582834505
3,1948,5948,-2.98133321918326,1.94586786308406
3,1949,5949,-2.23793934431705,2.76561743349723
3,1950,5950,-2.56662585730504,1.48126172639532
3,1951,5951,-3.10312638080638,1.74887686158856
3,1952,5952,-2.96610661231594,1.63489651489982
3,1953,5953,-2.0437306643679,1.64539957429463
3,1954,5954,-1.84245094068805,1.5717351788242
3,1955,5955,-2.36992637600412,1.94272632749814
3,1956,5956,-1.72477572645612,1.71984088329786
3,1957,5957,-1.65372740913688,2.50705710745404
3,1958,5958,-2.15386357757513,1.54005534462492
3,1959,5959,-2.44752074356346,1.31783542722654
3,1960,5960,-1.52645297936041,2.71159816915884
3,1961,5961,-1.73280290622726,1.7173840691479
3,1962,5962,-0.902381702413735,1.77937537880716
3,1963,5963,-3.31246345859158,1.63068309944767
3,1964,5964,-2.57322725198697,1.59098704218846
3,1965,5965,-2.87960499373557,1.98059955680697
3,1966,5966,-2.42797991402583,1.29094633943422
3,1967,5967,-2.57908772669418,1.36750626980149
3,1968,5968,-2.14397132914463,1.21472284220618
3,1969,5969,-2.94834134277619,1.35835821294396
3,1970,5970,-2.16919422420741,1.90222064781553
3,1971,5971,-3.11631176293356,2.20851989604873
3,1972,5972,-2.4545276952995,1.66744059788056
3,1973,5973,-2.81195151022902,1.46281832263381
3,1974,5974,-2.25397773165565,1.73848622884507
3,1975,5975,-1.8113372336864,2.0170554664896
3,1976,5976,-1.75934107065758,2.00205350615872
3,1977,5977,-2.27347550525729,2.27166884541387
3,1978,5978,-1.97730403055764,1.92389955477717
3,1979,5979,-2.57779713752217,1.64460037500577
3,1980,5980,-2.47733439828999,1.31733308497763
3,1981,5981,-2.07851602863027,1.34097967971316
3,1982,5982,-1.43007780033261,1.21990032875129
3,1983,5983,-1.54500171048381,2.30194002465843
3,1984,5984,-1.42612724453329,1.08514036501118
3,1985,5985,-1.61805486793599,1.80156916130073
3,1986,5986,-1.23366596876232,2.17534143858757
3,1987,5987,-2.14869857910007,2.52955368799126
3,1988,5988,-1.45642053791739,2.27804446854152
3,1989,5989,-2.2333147996237,2.44960116126802
3,1990,5990,-3.35361937084912,2.04734987107471
3,1991,5991,-1.60079582976024,2.07818745998423
3,1992,5992,-1.91394437099113,2.09314255241095
3,1993,5993,-1.92065856893047,1.64829611718793
3,1994,5994,-1.90639275726143,1.70961236477052
3,1995,5995,-2.0453267871761,1.9177639318839
3,1996,5996,-1.69626614760221,1.80131886812551
3,1997,5997,-1.55758262624169,2.90909490533553
3,1998,5998,-1.64418364969773,2.58609736694021
3,1999,5999,-1.98257682046874,2.83172305168721
3,2000,6000,-2.73699334036318,1.68337372244455
4,1,6001,-2.40242809014946,1.93772088403597
4,2,6002,-2.52118059913463,1.53883569269907
4,3,6003,-2.78800742487806,1.70980812690893
4,4,6004,-2.94325526842328,1.51709556070954
4,5,6005,-3.21177075647947,2.08685568034125
4,6,6006,-3.06300005532318,2.28460452449643
4,7,6007,-2.88079234787927,2.01064304039115
4,8,6008,-2.74192396547358,2.41503469569281
4,9,6009,-3.15488110006895,2.57657106877665
4,10,6010,-3.3132934178481,2.61648328308945
4,11,6011,-3.23193044060494,3.11328051037608
4,12,6012,-2.92137723642545,3.40409756474722
4,13,6013,-2.29635136593005,2.88260897558913
4,14,6014,-2.59138525000528,3.39663980758937
4,15,6015,-2.8545178176328,4.01785482386851
4,16,6016,-2.77541884655912,2.77687767303872
4,17,6017,-3.60419760612149,1.86870383665158
4,18,6018,-4.68721560340823,2.32328030233956
4,19,6019,-2.81285133451746,3.27620543686818
4,20,6020,-2.87578479167301,3.21097060264957
4,21,6021,-2.27155687351853,2.53612428015726
4,22,6022,-2.34634440097274,2.17974196715223
4,23,6023,-2.16388032178161,2.60531204763268
4,24,6024,-2.42181353039921,3.31850371102498
4,25,6025,-1.75396597683651,1.8334839767141
4,26,6026,-1.71258115323493,2.70888761594804
4,27,6027,-2.13481795564449,1.52057567957837
4,28,6028,-3.37885286592157,2.20511675492013
4,29,6029,-3.1566488797381,1.81617959795754
4,30,6030,-1.84415013962641,1.82476823885099
4,31,6031,-2.22899632817539,1.59051843465726
4,32,6032,-1.99238518856774,1.5019157482146
4,33,6033,-1.4189136993559,1.36067590330702
4,34,6034,-1.83795819526245,3.3860642723182
4,35,6035,-1.23798196723729,1.94225797052795
4,36,6036,-3.65972246807881,1.8602076750592
4,37,6037,-1.05227154671129,1.46992990478174
4,38,6038,-1.14281866061496,1.57222141340581
4,39,6039,-2.10012225129238,1.74930280336027
4,40,6040,-1.67737661194416,3.183316066739
4,41,6041,-2.59841340899676,1.68600271008623
4,42,6042,-1.9023320475927,1.67168785486182
4,43,6043,-2.8309809351446,1.70745228740324
4,44,6044,-2.42217673823527,1.44724214169153
4,45,6045,-2.60447419597888,1.44798906457819
4,46,6046,-2.11959836834931,1.88290913596074
4,47,6047,-1.68347585990742,2.078609900655
4,48,6048,-1.94143376168903,1.67453482428311
4,49,6049,-2.14511835178855,1.84679502115187
4,50,6050,-1.67890528806238,2.58283081850447
4,51,6051,-1.86762122326966,1.70628471566566
4,52,6052,-2.41755117133634,1.87685747317908
4,53,6053,-2.09533520323483,1.68182335922783
4,54,6054,-1.57618187672682,1.52625768952673
4,55,6055,-2.176748022505,1.63643967925197
4,56,6056,-2.18579948289955,1.78944009378126
4,57,6057,-1.7833801837224,1.14148687661997
4,58,6058,-1.65881868162885,1.48600277750689
4,59,6059,-1.56505487170846,1.45032172838219
4,60,6060,-2.70874133393748,2.39018734618419
4,61,6061,-1.96544793487541,2.3946463808825
4,62,6062,-2.12815572336003,2.39318597009509
4,63,6063,-2.45874820007219,1.86802837181711
4,64,6064,-1.95310947529137,1.71784652276705
4,65,6065,-2.11177403107333,1.60952932903309
4,66,6066,-1.52859898168901,2.09804815734065
4,67,6067,-2.30613945344696,1.88393323550507
4,68,6068,-2.16120169362939,1.64663789407757
4,69,6069,-1.85559612909722,1.82241539729104
4,70,6070,-1.34647928115163,0.919437950030211
4,71,6071,-3.26030936851432,2.20638028765492
4,72,6072,-3.19238835541626,1.68335577195452
4,73,6073,-2.21598981690759,1.25215452380443
4,74,6074,-2.34522966447142,1.15979448670376
4,75,6075,-2.09229676907748,1.15861989212303
4,76,6076,-2.83234664025657,1.51308020870274
4,77,6077,-2.6589570009858,1.52572565250413
4,78,6078,-2.2286549528873,1.59276327353657
4,79,6079,-2.70641466480315,1.25703987986952
4,80,6080,-3.37234173812436,1.82768993617724
4,81,6081,-1.94408497684809,1.57642084653315
4,82,6082,-2.34932497571582,1.28860065187922
4,83,6083,-1.21319010985325,1.9883539190778
4,84,6084,-1.20555358571049,1.93888737120152
4,85,6085,-2.40503123850479,1.13993418772395
4,86,6086,-1.7344531639795,1.86457869294091
4,87,6087,-1.96277263105832,0.762149492428623
4,88,6088,-1.78073346392434,1.65075736463286
4,89,6089,-2.8368491216485,1.71798280589156
4,90,6090,-2.47146582311877,1.74723570108609
4,91,6091,-1.97667973980512,1.69628492854772
4,92,6092,-3.76572120455522,1.78824969336224
4,93,6093,-2.70966463619992,2.22837025667821
4,94,6094,-3.02780463848395,2.0704152764748
4,95,6095,-1.73138577043291,1.43667890467652
4,96,6096,-1.73841040432316,1.47201373932199
4,97,6097,-2.50222339477214,1.61788314632432
4,98,6098,-1.95237184372069,1.5861606014505
4,99,6099,-3.0189472261107,1.42207229708987
4,100,6100,-1.33958202671225,0.951147235740311
4,101,6101,-2.27197314566455,1.29630194889288
4,102,6102,-2.14895668635827,1.59876763452875
4,103,6103,-3.36664684008412,2.01657244789642
4,104,6104,-1.95598744551988,1.39155690398229
4,105,6105,-1.97112058113235,1.36300296876444
4,106,6106,-2.20782102793526,1.47287890543692
4,107,6107,-2.92494766626106,1.46442102715161
4,108,6108,-2.34575409754397,1.208123753441
4,109,6109,-2.30896402506595,1.19050493382896
4,110,6110,-1.82464899302977,2.17007524545047
4,111,6111,-2.22041586669124,1.71066240962507
4,112,6112,-2.45446396950564,1.94723108378156
4,113,6113,-2.65026461429411,1.91951499602988
4,114,6114,-2.58914897037439,2.03379719706087
4,115,6115,-2.42071802255487,1.70656512073747
4,116,6116,-1.89845100135288,1.79002494067307
4,117,6117,-2.10930581676199,0.907164192436445
4,118,6118,-1.8822218119245,1.35774209604514
4,119,6119,-2.63341273875578,2.1075572007159
4,120,6120,-2.35242071641838,2.1788301565995
4,121,6121,-2.31882113521188,1.65579846205652
4,122,6122,-2.27768736474856,1.722912749849
4,123,6123,-2.1295686795256,1.49217848077935
4,124,6124,-2.42867990918457,1.81701831398813
4,125,6125,-2.68561171257941,1.91538689860248
4,126,6126,-1.65464893981552,1.28133866894572
4,127,6127,-2.32136829525063,1.57413212316249
4,128,6128,-2.19306433358835,1.64846524434757
4,129,6129,-2.68388062144494,1.36361193727414
4,130,6130,-1.69655125075452,1.56831682907054
4,131,6131,-2.33335206611377,1.30431642170374
4,132,6132,-2.11030425120853,1.30053203766199
4,133,6133,-2.13202855920808,1.41485732018775
4,134,6134,-1.62947759538057,1.56912132793066
4,135,6135,-1.35688882232207,1.80595390167507
4,136,6136,-0.89718145046619,1.75571145158541
4,137,6137,-0.81574193342905,1.4860919814027
4,138,6138,-0.703984908533474,1.18927500579184
4,139,6139,-1.58825650812004,1.87291004196909
4,140,6140,-1.42321307320262,1.48863215832619
4,141,6141,-1.19659811067286,2.08190472720209
4,142,6142,-1.51061245132941,1.35119513590264
4,143,6143,-1.99872676800053,1.61526374350211
4,144,6144,-1.84069788517304,1.18103931671812
4,145,6145,-3.11055476422809,2.00980394174599
4,146,6146,-1.81322684100782,1.25419949201591
4,147,6147,-2.30996544541747,2.53325790103939
4,148,6148,-1.9464805205354,2.10326968667444
4,149,6149,-1.67928074145756,1.80925550517833
4,150,6150,-2.36673250814327,1.58321657574686
4,151,6151,-2.42103713451627,1.64453179485688
4,152,6152,-2.48568386164398,1.70466041869771
4,153,6153,-1.93949642854716,2.37264242483064
4,154,6154,-1.8051293382375,2.35458608146408
4,155,6155,-1.35288066927187,1.20811528942799
4,156,6156,-2.75988418880887,2.22337109907378
4,157,6157,-2.46763101642383,2.31053683381773
4,158,6158,-2.31875963114427,1.61431628380137
4,159,6159,-2.32727018726823,1.62491792000958
4,160,6160,-1.57957789494614,1.81856495441609
4,161,6161,-1.81985081013208,2.02981156526494
4,162,6162,-1.90886074441023,1.4846652590987
4,163,6163,-2.20600982212348,1.60744113111569
4,164,6164,-2.18386821977061,1.11938006086174
4,165,6165,-1.97952153250146,1.33542692277083
4,166,6166,-1.15550236998484,1.52069818382498
4,167,6167,-0.841144084909785,2.02659923933816
4,168,6168,-1.39221971261118,2.26592973827335
4,169,6169,-1.63198302238167,2.29835629317158
4,170,6170,-2.54468504865693,1.83331337175983
4,171,6171,-2.53940561914217,1.78883373022759
4,172,6172,-3.16573909248344,2.13903873406687
4,173,6173,-2.94528270016738,1.75797543989722
4,174,6174,-2.77339313870132,1.57814749184769
4,175,6175,-2.60559411542615,1.50402607957322
4,176,6176,-2.73493057839033,1.6078196269163
4,177,6177,-2.64163298604683,1.66148125853695
4,178,6178,-2.16213750831209,2.11773079305013
4,179,6179,-2.20918704877176,2.09093180709863
4,180,6180,-1.5618617613609,1.04704708546226
4,181,6181,-1.7633689539291,1.47489097072034
4,182,6182,-2.41817003650753,1.52741599749362
4,183,6183,-2.12498156213529,1.39150523071305
4,184,6184,-1.8003579453972,1.30631723177985
4,185,6185,-1.78466447802745,1.86577039473826
4,186,6186,-1.79239349008865,1.58705332042776
4,187,6187,-1.5277046594998,1.76583818102357
4,188,6188,-1.47781255824328,2.32489944959058
4,189,6189,-1.40088352316007,1.24288769471299
4,190,6190,-2.5058337375621,2.11634447557133
4,191,6191,-2.55215039993371,1.94260212480814
4,192,6192,-2.20071299332281,1.63631127597738
4,193,6193,-1.99679487275128,1.6351063346367
4,194,6194,-2.21159746196335,1.72562181640161
4,195,6195,-2.60868476324276,1.8295160991842
4,196,6196,-2.66917337712166,1.74737024467844
4,197,6197,-3.54210214936527,2.78534790162569
4,198,6198,-2.25559719734671,1.42531073878078
4,199,6199,-3.19293663327554,2.02782749615183
4,200,6200,-2.3365590317923,1.4111219067816
4,201,6201,-2.45980141401354,1.81379271408344
4,202,6202,-3.38459404107474,1.72555595829443
4,203,6203,-2.70312284217609,1.45478831375898
4,204,6204,-1.96357484876864,1.65191448390543
4,205,6205,-3.54527722070057,2.19967172016193
4,206,6206,-1.92283362020906,1.11332285937319
4,207,6207,-2.2263315390943,1.99906792244135
4,208,6208,-1.94688917816286,1.81183332615338
4,209,6209,-2.06148154886129,2.09227667413206
4,210,6210,-1.71367637890703,2.05034268476942
4,211,6211,-1.50728789675739,3.01287223224497
4,212,6212,-1.82504790399167,1.94545857107926
4,213,6213,-2.33214619376983,2.51498074644093
4,214,6214,-2.65682646930269,1.94881266446395
4,215,6215,-2.00393107703709,3.07968988149382
4,216,6216,-2.70906216563295,1.77992343570163
4,217,6217,-2.83200075454427,1.9830836894779
4,218,6218,-2.55675324866517,1.83077204775915
4,219,6219,-2.58018772704342,1.68996380432621
4,220,6220,-2.60057159247659,2.12906450933992
4,221,6221,-2.87442327518358,2.38344754290095
4,222,6222,-2.56645908327717,2.26983691378225
4,223,6223,-3.59940461298561,2.07169594028873
4,224,6224,-1.63511735374127,1.2385517572891
4,225,6225,-1.99708001166768,1.41256085136103
4,226,6226,-0.798193580333774,3.39365687256194
4,227,6227,-0.782013134522498,3.14517803144358
4,228,6228,-0.840662544045997,2.47848310381861
4,229,6229,-1.57059974144695,1.87758050770994
4,230,6230,-1.45596331511966,2.66707732749663
4,231,6231,-0.835552756107494,2.52158098792254
4,232,6232,-1.48234655490867,1.79616330668193
4,233,6233,-1.91096851172096,1.44886194497274
4,234,6234,-2.00927745334636,1.55383868627192
4,235,6235,-1.06705199187691,2.7883916681704
4,236,6236,-1.27891785242932,3.16647621050848
4,237,6237,-1.66211729002394,3.13558931867666
4,238,6238,-1.85888398993669,1.55485002127064
4,239,6239,-1.32080528188978,1.22239449893269
4,240,6240,-2.35373297631465,1.55180173265599
4,241,6241,-1.63418428470145,1.2538370307689
4,242,6242,-2.62654370633721,1.54390441126115
4,243,6243,-2.43581663027553,1.39616398404508
4,244,6244,-3.14655637472115,1.75574502869757
4,245,6245,-2.30134532764876,1.23810628012512
4,246,6246,-2.21599205526906,1.90615954321281
4,247,6247,-2.44641648546052,1.65110644006936
4,248,6248,-1.92701621818152,2.66460461274112
4,249,6249,-1.57360931642616,2.42880107046674
4,250,6250,-1.38629086072611,2.96886219534012
4,251,6251,-1.58418253562239,3.26334525527168
4,252,6252,-1.3147364934267,2.02817650304787
4,253,6253,-0.77699856490342,2.18871950814825
4,254,6254,-1.24518740530223,2.47630021157519
4,255,6255,-1.54732269113828,2.09079068910566
4,256,6256,-1.85341239691597,2.39861412965729
4,257,6257,-1.45160779558905,2.26178506472284
4,258,6258,-1.87756329322525,0.863095177971306
4,259,6259,-1.31297898535884,0.599861157383768
4,260,6260,-1.68268585716396,0.818279065297974
4,261,6261,-1.96785108773191,2.49836582859738
4,262,6262,-2.51346205983771,1.52289153127089
4,263,6263,-2.32884521621787,1.12486493542311
4,264,6264,-3.543262230518,1.515746295107
4,265,6265,-2.93828763069394,1.52097823922957
4,266,6266,-2.84172538490858,2.14309061609863
4,267,6267,-3.1772141299123,1.9918052383264
4,268,6268,-2.47491442584977,2.02675619604379
4,269,6269,-2.42787131111674,2.46311584763641
4,270,6270,-2.17008556734995,1.31728601995261
4,271,6271,-2.30629460570152,1.39617228541122
4,272,6272,-2.64514061550152,1.64461464364674
4,273,6273,-2.94053742754901,1.74292779437345
4,274,6274,-2.31416102247736,1.20093296456142
4,275,6275,-2.48319875264616,1.40484788871901
4,276,6276,-1.81655983371202,1.06908022391877
4,277,6277,-2.23705084323185,2.55774364850691
4,278,6278,-1.83166231520675,1.98450324028605
4,279,6279,-2.76441192557435,1.74928694304841
4,280,6280,-1.96448813993053,2.41116861981079
4,281,6281,-2.25217458795363,1.75529942977717
4,282,6282,-2.35984875770713,1.90924397770127
4,283,6283,-2.95793635005155,2.80600782304274
4,284,6284,-2.09529681375951,2.61189999969436
4,285,6285,-2.57978626220439,2.99473353197145
4,286,6286,-1.96100720612949,2.45018574757421
4,287,6287,-2.37417093936713,1.7845190995946
4,288,6288,-2.78327995130507,2.1565023781073
4,289,6289,-2.2777659916093,2.09053374293016
4,290,6290,-2.45009689400949,2.14725491498632
4,291,6291,-2.75880279633807,2.0976684261743
4,292,6292,-2.67522566368664,1.84811170561323
4,293,6293,-2.94955608623161,2.08635978508979
4,294,6294,-2.3039824182615,1.57467264953492
4,295,6295,-2.68373758954843,2.08856026465931
4,296,6296,-2.31991089475254,2.11823220949586
4,297,6297,-2.98931615102048,1.55954271270681
4,298,6298,-1.73388284152702,2.34239121917803
4,299,6299,-2.83930006006585,1.31427952583701
4,300,6300,-2.03126501782598,1.68397966448452
4,301,6301,-2.10492233893281,1.6718047569226
4,302,6302,-2.84453321701949,1.34892254433932
4,303,6303,-2.15463903429085,1.18776421886427
4,304,6304,-2.52550339591705,1.74714425881114
4,305,6305,-2.47699799074662,1.09150647184467
4,306,6306,-1.97196590500289,1.86400826511311
4,307,6307,-2.0486627170439,1.9352769687519
4,308,6308,-2.4694384498607,2.52243354454407
4,309,6309,-1.81581869358232,1.59068896547595
4,310,6310,-1.94272494694002,1.88087259155244
4,311,6311,-1.24647802049394,1.97524557048981
4,312,6312,-1.66985100331613,2.43514558837465
4,313,6313,-2.32096083680884,1.8456048455635
4,314,6314,-2.57242396049578,2.18309261659348
4,315,6315,-2.44695372738394,1.53241099704027
4,316,6316,-2.14415683840555,1.47357481262811
4,317,6317,-2.10247225725927,1.820821595307
4,318,6318,-1.72445361948831,1.2737239610312
4,319,6319,-1.24076817723907,2.91403937382551
4,320,6320,-2.09142432055719,0.983310918849405
4,321,6321,-1.56928684447062,1.43820379071498
4,322,6322,-1.47989417794122,2.06114409924731
4,323,6323,-1.45879226218836,2.30566536139065
4,324,6324,-2.54580806826412,1.4468029187963
4,325,6325,-2.05341572484404,1.18210080403144
4,326,6326,-2.07915484040109,1.21950584501556
4,327,6327,-1.67167485473941,1.00953498419452
4,328,6328,-2.16381873302451,1.2583633159122
4,329,6329,-2.22132688987532,1.74873373528688
4,330,6330,-1.92642109947524,1.28376654763707
4,331,6331,-1.8430765441086,1.29868936438741
4,332,6332,-2.78879493852966,1.31972647126156
4,333,6333,-3.59573352996024,1.50238112840405
4,334,6334,-2.67049931908029,1.23076668291165
4,335,6335,-1.96888406352023,1.04284686865148
4,336,6336,-1.25690528587398,1.39307900478096
4,337,6337,-3.45044219217169,1.3017390648915
4,338,6338,-1.97721778911244,2.33415408515624
4,339,6339,-3.29880685839691,1.5624325203863
4,340,6340,-3.42809813003467,1.64436777436972
4,341,6341,-2.72085228465532,1.60280863015392
4,342,6342,-2.4320664402575,1.79916540264262
4,343,6343,-2.45022661730223,1.62195471585697
4,344,6344,-2.18704513237778,1.63750288608529
4,345,6345,-2.96316399047014,2.77498396049774
4,346,6346,-2.92920644418278,2.54878357439255
4,347,6347,-2.95617834639063,2.39278728992514
4,348,6348,-2.8720672726071,2.54893421681223
4,349,6349,-2.07687848020993,3.05857064774192
4,350,6350,-1.32139648367113,2.83177898762319
4,351,6351,-1.7275655690388,2.02503945813492
4,352,6352,-1.95860140806485,2.26808573438275
4,353,6353,-2.0830880309961,1.74117111583094
4,354,6354,-2.09930199214754,1.7937685122531
4,355,6355,-2.06579685668822,1.50603437449083
4,356,6356,-1.63440284527704,1.05008941524432
4,357,6357,-2.24743236911913,1.07568328048523
4,358,6358,-3.37064526127231,1.44810889840367
4,359,6359,-2.28526572689925,1.28062464849049
4,360,6360,-1.67381883255979,1.21431432499509
4,361,6361,-2.6580503291466,1.57552457590209
4,362,6362,-1.15053073897894,0.914401511352419
4,363,6363,-2.57212616087923,1.82434164543277
4,364,6364,-2.07972074527495,1.23746113485975
4,365,6365,-2.86426020505182,1.56971370785964
4,366,6366,-1.01236608717138,0.855685235508413
4,367,6367,-1.98232672992347,1.18751074533828
4,368,6368,-0.907110848998274,0.56720336804326
4,369,6369,-2.97022374143803,1.21322479626593
4,370,6370,-3.58263485118043,2.03906990967972
4,371,6371,-3.1811411098795,1.45309247162245
4,372,6372,-2.1295816977984,1.90661458519559
4,373,6373,-2.43805425311898,1.35339743289344
4,374,6374,-2.10794694098624,1.10529233439452
4,375,6375,-2.16420761879962,1.13940732172741
4,376,6376,-2.50000228122549,1.69117637709005
4,377,6377,-1.87064582169311,1.23543052818435
4,378,6378,-2.88788919883795,1.68653092049929
4,379,6379,-2.25855910357107,1.33360037914863
4,380,6380,-2.55543022149494,0.925795784956254
4,381,6381,-2.95177495704155,1.10836730604143
4,382,6382,-2.77722277607897,1.08941227208972
4,383,6383,-1.38555577150605,2.58906227625176
4,384,6384,-2.29323374209368,2.12114619094032
4,385,6385,-1.60515232570693,1.77402001764961
4,386,6386,-3.0839253085143,1.28216038146384
4,387,6387,-2.4332325643329,1.61931353893812
4,388,6388,-2.89741310046848,1.79208932704287
4,389,6389,-2.92041443157162,1.80582564534061
4,390,6390,-2.3970394509472,1.75536695675643
4,391,6391,-2.26625971768117,2.04177052078775
4,392,6392,-2.15487438534535,1.8683035555392
4,393,6393,-1.52430882177827,2.0581008501554
4,394,6394,-1.87141713645837,2.06123065451958
4,395,6395,-1.41380095966894,2.28592673091657
4,396,6396,-1.60783566884356,2.17127020666498
4,397,6397,-1.90889949806834,2.44060975637721
4,398,6398,-2.19505379990196,1.85525625603617
4,399,6399,-2.67775494093948,1.7223628065672
4,400,6400,-2.41069633364144,2.16061696420369
4,401,6401,-2.0910420033825,1.85266983645592
4,402,6402,-2.86889492728377,1.73967974805793
4,403,6403,-2.71621692012807,1.85974730734168
4,404,6404,-2.36973827298835,1.42342998056796
4,405,6405,-3.09935641181307,1.60852366925256
4,406,6406,-2.35663515127261,1.22320669368205
4,407,6407,-2.97306065328803,1.801479695335
4,408,6408,-2.37845219694863,1.73878314542132
4,409,6409,-2.14673216450424,2.29435865355382
4,410,6410,-1.52096108555383,1.35435028482404
4,411,6411,-1.84752297967933,1.55614466499394
4,412,6412,-1.84220511397543,2.07784883081749
4,413,6413,-2.68115604815148,1.84436348754296
4,414,6414,-1.44846566271985,1.2919309882632
4,415,6415,-1.35102503417124,2.44420476992096
4,416,6416,-2.95714753200357,1.36552692472722
4,417,6417,-1.65317587223572,1.7917203631818
4,418,6418,-2.37472886627088,2.39317849842381
4,419,6419,-1.97986014376131,2.70373373852094
4,420,6420,-1.95026388138777,2.62001365443651
4,421,6421,-2.06473475107238,2.29184173723838
4,422,6422,-1.41645923608604,3.08248750382428
4,423,6423,-2.59200183316877,1.48620056593026
4,424,6424,-3.15989286934712,1.56218660802409
4,425,6425,-1.96511738116655,1.38371575257347
4,426,6426,-3.66233979705604,2.29714057461676
4,427,6427,-2.13548491530468,1.35482532758804
4,428,6428,-2.05123985825009,1.84622880130905
4,429,6429,-2.51622418523846,2.19780358270124
4,430,6430,-1.80191505690676,2.94751075180871
4,431,6431,-1.37507678963128,2.47971658467429
4,432,6432,-1.58512130509441,1.65057236751479
4,433,6433,-1.55041851691884,1.52997884452617
4,434,6434,-1.84934468814011,1.56716097171643
4,435,6435,-2.55814192781761,1.05492437413118
4,436,6436,-2.84840842829837,1.1481843505028
4,437,6437,-2.99176805432792,1.36148385857046
4,438,6438,-2.78929846761081,1.4623693678723
4,439,6439,-2.84802235723611,1.65080167410042
4,440,6440,-2.53189394998677,2.14078556671281
4,441,6441,-3.31958393355588,2.46804406696559
4,442,6442,-2.49017839879661,2.67578219210204
4,443,6443,-2.71759436592133,2.49599805326312
4,444,6444,-2.45013600608873,2.72389621774173
4,445,6445,-1.47488619967225,1.9814078530686
4,446,6446,-1.30079241959356,1.64697908463461
4,447,6447,-1.85075024847934,1.88874044717058
4,448,6448,-4.05046207227186,2.28331744954591
4,449,6449,-4.00413481087949,1.79710086723866
4,450,6450,-2.1540283848571,0.919562593499366
4,451,6451,-0.78823093662729,2.54362676096856
4,452,6452,-0.795977267800746,1.76980260784116
4,453,6453,-1.28385656241631,2.11069403832254
4,454,6454,-1.54432660989991,1.51360617064176
4,455,6455,-2.72280502994821,2.32136122870091
4,456,6456,-2.00913069593005,2.31158996371513
4,457,6457,-2.69777958485438,2.6849187179744
4,458,6458,-2.5221654429423,2.55598944149795
4,459,6459,-2.686251469209,2.77380488116252
4,460,6460,-2.1462898451937,1.69455704875536
4,461,6461,-2.69141517962086,2.0351650282076
4,462,6462,-2.89897944602622,2.77362628448445
4,463,6463,-2.7444090850108,1.8412362332763
4,464,6464,-2.46616926131556,2.34191665235789
4,465,6465,-3.29551957397774,2.34547436215964
4,466,6466,-2.91263971827934,3.66722012013186
4,467,6467,-2.85954319021251,3.67884204834669
4,468,6468,-2.38041365485181,2.30768845757668
4,469,6469,-2.04695462032481,1.93388352051948
4,470,6470,-2.25165210131657,2.07244252758903
4,471,6471,-1.927172602943,1.93332180793379
4,472,6472,-2.23512812221657,1.43088140747735
4,473,6473,-2.00897965834618,1.27033652305263
4,474,6474,-2.13028017714034,1.52959268274765
4,475,6475,-2.26867916325603,1.62319392173336
4,476,6476,-2.758275610885,2.0561659607587
4,477,6477,-2.49774504953263,2.73256870122177
4,478,6478,-1.96985762127163,1.99331047720653
4,479,6479,-1.62256888317945,2.46913490987234
4,480,6480,-1.57858407558098,1.82787175725086
4,481,6481,-2.30553481252041,1.5284338240807
4,482,6482,-1.7436716573793,1.69694241973437
4,483,6483,-1.9985034973954,1.86057692640849
4,484,6484,-1.831274569199,1.10132901527325
4,485,6485,-1.96723406150526,1.17484576610273
4,486,6486,-2.14101559921398,1.83052018693268
4,487,6487,-1.68329409927569,1.23347244725619
4,488,6488,-2.54125225154971,1.55415717726072
4,489,6489,-2.88450789992408,2.51286838623397
4,490,6490,-3.16860455724779,2.04821401391339
4,491,6491,-2.50487981712593,2.05602091167752
4,492,6492,-2.05640782333292,2.53580961832236
4,493,6493,-1.99087012741665,2.78118151447054
4,494,6494,-2.18643423994533,2.93195555546695
4,495,6495,-2.28271567691698,2.18502656317155
4,496,6496,-2.39058451278621,2.82621382565955
4,497,6497,-1.71766276871163,2.3305076878463
4,498,6498,-1.21069802167665,2.06886734678104
4,499,6499,-2.03744906085926,2.62552698236828
4,500,6500,-1.22456768094424,1.98867817533889
4,501,6501,-1.4596984611107,1.4651730781201
4,502,6502,-3.2795310620777,1.89299820448856
4,503,6503,-2.38607927162902,1.71455621502778
4,504,6504,-2.48502740282077,2.66974590155678
4,505,6505,-2.24711453826389,2.48632400595991
4,506,6506,-2.48596054539741,3.0863216634379
4,507,6507,-0.762746645551117,1.70024328476465
4,508,6508,-1.09854881781741,2.18511132622105
4,509,6509,-3.37732771635597,1.83103071669083
4,510,6510,-3.46076292362681,2.11323699722239
4,511,6511,-3.64336652474079,1.96213663447186
4,512,6512,-3.12724456073033,1.75570553850365
4,513,6513,-3.2404091565695,1.85378918900922
4,514,6514,-3.48763144888408,1.67541837834246
4,515,6515,-3.81537907940323,1.93704558320621
4,516,6516,-0.895435676806572,1.28164970836467
4,517,6517,-3.22435695615064,1.4768292896525
4,518,6518,-2.28034136153732,1.23400613800197
4,519,6519,-1.83607346840323,1.86429018535547
4,520,6520,-1.18738008769882,1.36060906165814
4,521,6521,-2.80221500770684,1.79392648795516
4,522,6522,-2.99242672615683,1.27186883069994
4,523,6523,-2.87585115808248,1.41730090889936
4,524,6524,-2.47046125789472,1.33120690175859
4,525,6525,-2.73429678822585,1.82108699778533
4,526,6526,-1.61111606720546,1.24138950046981
4,527,6527,-1.71586457636277,1.55030028713303
4,528,6528,-2.14222159531982,1.43500991905257
4,529,6529,-2.34270713407567,1.7591674589076
4,530,6530,-2.23231537761735,1.96237678506093
4,531,6531,-2.32382220927301,2.06154973546834
4,532,6532,-1.94792059884691,1.59589116654934
4,533,6533,-2.45386435899033,1.58263307691141
4,534,6534,-2.23726718852671,1.4080252538111
4,535,6535,-2.6432809561294,1.42959068305966
4,536,6536,-2.71893274456936,2.83864771233718
4,537,6537,-2.17839016050676,2.08667356154696
4,538,6538,-2.55863777121747,1.72152000769094
4,539,6539,-2.46982525966232,1.52901298360775
4,540,6540,-2.73772995034439,1.81866418813685
4,541,6541,-1.5849588538326,1.65291850226364
4,542,6542,-1.40853425963378,1.37241891884565
4,543,6543,-1.57763036715895,1.66951545972842
4,544,6544,-1.98717968851019,2.32750066794249
4,545,6545,-2.73985704149909,1.57652921329186
4,546,6546,-2.90362922604154,1.31369326781749
4,547,6547,-3.52840524899824,1.68576588357388
4,548,6548,-2.30239272748284,0.985227315703756
4,549,6549,-2.53791811385866,1.03817564833088
4,550,6550,-2.42314544171617,1.03902532639439
4,551,6551,-1.7538176450545,1.95488535464652
4,552,6552,-2.02003731466803,1.31118504294926
4,553,6553,-2.53567611432625,2.19359292867922
4,554,6554,-2.17153341611718,1.7744529359339
4,555,6555,-1.89360985092389,1.90239967440758
4,556,6556,-1.75845869073484,2.77854109578752
4,557,6557,-2.09646614525296,2.28790470260726
4,558,6558,-1.39228762471253,1.50638182711364
4,559,6559,-2.03418156305834,1.75515572461074
4,560,6560,-0.815991849799201,1.49585960517651
4,561,6561,-1.06009475262832,2.30449302260639
4,562,6562,-1.42277547315948,1.93659022524639
4,563,6563,-1.78643839656736,2.07543196448225
4,564,6564,-1.87070895919332,1.6810285970518
4,565,6565,-1.58849781964901,2.38971844127326
4,566,6566,-1.66357968079901,2.04725272817764
4,567,6567,-1.5479148864312,2.1800585581979
4,568,6568,-2.63249263065351,2.48728061249939
4,569,6569,-2.85881885685413,1.56525198714045
4,570,6570,-2.58382664334155,1.57435392208097
4,571,6571,-2.84979813441497,1.86157810196268
4,572,6572,-2.61784392779254,1.63476216496925
4,573,6573,-3.05482823275472,2.12509741329696
4,574,6574,-2.58285495636933,1.65655733067586
4,575,6575,-2.82537343012492,1.59402639575575
4,576,6576,-2.09630332038701,1.30276863795565
4,577,6577,-1.98943657406822,0.933585251005481
4,578,6578,-2.06305533723515,1.33240913222151
4,579,6579,-2.1507993375775,1.20632915973325
4,580,6580,-1.6234948338833,1.24587122694536
4,581,6581,-1.81465449315511,1.5695557901118
4,582,6582,-1.68785337927119,1.43867996609406
4,583,6583,-2.00417958528652,1.08944431852812
4,584,6584,-1.87880611498228,1.06296541913415
4,585,6585,-2.1139805533212,1.13288391377206
4,586,6586,-2.6683415966298,1.42128952038237
4,587,6587,-2.08392918451125,1.45550429216583
4,588,6588,-2.45745361327336,1.80503631793107
4,589,6589,-1.93808476465742,1.2741312948244
4,590,6590,-1.85731353315743,1.76489118707981
4,591,6591,-3.00181101825883,2.01063065095507
4,592,6592,-3.11704447211677,1.67017906911702
4,593,6593,-2.92615910824796,1.61431594460485
4,594,6594,-1.89847835666999,0.998075295793213
4,595,6595,-1.70425247926059,1.32281030358009
4,596,6596,-1.75281236209348,1.38218318712399
4,597,6597,-1.67876315162094,1.40787626928944
4,598,6598,-2.01287494687055,1.17832140723714
4,599,6599,-2.92151150715947,1.4301142410109
4,600,6600,-2.19603784639455,0.974976430740237
4,601,6601,-2.63802175896647,1.72861616219863
4,602,6602,-1.67543565128297,1.19796505567012
4,603,6603,-2.21611994366879,1.44087608297
4,604,6604,-1.8997640980975,1.02709245052192
4,605,6605,-3.16835203937379,1.85642503471874
4,606,6606,-2.1382227439866,1.4958902115683
4,607,6607,-2.44335970504606,1.82959183028539
4,608,6608,-2.4727788695155,1.50949867279518
4,609,6609,-3.56605555365763,1.80546188458637
4,610,6610,-1.95285479722753,1.4601654983575
4,611,6611,-3.14541945062906,2.90798678646031
4,612,6612,-2.10733816362064,1.17070163905769
4,613,6613,-2.75394167693514,1.47398065856213
4,614,6614,-2.46797550487609,1.70346746413743
4,615,6615,-2.77010912313582,1.79773292483352
4,616,6616,-2.78084548163745,1.82134760743449
4,617,6617,-2.82055905015268,1.64852706214775
4,618,6618,-3.33581053880306,1.43710126491724
4,619,6619,-2.50745730610332,1.9023005878042
4,620,6620,-2.79316211529247,1.65088336491961
4,621,6621,-1.87853371579735,1.41720620790047
4,622,6622,-2.27322685995495,1.66684351970463
4,623,6623,-2.00105587995121,1.55145679436976
4,624,6624,-2.15440197863529,2.32477264706471
4,625,6625,-1.93205109397681,2.34220629349484
4,626,6626,-3.49869121605035,2.50196458113331
4,627,6627,-3.55158599261856,2.3090782593945
4,628,6628,-1.90327128688662,1.13129413380219
4,629,6629,-3.15988047201064,1.74643566890104
4,630,6630,-2.47696556447994,1.74499289424606
4,631,6631,-2.6973276782981,2.11999311548085
4,632,6632,-1.83160628174172,1.86316660175961
4,633,6633,-2.55281463202798,1.98349239472191
4,634,6634,-2.31625565846927,1.6803574964895
4,635,6635,-2.4193708688761,1.40658016027011
4,636,6636,-1.15886366060473,2.11750440480384
4,637,6637,-1.33796243401496,1.93578214280318
4,638,6638,-1.9379414441109,2.05638033339579
4,639,6639,-1.77943170494992,1.88194363587043
4,640,6640,-2.64462216763195,1.83980402604789
4,641,6641,-2.23840999898104,2.02543410912774
4,642,6642,-1.87585427767074,2.61863560817424
4,643,6643,-3.09004126174503,3.48229611117038
4,644,6644,-2.44734485327555,2.35445508140882
4,645,6645,-2.75037123010448,2.1436610004633
4,646,6646,-2.80669517752825,1.49207019911738
4,647,6647,-2.55863620700803,1.37738885519758
4,648,6648,-2.04324543396225,1.43918868605723
4,649,6649,-2.67336737747631,1.3217187676194
4,650,6650,-2.8681955395698,1.74208495387125
4,651,6651,-1.47429146966631,1.2071144031534
4,652,6652,-2.64448525207136,1.53432260496509
4,653,6653,-2.46894774082436,1.66156204312582
4,654,6654,-2.70196852067195,1.3366104922592
4,655,6655,-2.0815125595091,1.11911152005152
4,656,6656,-1.67524425144937,2.43774962169216
4,657,6657,-2.41196113513661,1.16354831055381
4,658,6658,-2.12841718673338,1.21607050834952
4,659,6659,-2.05805820638529,1.41777758190532
4,660,6660,-2.70100467067611,1.67379009525282
4,661,6661,-3.48346639987194,2.4279574356729
4,662,6662,-4.62789935513324,2.29121617963277
4,663,6663,-0.0468957253046427,1.82774868303963
4,664,6664,-3.40054093719611,1.65770013856621
4,665,6665,-2.09184582768498,1.45348206325251
4,666,6666,-1.77379541056314,0.901428100729721
4,667,6667,-2.02203937698528,1.22763135827347
4,668,6668,-1.55862566613452,1.82699816864507
4,669,6669,-2.36032322873075,1.81224551913084
4,670,6670,-1.98765160636915,1.828667310681
4,671,6671,-2.60945840229323,1.67732570607884
4,672,6672,-2.16583489391784,1.14757098134703
4,673,6673,-2.16573984795081,1.21878904089542
4,674,6674,-1.88867388621677,1.70882829877524
4,675,6675,-2.0982815658259,1.78361164068115
4,676,6676,-2.33194639762175,1.94631431030526
4,677,6677,-2.54826707950046,2.30470840964604
4,678,6678,-2.74008091532597,2.34554099171898
4,679,6679,-2.92036155187286,1.99899882574138
4,680,6680,-1.75257087066284,1.43362486014472
4,681,6681,-2.02787566190222,1.32558443789264
4,682,6682,-1.59028390979412,1.54605337966896
4,683,6683,-1.94025143851324,1.42619910489406
4,684,6684,-2.1629244494464,1.77688008518903
4,685,6685,-2.39780965762533,2.65740831912297
4,686,6686,-2.17931209000633,2.28437408716137
4,687,6687,-2.38084661590675,1.93196607376018
4,688,6688,-1.88741691254124,1.83292786304752
4,689,6689,-1.71351750560934,1.73737433166617
4,690,6690,-2.50207284522451,1.859163297858
4,691,6691,-1.69753205407133,1.7095435212096
4,692,6692,-1.78118579227991,1.60714471947614
4,693,6693,-1.63650062015724,1.25718484275738
4,694,6694,-2.02292748318444,1.50871625594867
4,695,6695,-1.92754195224825,1.57798526798002
4,696,6696,-1.99075126048456,1.62126961514608
4,697,6697,-2.12077684028539,1.37556378818909
4,698,6698,-2.71843383477861,1.33868505901372
4,699,6699,-2.47269355939463,1.22096599644711
4,700,6700,-3.27561905061637,1.14402042127535
4,701,6701,-3.3082789496598,1.09570843332784
4,702,6702,-1.67395114768048,1.98828490262369
4,703,6703,-2.04843519912142,1.88504601521914
4,704,6704,-1.78766183498689,1.13208518613965
4,705,6705,-1.66082237042584,1.20088439721675
4,706,6706,-1.52270407067527,1.50941359649765
4,707,6707,-1.62848954396713,1.32556170703859
4,708,6708,-0.987691404750468,0.899319166573892
4,709,6709,-1.4686279695987,0.978107943692798
4,710,6710,-1.7310663290269,2.53931230363325
4,711,6711,-1.93986814784714,2.31157765999082
4,712,6712,-2.63648087274827,2.60328582894418
4,713,6713,-1.5420029795877,2.02865491499745
4,714,6714,-2.21458602499687,2.62989297669718
4,715,6715,-2.14891842564266,1.87618117974428
4,716,6716,-2.29261531093085,2.49890358578091
4,717,6717,-2.38677286189409,2.72231201513741
4,718,6718,-1.93446322827303,1.99546442982216
4,719,6719,-1.75689392187658,1.30985511239128
4,720,6720,-2.47096058551973,1.40022948076856
4,721,6721,-2.37054672445275,1.11938863213096
4,722,6722,-2.45368158749,2.21000280245714
4,723,6723,-3.07346535123966,2.6803503776403
4,724,6724,-1.39313200332436,1.11071366468992
4,725,6725,-1.77782802218915,1.14161437822585
4,726,6726,-1.56505402993606,1.51092745761567
4,727,6727,-1.47644901143716,1.75920190296377
4,728,6728,-2.26173233054231,1.39445778533181
4,729,6729,-1.64871292955311,1.24146036023378
4,730,6730,-1.60933013519223,1.57390829999078
4,731,6731,-2.42718400914068,2.39885286023696
4,732,6732,-2.7238371974416,2.30905611083676
4,733,6733,-2.18944938750601,1.38417890808262
4,734,6734,-3.27508582648008,1.55124632065081
4,735,6735,-2.32072567985064,1.57606277522139
4,736,6736,-2.28662212814611,1.76895279362702
4,737,6737,-2.0138717598083,1.4213756967602
4,738,6738,-2.39058588697435,1.07712509587592
4,739,6739,-1.54265812888707,1.590847137964
4,740,6740,-1.74242242761045,1.60663180904898
4,741,6741,-2.32065055566816,1.41373297751277
4,742,6742,-1.69930352747717,1.38393696075343
4,743,6743,-1.79730323296294,1.09524937755538
4,744,6744,-2.64435890264832,1.40199292097182
4,745,6745,-2.92424207909462,1.72300809742061
4,746,6746,-2.73493510471753,1.53590900889708
4,747,6747,-2.72152442544548,1.50263473366694
4,748,6748,-2.52300039618605,1.75951072751452
4,749,6749,-1.85974702216836,1.34965771778847
4,750,6750,-2.48947815240381,1.5853115287401
4,751,6751,-1.43670550431847,1.2761587295107
4,752,6752,-1.40154412037329,1.26024933787282
4,753,6753,-1.74060077092188,1.25037573428432
4,754,6754,-0.659755976996796,1.92093462076631
4,755,6755,-1.79706435730304,2.51569015833574
4,756,6756,-2.15010100228759,2.9919176504241
4,757,6757,-2.37797377848406,2.16481236598913
4,758,6758,-2.38219842761777,2.28190371396562
4,759,6759,-2.35696891778942,2.45218487231754
4,760,6760,-2.46966125387004,3.37210905076719
4,761,6761,-1.73760679641176,1.76223359409118
4,762,6762,-1.66867535960059,2.07288790064652
4,763,6763,-1.45523283442616,2.29156227633296
4,764,6764,-1.60791670179343,1.65947760444048
4,765,6765,-1.49624359895811,2.74820665423234
4,766,6766,-1.46701397381255,2.68492528163396
4,767,6767,-1.50669945223971,2.86125435321398
4,768,6768,-2.11162910723761,2.6878919633818
4,769,6769,-1.70303460294387,1.3243251645293
4,770,6770,-1.2506358549774,1.96564898589503
4,771,6771,-2.17182361003278,1.87827897831196
4,772,6772,-1.81678915965611,1.61185325523411
4,773,6773,-1.49259207407592,1.48264110129724
4,774,6774,-2.38975461303814,1.54149085814309
4,775,6775,-2.01248947034603,1.32808790713123
4,776,6776,-2.3673771603766,1.61562511488252
4,777,6777,-2.18194893535065,1.40143199603977
4,778,6778,-2.87503900864007,1.49094097112395
4,779,6779,-2.93481725534934,1.63412747007071
4,780,6780,-3.22744763083379,1.58831121309235
4,781,6781,-4.15775418777596,2.31856215999542
4,782,6782,-3.55789748487041,1.68413400256594
4,783,6783,-3.3647047492709,2.5560327631351
4,784,6784,-3.20707428353392,2.45993816612172
4,785,6785,-3.63208933038049,2.94446632476573
4,786,6786,-3.53982773991658,2.68588730890045
4,787,6787,-2.53223616767801,2.28128321519882
4,788,6788,-3.61975847418394,3.27133377158179
4,789,6789,-3.82830324899722,2.81086598396138
4,790,6790,-3.77120143433288,2.30100810306653
4,791,6791,-2.36832689946571,1.22882647370798
4,792,6792,-2.86797503292438,1.37280939697563
4,793,6793,-2.73931367002834,2.32257293932738
4,794,6794,-3.68710977145542,2.79856542700309
4,795,6795,-2.69349875191459,2.4040072070374
4,796,6796,-2.13718427552175,2.25279953976689
4,797,6797,-2.65616607627543,1.5167782497436
4,798,6798,-1.81662003881362,1.80192784472763
4,799,6799,-1.54296358911596,1.71644726938946
4,800,6800,-2.03553032351589,1.82010292850614
4,801,6801,-2.7779399106607,2.61265758603239
4,802,6802,-2.23650839976607,1.77162015990047
4,803,6803,-1.95815527047248,2.04009463179488
4,804,6804,-1.90830352119496,1.49776523990908
4,805,6805,-1.55854187860494,1.36611783196722
4,806,6806,-1.84032206827207,1.69392017130174
4,807,6807,-2.54271094357733,2.2422396176149
4,808,6808,-2.35312018038895,2.56541041723167
4,809,6809,-2.82252378767305,2.21299492798502
4,810,6810,-2.31420582231192,2.56121730417967
4,811,6811,-1.83065333072758,1.3902035455706
4,812,6812,-2.05944895065183,1.47120407675284
4,813,6813,-2.22004455236025,1.82763374132959
4,814,6814,-2.60436136020071,1.85953563989099
4,815,6815,-2.5170072343741,1.07619314996816
4,816,6816,-2.80494673120252,1.29935221303725
4,817,6817,-2.75847469503206,1.25909514076149
4,818,6818,-3.0571869603243,1.21259616070797
4,819,6819,-3.26428076189725,1.47599866487863
4,820,6820,-2.70165233706615,1.67699456536291
4,821,6821,-2.66163223767582,1.52223157108589
4,822,6822,-2.60871613611851,2.16072770443223
4,823,6823,-3.06387389717833,2.16469631055878
4,824,6824,-2.27076237744182,2.27004591603142
4,825,6825,-2.87958755982176,2.47997355306186
4,826,6826,-2.6935914274082,1.79961387257462
4,827,6827,-3.62123191616894,2.13229107809615
4,828,6828,-4.00087521612846,2.51427219186835
4,829,6829,-3.79377061633288,1.97992638028635
4,830,6830,-2.41793404773156,1.77462238754563
4,831,6831,-1.92776246867972,1.68498498404103
4,832,6832,-3.08943764547269,1.48367649662157
4,833,6833,-4.03775858884234,2.25246878970106
4,834,6834,-2.14350492206411,1.67976558994277
4,835,6835,-2.10352084124475,2.08304740115812
4,836,6836,-1.57578924382032,1.43233307713243
4,837,6837,-1.57832221878427,2.13067197705583
4,838,6838,-2.85540325544508,2.03315680716619
4,839,6839,-2.95474944834048,2.58828578007349
4,840,6840,-2.71619343898785,1.93561513669699
4,841,6841,-3.80401550690908,2.7170804594146
4,842,6842,-3.59722362858153,2.30403441873447
4,843,6843,-2.48435116524714,1.78352061409502
4,844,6844,-3.43006553868165,2.36578512493874
4,845,6845,-2.83114314943691,1.33168986279467
4,846,6846,-1.5733526577179,2.27174746626208
4,847,6847,-1.87332408483917,2.59490118807281
4,848,6848,-0.50948455640687,2.36577255238566
4,849,6849,-1.10707654880146,2.0041381874478
4,850,6850,0.720977044430473,2.52541999325209
4,851,6851,-0.785350574053547,2.44628764910516
4,852,6852,-3.60016592107428,2.63720750702377
4,853,6853,-3.66765323931708,2.73619664730113
4,854,6854,-2.5166582177664,1.83504954233285
4,855,6855,-2.82201968935738,2.65721914925032
4,856,6856,-2.54943954761645,2.58483216265584
4,857,6857,-2.46763334688069,1.97852167499841
4,858,6858,-1.79491597632643,0.956134430510818
4,859,6859,-2.58613372603318,1.72225714116897
4,860,6860,-2.14206384902933,1.27415894888975
4,861,6861,-2.1073255225461,1.76310661509022
4,862,6862,-2.19412893421575,1.64996177663631
4,863,6863,-2.69249854229874,2.62001935422591
4,864,6864,-2.22566538861185,1.76806606100357
4,865,6865,-3.21010270987111,2.81762160706213
4,866,6866,-1.85791802961863,1.31221498157297
4,867,6867,-2.39243478213819,2.24611429844397
4,868,6868,-2.45605562735029,1.32997608376818
4,869,6869,-2.00557176173263,2.01280460343246
4,870,6870,-2.06333648621346,2.19581577217573
4,871,6871,-2.27358752716753,2.32144843343828
4,872,6872,-2.29942539993653,2.32332529520423
4,873,6873,-2.07556273785314,2.08715079100775
4,874,6874,-2.08447139019003,2.07226948438692
4,875,6875,-2.75824258372031,1.99918383739183
4,876,6876,-2.90306771756937,1.97495196928874
4,877,6877,-3.55140428596283,2.46809684308528
4,878,6878,-2.78637300428628,2.5187753433101
4,879,6879,-3.4271057295351,2.50184123352865
4,880,6880,-2.37329641836992,2.03900831976978
4,881,6881,-2.04370573863113,1.81383433506728
4,882,6882,-1.81066197409041,1.51139539985268
4,883,6883,-1.47883538338726,1.15827198769854
4,884,6884,-1.60145035805856,1.53975853448934
4,885,6885,-1.47377511784902,1.68807014864841
4,886,6886,-2.27281450914908,1.802313383314
4,887,6887,-2.26864179527491,3.31731686914342
4,888,6888,-2.8958806900477,3.78563015410508
4,889,6889,-1.16566578192573,1.38056448087247
4,890,6890,-1.49479355265689,1.28240333225484
4,891,6891,-1.36479993766398,1.42834422555418
4,892,6892,-1.87280054528111,0.759387815914192
4,893,6893,-2.0450367075811,0.826457921605437
4,894,6894,-2.0674969797354,1.08177381142999
4,895,6895,-1.98453312971025,1.58974263306327
4,896,6896,-1.49058380923756,1.40767418512675
4,897,6897,-1.05529198087974,1.46605832607358
4,898,6898,-1.82424485517374,1.479967027712
4,899,6899,-2.570378180868,1.43082508225123
4,900,6900,-1.99075441863947,1.10293609665573
4,901,6901,-2.21535607661751,1.14273234065182
4,902,6902,-1.96695355052106,1.08095956718454
4,903,6903,-2.03857185902101,1.85056046562662
4,904,6904,-2.35731633105511,1.73310836508411
4,905,6905,-2.08466945371567,2.37528147360279
4,906,6906,-3.1880582182807,2.69872406532178
4,907,6907,-1.86906377726648,1.84036223677897
4,908,6908,-1.85415231483717,2.0109085586589
4,909,6909,-1.70031971510155,2.04464636542316
4,910,6910,-1.68080258308957,1.98445805278306
4,911,6911,-2.73900260553705,2.34379907329237
4,912,6912,-2.67955740990493,2.11702986361791
4,913,6913,-3.45957420567584,2.20769373243585
4,914,6914,-1.99647617968139,3.8271790313529
4,915,6915,-1.7209614085147,2.35947211483376
4,916,6916,-1.23288441554024,2.93519596552082
4,917,6917,-2.30261376324103,1.61688734508711
4,918,6918,-2.11739421830373,1.53704240922386
4,919,6919,-1.8540845214499,1.70942899182214
4,920,6920,-2.30037126908637,1.84586685260733
4,921,6921,-2.43562045154848,1.54890186548241
4,922,6922,-2.30046236822031,1.96462368322519
4,923,6923,-1.61970025385002,1.3398781895357
4,924,6924,-3.60942424932587,1.63131694574373
4,925,6925,-1.70488607703957,1.50293460457503
4,926,6926,-2.45596597471588,1.58448779759328
4,927,6927,-1.63469792586978,1.14304269978114
4,928,6928,-1.54887348134461,1.19986120346005
4,929,6929,-2.36473325839317,1.31586048745021
4,930,6930,-2.25504080643985,1.03432701981162
4,931,6931,-2.45950647424719,1.12228854100643
4,932,6932,-3.70842717882813,1.96555897078488
4,933,6933,-3.51803028758214,2.3383444269422
4,934,6934,-3.46674886205132,1.72460093317114
4,935,6935,-3.28432073425605,1.87631187938708
4,936,6936,-2.17617054507215,1.80621271035661
4,937,6937,-2.83662193422575,1.73983316674844
4,938,6938,-2.319542214233,1.77967885842765
4,939,6939,-2.48054274114335,1.63382411543692
4,940,6940,-2.57291038137718,1.73945468671872
4,941,6941,-2.59641044319908,1.7113753183285
4,942,6942,-2.64663072999232,1.69261177661257
4,943,6943,-2.49326156684645,1.83301493671568
4,944,6944,-2.72646311889318,1.74513011547349
4,945,6945,-2.39411703802021,1.24222627040059
4,946,6946,-1.91234912542407,0.815514958333804
4,947,6947,-2.8403585792565,1.23264473186892
4,948,6948,-2.53485901422502,0.902256871338528
4,949,6949,-1.8719799114374,2.6670849554748
4,950,6950,-1.48956652418719,1.46418803369778
4,951,6951,-1.74020043547311,1.9359795992434
4,952,6952,-1.54073941665572,1.58887621625653
4,953,6953,-1.17801628222919,1.54716665531905
4,954,6954,-1.2547443398329,1.68945683975416
4,955,6955,-2.93206091363384,1.44864965972503
4,956,6956,-3.8739653051041,1.57909445114682
4,957,6957,-1.81457752147367,2.22676055735175
4,958,6958,-1.79593090829777,2.16007585024421
4,959,6959,-1.52733908604909,1.47217670546276
4,960,6960,-2.62596512427503,2.31575965092954
4,961,6961,-1.91104675459072,1.76857557535144
4,962,6962,-1.46193423373365,1.78909301635631
4,963,6963,-1.67216783071189,2.03514224740697
4,964,6964,-2.47255221237935,1.16589755057911
4,965,6965,-2.35311718564262,2.79915539437384
4,966,6966,-3.15839617082122,3.3642503643865
4,967,6967,-3.07990661652961,3.43209118053871
4,968,6968,-3.64012331209637,3.09546857262196
4,969,6969,-3.96318271551852,3.18030503712536
4,970,6970,-3.61048311650589,2.3044996865157
4,971,6971,-3.79693611614349,2.06211375870721
4,972,6972,-3.2033359620925,2.25660690692499
4,973,6973,-1.09680843502556,1.568315746689
4,974,6974,-1.55048400093916,1.68742062497218
4,975,6975,-1.02657101779881,2.59314928335963
4,976,6976,-1.03706135758053,2.69594338358006
4,977,6977,-1.71323059646312,2.11927493414031
4,978,6978,-2.18650978904653,3.17660661705361
4,979,6979,-1.87068198307634,2.74775706713716
4,980,6980,-1.94734518874155,1.78508225039615
4,981,6981,-2.00960932377355,1.65230591036483
4,982,6982,-1.27711604698142,1.95486428296033
4,983,6983,-0.791959760868897,2.03063240626913
4,984,6984,-1.05033479881142,2.26027399028247
4,985,6985,-1.02306646239135,3.38472725892123
4,986,6986,-1.63989549902704,1.35645773401738
4,987,6987,-2.97200180077726,2.00592920944238
4,988,6988,-1.4666898673871,1.38270226110285
4,989,6989,-3.2242743624078,1.68639931086654
4,990,6990,-2.48475500055481,1.32387654282855
4,991,6991,-2.50023499842197,1.36861109289912
4,992,6992,-3.35720181735558,1.73482012732314
4,993,6993,-2.77881216231331,2.38777717969395
4,994,6994,-2.44341874984029,1.86611979410541
4,995,6995,-2.94378944433478,2.28383997189177
4,996,6996,-2.89855843412224,1.96900032765952
4,997,6997,-3.01295117608145,2.02415101268178
4,998,6998,-3.41634440371102,2.46206370968392
4,999,6999,-2.10053091200012,1.51646434862433
4,1000,7000,-1.4846971427668,0.948619435797483
4,1001,7001,-1.35591797367283,0.926678908775599
4,1002,7002,-2.94839154837228,1.4118938243585
4,1003,7003,-2.49239758090083,1.32012822699165
4,1004,7004,-2.38937718360759,0.768073792639736
4,1005,7005,-2.01649171114584,1.56572031832201
4,1006,7006,-1.49836781631149,0.96171965734461
4,1007,7007,-1.90185304230039,1.75001731259314
4,1008,7008,-1.2395508435606,1.97507205073612
4,1009,7009,-0.720649567058823,2.49388716786413
4,1010,7010,-3.32199313210594,1.70226401275782
4,1011,7011,-1.57086478902021,1.61065247657364
4,1012,7012,-2.17432332771128,1.34438270707607
4,1013,7013,-2.32776345248018,1.35675130468596
4,1014,7014,-1.94788952151264,0.996928124162933
4,1015,7015,-1.87643265825632,1.26181690544266
4,1016,7016,-2.79486797471031,1.54804807138148
4,1017,7017,-1.62947652119246,1.36146363704424
4,1018,7018,-2.43953742651284,1.79585780093055
4,1019,7019,-2.36144430065013,1.90301349464053
4,1020,7020,-2.48097259631363,1.4727108184607
4,1021,7021,-2.19755757815585,1.26678162170475
4,1022,7022,-3.0229592008087,2.24723425746489
4,1023,7023,-2.92561277453076,2.43862826808302
4,1024,7024,-2.70280180234294,2.46060692276663
4,1025,7025,-1.91372387468631,1.26714565379087
4,1026,7026,-2.11694380369615,1.77148507562126
4,1027,7027,-2.1648252690223,1.87469851994939
4,1028,7028,-3.1966623288815,2.00329301886311
4,1029,7029,-3.17153361405155,1.77144173903518
4,1030,7030,-2.86663920550661,1.68167406501097
4,1031,7031,-3.26246346656441,2.24699171675022
4,1032,7032,-3.18934187425955,2.13736551330549
4,1033,7033,-3.53112484556826,2.00822770352337
4,1034,7034,-3.19744167510388,1.63808428630787
4,1035,7035,-2.41398560463027,1.53057609323818
4,1036,7036,-2.50019180450914,1.84231652562913
4,1037,7037,-1.83271928138433,1.68650652365275
4,1038,7038,-2.60410560416751,1.76663709505919
4,1039,7039,-2.51146963170509,1.68490653448569
4,1040,7040,-2.93372405060718,1.81918882910662
4,1041,7041,-2.70806156117614,1.54987208723641
4,1042,7042,-2.27694546622274,1.55952783748273
4,1043,7043,-1.77394332685068,1.6277738107788
4,1044,7044,-2.41061349210085,1.54373865594805
4,1045,7045,-1.70415827779732,1.09832245241393
4,1046,7046,-1.38470208467127,1.60367972406098
4,1047,7047,-2.60923480443166,1.59676139439187
4,1048,7048,-2.60067285991083,1.73260813255829
4,1049,7049,-2.38172260398823,2.48564215048803
4,1050,7050,-2.57447974121679,2.07629132553428
4,1051,7051,-2.43694476526944,1.20678758172555
4,1052,7052,-2.45893317638999,1.8906123779276
4,1053,7053,-2.63679916936487,1.35415553964637
4,1054,7054,-2.82132150839092,1.50792888614927
4,1055,7055,-2.70823958514673,2.88092597222027
4,1056,7056,-2.73359781290391,2.32300192812917
4,1057,7057,-2.37177963495168,1.96454669265407
4,1058,7058,-1.43292527870446,2.98134032805066
4,1059,7059,-1.20135242069073,2.04269229288583
4,1060,7060,-1.83765689396376,3.77388234244299
4,1061,7061,-2.28640694838744,3.67683919400565
4,1062,7062,-1.43356139092671,3.6096745589043
4,1063,7063,-1.08177963369219,3.54095077044272
4,1064,7064,-2.57927820634454,1.91507288292249
4,1065,7065,-2.60632429254018,1.97901072716607
4,1066,7066,-2.16673802934374,1.81022334279294
4,1067,7067,-2.80453291065451,2.15609357719937
4,1068,7068,-2.30339949520463,2.04364894717415
4,1069,7069,-2.1130630890195,2.47189417889715
4,1070,7070,-2.41072873813767,1.86441462611675
4,1071,7071,-1.28492819830056,1.94780754009437
4,1072,7072,-3.18920956748732,2.30912100961382
4,1073,7073,-3.09657716166291,2.23808059262546
4,1074,7074,-3.14228921579577,2.33350603110806
4,1075,7075,-2.45252111486347,1.25108948865431
4,1076,7076,-2.49834882988437,1.51926839203899
4,1077,7077,-2.6427669562673,0.914947693924042
4,1078,7078,-2.13864566845542,0.941887942057351
4,1079,7079,-2.35444096065157,1.59868497808726
4,1080,7080,-2.87771954046927,1.92173690808607
4,1081,7081,-1.95488054688922,2.3012885859904
4,1082,7082,-1.97522618182645,2.01302308735875
4,1083,7083,-1.41743209597445,1.63817231451393
4,1084,7084,-1.89617732447541,2.18434455299518
4,1085,7085,-0.894287874664612,1.80791675367087
4,1086,7086,-1.38343602465203,2.06773267423557
4,1087,7087,-2.20137051452252,2.65732794709849
4,1088,7088,-2.64861768173468,2.44386682705931
4,1089,7089,-3.10644611533274,1.98617954577338
4,1090,7090,-2.04036138782954,2.4296680651102
4,1091,7091,-2.01699352412939,2.80042085518393
4,1092,7092,-1.81782791176255,2.2400758149793
4,1093,7093,-1.98803784962451,1.7355662903517
4,1094,7094,-2.16008684274908,1.7303343438928
4,1095,7095,-1.72653729399461,1.4467513732731
4,1096,7096,-2.04116743279396,1.16388880681173
4,1097,7097,-2.53598381137055,1.8914384442805
4,1098,7098,-1.89918757705189,3.18383199565358
4,1099,7099,-1.74383147910011,2.34732632346194
4,1100,7100,-1.68906483060551,2.20261188954247
4,1101,7101,-1.79026030908983,1.51036539526267
4,1102,7102,-1.72419686342536,1.90835332232714
4,1103,7103,-2.62149235151264,2.60245029961443
4,1104,7104,-2.16254865134515,2.66494773521004
4,1105,7105,-2.04216844403994,3.74759126476264
4,1106,7106,-1.94901087541822,3.24866111053607
4,1107,7107,-1.87281480444156,3.83711843140797
4,1108,7108,-1.71814409102508,2.13023198323029
4,1109,7109,-1.04867789314019,1.76842261848251
4,1110,7110,-3.38016087560909,2.70590188469478
4,1111,7111,-2.77664966975268,1.82797022882246
4,1112,7112,-2.87722846696231,1.90319622126286
4,1113,7113,-3.09812653986417,1.89182389446113
4,1114,7114,-3.00641033370234,2.26834449887801
4,1115,7115,-2.79939489258714,2.00389398845698
4,1116,7116,-2.58871116580131,1.77513884463937
4,1117,7117,-3.16506704999471,2.07516756816615
4,1118,7118,-2.10545576646722,1.39796328133546
4,1119,7119,-2.66686760390687,1.67453809024767
4,1120,7120,-1.94640286231343,1.49374164722536
4,1121,7121,-3.16094441052631,1.78950929906797
4,1122,7122,-2.05840499437068,1.63331357383591
4,1123,7123,-2.38657954977671,1.4454873227852
4,1124,7124,-2.55237925047016,1.78827720904084
4,1125,7125,-2.83017439782232,3.21930798986894
4,1126,7126,-2.10748114769957,1.8227730187167
4,1127,7127,-2.79719377935239,1.4932547922182
4,1128,7128,-2.71105214797644,1.46472382257202
4,1129,7129,-2.23461865394037,1.46687021936467
4,1130,7130,-1.08056131180804,2.28074718997681
4,1131,7131,-3.65665927138363,1.66559287259727
4,1132,7132,-1.93926720437124,1.47864918089197
4,1133,7133,-2.37222251083183,1.84808186223054
4,1134,7134,-2.33666898136601,1.50890199041824
4,1135,7135,-2.30051812142323,2.08244708954356
4,1136,7136,-2.27056930592797,1.70798334928193
4,1137,7137,-2.23371049819848,1.56601792663693
4,1138,7138,-1.99807564916906,1.36226250341898
4,1139,7139,-2.46007392682669,1.9111621619874
4,1140,7140,-2.00563679164874,1.83854630361282
4,1141,7141,-1.89530888009241,2.11504902442112
4,1142,7142,-1.93737292321803,2.40375315597023
4,1143,7143,-2.05263811096233,1.92506910931354
4,1144,7144,-1.4912225145602,1.72163830010468
4,1145,7145,-2.27938207944914,1.37845363654168
4,1146,7146,-3.24062708162461,1.458704279002
4,1147,7147,-2.19868712562867,1.8722437092255
4,1148,7148,-2.24488711553908,1.84553109159106
4,1149,7149,-1.97136048972113,2.30733545827026
4,1150,7150,-2.27258414895775,1.67433007390664
4,1151,7151,-2.9077000797421,2.64864749770879
4,1152,7152,-2.80644522477237,1.59292859856321
4,1153,7153,-2.91336991921363,1.76123467484273
4,1154,7154,-2.77997300665423,1.73060088943675
4,1155,7155,-2.97644308092254,1.72600764750782
4,1156,7156,-4.84342268415627,2.97850508405486
4,1157,7157,-4.07472915899014,2.65344850857871
4,1158,7158,-0.802221940403633,1.3174609988042
4,1159,7159,-1.35445332567697,2.22627779849741
4,1160,7160,-0.780813983920147,2.05699802244886
4,1161,7161,-0.633922267982837,1.84569762700664
4,1162,7162,-1.26686442928758,3.636989788908
4,1163,7163,-1.06962188163747,1.82568240109477
4,1164,7164,-1.07876276520566,1.79387422583675
4,1165,7165,-0.960792619954783,2.15112746275611
4,1166,7166,-1.30497871121429,2.37497910182504
4,1167,7167,-1.41961683573531,2.2969819973758
4,1168,7168,-1.93767093618091,2.67809589565427
4,1169,7169,-2.20202956737498,2.54794208216554
4,1170,7170,-2.39408609015474,2.78302315960544
4,1171,7171,-2.11503330837466,2.6841150694223
4,1172,7172,-2.06512652789418,1.72006238083801
4,1173,7173,-2.35195944621157,1.79020512436922
4,1174,7174,-1.78715621918706,1.44211907383888
4,1175,7175,-2.13479733646063,1.29119110574544
4,1176,7176,-2.3757091269762,1.07078959617961
4,1177,7177,-1.51263438765861,1.62231837622188
4,1178,7178,-2.13486255269604,2.1100040407397
4,1179,7179,-2.5621060200367,1.60994755412941
4,1180,7180,-2.65480914598314,2.61010007545579
4,1181,7181,-2.79101068554584,2.03632672492179
4,1182,7182,-1.64157987490837,2.69756075112091
4,1183,7183,-1.30705254967585,1.95786263805981
4,1184,7184,-1.64177745640273,2.42019417885818
4,1185,7185,-1.69279750766838,2.01546962455789
4,1186,7186,-1.88248127750187,1.45382918381207
4,1187,7187,-1.99599839606398,1.44274459899444
4,1188,7188,-1.25634948133508,1.46292928823492
4,1189,7189,-3.28730264949107,2.06443215414016
4,1190,7190,-1.64696459688741,2.10583219853836
4,1191,7191,-2.3265496133348,1.12317784890585
4,1192,7192,-2.24626867040622,1.4282126759151
4,1193,7193,-1.97324149586883,1.21875573083214
4,1194,7194,-2.43903040886631,1.688544091615
4,1195,7195,-2.58122579938404,1.82672851066173
4,1196,7196,-2.95343106594441,1.58666799113441
4,1197,7197,-2.61594156395715,2.33567301055232
4,1198,7198,-2.96677624159459,1.59244717272569
4,1199,7199,-3.18132495427428,2.78321988392443
4,1200,7200,-3.19194509059521,2.9136706785302
4,1201,7201,-3.07642132377384,2.66972595100749
4,1202,7202,-3.21212144748788,2.84839073648804
4,1203,7203,-1.8716092512796,1.76224596351017
4,1204,7204,-1.56884007754831,1.33956963176586
4,1205,7205,-0.852691593335505,2.02721220929109
4,1206,7206,-1.20028590949995,1.90790593219381
4,1207,7207,-0.8046202940574,1.76034605722994
4,1208,7208,-0.922978952446433,2.26501586400673
4,1209,7209,-0.902138631988432,2.18180173300416
4,1210,7210,-0.824392499493365,2.33745196547977
4,1211,7211,-2.05650487749582,1.72262457376752
4,1212,7212,-2.33515264424258,2.05626017284408
4,1213,7213,-2.36292203660328,1.99467957543848
4,1214,7214,-2.02699563869943,1.45001084348849
4,1215,7215,-1.41496963829997,2.09359319557586
4,1216,7216,-2.46995649487711,1.7640737899031
4,1217,7217,-2.52627649734532,1.77935075676869
4,1218,7218,-1.73579339272197,1.77655112871258
4,1219,7219,-1.96823378663157,1.15716957484937
4,1220,7220,-1.9070078596612,1.82239427209482
4,1221,7221,-2.30340387551702,1.85363445369417
4,1222,7222,-2.22727816345579,1.7667834054434
4,1223,7223,-1.66892704166728,1.78153214344085
4,1224,7224,-2.42627001884407,1.36249223965416
4,1225,7225,-2.58409915663893,1.67854137729312
4,1226,7226,-1.956685247517,1.49450925688089
4,1227,7227,-1.85528183486104,1.19156104422126
4,1228,7228,-1.89780049373345,1.52430832094478
4,1229,7229,-2.34467949878243,1.87839009857853
4,1230,7230,-1.58193804345206,1.2256120386864
4,1231,7231,-1.85678317939289,2.1390662178203
4,1232,7232,-1.81358129834314,2.02606367058527
4,1233,7233,-1.69881343291413,2.26557602436727
4,1234,7234,-3.39079201015269,2.10310826745237
4,1235,7235,-3.43443805730627,2.30883424420563
4,1236,7236,-2.50440690511914,2.8425281812193
4,1237,7237,-2.00831392022475,1.66168623221896
4,1238,7238,-2.49143532928874,1.94646090932225
4,1239,7239,-2.39291527964396,1.84386192606341
4,1240,7240,-1.94218140889295,0.907947574374207
4,1241,7241,-2.30439717957791,1.56775717019721
4,1242,7242,-2.72376293778895,1.4270945694732
4,1243,7243,-2.21569607687129,1.69803683698423
4,1244,7244,-1.49018218618777,2.3962286887287
4,1245,7245,-1.26357777622744,1.91768816152062
4,1246,7246,-2.15607348020763,1.54440731485152
4,1247,7247,-2.47112329768577,1.52780472340163
4,1248,7248,-1.12617712489703,1.78277962680375
4,1249,7249,-4.04499952446069,2.58512067790556
4,1250,7250,-1.73379235956996,2.44852574036359
4,1251,7251,-2.04485629301536,1.81114136207021
4,1252,7252,-1.65969707126669,2.41763677349239
4,1253,7253,-2.46140768571563,2.82462811273895
4,1254,7254,-2.06876748260487,1.93060518004985
4,1255,7255,-2.91596861397772,2.80173505495832
4,1256,7256,-2.94268301499847,2.31477404019008
4,1257,7257,-2.69700659562673,2.41539886445168
4,1258,7258,-3.36262925011846,2.87320950803869
4,1259,7259,-1.26055968575417,1.80398788452414
4,1260,7260,-1.22869001621396,1.55480015245275
4,1261,7261,-1.31510537423977,1.68056048812981
4,1262,7262,-2.14225955515649,2.05341186772182
4,1263,7263,-1.98940466444661,1.75673093666086
4,1264,7264,-2.22080453372515,1.81362210170159
4,1265,7265,-2.22097380555734,1.33251597054942
4,1266,7266,-3.08531433575203,1.44536153815476
4,1267,7267,-2.66317222338052,2.01334942964469
4,1268,7268,-2.32879816940027,1.30379193914694
4,1269,7269,-2.78948593083012,1.41082275938475
4,1270,7270,-1.49397357950963,1.23601090283081
4,1271,7271,-1.7060371838333,1.22484349841621
4,1272,7272,-1.66418455720447,1.18505065203734
4,1273,7273,-1.97033158950163,1.30934938739521
4,1274,7274,-1.9200017813687,1.60887216500228
4,1275,7275,-2.42014091659147,1.57360810596587
4,1276,7276,-1.99534288877166,1.61644305355416
4,1277,7277,-2.1188781561039,1.26033029173676
4,1278,7278,-2.07537313956534,2.06462395121274
4,1279,7279,-2.17876518933381,1.98027865422031
4,1280,7280,-2.82782477863277,1.95892835638306
4,1281,7281,-2.74791783096789,2.09857173033763
4,1282,7282,-2.77280578941597,1.61811866368701
4,1283,7283,-2.79896283347812,3.04939786943007
4,1284,7284,-2.2399075318206,0.971393711363049
4,1285,7285,-2.25497761887079,1.40572762158751
4,1286,7286,-1.93272393693059,1.35619343426574
4,1287,7287,-3.14102223387738,2.2919141341228
4,1288,7288,-2.87207208149743,2.26003099395891
4,1289,7289,-2.34599367130407,2.11776405209898
4,1290,7290,-1.80519176374265,1.38059227158961
4,1291,7291,-2.32088496687753,1.99092102317451
4,1292,7292,-2.54996525819751,1.6829300708694
4,1293,7293,-1.76893950513524,1.76255760720874
4,1294,7294,-2.19376003039341,1.53173805260211
4,1295,7295,-1.4747651376103,1.3870731211905
4,1296,7296,-2.47716420117428,1.17930189749611
4,1297,7297,-1.85712977090963,2.40807976639921
4,1298,7298,-1.98013459824984,1.42713421437235
4,1299,7299,-1.87415170673609,1.4332402145399
4,1300,7300,-2.87024771044961,2.28473683477028
4,1301,7301,-2.02584819083395,2.02054003266467
4,1302,7302,-2.96919747510979,1.74298154350256
4,1303,7303,-3.65762314404241,1.81939196891727
4,1304,7304,-3.09169741909432,1.2898266386249
4,1305,7305,-3.14722144360194,1.55832938283717
4,1306,7306,-2.9819823066362,1.80066332913939
4,1307,7307,-2.73152585626865,1.37214896357
4,1308,7308,-2.63694786743619,1.41261516095511
4,1309,7309,-2.64247702101225,1.8155072352077
4,1310,7310,-1.09612521302042,1.77016261611735
4,1311,7311,-2.05907561865125,1.81497280792053
4,1312,7312,-1.71550677214977,2.21600702249549
4,1313,7313,-1.98582073971298,1.24117589510577
4,1314,7314,-1.81109280000674,1.94871591339952
4,1315,7315,-1.33730905074854,2.64275341756817
4,1316,7316,-2.30109659818103,1.9280806395917
4,1317,7317,-1.91745437651054,2.01606456704512
4,1318,7318,-2.66460075321506,1.57369294386
4,1319,7319,-2.66254384136981,1.55651229226966
4,1320,7320,-2.68307092770877,1.30241180708024
4,1321,7321,-2.71941639857003,1.5719756885353
4,1322,7322,-2.09970155707056,2.22874007261332
4,1323,7323,-2.39559234921821,2.72298662305605
4,1324,7324,-1.58266700715674,2.29842881130808
4,1325,7325,-1.9867188777289,1.8889152716594
4,1326,7326,-2.8620663554082,1.59474838483736
4,1327,7327,-2.05610371262587,3.24821297413895
4,1328,7328,-2.24269591889879,3.11318997168561
4,1329,7329,-2.68271144097593,1.47201793601126
4,1330,7330,-2.34440623726334,2.44185024164434
4,1331,7331,-2.56941080895346,2.18459850595615
4,1332,7332,-2.26884236818125,2.64839298259821
4,1333,7333,-2.13481167725281,1.47264210603842
4,1334,7334,-1.88164762732532,1.81134417819832
4,1335,7335,-1.69729962368568,1.49428855966337
4,1336,7336,-2.19741346934742,1.8832374423533
4,1337,7337,-1.92916932597013,1.68541101926708
4,1338,7338,-2.3562647557215,2.34120236090773
4,1339,7339,-2.37691968671432,2.1512667252679
4,1340,7340,-2.61102783879655,1.47895740061167
4,1341,7341,-2.43068590736915,1.40837293118609
4,1342,7342,-1.41240286787592,1.45037130332529
4,1343,7343,-1.48646931328403,1.71249374016356
4,1344,7344,-2.41645033708722,1.98051309489637
4,1345,7345,-2.23255986538646,2.13089196570051
4,1346,7346,-2.19644356995559,1.85388759521456
4,1347,7347,-2.09313586042901,1.87599691585834
4,1348,7348,-2.26486440506466,2.0437948591907
4,1349,7349,-1.60840401613684,1.31314716253465
4,1350,7350,-1.9271794365797,1.26055567577899
4,1351,7351,-2.63574241973851,1.46367746563054
4,1352,7352,-2.8046139012618,1.59229319002151
4,1353,7353,-2.25040911838583,1.27398804361185
4,1354,7354,-2.12987474498834,1.13414894526403
4,1355,7355,-2.55497799237653,1.566522024095
4,1356,7356,-2.40760613105321,1.27695526030139
4,1357,7357,-2.35934540152303,1.81854551936286
4,1358,7358,-1.60368089461303,1.74907345246143
4,1359,7359,-2.16996526246402,2.2618213892243
4,1360,7360,-1.48243587248116,1.92856582473619
4,1361,7361,-1.73323243442548,1.77859598442293
4,1362,7362,-2.03537115827216,1.79795778376348
4,1363,7363,-2.06265350329526,1.72441260922528
4,1364,7364,-2.25207431827061,1.67695515001157
4,1365,7365,-0.824748990825667,1.90115321940598
4,1366,7366,-0.111366666718577,3.07734103195932
4,1367,7367,-1.26811778017093,1.40199294047936
4,1368,7368,-1.42009551712285,3.42814061629921
4,1369,7369,-2.39029478739074,2.5014761755437
4,1370,7370,-1.53024387034522,2.32939301258871
4,1371,7371,-1.68894784003389,2.12801277191783
4,1372,7372,-1.62972199550112,2.67609334848502
4,1373,7373,-1.75657512135603,2.44517855472056
4,1374,7374,-1.53302297238343,2.44900268799659
4,1375,7375,-2.73557143410748,2.78954633562944
4,1376,7376,-2.59458782952946,2.80795444476693
4,1377,7377,-1.96164737130482,2.68785135116919
4,1378,7378,-1.93743849429706,2.36599500514245
4,1379,7379,-1.17294827587425,1.88060449000855
4,1380,7380,-2.24236612106901,2.59049152534467
4,1381,7381,-1.80353902389584,2.00562183721703
4,1382,7382,-2.00343804216133,2.0201430835853
4,1383,7383,-1.54751107914952,2.42984915007594
4,1384,7384,-1.74087815775171,2.95064512767603
4,1385,7385,-2.02296636583461,2.02454874893956
4,1386,7386,-1.80925681001092,1.96514093769738
4,1387,7387,-1.34600886276803,2.1008724380407
4,1388,7388,-1.73937738188834,1.84261218105751
4,1389,7389,-2.09743843008252,2.07881514412859
4,1390,7390,-1.74931794654975,1.67125933858799
4,1391,7391,-1.88406789756015,2.14014689894889
4,1392,7392,-2.21713985607208,2.51312335714884
4,1393,7393,-1.9157186284025,2.34603218517814
4,1394,7394,-1.81090632451225,2.46797238131118
4,1395,7395,-2.26463595367578,2.18001353798712
4,1396,7396,-2.77859396778729,2.298400787785
4,1397,7397,-2.68517284828706,2.35293476344538
4,1398,7398,-1.52528801609643,1.78451285540293
4,1399,7399,-1.63287010725712,2.45740233697592
4,1400,7400,-1.86881336203991,1.80406018347204
4,1401,7401,-1.34131754801808,1.75457481231618
4,1402,7402,-3.19503124567641,2.88511156046049
4,1403,7403,-2.81337761615711,3.02538906393238
4,1404,7404,-2.21959040541848,3.31033968313042
4,1405,7405,-1.44353924560174,2.67898392818031
4,1406,7406,-1.40712372137499,1.9562985143784
4,1407,7407,-2.5818868938819,1.92898966987477
4,1408,7408,-2.10482020917269,1.54855841438048
4,1409,7409,-2.22560110280898,1.2871693996575
4,1410,7410,-2.70176920786068,1.24905327974578
4,1411,7411,-2.23210931432364,2.00358427837566
4,1412,7412,-2.50985273387767,1.32433206371103
4,1413,7413,-2.7226510569035,2.16119890910134
4,1414,7414,-2.21417997593225,1.82250513387097
4,1415,7415,-2.0226756394884,2.30928110182668
4,1416,7416,-2.46639434736332,1.51807292626709
4,1417,7417,-2.24137623029861,2.09873520745111
4,1418,7418,-2.22877471065063,2.10483813765743
4,1419,7419,-3.01970369371816,2.04726804134342
4,1420,7420,-1.764569850352,1.49058600778953
4,1421,7421,-2.08075446392583,1.74987321134772
4,1422,7422,-2.22360848422935,1.73321099662601
4,1423,7423,-2.37081357420368,1.49269274042372
4,1424,7424,-2.46517883381519,1.78595279546523
4,1425,7425,-2.17903991193949,1.1242077014412
4,1426,7426,-2.10166113674187,1.69337651804175
4,1427,7427,-2.50096384382403,1.73332504763552
4,1428,7428,-2.47889997411716,1.9822964440443
4,1429,7429,-2.24876200928296,1.84446049860607
4,1430,7430,-2.57978479125344,2.20424386160818
4,1431,7431,-2.37851341912611,1.96366699638342
4,1432,7432,-2.39104871443588,1.91911410393111
4,1433,7433,-2.26555400047666,1.30113568070607
4,1434,7434,-2.51085150328154,1.24470201214616
4,1435,7435,-2.25305468672647,1.22125254978095
4,1436,7436,-3.2819347501032,2.24933651700089
4,1437,7437,-1.70420652527342,2.37103539339033
4,1438,7438,-1.18034182121291,2.24750099901691
4,1439,7439,-1.61607064951209,2.3303128900178
4,1440,7440,-1.31944295626366,2.21088165848329
4,1441,7441,-1.61461101466653,1.26154500124348
4,1442,7442,-1.47926898874856,1.59305024109634
4,1443,7443,-1.21072621970793,1.85505581098257
4,1444,7444,-1.19530135640987,1.55562985499728
4,1445,7445,-1.23911171619703,1.9523102581443
4,1446,7446,-1.34608655290635,1.32626008286895
4,1447,7447,-1.50562728102688,1.72301915044385
4,1448,7448,-2.18410848276673,1.60270988633286
4,1449,7449,-3.18745601654186,2.34515446570806
4,1450,7450,-2.46096913293294,2.38450957797541
4,1451,7451,-2.14586551845515,2.13130248715498
4,1452,7452,-2.13485648123445,2.91206759012054
4,1453,7453,-1.98598924025346,1.604414150599
4,1454,7454,-2.70987877896971,1.76796529178221
4,1455,7455,-2.65150390755174,1.41947815152649
4,1456,7456,-2.09210001348834,1.0525508715935
4,1457,7457,-3.17334655768491,1.87417823234507
4,1458,7458,-3.27453551103637,1.74794754611782
4,1459,7459,-3.18770318949571,1.63905700131919
4,1460,7460,-2.18818527903058,1.93383834172664
4,1461,7461,-2.3926249100013,1.59432955044252
4,1462,7462,-2.79981710411436,1.28637774653367
4,1463,7463,-2.52611528485969,1.22740119133283
4,1464,7464,-2.09513498251862,1.30081994448662
4,1465,7465,-3.28546802569973,2.13822699794935
4,1466,7466,-3.33360678816996,2.08708415366336
4,1467,7467,-2.05910461433073,1.86615825373829
4,1468,7468,-2.95975585957688,2.21634907558751
4,1469,7469,-2.32448636876137,2.03409138521377
4,1470,7470,-2.0661370778262,1.74080712088513
4,1471,7471,-2.46057595466808,1.37821150526686
4,1472,7472,-3.2118142057362,1.8627553101161
4,1473,7473,-2.52558460946292,1.65244543835724
4,1474,7474,-3.38273794784289,1.84133947087799
4,1475,7475,-3.57479054816858,2.13711073847079
4,1476,7476,-2.88096512576529,1.6481949647553
4,1477,7477,-3.04196940946706,1.5185962667804
4,1478,7478,-3.06846893432675,1.47328103904371
4,1479,7479,-2.83759511030994,1.19836365941017
4,1480,7480,-2.76026778820608,1.21277893593863
4,1481,7481,-2.03205925930544,1.0581429494867
4,1482,7482,-3.07837167681645,1.79563713927223
4,1483,7483,-2.88980444128009,1.80422453180962
4,1484,7484,-2.7192204955989,1.50543495866227
4,1485,7485,-2.85747942506789,2.28767616099065
4,1486,7486,-3.54212809449333,2.12453594863403
4,1487,7487,-3.9332963470256,2.6397173770183
4,1488,7488,-4.00930458371584,2.40519103399129
4,1489,7489,-1.47617522057212,1.23723481468915
4,1490,7490,-4.38607003350259,2.98683406711427
4,1491,7491,-3.84243516994777,2.73047898576936
4,1492,7492,-1.61249772850647,2.51686935458957
4,1493,7493,-1.60113871872174,2.64747027000076
4,1494,7494,-1.22817435771445,1.23350731234313
4,1495,7495,-1.78951539399531,2.47762989871836
4,1496,7496,-2.69308633295768,1.57419215400545
4,1497,7497,-2.73440259403087,1.46550340585736
4,1498,7498,-1.72539695196553,1.45657200353272
4,1499,7499,-1.863579761062,1.18663973732801
4,1500,7500,-1.69189627886931,1.24611702119069
4,1501,7501,-2.88250047771551,1.77562854901621
4,1502,7502,-1.63260539077034,1.26173125581252
4,1503,7503,-3.19779349972356,2.04365634919382
4,1504,7504,-1.71385168291231,1.72014932509603
4,1505,7505,-2.42541182509733,2.12723836927613
4,1506,7506,-1.67773312809232,1.68500607529967
4,1507,7507,-2.11874600875388,2.64169339390505
4,1508,7508,-2.47394571786008,2.72313810769447
4,1509,7509,-1.99128447709964,1.16506873461841
4,1510,7510,-1.84094745399855,2.00316736648342
4,1511,7511,-2.58192787868108,0.953871468136352
4,1512,7512,-2.81820903211198,1.30343843964802
4,1513,7513,-2.42748115319113,1.98334918356994
4,1514,7514,-2.49379539595524,1.33589819971601
4,1515,7515,-2.35466931938828,1.00720104943694
4,1516,7516,-3.28604349779352,1.37873465258354
4,1517,7517,-2.4607149447238,1.0132907530253
4,1518,7518,-3.10412970566165,1.16490129101546
4,1519,7519,-2.94106971810774,2.18081100717052
4,1520,7520,-2.04507429260237,1.59051878905672
4,1521,7521,-2.06816125594498,1.44060147931363
4,1522,7522,-1.76758620721161,1.50921096782566
4,1523,7523,-2.38419249362634,1.45932605202057
4,1524,7524,-1.56511629460861,2.69288499059984
4,1525,7525,-2.55137884775639,2.58163418712153
4,1526,7526,-1.88702853840694,2.82231338011319
4,1527,7527,-1.79392498534509,2.85449050017728
4,1528,7528,-1.3405438668342,2.73450435232286
4,1529,7529,-0.230701803504145,2.18522941092314
4,1530,7530,-0.166428437047054,1.90690674101223
4,1531,7531,-2.1814522081745,2.15361846808539
4,1532,7532,-3.22136814964973,1.79129064301764
4,1533,7533,-1.64641830161174,2.02561969156456
4,1534,7534,-1.88695994928536,1.71745123331021
4,1535,7535,-1.53786260568879,1.70286566503097
4,1536,7536,-1.9744770104811,2.6497884213026
4,1537,7537,-1.38735594426475,2.12022632958009
4,1538,7538,-1.57320196138828,1.48660014544485
4,1539,7539,-1.77462508224239,1.11911711096135
4,1540,7540,-1.88847967054489,1.40002395170393
4,1541,7541,-1.81804363704751,1.48555762741703
4,1542,7542,-2.03434936547693,1.22063652358598
4,1543,7543,-3.3335112369822,2.30125470754712
4,1544,7544,-2.69038077671534,2.10053591234917
4,1545,7545,-2.68911781759659,2.24011921718394
4,1546,7546,-1.36364781410963,1.75333789007075
4,1547,7547,-2.32035214681195,1.7974779699726
4,1548,7548,-1.25231327006034,1.300868032565
4,1549,7549,-1.73959413014941,1.50355539329178
4,1550,7550,-1.75359939637829,2.02565073752452
4,1551,7551,-2.43764975138576,1.74523275736112
4,1552,7552,-2.27353524802978,1.57082865473534
4,1553,7553,-2.17383051755677,1.12017152813123
4,1554,7554,-2.22035619955435,1.12517782572446
4,1555,7555,-2.96312044368616,1.66570715122807
4,1556,7556,-3.03523470204573,1.68491822147198
4,1557,7557,-3.20745522225264,2.07058075597248
4,1558,7558,-2.47147024039338,1.9869594298887
4,1559,7559,-2.47802876983039,2.10593105903894
4,1560,7560,-2.84048837042509,2.15153519395551
4,1561,7561,-2.50042884446686,2.68979780725682
4,1562,7562,-2.6666165621895,2.130496424712
4,1563,7563,-2.80142299625811,2.06320373992474
4,1564,7564,-2.30834489615816,2.05465712360743
4,1565,7565,-2.21311601913671,2.11233090950805
4,1566,7566,-1.90610214297993,1.64568018852871
4,1567,7567,-3.28141274429997,2.37781064181199
4,1568,7568,-2.8930441342863,2.23308829723889
4,1569,7569,-2.98323004377554,1.65372086287523
4,1570,7570,-1.80944781037522,1.21839816262535
4,1571,7571,-1.17734155623135,0.906408155161571
4,1572,7572,-2.81434062424257,1.35550801411103
4,1573,7573,-2.45022667111313,1.17616126476236
4,1574,7574,-1.77525697821787,1.42526647958173
4,1575,7575,-1.35765558790591,1.21331304507118
4,1576,7576,-1.55314271683682,1.74811601663783
4,1577,7577,-1.09760732784995,1.53005480194055
4,1578,7578,-1.79758440280634,2.03950641543772
4,1579,7579,-1.9989818429563,2.80822031440834
4,1580,7580,-1.32940674304065,2.00769245838576
4,1581,7581,-2.1509555490771,3.26072880262142
4,1582,7582,-1.05742986232484,2.46497720176097
4,1583,7583,-1.29925167208028,2.70678437486129
4,1584,7584,-0.875763281906522,1.65461421889114
4,1585,7585,-0.139568808899247,2.62526465386055
4,1586,7586,-1.552102712112,2.50218907219597
4,1587,7587,-1.55686086373224,2.49933447641568
4,1588,7588,-1.52677573483242,2.29155651752908
4,1589,7589,-1.55846703321371,2.08298415102997
4,1590,7590,-1.66596152320469,2.30708955750377
4,1591,7591,-1.37304532791269,1.80930290103954
4,1592,7592,-1.8055770561393,2.49321481275526
4,1593,7593,-2.13152406041385,2.09627758275637
4,1594,7594,-2.36479274615079,2.31743261441014
4,1595,7595,-2.4410667856031,1.42293735255561
4,1596,7596,-2.75361840654928,1.94896950845784
4,1597,7597,-2.99018513940757,2.43890578729904
4,1598,7598,-3.25953594971301,2.05247156527738
4,1599,7599,-3.24230848408052,1.8419312206304
4,1600,7600,-2.30752393687018,1.14637774689743
4,1601,7601,-2.55409653499264,1.54332309137626
4,1602,7602,-2.84419251770137,2.24966987162344
4,1603,7603,-1.52026015110237,2.16280009640385
4,1604,7604,-1.46224270000109,1.47592997968883
4,1605,7605,-1.60613544409794,2.03712943971302
4,1606,7606,-1.54947627439655,1.93949402661774
4,1607,7607,-1.15317749956197,1.76052908642337
4,1608,7608,-2.8396564014834,2.03791703813665
4,1609,7609,-2.1895254950395,1.1818835576102
4,1610,7610,-1.80116624196078,2.02284189872152
4,1611,7611,-2.27396272721998,1.66053221109703
4,1612,7612,-1.79757713472398,1.20944828248155
4,1613,7613,-1.7956188215598,1.02051896064753
4,1614,7614,-2.20005144170722,1.39650538737616
4,1615,7615,-2.66332157115886,1.24041471491785
4,1616,7616,-2.35149047393506,1.9095794054607
4,1617,7617,-2.62322789685482,1.99346558300944
4,1618,7618,-2.63123250655388,2.00985682725825
4,1619,7619,-1.48821874658314,1.78898469009551
4,1620,7620,-2.12217260471384,1.88719621899197
4,1621,7621,-2.66073098219827,1.82773013604466
4,1622,7622,-2.19511689745314,1.53650185816378
4,1623,7623,-2.10021177563445,1.39122046125814
4,1624,7624,-2.59704640672798,2.20956733910124
4,1625,7625,-2.68445736721555,2.64133007871395
4,1626,7626,-2.77859222525409,1.95860366038812
4,1627,7627,-2.0454073059745,1.95267676960656
4,1628,7628,-2.41402795792517,2.27657682415843
4,1629,7629,-2.51770405340378,2.24089296686989
4,1630,7630,-2.88509461167922,2.48074316226281
4,1631,7631,-3.32906454501986,1.44641396394286
4,1632,7632,-1.84532600448438,1.32542375849698
4,1633,7633,-2.15945017439185,1.27731457947768
4,1634,7634,-1.71750553392267,1.89480675957735
4,1635,7635,-1.30002212261607,1.45827529539314
4,1636,7636,-1.64741895836097,1.60894465467885
4,1637,7637,-2.11913124129599,1.58062796147543
4,1638,7638,-2.79148480351974,2.03230887020036
4,1639,7639,-1.06521728986374,2.14492688884117
4,1640,7640,-1.17800011429706,2.1813946584509
4,1641,7641,-1.99861146496647,2.35778988954767
4,1642,7642,-1.14742466163951,3.59311093722407
4,1643,7643,-2.45464486541775,1.60229848337679
4,1644,7644,-2.2914031378572,1.58689817656317
4,1645,7645,-2.058147084318,2.81478566874032
4,1646,7646,-1.97177964541837,1.43875115451999
4,1647,7647,-2.23649320581658,2.09820180996175
4,1648,7648,-2.59513035064341,3.24513070611385
4,1649,7649,-2.10962643623906,1.95760400420003
4,1650,7650,-2.73077310814979,2.0129841247428
4,1651,7651,-1.14941032368116,1.61053785482311
4,1652,7652,-1.71831605159734,1.64580448661111
4,1653,7653,-2.45283888494841,2.73047082001996
4,1654,7654,-1.2993228566207,1.63207457744558
4,1655,7655,-2.2809496431166,1.70223692818737
4,1656,7656,-2.16431889770098,1.59276669957735
4,1657,7657,-2.55090726947977,1.9417058664964
4,1658,7658,-2.09510837526486,0.994214576039603
4,1659,7659,-2.01988259510389,0.86282304017455
4,1660,7660,-2.12653172044921,0.893442109816541
4,1661,7661,-2.83101463136995,1.84820752826591
4,1662,7662,-2.35454833653513,1.58350026374793
4,1663,7663,-2.76777627658836,1.62706105368085
4,1664,7664,-2.06559863097352,1.53472004686823
4,1665,7665,-2.27265752168594,1.549053357611
4,1666,7666,-2.73338541458733,2.05272801311167
4,1667,7667,-3.03189123413744,1.74254416930507
4,1668,7668,-3.32371513897243,1.87750264919956
4,1669,7669,-3.07506188648599,1.55017537325082
4,1670,7670,-3.28250253870003,1.34518796463421
4,1671,7671,-2.14394394530246,1.38635271385364
4,1672,7672,-2.05945235844374,1.15707918441134
4,1673,7673,-2.25861902554683,1.1744725254102
4,1674,7674,-1.63964118009334,0.978675674131503
4,1675,7675,-2.26802133383406,3.1716804521183
4,1676,7676,-2.25231253848117,1.61893633764782
4,1677,7677,-2.85970818816897,1.72193115452342
4,1678,7678,-2.25788131302123,1.48203973858745
4,1679,7679,-4.25279148972931,1.61875027686209
4,1680,7680,-2.7493870038535,1.59335233606033
4,1681,7681,-0.6070642198224,2.54929739390613
4,1682,7682,-0.584887638546604,2.40475632998492
4,1683,7683,-1.74133060774748,2.67424400271043
4,1684,7684,-1.51144081198337,2.70522311344677
4,1685,7685,-3.20360891030022,1.53768735278813
4,1686,7686,-2.63608213176846,1.53411050843817
4,1687,7687,-2.89784359309827,1.18093735198858
4,1688,7688,-2.46375400244212,3.21493305463464
4,1689,7689,-2.06753494976807,1.74315270209254
4,1690,7690,-1.74928750039162,1.37849525698946
4,1691,7691,-2.69299244401196,1.62030819969203
4,1692,7692,-1.66814281237415,1.1679375218333
4,1693,7693,-1.90267651227948,2.01095091692028
4,1694,7694,-1.74677194445944,1.12265265161722
4,1695,7695,-1.75752344572388,1.08403691407294
4,1696,7696,-2.39766655978053,1.28383914237
4,1697,7697,-2.44520926028505,1.73251400055357
4,1698,7698,-3.05233581935637,1.83212615700033
4,1699,7699,-2.37114414168105,1.89512916625088
4,1700,7700,-2.14315564666554,1.80328430306551
4,1701,7701,-1.6488542370332,1.92090933407992
4,1702,7702,-1.44074862003077,2.17496287803451
4,1703,7703,-2.0140581867709,2.04650384313398
4,1704,7704,-2.01527354744937,1.88200948095871
4,1705,7705,-1.84527611893658,1.32447359994799
4,1706,7706,-2.20936963657136,1.98102071358524
4,1707,7707,-2.54571688770217,1.85813956392264
4,1708,7708,-2.6811831841881,1.61375219251136
4,1709,7709,-2.21342355546939,2.16185908074179
4,1710,7710,-1.59824498302441,1.09505817218725
4,1711,7711,-1.90399219804708,1.12799718717364
4,1712,7712,-2.8295807699559,1.30421489940523
4,1713,7713,-2.07524552353621,2.57137293558622
4,1714,7714,-1.98543240593955,2.3225239988745
4,1715,7715,-1.94689219187179,2.25059008544326
4,1716,7716,-2.24481091838,1.86800833979099
4,1717,7717,-1.79852967266939,3.0913765865827
4,1718,7718,-2.35888880132994,2.13995096632193
4,1719,7719,-1.79034018377036,1.63916542992944
4,1720,7720,-2.16753267683506,1.45195706797956
4,1721,7721,-2.82439034317988,1.11017762281382
4,1722,7722,-2.39898412970618,1.41268591126375
4,1723,7723,-3.11962314263133,2.34917103220452
4,1724,7724,-3.36706357149967,2.55048769636731
4,1725,7725,-2.64040367411421,2.43904162462126
4,1726,7726,-2.47819337505263,1.5063903075112
4,1727,7727,-2.00537883882562,1.00291790909331
4,1728,7728,-2.66847248056875,1.79512724272495
4,1729,7729,-3.23931294122975,2.4705844347704
4,1730,7730,-3.14229914212336,2.61840807395141
4,1731,7731,-3.11535137504926,2.1211129754836
4,1732,7732,-2.95111433295425,1.95143728662076
4,1733,7733,-2.93800329928909,1.92192196317464
4,1734,7734,-2.52125256470362,1.70760628871652
4,1735,7735,-3.43787925823719,1.97732065759222
4,1736,7736,-2.07353279855247,1.15610573484071
4,1737,7737,-2.01268852000838,1.0980312120376
4,1738,7738,-2.98216582045217,2.0415592264501
4,1739,7739,-1.96061053411907,1.47716190193557
4,1740,7740,-2.03231331680227,1.93674339814805
4,1741,7741,-2.67521800399575,2.28252618698186
4,1742,7742,-2.51571992893844,2.43764100145511
4,1743,7743,-1.99142337790114,1.38765706261684
4,1744,7744,-2.2961929289049,1.54329064276838
4,1745,7745,-2.35124813530263,1.37191519143339
4,1746,7746,-2.44339298936742,0.982126850332618
4,1747,7747,-2.67826505165288,1.62292812143219
4,1748,7748,-1.54223382649361,1.8111486208341
4,1749,7749,-2.23513746299103,2.32526402904361
4,1750,7750,-2.70981978554138,1.44486661216883
4,1751,7751,-2.53922891174204,1.22233398838659
4,1752,7752,-2.42301124081396,1.69008332621885
4,1753,7753,-2.0832379165898,1.31579794900043
4,1754,7754,-2.03061436896219,1.36245028748069
4,1755,7755,-2.60324108846486,1.54475981380724
4,1756,7756,-1.9907475214136,1.88325528970505
4,1757,7757,-1.9616697788479,1.85956875861809
4,1758,7758,-1.3704823079051,2.10993406295869
4,1759,7759,-1.49464280847946,2.33179788424744
4,1760,7760,-1.54249335697816,1.6052469289413
4,1761,7761,-1.58358503412605,1.65922909797177
4,1762,7762,-2.27303856435082,1.68064257919516
4,1763,7763,-2.32223514978454,1.32898219442003
4,1764,7764,-1.29006101058911,2.39108120703903
4,1765,7765,-1.62211267765783,2.89268988380608
4,1766,7766,-1.62491851251684,2.61248896606702
4,1767,7767,-1.24805985991757,2.63256242181211
4,1768,7768,-1.80824090648026,4.35678114844173
4,1769,7769,-1.88643797249661,4.41585067784637
4,1770,7770,-1.93340806169117,2.08166716188026
4,1771,7771,-2.04384825131051,2.57463561942957
4,1772,7772,-2.09044771022636,2.97523611936181
4,1773,7773,-2.51342402071778,1.92639491246983
4,1774,7774,-2.1221417437064,2.38456799232361
4,1775,7775,-3.00628114996117,2.34742795802489
4,1776,7776,-2.39995163873849,2.60007437451446
4,1777,7777,-2.54252105939787,1.60940535135119
4,1778,7778,-3.11580763883727,2.50058365530254
4,1779,7779,-3.91523533351689,2.12803259922185
4,1780,7780,-3.0902250227385,2.13484822881118
4,1781,7781,-2.26640523059218,3.64161524014394
4,1782,7782,-2.47302101620084,4.3456420219989
4,1783,7783,-1.30962205492509,2.5070697145701
4,1784,7784,-2.10589646407921,2.04678739019166
4,1785,7785,-1.60703414505546,2.30539731509035
4,1786,7786,-1.42015818558941,2.18898740127996
4,1787,7787,-1.5917321990906,1.80881374030731
4,1788,7788,-2.20605235668217,1.78515200249443
4,1789,7789,-2.33703420295105,1.3900176187763
4,1790,7790,-2.20763353111839,1.3986225727962
4,1791,7791,-2.17464255529111,1.40984302961769
4,1792,7792,-2.34777056614279,2.2623870404727
4,1793,7793,-2.30550471765532,2.28505391999051
4,1794,7794,-2.75972696698828,2.41275583787906
4,1795,7795,-2.32615272173438,1.93584583003095
4,1796,7796,-3.24697750511953,3.52903393104319
4,1797,7797,-3.31973349445554,3.08279244082814
4,1798,7798,-2.94737788884616,2.1144384937555
4,1799,7799,-2.2444322806389,2.36788529320875
4,1800,7800,-2.49557307847076,1.71194698775682
4,1801,7801,-2.60298627023554,2.03176704277853
4,1802,7802,-1.83754156676263,1.9996596725727
4,1803,7803,-2.11727668223938,1.69084148464548
4,1804,7804,-2.0132025200709,1.32991347955445
4,1805,7805,-2.10290980284822,1.64406747300555
4,1806,7806,-2.04627739681837,1.28595013039053
4,1807,7807,-2.03322040578962,1.29930471070683
4,1808,7808,-2.43009304424382,0.878610244943873
4,1809,7809,-3.60178956574715,2.02188783568284
4,1810,7810,-2.06387734830474,1.1026692623913
4,1811,7811,-3.04836257412267,2.21376351360527
4,1812,7812,-1.96636050455365,1.5801899441529
4,1813,7813,-2.08905399896807,1.52125124973743
4,1814,7814,-1.62891199715678,1.19247546071406
4,1815,7815,-2.46546508418801,2.58898849133712
4,1816,7816,-1.60636552647159,1.65084465332556
4,1817,7817,-2.5636859573666,1.86853024366321
4,1818,7818,-1.62869164377327,1.29503308607912
4,1819,7819,-3.17117600119463,1.53897159187283
4,1820,7820,-1.55300939206742,1.09226191471378
4,1821,7821,-1.55147125070683,1.50749834824052
4,1822,7822,-2.37770145120595,1.54426039859698
4,1823,7823,-2.04207948077361,1.46044352831635
4,1824,7824,-2.16693444453188,1.59933589605834
4,1825,7825,-2.07349413152935,1.56586912007846
4,1826,7826,-2.12747032547331,1.71448205044713
4,1827,7827,-1.51094833889349,1.71341921334697
4,1828,7828,-1.86091429729557,2.49402678390777
4,1829,7829,-1.83732953707432,2.10406498084138
4,1830,7830,-2.41616872179921,1.79922081247831
4,1831,7831,-2.54124119123058,2.41008992409078
4,1832,7832,-2.49845340507031,2.45763941478799
4,1833,7833,-3.17098625658243,1.73645909351792
4,1834,7834,-2.71971562386281,2.63237642581923
4,1835,7835,-2.22972194564074,1.82722126381083
4,1836,7836,-2.92005807257088,2.51700300243128
4,1837,7837,-1.54809895272271,2.69146720784257
4,1838,7838,-3.23022743073139,1.94929334594887
4,1839,7839,-3.07565376558009,2.32045167721899
4,1840,7840,-1.92696722894023,1.42530187725232
4,1841,7841,-1.80847996926312,1.37116909851949
4,1842,7842,-2.13767844616529,1.55387708483762
4,1843,7843,-1.17177748580888,1.8422449696736
4,1844,7844,-0.933158505722978,1.73613677147071
4,1845,7845,-1.22881517163931,1.60491086509506
4,1846,7846,-1.22089704821863,2.87714812587069
4,1847,7847,-0.526981398632157,2.29488456045908
4,1848,7848,-0.707485134626646,2.08224031454602
4,1849,7849,-1.41296073622486,2.28285355433789
4,1850,7850,-1.63499474892593,2.377258826426
4,1851,7851,-0.422078553059282,2.53494803206639
4,1852,7852,-0.207608986420323,2.08288539310163
4,1853,7853,-1.31593858963335,1.37569522749079
4,1854,7854,-1.81951780247439,1.80300042815329
4,1855,7855,-2.11298191025166,1.35045500968896
4,1856,7856,-2.34140595529077,1.40878822468934
4,1857,7857,-2.09829069352753,1.01481026686869
4,1858,7858,-2.44281826733268,1.05966109932806
4,1859,7859,-2.03684065555111,1.53460644907531
4,1860,7860,-3.12459653445009,1.36170235549983
4,1861,7861,-1.7431002427684,1.57167367055338
4,1862,7862,-3.01938516125126,1.12308143637224
4,1863,7863,-1.7001237739183,1.77389856235788
4,1864,7864,-1.76734884937769,1.4263707609607
4,1865,7865,-1.10581014936453,1.37299668573463
4,1866,7866,-1.57219474470743,1.50776529343647
4,1867,7867,-2.57264130234291,1.3313431126345
4,1868,7868,-2.23161883984923,1.05955693212594
4,1869,7869,-2.60522984853521,1.26496054146341
4,1870,7870,-2.67599105716256,1.24667699096181
4,1871,7871,-2.83329189971395,1.55632209340498
4,1872,7872,-2.85087675166501,1.94767735489132
4,1873,7873,-2.45949696623937,1.70418562843784
4,1874,7874,-2.22481154580025,1.43566180294386
4,1875,7875,-2.52457334056411,1.48882779560287
4,1876,7876,-2.09928381238809,1.39000195887359
4,1877,7877,-2.44391709046585,1.60848114242324
4,1878,7878,-2.63045359649693,1.91739574950918
4,1879,7879,-3.09632616236331,2.36197430432896
4,1880,7880,-2.94614973989469,2.52997855290533
4,1881,7881,-3.25302623998638,2.20822123171593
4,1882,7882,-3.29342282399217,2.43592955933298
4,1883,7883,-2.9815106095425,2.17451009545894
4,1884,7884,-2.8030015778913,1.13304149037849
4,1885,7885,-1.93080019726938,1.14751137745975
4,1886,7886,-2.0660173855665,1.18627217955954
4,1887,7887,-2.54979208579196,1.76790534474919
4,1888,7888,-2.01898195387485,1.19829784979918
4,1889,7889,-2.16042207703723,1.21299076164202
4,1890,7890,-2.55603366025407,1.18803157843444
4,1891,7891,-2.24346184590703,1.51607193761845
4,1892,7892,-2.39492930186714,1.33007190186469
4,1893,7893,-2.92620336925452,1.26002714172801
4,1894,7894,-1.89265113252392,1.90685792942614
4,1895,7895,-2.16632602827088,1.99825361512006
4,1896,7896,-2.21849617580002,2.07714578431975
4,1897,7897,-2.26200277217531,1.92241254120564
4,1898,7898,-2.06809168596296,1.37949029179515
4,1899,7899,-2.38244982289507,1.93767617853916
4,1900,7900,-1.87549641092663,2.557760645081
4,1901,7901,-2.13202457056003,1.35700944264368
4,1902,7902,-2.62435106112379,2.02716211790562
4,1903,7903,-2.39216978698059,1.24190220660424
4,1904,7904,-2.91925911641973,1.7908105040026
4,1905,7905,-2.14640134039697,2.2842306852983
4,1906,7906,-1.71761296019586,2.18414091959504
4,1907,7907,-2.64957634637362,1.75649574331617
4,1908,7908,-2.7126820835395,1.93290907210884
4,1909,7909,-2.79755972548762,1.33369359240562
4,1910,7910,-2.76511977718392,1.60346299786609
4,1911,7911,-2.12658492842528,2.00410449166734
4,1912,7912,-2.09292934367301,1.95922091704354
4,1913,7913,-2.56687249474308,1.86489499361138
4,1914,7914,-2.0157509816106,1.84966576099464
4,1915,7915,-3.47640731219081,2.2244817294055
4,1916,7916,-2.19887870867473,1.48950427086787
4,1917,7917,-3.96753334568021,2.19481469520271
4,1918,7918,-3.5232280076372,2.00549359623454
4,1919,7919,-2.31313590858323,1.49728822062139
4,1920,7920,-1.83117899559455,1.58082011324517
4,1921,7921,-1.87507903802275,1.19372656320613
4,1922,7922,-2.96948643158707,1.65068796505044
4,1923,7923,-3.87297838513511,2.86140186992717
4,1924,7924,-3.67463045266939,2.82804078281179
4,1925,7925,-3.50324189809374,2.87677197630868
4,1926,7926,-1.78659335618552,1.0883426115284
4,1927,7927,-2.96158006841515,1.4246917871266
4,1928,7928,-2.58887062196364,1.55760343050964
4,1929,7929,-2.06223344031681,2.14540850384636
4,1930,7930,-1.39605024253062,1.84010130292364
4,1931,7931,-1.6706960892174,1.94800580182901
4,1932,7932,-1.64688820684482,2.07577032239273
4,1933,7933,-2.26323185679637,1.6754482390664
4,1934,7934,-2.07024628756179,1.66379488233509
4,1935,7935,-1.33371379261165,1.1440937137457
4,1936,7936,-1.34186243213223,1.15587803639633
4,1937,7937,-2.20365771987068,2.00898793635302
4,1938,7938,-2.04984600064347,2.09833224451168
4,1939,7939,-1.33104651287029,2.27065202155911
4,1940,7940,-2.19219804549541,1.88050620707429
4,1941,7941,-1.07995540074202,2.30364333965706
4,1942,7942,-2.30505597282293,1.90362556238985
4,1943,7943,-1.93424979842985,1.86579967883183
4,1944,7944,-2.802545530195,3.06170375434922
4,1945,7945,-1.94725195769248,1.32482753629202
4,1946,7946,-2.72533544232392,1.67024029957143
4,1947,7947,-2.77039629318737,1.56006783757369
4,1948,7948,-1.83670964151598,1.37619347524078
4,1949,7949,-1.96660594828768,1.48583889186002
4,1950,7950,-2.17342901069053,2.7085037947527
4,1951,7951,-2.30387418319787,2.55784093129453
4,1952,7952,-2.75834521029482,2.34154646671378
4,1953,7953,-2.48406674511727,2.38285691838727
4,1954,7954,-2.16504453311357,2.38533214708763
4,1955,7955,-3.440471738525,1.84771477454444
4,1956,7956,-2.33445204798893,1.47981128981934
4,1957,7957,-2.40446336334833,1.61369379490976
4,1958,7958,-2.50406627969517,1.56331927822306
4,1959,7959,-2.16264183972913,1.27795888037228
4,1960,7960,-2.45323731091937,1.32826452953642
4,1961,7961,-2.7052096219001,1.99369636882378
4,1962,7962,-2.30494646815926,1.82637348023257
4,1963,7963,-1.83135034499283,2.17580589602535
4,1964,7964,-2.0883455608916,2.27127648436368
4,1965,7965,-1.29563977298769,1.74388177174318
4,1966,7966,-1.87310799263481,1.32944272030051
4,1967,7967,-2.44707410618046,2.04145762565972
4,1968,7968,-2.30694570321617,1.7790663858716
4,1969,7969,-2.30661236271815,1.67842630338982
4,1970,7970,-2.14398127804902,1.45489250118155
4,1971,7971,-2.35291890954407,2.21284986452668
4,1972,7972,-2.4872704145976,2.24898111309375
4,1973,7973,-2.15287248427319,1.89909285803129
4,1974,7974,-1.97042745180455,2.99339164589287
4,1975,7975,-2.04186654085906,2.96502194740011
4,1976,7976,-2.16967294303492,3.33365971367716
4,1977,7977,-1.47934869573044,3.10191836590406
4,1978,7978,-1.77686281500422,2.52892708770048
4,1979,7979,-1.86192486660457,2.02516256889422
4,1980,7980,-1.78093444161129,1.65845138972584
4,1981,7981,-1.98960037579287,2.3596136428397
4,1982,7982,-2.24653547163816,1.91948624892977
4,1983,7983,-2.04067470478085,1.93183227567835
4,1984,7984,-1.99312620468302,2.61762191445046
4,1985,7985,-2.42648181540877,1.55386320697587
4,1986,7986,-1.9446225314164,1.34465759625188
4,1987,7987,-2.13322536835811,1.45894912656848
4,1988,7988,-1.35086335761385,2.67256342761777
4,1989,7989,-2.44357090188436,1.69442455179511
4,1990,7990,-3.17587855998627,1.53489988303413
4,1991,7991,-2.657431274916,1.32536159001416
4,1992,7992,-3.44172627341605,1.83625371724912
4,1993,7993,-3.1347670297616,1.69191653011452
4,1994,7994,-3.14128153397506,1.6839059290477
4,1995,7995,-2.70180521292326,1.34524847154312
4,1996,7996,-2.42614628469511,1.10487599753991
4,1997,7997,-1.95286636609725,1.99169961660619
4,1998,7998,-3.408097201397,1.85599768522967
4,1999,7999,-3.23463717402384,1.68855932307596
4,2000,8000,-2.58244093057651,1.64734916286083
